product_id,date,day_of_week,month,weekend,demand,lag_1,lag_7,rolling_7,rolling_14,historical_mean
1,2026-01-15,3,1,0,17,14.0,15.0,17.857142857142858,17.928571428571427,17.928571428571427
1,2026-01-16,4,1,0,14,17.0,22.0,18.142857142857142,17.785714285714285,17.866666666666667
1,2026-01-17,5,1,1,23,14.0,21.0,17.0,17.214285714285715,17.625
1,2026-01-18,6,1,1,15,23.0,12.0,17.285714285714285,17.785714285714285,17.941176470588236
1,2026-01-19,0,1,0,20,15.0,21.0,17.714285714285715,17.5,17.77777777777778
1,2026-01-20,1,1,0,18,20.0,20.0,17.571428571428573,17.714285714285715,17.894736842105264
1,2026-01-21,2,1,0,20,18.0,14.0,17.285714285714285,17.857142857142858,17.9
1,2026-01-22,3,1,0,28,20.0,17.0,18.142857142857142,18.0,18.0
1,2026-01-23,4,1,0,20,28.0,14.0,19.714285714285715,18.928571428571427,18.454545454545453
1,2026-01-24,5,1,1,28,20.0,23.0,20.571428571428573,18.785714285714285,18.52173913043478
1,2026-01-25,6,1,1,19,28.0,15.0,21.285714285714285,19.285714285714285,18.916666666666668
1,2026-01-26,0,1,0,16,19.0,20.0,21.857142857142858,19.785714285714285,18.92
1,2026-01-27,1,1,0,13,16.0,18.0,21.285714285714285,19.428571428571427,18.807692307692307
1,2026-01-28,2,1,0,15,13.0,20.0,20.571428571428573,18.928571428571427,18.59259259259259
1,2026-01-29,3,1,0,21,15.0,28.0,19.857142857142858,19.0,18.464285714285715
1,2026-01-30,4,1,0,21,21.0,20.0,18.857142857142858,19.285714285714285,18.551724137931036
1,2026-01-31,5,1,1,21,21.0,28.0,19.0,19.785714285714285,18.633333333333333
1,2026-02-01,6,2,1,21,21.0,19.0,18.0,19.642857142857142,18.70967741935484
1,2026-02-02,0,2,0,14,21.0,16.0,18.285714285714285,20.071428571428573,18.78125
1,2026-02-03,1,2,0,21,14.0,13.0,18.0,19.642857142857142,18.636363636363637
1,2026-02-04,2,2,0,15,21.0,15.0,19.142857142857142,19.857142857142858,18.705882352941178
1,2026-02-05,3,2,0,21,15.0,21.0,19.142857142857142,19.5,18.6
1,2026-02-06,4,2,0,16,21.0,21.0,19.142857142857142,19.0,18.666666666666668
1,2026-02-07,5,2,1,22,16.0,21.0,18.428571428571427,18.714285714285715,18.594594594594593
1,2026-02-08,6,2,1,30,22.0,21.0,18.571428571428573,18.285714285714285,18.68421052631579
1,2026-02-09,0,2,0,20,30.0,14.0,19.857142857142858,19.071428571428573,18.974358974358974
1,2026-02-10,1,2,0,15,20.0,21.0,20.714285714285715,19.357142857142858,19.0
1,2026-02-11,2,2,0,21,15.0,15.0,19.857142857142858,19.5,18.902439024390244
1,2026-02-12,3,2,0,22,21.0,21.0,20.714285714285715,19.928571428571427,18.952380952380953
1,2026-02-13,4,2,0,21,22.0,16.0,20.857142857142858,20.0,19.023255813953487
1,2026-02-14,5,2,1,15,21.0,22.0,21.571428571428573,20.0,19.068181818181817
1,2026-02-15,6,2,1,23,15.0,30.0,20.571428571428573,19.571428571428573,18.977777777777778
1,2026-02-16,0,2,0,18,23.0,20.0,19.571428571428573,19.714285714285715,19.065217391304348
1,2026-02-17,1,2,0,18,18.0,15.0,19.285714285714285,20.0,19.04255319148936
1,2026-02-18,2,2,0,14,18.0,21.0,19.714285714285715,19.785714285714285,19.020833333333332
1,2026-02-19,3,2,0,15,14.0,22.0,18.714285714285715,19.714285714285715,18.918367346938776
1,2026-02-20,4,2,0,26,15.0,21.0,17.714285714285715,19.285714285714285,18.84
1,2026-02-21,5,2,1,20,26.0,15.0,18.428571428571427,20.0,18.980392156862745
1,2026-02-22,6,2,1,13,20.0,23.0,19.142857142857142,19.857142857142858,19.0
1,2026-02-23,0,2,0,22,13.0,18.0,17.714285714285715,18.642857142857142,18.88679245283019
1,2026-02-24,1,2,0,22,22.0,18.0,18.285714285714285,18.785714285714285,18.944444444444443
1,2026-02-25,2,2,0,17,22.0,14.0,18.857142857142858,19.285714285714285,19.0
1,2026-02-26,3,2,0,18,17.0,15.0,19.285714285714285,19.0,18.964285714285715
1,2026-02-27,4,2,0,19,18.0,26.0,19.714285714285715,18.714285714285715,18.94736842105263
1,2026-02-28,5,2,1,24,19.0,20.0,18.714285714285715,18.571428571428573,18.948275862068964
1,2026-03-01,6,3,1,30,24.0,13.0,19.285714285714285,19.214285714285715,19.033898305084747
1,2026-03-02,0,3,0,20,30.0,22.0,21.714285714285715,19.714285714285715,19.216666666666665
1,2026-03-03,1,3,0,17,20.0,22.0,21.428571428571427,19.857142857142858,19.229508196721312
1,2026-03-04,2,3,0,23,17.0,17.0,20.714285714285715,19.785714285714285,19.193548387096776
1,2026-03-05,3,3,0,20,23.0,18.0,21.571428571428573,20.428571428571427,19.253968253968253
1,2026-03-06,4,3,0,20,20.0,19.0,21.857142857142858,20.785714285714285,19.265625
1,2026-03-07,5,3,1,26,20.0,24.0,22.0,20.357142857142858,19.276923076923076
1,2026-03-08,6,3,1,27,26.0,30.0,22.285714285714285,20.785714285714285,19.37878787878788
1,2026-03-09,0,3,0,19,27.0,20.0,21.857142857142858,21.785714285714285,19.492537313432837
1,2026-03-10,1,3,0,21,19.0,17.0,21.714285714285715,21.571428571428573,19.485294117647058
1,2026-03-11,2,3,0,14,21.0,23.0,22.285714285714285,21.5,19.507246376811594
1,2026-03-12,3,3,0,19,14.0,20.0,21.0,21.285714285714285,19.428571428571427
1,2026-03-13,4,3,0,23,19.0,20.0,20.857142857142858,21.357142857142858,19.422535211267604
1,2026-03-14,5,3,1,18,23.0,26.0,21.285714285714285,21.642857142857142,19.47222222222222
1,2026-03-15,6,3,1,30,18.0,27.0,20.142857142857142,21.214285714285715,19.45205479452055
1,2026-03-16,0,3,0,21,30.0,19.0,20.571428571428573,21.214285714285715,19.594594594594593
1,2026-03-17,1,3,0,20,21.0,21.0,20.857142857142858,21.285714285714285,19.613333333333333
1,2026-03-18,2,3,0,22,20.0,14.0,20.714285714285715,21.5,19.61842105263158
1,2026-03-19,3,3,0,21,22.0,19.0,21.857142857142858,21.428571428571427,19.649350649350648
1,2026-03-20,4,3,0,25,21.0,23.0,22.142857142857142,21.5,19.666666666666668
1,2026-03-21,5,3,1,28,25.0,18.0,22.428571428571427,21.857142857142858,19.734177215189874
1,2026-03-22,6,3,1,27,28.0,30.0,23.857142857142858,22.0,19.8375
1,2026-03-23,0,3,0,17,27.0,21.0,23.428571428571427,22.0,19.925925925925927
1,2026-03-24,1,3,0,21,17.0,20.0,22.857142857142858,21.857142857142858,19.890243902439025
1,2026-03-25,2,3,0,18,21.0,22.0,23.0,21.857142857142858,19.903614457831324
1,2026-03-26,3,3,0,23,18.0,21.0,22.428571428571427,22.142857142857142,19.88095238095238
1,2026-03-27,4,3,0,23,23.0,25.0,22.714285714285715,22.428571428571427,19.91764705882353
1,2026-03-28,5,3,1,21,23.0,28.0,22.428571428571427,22.428571428571427,19.953488372093023
1,2026-03-29,6,3,1,32,21.0,27.0,21.428571428571427,22.642857142857142,19.96551724137931
1,2026-03-30,0,3,0,21,32.0,17.0,22.142857142857142,22.785714285714285,20.102272727272727
1,2026-03-31,1,3,0,24,21.0,21.0,22.714285714285715,22.785714285714285,20.1123595505618
1,2026-04-01,2,4,0,25,24.0,18.0,23.142857142857142,23.071428571428573,20.155555555555555
1,2026-04-02,3,4,0,21,25.0,23.0,24.142857142857142,23.285714285714285,20.208791208791208
1,2026-04-03,4,4,0,27,21.0,23.0,23.857142857142858,23.285714285714285,20.217391304347824
1,2026-04-04,5,4,1,28,27.0,21.0,24.428571428571427,23.428571428571427,20.29032258064516
1,2026-04-05,6,4,1,25,28.0,32.0,25.428571428571427,23.428571428571427,20.372340425531913
1,2026-04-06,0,4,0,26,25.0,21.0,24.428571428571427,23.285714285714285,20.42105263157895
1,2026-04-07,1,4,0,28,26.0,24.0,25.142857142857142,23.928571428571427,20.479166666666668
1,2026-04-08,2,4,0,30,28.0,25.0,25.714285714285715,24.428571428571427,20.556701030927837
1,2026-04-09,3,4,0,16,30.0,21.0,26.428571428571427,25.285714285714285,20.653061224489797
1,2026-04-10,4,4,0,18,16.0,27.0,25.714285714285715,24.785714285714285,20.606060606060606
1,2026-04-11,5,4,1,29,18.0,28.0,24.428571428571427,24.428571428571427,20.58
1,2026-04-12,6,4,1,23,29.0,25.0,24.571428571428573,25.0,20.663366336633665
1,2026-04-13,0,4,0,16,23.0,26.0,24.285714285714285,24.357142857142858,20.686274509803923
1,2026-04-14,1,4,0,25,16.0,28.0,22.857142857142858,24.0,20.640776699029125
1,2026-04-15,2,4,0,24,25.0,30.0,22.428571428571427,24.071428571428573,20.682692307692307
1,2026-04-16,3,4,0,18,24.0,16.0,21.571428571428573,24.0,20.714285714285715
1,2026-04-17,4,4,0,18,18.0,18.0,21.857142857142858,23.785714285714285,20.68867924528302
1,2026-04-18,5,4,1,25,18.0,29.0,21.857142857142858,23.142857142857142,20.66355140186916
1,2026-04-19,6,4,1,21,25.0,23.0,21.285714285714285,22.928571428571427,20.703703703703702
1,2026-04-20,0,4,0,25,21.0,16.0,21.0,22.642857142857142,20.706422018348626
1,2026-04-21,1,4,0,14,25.0,25.0,22.285714285714285,22.571428571428573,20.745454545454546
1,2026-04-22,2,4,0,31,14.0,24.0,20.714285714285715,21.571428571428573,20.684684684684683
1,2026-04-23,3,4,0,22,31.0,18.0,21.714285714285715,21.642857142857142,20.776785714285715
1,2026-04-24,4,4,0,21,22.0,18.0,22.285714285714285,22.071428571428573,20.787610619469028
1,2026-04-25,5,4,1,16,21.0,25.0,22.714285714285715,22.285714285714285,20.789473684210527
1,2026-04-26,6,4,1,28,16.0,21.0,21.428571428571427,21.357142857142858,20.747826086956522
1,2026-04-27,0,4,0,31,28.0,25.0,22.428571428571427,21.714285714285715,20.810344827586206
1,2026-04-28,1,4,0,20,31.0,14.0,23.285714285714285,22.785714285714285,20.897435897435898
1,2026-04-29,2,4,0,20,20.0,31.0,24.142857142857142,22.428571428571427,20.889830508474578
1,2026-04-30,3,4,0,22,20.0,22.0,22.571428571428573,22.142857142857142,20.88235294117647
2,2026-01-15,3,1,0,0,0.0,0.0,0.14285714285714285,0.9285714285714286,0.9285714285714286
2,2026-01-16,4,1,0,0,0.0,0.0,0.14285714285714285,0.7142857142857143,0.8666666666666667
2,2026-01-17,5,1,1,0,0.0,0.0,0.14285714285714285,0.5714285714285714,0.8125
2,2026-01-18,6,1,1,1,0.0,0.0,0.14285714285714285,0.5,0.7647058823529411
2,2026-01-19,0,1,0,0,1.0,1.0,0.2857142857142857,0.35714285714285715,0.7777777777777778
2,2026-01-20,1,1,0,4,0.0,0.0,0.14285714285714285,0.35714285714285715,0.7368421052631579
2,2026-01-21,2,1,0,4,4.0,0.0,0.7142857142857143,0.6428571428571429,0.9
2,2026-01-22,3,1,0,0,4.0,0.0,1.2857142857142858,0.7142857142857143,1.0476190476190477
2,2026-01-23,4,1,0,3,0.0,0.0,1.2857142857142858,0.7142857142857143,1.0
2,2026-01-24,5,1,1,2,3.0,0.0,1.7142857142857142,0.9285714285714286,1.0869565217391304
2,2026-01-25,6,1,1,0,2.0,1.0,2.0,1.0714285714285714,1.125
2,2026-01-26,0,1,0,0,0.0,0.0,1.8571428571428572,1.0714285714285714,1.08
2,2026-01-27,1,1,0,0,0.0,4.0,1.8571428571428572,1.0,1.0384615384615385
2,2026-01-28,2,1,0,0,0.0,4.0,1.2857142857142858,1.0,1.0
2,2026-01-29,3,1,0,0,0.0,0.0,0.7142857142857143,1.0,0.9642857142857143
2,2026-01-30,4,1,0,0,0.0,3.0,0.7142857142857143,1.0,0.9310344827586207
2,2026-01-31,5,1,1,4,0.0,2.0,0.2857142857142857,1.0,0.9
2,2026-02-01,6,2,1,0,4.0,0.0,0.5714285714285714,1.2857142857142858,1.0
2,2026-02-02,0,2,0,4,0.0,0.0,0.5714285714285714,1.2142857142857142,0.96875
2,2026-02-03,1,2,0,4,4.0,0.0,1.1428571428571428,1.5,1.0606060606060606
2,2026-02-04,2,2,0,4,4.0,0.0,1.7142857142857142,1.5,1.1470588235294117
2,2026-02-05,3,2,0,0,4.0,0.0,2.2857142857142856,1.5,1.2285714285714286
2,2026-02-06,4,2,0,0,0.0,0.0,2.2857142857142856,1.5,1.1944444444444444
2,2026-02-07,5,2,1,0,0.0,4.0,2.2857142857142856,1.2857142857142858,1.162162162162162
2,2026-02-08,6,2,1,0,0.0,0.0,1.7142857142857142,1.1428571428571428,1.131578947368421
2,2026-02-09,0,2,0,0,0.0,4.0,1.7142857142857142,1.1428571428571428,1.1025641025641026
2,2026-02-10,1,2,0,3,0.0,4.0,1.1428571428571428,1.1428571428571428,1.075
2,2026-02-11,2,2,0,0,3.0,4.0,1.0,1.3571428571428572,1.1219512195121952
2,2026-02-12,3,2,0,3,0.0,0.0,0.42857142857142855,1.3571428571428572,1.0952380952380953
2,2026-02-13,4,2,0,0,3.0,0.0,0.8571428571428571,1.5714285714285714,1.1395348837209303
2,2026-02-14,5,2,1,0,0.0,0.0,0.8571428571428571,1.5714285714285714,1.1136363636363635
2,2026-02-15,6,2,1,3,0.0,0.0,0.8571428571428571,1.2857142857142858,1.0888888888888888
2,2026-02-16,0,2,0,0,3.0,0.0,1.2857142857142858,1.5,1.1304347826086956
2,2026-02-17,1,2,0,0,0.0,3.0,1.2857142857142858,1.2142857142857142,1.1063829787234043
2,2026-02-18,2,2,0,3,0.0,0.0,0.8571428571428571,0.9285714285714286,1.0833333333333333
2,2026-02-19,3,2,0,1,3.0,3.0,1.2857142857142858,0.8571428571428571,1.1224489795918366
2,2026-02-20,4,2,0,0,1.0,0.0,1.0,0.9285714285714286,1.12
2,2026-02-21,5,2,1,2,0.0,0.0,1.0,0.9285714285714286,1.0980392156862746
2,2026-02-22,6,2,1,0,2.0,3.0,1.2857142857142858,1.0714285714285714,1.1153846153846154
2,2026-02-23,0,2,0,0,0.0,0.0,0.8571428571428571,1.0714285714285714,1.0943396226415094
2,2026-02-24,1,2,0,2,0.0,0.0,0.8571428571428571,1.0714285714285714,1.0740740740740742
2,2026-02-25,2,2,0,1,2.0,3.0,1.1428571428571428,1.0,1.0909090909090908
2,2026-02-26,3,2,0,0,1.0,1.0,0.8571428571428571,1.0714285714285714,1.0892857142857142
2,2026-02-27,4,2,0,0,0.0,0.0,0.7142857142857143,0.8571428571428571,1.0701754385964912
2,2026-02-28,5,2,1,0,0.0,2.0,0.7142857142857143,0.8571428571428571,1.0517241379310345
2,2026-03-01,6,3,1,0,0.0,0.0,0.42857142857142855,0.8571428571428571,1.0338983050847457
2,2026-03-02,0,3,0,0,0.0,0.0,0.42857142857142855,0.6428571428571429,1.0166666666666666
2,2026-03-03,1,3,0,3,0.0,2.0,0.42857142857142855,0.6428571428571429,1.0
2,2026-03-04,2,3,0,1,3.0,1.0,0.5714285714285714,0.8571428571428571,1.032258064516129
2,2026-03-05,3,3,0,0,1.0,0.0,0.5714285714285714,0.7142857142857143,1.0317460317460319
2,2026-03-06,4,3,0,0,0.0,0.0,0.5714285714285714,0.6428571428571429,1.015625
2,2026-03-07,5,3,1,1,0.0,0.0,0.5714285714285714,0.6428571428571429,1.0
2,2026-03-08,6,3,1,2,1.0,0.0,0.7142857142857143,0.5714285714285714,1.0
2,2026-03-09,0,3,0,4,2.0,0.0,1.0,0.7142857142857143,1.0149253731343284
2,2026-03-10,1,3,0,2,4.0,3.0,1.5714285714285714,1.0,1.0588235294117647
2,2026-03-11,2,3,0,0,2.0,1.0,1.4285714285714286,1.0,1.0724637681159421
2,2026-03-12,3,3,0,2,0.0,0.0,1.2857142857142858,0.9285714285714286,1.0571428571428572
2,2026-03-13,4,3,0,1,2.0,0.0,1.5714285714285714,1.0714285714285714,1.0704225352112675
2,2026-03-14,5,3,1,0,1.0,1.0,1.7142857142857142,1.1428571428571428,1.0694444444444444
2,2026-03-15,6,3,1,0,0.0,2.0,1.5714285714285714,1.1428571428571428,1.0547945205479452
2,2026-03-16,0,3,0,0,0.0,4.0,1.2857142857142858,1.1428571428571428,1.0405405405405406
2,2026-03-17,1,3,0,0,0.0,2.0,0.7142857142857143,1.1428571428571428,1.0266666666666666
2,2026-03-18,2,3,0,0,0.0,0.0,0.42857142857142855,0.9285714285714286,1.013157894736842
2,2026-03-19,3,3,0,0,0.0,2.0,0.42857142857142855,0.8571428571428571,1.0
2,2026-03-20,4,3,0,0,0.0,1.0,0.14285714285714285,0.8571428571428571,0.9871794871794872
2,2026-03-21,5,3,1,0,0.0,0.0,0.0,0.8571428571428571,0.9746835443037974
2,2026-03-22,6,3,1,3,0.0,0.0,0.0,0.7857142857142857,0.9625
2,2026-03-23,0,3,0,0,3.0,0.0,0.42857142857142855,0.8571428571428571,0.9876543209876543
2,2026-03-24,1,3,0,2,0.0,0.0,0.42857142857142855,0.5714285714285714,0.975609756097561
2,2026-03-25,2,3,0,0,2.0,0.0,0.7142857142857143,0.5714285714285714,0.9879518072289156
2,2026-03-26,3,3,0,2,0.0,0.0,0.7142857142857143,0.5714285714285714,0.9761904761904762
2,2026-03-27,4,3,0,0,2.0,0.0,1.0,0.5714285714285714,0.9882352941176471
2,2026-03-28,5,3,1,3,0.0,0.0,1.0,0.5,0.9767441860465116
2,2026-03-29,6,3,1,0,3.0,3.0,1.4285714285714286,0.7142857142857143,1.0
2,2026-03-30,0,3,0,0,0.0,0.0,1.0,0.7142857142857143,0.9886363636363636
2,2026-03-31,1,3,0,0,0.0,2.0,1.0,0.7142857142857143,0.9775280898876404
2,2026-04-01,2,4,0,3,0.0,0.0,0.7142857142857143,0.7142857142857143,0.9666666666666667
2,2026-04-02,3,4,0,1,3.0,2.0,1.1428571428571428,0.9285714285714286,0.989010989010989
2,2026-04-03,4,4,0,0,1.0,0.0,1.0,1.0,0.9891304347826086
2,2026-04-04,5,4,1,0,0.0,3.0,1.0,1.0,0.978494623655914
2,2026-04-05,6,4,1,4,0.0,0.0,0.5714285714285714,1.0,0.9680851063829787
2,2026-04-06,0,4,0,0,4.0,0.0,1.1428571428571428,1.0714285714285714,1.0
2,2026-04-07,1,4,0,0,0.0,0.0,1.1428571428571428,1.0714285714285714,0.9895833333333334
2,2026-04-08,2,4,0,3,0.0,3.0,1.1428571428571428,0.9285714285714286,0.979381443298969
2,2026-04-09,3,4,0,4,3.0,1.0,1.1428571428571428,1.1428571428571428,1.0
2,2026-04-10,4,4,0,1,4.0,0.0,1.5714285714285714,1.2857142857142858,1.0303030303030303
2,2026-04-11,5,4,1,0,1.0,0.0,1.7142857142857142,1.3571428571428572,1.03
2,2026-04-12,6,4,1,3,0.0,4.0,1.7142857142857142,1.1428571428571428,1.0198019801980198
2,2026-04-13,0,4,0,0,3.0,0.0,1.5714285714285714,1.3571428571428572,1.0392156862745099
2,2026-04-14,1,4,0,0,0.0,0.0,1.5714285714285714,1.3571428571428572,1.029126213592233
2,2026-04-15,2,4,0,0,0.0,3.0,1.5714285714285714,1.3571428571428572,1.0192307692307692
2,2026-04-16,3,4,0,0,0.0,4.0,1.1428571428571428,1.1428571428571428,1.0095238095238095
2,2026-04-17,4,4,0,4,0.0,1.0,0.5714285714285714,1.0714285714285714,1.0
2,2026-04-18,5,4,1,0,4.0,0.0,1.0,1.3571428571428572,1.02803738317757
2,2026-04-19,6,4,1,1,0.0,3.0,1.0,1.3571428571428572,1.0185185185185186
2,2026-04-20,0,4,0,0,1.0,0.0,0.7142857142857143,1.1428571428571428,1.018348623853211
2,2026-04-21,1,4,0,0,0.0,0.0,0.7142857142857143,1.1428571428571428,1.009090909090909
2,2026-04-22,2,4,0,0,0.0,0.0,0.7142857142857143,1.1428571428571428,1.0
2,2026-04-23,3,4,0,0,0.0,0.0,0.7142857142857143,0.9285714285714286,0.9910714285714286
2,2026-04-24,4,4,0,0,0.0,4.0,0.7142857142857143,0.6428571428571429,0.9823008849557522
2,2026-04-25,5,4,1,0,0.0,0.0,0.14285714285714285,0.5714285714285714,0.9736842105263158
2,2026-04-26,6,4,1,3,0.0,1.0,0.14285714285714285,0.5714285714285714,0.9652173913043478
2,2026-04-27,0,4,0,1,3.0,0.0,0.42857142857142855,0.5714285714285714,0.9827586206896551
2,2026-04-28,1,4,0,0,1.0,0.0,0.5714285714285714,0.6428571428571429,0.9829059829059829
2,2026-04-29,2,4,0,0,0.0,0.0,0.5714285714285714,0.6428571428571429,0.9745762711864406
2,2026-04-30,3,4,0,0,0.0,0.0,0.5714285714285714,0.6428571428571429,0.9663865546218487
3,2026-01-15,3,1,0,30,32.0,29.0,30.285714285714285,28.214285714285715,28.214285714285715
3,2026-01-16,4,1,0,24,30.0,27.0,30.428571428571427,28.857142857142858,28.333333333333332
3,2026-01-17,5,1,1,41,24.0,32.0,30.0,29.0,28.0625
3,2026-01-18,6,1,1,27,41.0,34.0,31.285714285714285,30.071428571428573,28.823529411764707
3,2026-01-19,0,1,0,42,27.0,34.0,30.285714285714285,29.714285714285715,28.72222222222222
3,2026-01-20,1,1,0,38,42.0,24.0,31.428571428571427,30.571428571428573,29.42105263157895
3,2026-01-21,2,1,0,33,38.0,32.0,33.42857142857143,31.571428571428573,29.85
3,2026-01-22,3,1,0,28,33.0,30.0,33.57142857142857,31.928571428571427,30.0
3,2026-01-23,4,1,0,18,28.0,24.0,33.285714285714285,31.857142857142858,29.90909090909091
3,2026-01-24,5,1,1,37,18.0,41.0,32.42857142857143,31.214285714285715,29.391304347826086
3,2026-01-25,6,1,1,39,37.0,27.0,31.857142857142858,31.571428571428573,29.708333333333332
3,2026-01-26,0,1,0,29,39.0,42.0,33.57142857142857,31.928571428571427,30.08
3,2026-01-27,1,1,0,32,29.0,38.0,31.714285714285715,31.571428571428573,30.03846153846154
3,2026-01-28,2,1,0,37,32.0,33.0,30.857142857142858,32.142857142857146,30.11111111111111
3,2026-01-29,3,1,0,29,37.0,28.0,31.428571428571427,32.5,30.357142857142858
3,2026-01-30,4,1,0,34,29.0,18.0,31.571428571428573,32.42857142857143,30.310344827586206
3,2026-01-31,5,1,1,29,34.0,37.0,33.857142857142854,33.142857142857146,30.433333333333334
3,2026-02-01,6,2,1,52,29.0,39.0,32.714285714285715,32.285714285714285,30.387096774193548
3,2026-02-02,0,2,0,27,52.0,29.0,34.57142857142857,34.07142857142857,31.0625
3,2026-02-03,1,2,0,35,27.0,32.0,34.285714285714285,33.0,30.939393939393938
3,2026-02-04,2,2,0,36,35.0,37.0,34.714285714285715,32.785714285714285,31.058823529411764
3,2026-02-05,3,2,0,34,36.0,29.0,34.57142857142857,33.0,31.2
3,2026-02-06,4,2,0,30,34.0,34.0,35.285714285714285,33.42857142857143,31.27777777777778
3,2026-02-07,5,2,1,39,30.0,29.0,34.714285714285715,34.285714285714285,31.243243243243242
3,2026-02-08,6,2,1,29,39.0,52.0,36.142857142857146,34.42857142857143,31.44736842105263
3,2026-02-09,0,2,0,33,29.0,27.0,32.857142857142854,33.714285714285715,31.384615384615383
3,2026-02-10,1,2,0,29,33.0,35.0,33.714285714285715,34.0,31.425
3,2026-02-11,2,2,0,26,29.0,36.0,32.857142857142854,33.785714285714285,31.365853658536587
3,2026-02-12,3,2,0,30,26.0,34.0,31.428571428571427,33.0,31.238095238095237
3,2026-02-13,4,2,0,42,30.0,30.0,30.857142857142858,33.07142857142857,31.209302325581394
3,2026-02-14,5,2,1,43,42.0,39.0,32.57142857142857,33.642857142857146,31.454545454545453
3,2026-02-15,6,2,1,35,43.0,29.0,33.142857142857146,34.642857142857146,31.711111111111112
3,2026-02-16,0,2,0,36,35.0,33.0,34.0,33.42857142857143,31.782608695652176
3,2026-02-17,1,2,0,37,36.0,29.0,34.42857142857143,34.07142857142857,31.872340425531913
3,2026-02-18,2,2,0,31,37.0,26.0,35.57142857142857,34.214285714285715,31.979166666666668
3,2026-02-19,3,2,0,29,31.0,30.0,36.285714285714285,33.857142857142854,31.959183673469386
3,2026-02-20,4,2,0,39,29.0,42.0,36.142857142857146,33.5,31.9
3,2026-02-21,5,2,1,30,39.0,43.0,35.714285714285715,34.142857142857146,32.03921568627451
3,2026-02-22,6,2,1,47,30.0,35.0,33.857142857142854,33.5,32.0
3,2026-02-23,0,2,0,44,47.0,36.0,35.57142857142857,34.785714285714285,32.283018867924525
3,2026-02-24,1,2,0,26,44.0,37.0,36.714285714285715,35.57142857142857,32.5
3,2026-02-25,2,2,0,24,26.0,31.0,35.142857142857146,35.357142857142854,32.38181818181818
3,2026-02-26,3,2,0,31,24.0,29.0,34.142857142857146,35.214285714285715,32.232142857142854
3,2026-02-27,4,2,0,24,31.0,39.0,34.42857142857143,35.285714285714285,32.21052631578947
3,2026-02-28,5,2,1,34,24.0,30.0,32.285714285714285,34.0,32.06896551724138
3,2026-03-01,6,3,1,45,34.0,47.0,32.857142857142854,33.357142857142854,32.101694915254235
3,2026-03-02,0,3,0,39,45.0,44.0,32.57142857142857,34.07142857142857,32.31666666666667
3,2026-03-03,1,3,0,41,39.0,26.0,31.857142857142858,34.285714285714285,32.42622950819672
3,2026-03-04,2,3,0,34,41.0,24.0,34.0,34.57142857142857,32.564516129032256
3,2026-03-05,3,3,0,28,34.0,31.0,35.42857142857143,34.785714285714285,32.58730158730159
3,2026-03-06,4,3,0,36,28.0,24.0,35.0,34.714285714285715,32.515625
3,2026-03-07,5,3,1,33,36.0,34.0,36.714285714285715,34.5,32.56923076923077
3,2026-03-08,6,3,1,35,33.0,45.0,36.57142857142857,34.714285714285715,32.57575757575758
3,2026-03-09,0,3,0,50,35.0,39.0,35.142857142857146,33.857142857142854,32.61194029850746
3,2026-03-10,1,3,0,36,50.0,41.0,36.714285714285715,34.285714285714285,32.86764705882353
3,2026-03-11,2,3,0,34,36.0,34.0,36.0,35.0,32.91304347826087
3,2026-03-12,3,3,0,42,34.0,28.0,36.0,35.714285714285715,32.92857142857143
3,2026-03-13,4,3,0,40,42.0,36.0,38.0,36.5,33.056338028169016
3,2026-03-14,5,3,1,27,40.0,33.0,38.57142857142857,37.642857142857146,33.15277777777778
3,2026-03-15,6,3,1,42,27.0,35.0,37.714285714285715,37.142857142857146,33.06849315068493
3,2026-03-16,0,3,0,30,42.0,50.0,38.714285714285715,36.92857142857143,33.189189189189186
3,2026-03-17,1,3,0,34,30.0,36.0,35.857142857142854,36.285714285714285,33.14666666666667
3,2026-03-18,2,3,0,42,34.0,34.0,35.57142857142857,35.785714285714285,33.1578947368421
3,2026-03-19,3,3,0,37,42.0,42.0,36.714285714285715,36.357142857142854,33.27272727272727
3,2026-03-20,4,3,0,29,37.0,40.0,36.0,37.0,33.32051282051282
3,2026-03-21,5,3,1,32,29.0,27.0,34.42857142857143,36.5,33.265822784810126
3,2026-03-22,6,3,1,36,32.0,42.0,35.142857142857146,36.42857142857143,33.25
3,2026-03-23,0,3,0,32,36.0,30.0,34.285714285714285,36.5,33.28395061728395
3,2026-03-24,1,3,0,29,32.0,34.0,34.57142857142857,35.214285714285715,33.26829268292683
3,2026-03-25,2,3,0,41,29.0,42.0,33.857142857142854,34.714285714285715,33.21686746987952
3,2026-03-26,3,3,0,35,41.0,37.0,33.714285714285715,35.214285714285715,33.30952380952381
3,2026-03-27,4,3,0,33,35.0,29.0,33.42857142857143,34.714285714285715,33.32941176470588
3,2026-03-28,5,3,1,49,33.0,32.0,34.0,34.214285714285715,33.325581395348834
3,2026-03-29,6,3,1,37,49.0,36.0,36.42857142857143,35.785714285714285,33.50574712643678
3,2026-03-30,0,3,0,42,37.0,32.0,36.57142857142857,35.42857142857143,33.54545454545455
3,2026-03-31,1,3,0,24,42.0,29.0,38.0,36.285714285714285,33.640449438202246
3,2026-04-01,2,4,0,37,24.0,41.0,37.285714285714285,35.57142857142857,33.53333333333333
3,2026-04-02,3,4,0,29,37.0,35.0,36.714285714285715,35.214285714285715,33.57142857142857
3,2026-04-03,4,4,0,33,29.0,33.0,35.857142857142854,34.642857142857146,33.52173913043478
3,2026-04-04,5,4,1,37,33.0,49.0,35.857142857142854,34.92857142857143,33.516129032258064
3,2026-04-05,6,4,1,40,37.0,37.0,34.142857142857146,35.285714285714285,33.5531914893617
3,2026-04-06,0,4,0,35,40.0,42.0,34.57142857142857,35.57142857142857,33.62105263157895
3,2026-04-07,1,4,0,26,35.0,24.0,33.57142857142857,35.785714285714285,33.635416666666664
3,2026-04-08,2,4,0,29,26.0,37.0,33.857142857142854,35.57142857142857,33.55670103092783
3,2026-04-09,3,4,0,47,29.0,29.0,32.714285714285715,34.714285714285715,33.51020408163265
3,2026-04-10,4,4,0,32,47.0,33.0,35.285714285714285,35.57142857142857,33.64646464646464
3,2026-04-11,5,4,1,53,32.0,37.0,35.142857142857146,35.5,33.63
3,2026-04-12,6,4,1,38,53.0,40.0,37.42857142857143,35.785714285714285,33.82178217821782
3,2026-04-13,0,4,0,45,38.0,35.0,37.142857142857146,35.857142857142854,33.86274509803921
3,2026-04-14,1,4,0,32,45.0,26.0,38.57142857142857,36.07142857142857,33.970873786407765
3,2026-04-15,2,4,0,35,32.0,29.0,39.42857142857143,36.642857142857146,33.95192307692308
3,2026-04-16,3,4,0,33,35.0,47.0,40.285714285714285,36.5,33.96190476190476
3,2026-04-17,4,4,0,50,33.0,32.0,38.285714285714285,36.785714285714285,33.95283018867924
3,2026-04-18,5,4,1,54,50.0,53.0,40.857142857142854,38.0,34.10280373831776
3,2026-04-19,6,4,1,36,54.0,38.0,41.0,39.214285714285715,34.28703703703704
3,2026-04-20,0,4,0,35,36.0,45.0,40.714285714285715,38.92857142857143,34.30275229357798
3,2026-04-21,1,4,0,28,35.0,32.0,39.285714285714285,38.92857142857143,34.30909090909091
3,2026-04-22,2,4,0,44,28.0,35.0,38.714285714285715,39.07142857142857,34.252252252252255
3,2026-04-23,3,4,0,52,44.0,33.0,40.0,40.142857142857146,34.339285714285715
3,2026-04-24,4,4,0,44,52.0,50.0,42.714285714285715,40.5,34.49557522123894
3,2026-04-25,5,4,1,41,44.0,54.0,41.857142857142854,41.357142857142854,34.578947368421055
3,2026-04-26,6,4,1,37,41.0,36.0,40.0,40.5,34.63478260869565
3,2026-04-27,0,4,0,43,37.0,35.0,40.142857142857146,40.42857142857143,34.6551724137931
3,2026-04-28,1,4,0,45,43.0,28.0,41.285714285714285,40.285714285714285,34.72649572649573
3,2026-04-29,2,4,0,35,45.0,44.0,43.714285714285715,41.214285714285715,34.813559322033896
3,2026-04-30,3,4,0,49,35.0,52.0,42.42857142857143,41.214285714285715,34.81512605042017
4,2026-01-15,3,1,0,8,14.0,11.0,11.142857142857142,11.5,11.5
4,2026-01-16,4,1,0,9,8.0,10.0,10.714285714285714,11.5,11.266666666666667
4,2026-01-17,5,1,1,11,9.0,10.0,10.571428571428571,11.071428571428571,11.125
4,2026-01-18,6,1,1,14,11.0,13.0,10.714285714285714,10.785714285714286,11.117647058823529
4,2026-01-19,0,1,0,9,14.0,8.0,10.857142857142858,10.785714285714286,11.277777777777779
4,2026-01-20,1,1,0,9,9.0,12.0,11.0,10.571428571428571,11.157894736842104
4,2026-01-21,2,1,0,9,9.0,14.0,10.571428571428571,10.714285714285714,11.05
4,2026-01-22,3,1,0,18,9.0,8.0,9.857142857142858,10.5,10.952380952380953
4,2026-01-23,4,1,0,10,18.0,9.0,11.285714285714286,11.0,11.272727272727273
4,2026-01-24,5,1,1,14,10.0,11.0,11.428571428571429,11.0,11.217391304347826
4,2026-01-25,6,1,1,19,14.0,14.0,11.857142857142858,11.285714285714286,11.333333333333334
4,2026-01-26,0,1,0,11,19.0,9.0,12.571428571428571,11.714285714285714,11.64
4,2026-01-27,1,1,0,12,11.0,9.0,12.857142857142858,11.928571428571429,11.615384615384615
4,2026-01-28,2,1,0,16,12.0,9.0,13.285714285714286,11.928571428571429,11.62962962962963
4,2026-01-29,3,1,0,13,16.0,18.0,14.285714285714286,12.071428571428571,11.785714285714286
4,2026-01-30,4,1,0,11,13.0,10.0,13.571428571428571,12.428571428571429,11.827586206896552
4,2026-01-31,5,1,1,10,11.0,14.0,13.714285714285714,12.571428571428571,11.8
4,2026-02-01,6,2,1,16,10.0,19.0,13.142857142857142,12.5,11.741935483870968
4,2026-02-02,0,2,0,11,16.0,11.0,12.714285714285714,12.642857142857142,11.875
4,2026-02-03,1,2,0,13,11.0,12.0,12.714285714285714,12.785714285714286,11.848484848484848
4,2026-02-04,2,2,0,13,13.0,16.0,12.857142857142858,13.071428571428571,11.882352941176471
4,2026-02-05,3,2,0,14,13.0,13.0,12.428571428571429,13.357142857142858,11.914285714285715
4,2026-02-06,4,2,0,14,14.0,11.0,12.571428571428571,13.071428571428571,11.972222222222221
4,2026-02-07,5,2,1,15,14.0,10.0,13.0,13.357142857142858,12.027027027027026
4,2026-02-08,6,2,1,15,15.0,16.0,13.714285714285714,13.428571428571429,12.105263157894736
4,2026-02-09,0,2,0,12,15.0,11.0,13.571428571428571,13.142857142857142,12.179487179487179
4,2026-02-10,1,2,0,10,12.0,13.0,13.714285714285714,13.214285714285714,12.175
4,2026-02-11,2,2,0,15,10.0,13.0,13.285714285714286,13.071428571428571,12.121951219512194
4,2026-02-12,3,2,0,13,15.0,14.0,13.571428571428571,13.0,12.19047619047619
4,2026-02-13,4,2,0,15,13.0,14.0,13.428571428571429,13.0,12.209302325581396
4,2026-02-14,5,2,1,12,15.0,15.0,13.571428571428571,13.285714285714286,12.272727272727273
4,2026-02-15,6,2,1,14,12.0,15.0,13.142857142857142,13.428571428571429,12.266666666666667
4,2026-02-16,0,2,0,16,14.0,12.0,13.0,13.285714285714286,12.304347826086957
4,2026-02-17,1,2,0,10,16.0,10.0,13.571428571428571,13.642857142857142,12.382978723404255
4,2026-02-18,2,2,0,15,10.0,15.0,13.571428571428571,13.428571428571429,12.333333333333334
4,2026-02-19,3,2,0,13,15.0,13.0,13.571428571428571,13.571428571428571,12.387755102040817
4,2026-02-20,4,2,0,14,13.0,15.0,13.571428571428571,13.5,12.4
4,2026-02-21,5,2,1,15,14.0,12.0,13.428571428571429,13.5,12.431372549019608
4,2026-02-22,6,2,1,15,15.0,14.0,13.857142857142858,13.5,12.48076923076923
4,2026-02-23,0,2,0,16,15.0,16.0,14.0,13.5,12.528301886792454
4,2026-02-24,1,2,0,12,16.0,10.0,14.0,13.785714285714286,12.592592592592593
4,2026-02-25,2,2,0,16,12.0,15.0,14.285714285714286,13.928571428571429,12.581818181818182
4,2026-02-26,3,2,0,12,16.0,13.0,14.428571428571429,14.0,12.642857142857142
4,2026-02-27,4,2,0,16,12.0,14.0,14.285714285714286,13.928571428571429,12.631578947368421
4,2026-02-28,5,2,1,14,16.0,15.0,14.571428571428571,14.0,12.689655172413794
4,2026-03-01,6,3,1,12,14.0,15.0,14.428571428571429,14.142857142857142,12.711864406779661
4,2026-03-02,0,3,0,12,12.0,16.0,14.0,14.0,12.7
4,2026-03-03,1,3,0,13,12.0,12.0,13.428571428571429,13.714285714285714,12.688524590163935
4,2026-03-04,2,3,0,16,13.0,16.0,13.571428571428571,13.928571428571429,12.693548387096774
4,2026-03-05,3,3,0,14,16.0,12.0,13.571428571428571,14.0,12.746031746031745
4,2026-03-06,4,3,0,11,14.0,16.0,13.857142857142858,14.071428571428571,12.765625
4,2026-03-07,5,3,1,17,11.0,14.0,13.142857142857142,13.857142857142858,12.738461538461538
4,2026-03-08,6,3,1,18,17.0,12.0,13.571428571428571,14.0,12.803030303030303
4,2026-03-09,0,3,0,18,18.0,12.0,14.428571428571429,14.214285714285714,12.880597014925373
4,2026-03-10,1,3,0,11,18.0,13.0,15.285714285714286,14.357142857142858,12.955882352941176
4,2026-03-11,2,3,0,13,11.0,16.0,15.0,14.285714285714286,12.927536231884059
4,2026-03-12,3,3,0,16,13.0,14.0,14.571428571428571,14.071428571428571,12.928571428571429
4,2026-03-13,4,3,0,13,16.0,11.0,14.857142857142858,14.357142857142858,12.971830985915492
4,2026-03-14,5,3,1,14,13.0,17.0,15.142857142857142,14.142857142857142,12.972222222222221
4,2026-03-15,6,3,1,15,14.0,18.0,14.714285714285714,14.142857142857142,12.986301369863014
4,2026-03-16,0,3,0,12,15.0,18.0,14.285714285714286,14.357142857142858,13.013513513513514
4,2026-03-17,1,3,0,14,12.0,11.0,13.428571428571429,14.357142857142858,13.0
4,2026-03-18,2,3,0,16,14.0,13.0,13.857142857142858,14.428571428571429,13.013157894736842
4,2026-03-19,3,3,0,15,16.0,16.0,14.285714285714286,14.428571428571429,13.051948051948052
4,2026-03-20,4,3,0,13,15.0,13.0,14.142857142857142,14.5,13.076923076923077
4,2026-03-21,5,3,1,13,13.0,14.0,14.142857142857142,14.642857142857142,13.075949367088608
4,2026-03-22,6,3,1,16,13.0,15.0,14.0,14.357142857142858,13.075
4,2026-03-23,0,3,0,15,16.0,12.0,14.142857142857142,14.214285714285714,13.11111111111111
4,2026-03-24,1,3,0,19,15.0,14.0,14.571428571428571,14.0,13.134146341463415
4,2026-03-25,2,3,0,14,19.0,16.0,15.285714285714286,14.571428571428571,13.204819277108435
4,2026-03-26,3,3,0,15,14.0,15.0,15.0,14.642857142857142,13.214285714285714
4,2026-03-27,4,3,0,17,15.0,13.0,15.0,14.571428571428571,13.235294117647058
4,2026-03-28,5,3,1,21,17.0,13.0,15.571428571428571,14.857142857142858,13.279069767441861
4,2026-03-29,6,3,1,20,21.0,16.0,16.714285714285715,15.357142857142858,13.367816091954023
4,2026-03-30,0,3,0,18,20.0,15.0,17.285714285714285,15.714285714285714,13.443181818181818
4,2026-03-31,1,3,0,17,18.0,19.0,17.714285714285715,16.142857142857142,13.49438202247191
4,2026-04-01,2,4,0,15,17.0,14.0,17.428571428571427,16.357142857142858,13.533333333333333
4,2026-04-02,3,4,0,14,15.0,15.0,17.571428571428573,16.285714285714285,13.54945054945055
4,2026-04-03,4,4,0,16,14.0,17.0,17.428571428571427,16.214285714285715,13.554347826086957
4,2026-04-04,5,4,1,17,16.0,21.0,17.285714285714285,16.428571428571427,13.580645161290322
4,2026-04-05,6,4,1,14,17.0,20.0,16.714285714285715,16.714285714285715,13.617021276595745
4,2026-04-06,0,4,0,15,14.0,18.0,15.857142857142858,16.571428571428573,13.621052631578948
4,2026-04-07,1,4,0,15,15.0,17.0,15.428571428571429,16.571428571428573,13.635416666666666
4,2026-04-08,2,4,0,20,15.0,15.0,15.142857142857142,16.285714285714285,13.649484536082474
4,2026-04-09,3,4,0,13,20.0,14.0,15.857142857142858,16.714285714285715,13.714285714285714
4,2026-04-10,4,4,0,20,13.0,16.0,15.714285714285714,16.571428571428573,13.707070707070708
4,2026-04-11,5,4,1,17,20.0,17.0,16.285714285714285,16.785714285714285,13.77
4,2026-04-12,6,4,1,15,17.0,14.0,16.285714285714285,16.5,13.801980198019802
4,2026-04-13,0,4,0,16,15.0,15.0,16.428571428571427,16.142857142857142,13.813725490196079
4,2026-04-14,1,4,0,12,16.0,15.0,16.571428571428573,16.0,13.83495145631068
4,2026-04-15,2,4,0,14,12.0,20.0,16.142857142857142,15.642857142857142,13.817307692307692
4,2026-04-16,3,4,0,16,14.0,13.0,15.285714285714286,15.571428571428571,13.81904761904762
4,2026-04-17,4,4,0,16,16.0,20.0,15.714285714285714,15.714285714285714,13.839622641509434
4,2026-04-18,5,4,1,17,16.0,17.0,15.142857142857142,15.714285714285714,13.85981308411215
4,2026-04-19,6,4,1,16,17.0,15.0,15.142857142857142,15.714285714285714,13.88888888888889
4,2026-04-20,0,4,0,8,16.0,16.0,15.285714285714286,15.857142857142858,13.908256880733944
4,2026-04-21,1,4,0,14,8.0,12.0,14.142857142857142,15.357142857142858,13.854545454545455
4,2026-04-22,2,4,0,14,14.0,14.0,14.428571428571429,15.285714285714286,13.855855855855856
4,2026-04-23,3,4,0,13,14.0,16.0,14.428571428571429,14.857142857142858,13.857142857142858
4,2026-04-24,4,4,0,19,13.0,16.0,14.0,14.857142857142858,13.849557522123893
4,2026-04-25,5,4,1,15,19.0,17.0,14.428571428571429,14.785714285714286,13.894736842105264
4,2026-04-26,6,4,1,19,15.0,16.0,14.142857142857142,14.642857142857142,13.904347826086957
4,2026-04-27,0,4,0,14,19.0,8.0,14.571428571428571,14.928571428571429,13.948275862068966
4,2026-04-28,1,4,0,17,14.0,14.0,15.428571428571429,14.785714285714286,13.948717948717949
4,2026-04-29,2,4,0,11,17.0,14.0,15.857142857142858,15.142857142857142,13.974576271186441
4,2026-04-30,3,4,0,20,11.0,13.0,15.428571428571429,14.928571428571429,13.949579831932773
5,2026-01-15,3,1,0,11,14.0,10.0,13.857142857142858,13.071428571428571,13.071428571428571
5,2026-01-16,4,1,0,13,11.0,13.0,14.0,13.0,12.933333333333334
5,2026-01-17,5,1,1,14,13.0,13.0,14.0,13.285714285714286,12.9375
5,2026-01-18,6,1,1,14,14.0,18.0,14.142857142857142,13.285714285714286,13.0
5,2026-01-19,0,1,0,10,14.0,14.0,13.571428571428571,13.214285714285714,13.055555555555555
5,2026-01-20,1,1,0,10,10.0,15.0,13.0,13.285714285714286,12.894736842105264
5,2026-01-21,2,1,0,15,10.0,14.0,12.285714285714286,13.0,12.75
5,2026-01-22,3,1,0,14,15.0,11.0,12.428571428571429,13.142857142857142,12.857142857142858
5,2026-01-23,4,1,0,13,14.0,13.0,12.857142857142858,13.428571428571429,12.909090909090908
5,2026-01-24,5,1,1,18,13.0,14.0,12.857142857142858,13.428571428571429,12.91304347826087
5,2026-01-25,6,1,1,15,18.0,14.0,13.428571428571429,13.785714285714286,13.125
5,2026-01-26,0,1,0,14,15.0,10.0,13.571428571428571,13.571428571428571,13.2
5,2026-01-27,1,1,0,18,14.0,10.0,14.142857142857142,13.571428571428571,13.23076923076923
5,2026-01-28,2,1,0,13,18.0,15.0,15.285714285714286,13.785714285714286,13.407407407407407
5,2026-01-29,3,1,0,13,13.0,14.0,15.0,13.714285714285714,13.392857142857142
5,2026-01-30,4,1,0,16,13.0,13.0,14.857142857142858,13.857142857142858,13.379310344827585
5,2026-01-31,5,1,1,16,16.0,18.0,15.285714285714286,14.071428571428571,13.466666666666667
5,2026-02-01,6,2,1,20,16.0,15.0,15.0,14.214285714285714,13.548387096774194
5,2026-02-02,0,2,0,12,20.0,14.0,15.714285714285714,14.642857142857142,13.75
5,2026-02-03,1,2,0,9,12.0,18.0,15.428571428571429,14.785714285714286,13.696969696969697
5,2026-02-04,2,2,0,12,9.0,13.0,14.142857142857142,14.714285714285714,13.558823529411764
5,2026-02-05,3,2,0,12,12.0,13.0,14.0,14.5,13.514285714285714
5,2026-02-06,4,2,0,9,12.0,16.0,13.857142857142858,14.357142857142858,13.472222222222221
5,2026-02-07,5,2,1,19,9.0,16.0,12.857142857142858,14.071428571428571,13.35135135135135
5,2026-02-08,6,2,1,13,19.0,20.0,13.285714285714286,14.142857142857142,13.5
5,2026-02-09,0,2,0,9,13.0,12.0,12.285714285714286,14.0,13.487179487179487
5,2026-02-10,1,2,0,17,9.0,9.0,11.857142857142858,13.642857142857142,13.375
5,2026-02-11,2,2,0,13,17.0,12.0,13.0,13.571428571428571,13.463414634146341
5,2026-02-12,3,2,0,14,13.0,12.0,13.142857142857142,13.571428571428571,13.452380952380953
5,2026-02-13,4,2,0,17,14.0,9.0,13.428571428571429,13.642857142857142,13.465116279069768
5,2026-02-14,5,2,1,16,17.0,19.0,14.571428571428571,13.714285714285714,13.545454545454545
5,2026-02-15,6,2,1,16,16.0,13.0,14.142857142857142,13.714285714285714,13.6
5,2026-02-16,0,2,0,12,16.0,9.0,14.571428571428571,13.428571428571429,13.652173913043478
5,2026-02-17,1,2,0,10,12.0,17.0,15.0,13.428571428571429,13.617021276595745
5,2026-02-18,2,2,0,12,10.0,13.0,14.0,13.5,13.541666666666666
5,2026-02-19,3,2,0,16,12.0,14.0,13.857142857142858,13.5,13.510204081632653
5,2026-02-20,4,2,0,18,16.0,17.0,14.142857142857142,13.785714285714286,13.56
5,2026-02-21,5,2,1,19,18.0,16.0,14.285714285714286,14.428571428571429,13.647058823529411
5,2026-02-22,6,2,1,13,19.0,16.0,14.714285714285714,14.428571428571429,13.75
5,2026-02-23,0,2,0,13,13.0,12.0,14.285714285714286,14.428571428571429,13.735849056603774
5,2026-02-24,1,2,0,19,13.0,10.0,14.428571428571429,14.714285714285714,13.722222222222221
5,2026-02-25,2,2,0,15,19.0,12.0,15.714285714285714,14.857142857142858,13.818181818181818
5,2026-02-26,3,2,0,12,15.0,16.0,16.142857142857142,15.0,13.839285714285714
5,2026-02-27,4,2,0,11,12.0,18.0,15.571428571428571,14.857142857142858,13.807017543859649
5,2026-02-28,5,2,1,11,11.0,19.0,14.571428571428571,14.428571428571429,13.758620689655173
5,2026-03-01,6,3,1,19,11.0,13.0,13.428571428571429,14.071428571428571,13.711864406779661
5,2026-03-02,0,3,0,11,19.0,13.0,14.285714285714286,14.285714285714286,13.8
5,2026-03-03,1,3,0,12,11.0,19.0,14.0,14.214285714285714,13.754098360655737
5,2026-03-04,2,3,0,14,12.0,15.0,13.0,14.357142857142858,13.725806451612904
5,2026-03-05,3,3,0,12,14.0,12.0,12.857142857142858,14.5,13.73015873015873
5,2026-03-06,4,3,0,14,12.0,11.0,12.857142857142858,14.214285714285714,13.703125
5,2026-03-07,5,3,1,14,14.0,11.0,13.285714285714286,13.928571428571429,13.707692307692307
5,2026-03-08,6,3,1,18,14.0,19.0,13.714285714285714,13.571428571428571,13.712121212121213
5,2026-03-09,0,3,0,17,18.0,11.0,13.571428571428571,13.928571428571429,13.776119402985074
5,2026-03-10,1,3,0,19,17.0,12.0,14.428571428571429,14.214285714285714,13.823529411764707
5,2026-03-11,2,3,0,18,19.0,14.0,15.428571428571429,14.214285714285714,13.898550724637682
5,2026-03-12,3,3,0,15,18.0,12.0,16.0,14.428571428571429,13.957142857142857
5,2026-03-13,4,3,0,12,15.0,14.0,16.428571428571427,14.642857142857142,13.971830985915492
5,2026-03-14,5,3,1,17,12.0,14.0,16.142857142857142,14.714285714285714,13.944444444444445
5,2026-03-15,6,3,1,15,17.0,18.0,16.571428571428573,15.142857142857142,13.986301369863014
5,2026-03-16,0,3,0,11,15.0,17.0,16.142857142857142,14.857142857142858,14.0
5,2026-03-17,1,3,0,16,11.0,19.0,15.285714285714286,14.857142857142858,13.96
5,2026-03-18,2,3,0,12,16.0,18.0,14.857142857142858,15.142857142857142,13.986842105263158
5,2026-03-19,3,3,0,14,12.0,15.0,14.0,15.0,13.96103896103896
5,2026-03-20,4,3,0,14,14.0,12.0,13.857142857142858,15.142857142857142,13.961538461538462
5,2026-03-21,5,3,1,15,14.0,17.0,14.142857142857142,15.142857142857142,13.962025316455696
5,2026-03-22,6,3,1,19,15.0,15.0,13.857142857142858,15.214285714285714,13.975
5,2026-03-23,0,3,0,14,19.0,11.0,14.428571428571429,15.285714285714286,14.037037037037036
5,2026-03-24,1,3,0,15,14.0,16.0,14.857142857142858,15.071428571428571,14.036585365853659
5,2026-03-25,2,3,0,16,15.0,12.0,14.714285714285714,14.785714285714286,14.048192771084338
5,2026-03-26,3,3,0,15,16.0,14.0,15.285714285714286,14.642857142857142,14.071428571428571
5,2026-03-27,4,3,0,17,15.0,14.0,15.428571428571429,14.642857142857142,14.08235294117647
5,2026-03-28,5,3,1,16,17.0,15.0,15.857142857142858,15.0,14.116279069767442
5,2026-03-29,6,3,1,16,16.0,19.0,16.0,14.928571428571429,14.137931034482758
5,2026-03-30,0,3,0,16,16.0,14.0,15.571428571428571,15.0,14.159090909090908
5,2026-03-31,1,3,0,12,16.0,15.0,15.857142857142858,15.357142857142858,14.179775280898877
5,2026-04-01,2,4,0,18,12.0,16.0,15.428571428571429,15.071428571428571,14.155555555555555
5,2026-04-02,3,4,0,17,18.0,15.0,15.714285714285714,15.5,14.197802197802197
5,2026-04-03,4,4,0,14,17.0,17.0,16.0,15.714285714285714,14.228260869565217
5,2026-04-04,5,4,1,20,14.0,16.0,15.571428571428571,15.714285714285714,14.225806451612904
5,2026-04-05,6,4,1,21,20.0,16.0,16.142857142857142,16.071428571428573,14.287234042553191
5,2026-04-06,0,4,0,20,21.0,16.0,16.857142857142858,16.214285714285715,14.357894736842105
5,2026-04-07,1,4,0,18,20.0,12.0,17.428571428571427,16.642857142857142,14.416666666666666
5,2026-04-08,2,4,0,21,18.0,18.0,18.285714285714285,16.857142857142858,14.45360824742268
5,2026-04-09,3,4,0,10,21.0,17.0,18.714285714285715,17.214285714285715,14.520408163265307
5,2026-04-10,4,4,0,17,10.0,14.0,17.714285714285715,16.857142857142858,14.474747474747474
5,2026-04-11,5,4,1,21,17.0,20.0,18.142857142857142,16.857142857142858,14.5
5,2026-04-12,6,4,1,22,21.0,21.0,18.285714285714285,17.214285714285715,14.564356435643564
5,2026-04-13,0,4,0,13,22.0,20.0,18.428571428571427,17.642857142857142,14.637254901960784
5,2026-04-14,1,4,0,16,13.0,18.0,17.428571428571427,17.428571428571427,14.62135922330097
5,2026-04-15,2,4,0,19,16.0,21.0,17.142857142857142,17.714285714285715,14.634615384615385
5,2026-04-16,3,4,0,18,19.0,10.0,16.857142857142858,17.785714285714285,14.676190476190476
5,2026-04-17,4,4,0,15,18.0,17.0,18.0,17.857142857142858,14.70754716981132
5,2026-04-18,5,4,1,20,15.0,21.0,17.714285714285715,17.928571428571427,14.710280373831775
5,2026-04-19,6,4,1,19,20.0,22.0,17.571428571428573,17.928571428571427,14.75925925925926
5,2026-04-20,0,4,0,15,19.0,13.0,17.142857142857142,17.785714285714285,14.79816513761468
5,2026-04-21,1,4,0,15,15.0,16.0,17.428571428571427,17.428571428571427,14.8
5,2026-04-22,2,4,0,13,15.0,19.0,17.285714285714285,17.214285714285715,14.801801801801801
5,2026-04-23,3,4,0,17,13.0,18.0,16.428571428571427,16.642857142857142,14.785714285714286
5,2026-04-24,4,4,0,18,17.0,15.0,16.285714285714285,17.142857142857142,14.805309734513274
5,2026-04-25,5,4,1,19,18.0,20.0,16.714285714285715,17.214285714285715,14.833333333333334
5,2026-04-26,6,4,1,20,19.0,19.0,16.571428571428573,17.071428571428573,14.869565217391305
5,2026-04-27,0,4,0,15,20.0,15.0,16.714285714285715,16.928571428571427,14.913793103448276
5,2026-04-28,1,4,0,15,15.0,15.0,16.714285714285715,17.071428571428573,14.914529914529915
5,2026-04-29,2,4,0,14,15.0,13.0,16.714285714285715,17.0,14.915254237288135
5,2026-04-30,3,4,0,20,14.0,17.0,16.857142857142858,16.642857142857142,14.907563025210084
6,2026-01-15,3,1,0,13,14.0,9.0,11.571428571428571,11.285714285714286,11.285714285714286
6,2026-01-16,4,1,0,7,13.0,14.0,12.142857142857142,11.571428571428571,11.4
6,2026-01-17,5,1,1,12,7.0,9.0,11.142857142857142,11.357142857142858,11.125
6,2026-01-18,6,1,1,16,12.0,13.0,11.571428571428571,11.285714285714286,11.176470588235293
6,2026-01-19,0,1,0,11,16.0,9.0,12.0,11.642857142857142,11.444444444444445
6,2026-01-20,1,1,0,10,11.0,13.0,12.285714285714286,11.571428571428571,11.421052631578947
6,2026-01-21,2,1,0,8,10.0,14.0,11.857142857142858,11.571428571428571,11.35
6,2026-01-22,3,1,0,9,8.0,13.0,11.0,11.285714285714286,11.19047619047619
6,2026-01-23,4,1,0,9,9.0,7.0,10.428571428571429,11.285714285714286,11.090909090909092
6,2026-01-24,5,1,1,13,9.0,12.0,10.714285714285714,10.928571428571429,11.0
6,2026-01-25,6,1,1,14,13.0,16.0,10.857142857142858,11.214285714285714,11.083333333333334
6,2026-01-26,0,1,0,15,14.0,11.0,10.571428571428571,11.285714285714286,11.2
6,2026-01-27,1,1,0,12,15.0,10.0,11.142857142857142,11.714285714285714,11.346153846153847
6,2026-01-28,2,1,0,15,12.0,8.0,11.428571428571429,11.642857142857142,11.37037037037037
6,2026-01-29,3,1,0,11,15.0,9.0,12.428571428571429,11.714285714285714,11.5
6,2026-01-30,4,1,0,10,11.0,9.0,12.714285714285714,11.571428571428571,11.482758620689655
6,2026-01-31,5,1,1,13,10.0,13.0,12.857142857142858,11.785714285714286,11.433333333333334
6,2026-02-01,6,2,1,9,13.0,14.0,12.857142857142858,11.857142857142858,11.483870967741936
6,2026-02-02,0,2,0,14,9.0,15.0,12.142857142857142,11.357142857142858,11.40625
6,2026-02-03,1,2,0,9,14.0,12.0,12.0,11.571428571428571,11.484848484848484
6,2026-02-04,2,2,0,11,9.0,15.0,11.571428571428571,11.5,11.411764705882353
6,2026-02-05,3,2,0,8,11.0,11.0,11.0,11.714285714285714,11.4
6,2026-02-06,4,2,0,12,8.0,10.0,10.571428571428571,11.642857142857142,11.305555555555555
6,2026-02-07,5,2,1,16,12.0,13.0,10.857142857142858,11.857142857142858,11.324324324324325
6,2026-02-08,6,2,1,12,16.0,9.0,11.285714285714286,12.071428571428571,11.447368421052632
6,2026-02-09,0,2,0,12,12.0,14.0,11.714285714285714,11.928571428571429,11.461538461538462
6,2026-02-10,1,2,0,10,12.0,9.0,11.428571428571429,11.714285714285714,11.475
6,2026-02-11,2,2,0,9,10.0,11.0,11.571428571428571,11.571428571428571,11.439024390243903
6,2026-02-12,3,2,0,11,9.0,8.0,11.285714285714286,11.142857142857142,11.380952380952381
6,2026-02-13,4,2,0,12,11.0,12.0,11.714285714285714,11.142857142857142,11.372093023255815
6,2026-02-14,5,2,1,14,12.0,16.0,11.714285714285714,11.285714285714286,11.386363636363637
6,2026-02-15,6,2,1,20,14.0,12.0,11.428571428571429,11.357142857142858,11.444444444444445
6,2026-02-16,0,2,0,12,20.0,12.0,12.571428571428571,12.142857142857142,11.630434782608695
6,2026-02-17,1,2,0,13,12.0,10.0,12.571428571428571,12.0,11.638297872340425
6,2026-02-18,2,2,0,10,13.0,9.0,13.0,12.285714285714286,11.666666666666666
6,2026-02-19,3,2,0,15,10.0,11.0,13.142857142857142,12.214285714285714,11.63265306122449
6,2026-02-20,4,2,0,13,15.0,12.0,13.714285714285714,12.714285714285714,11.7
6,2026-02-21,5,2,1,13,13.0,14.0,13.857142857142858,12.785714285714286,11.72549019607843
6,2026-02-22,6,2,1,10,13.0,20.0,13.714285714285714,12.571428571428571,11.75
6,2026-02-23,0,2,0,15,10.0,12.0,12.285714285714286,12.428571428571429,11.716981132075471
6,2026-02-24,1,2,0,11,15.0,13.0,12.714285714285714,12.642857142857142,11.777777777777779
6,2026-02-25,2,2,0,13,11.0,10.0,12.428571428571429,12.714285714285714,11.763636363636364
6,2026-02-26,3,2,0,18,13.0,15.0,12.857142857142858,13.0,11.785714285714286
6,2026-02-27,4,2,0,12,18.0,13.0,13.285714285714286,13.5,11.894736842105264
6,2026-02-28,5,2,1,11,12.0,13.0,13.142857142857142,13.5,11.89655172413793
6,2026-03-01,6,3,1,12,11.0,10.0,12.857142857142858,13.285714285714286,11.88135593220339
6,2026-03-02,0,3,0,12,12.0,15.0,13.142857142857142,12.714285714285714,11.883333333333333
6,2026-03-03,1,3,0,12,12.0,11.0,12.714285714285714,12.714285714285714,11.885245901639344
6,2026-03-04,2,3,0,6,12.0,13.0,12.857142857142858,12.642857142857142,11.887096774193548
6,2026-03-05,3,3,0,11,6.0,18.0,11.857142857142858,12.357142857142858,11.793650793650794
6,2026-03-06,4,3,0,13,11.0,12.0,10.857142857142858,12.071428571428571,11.78125
6,2026-03-07,5,3,1,11,13.0,11.0,11.0,12.071428571428571,11.8
6,2026-03-08,6,3,1,12,11.0,12.0,11.0,11.928571428571429,11.787878787878787
6,2026-03-09,0,3,0,13,12.0,12.0,11.0,12.071428571428571,11.791044776119403
6,2026-03-10,1,3,0,10,13.0,12.0,11.142857142857142,11.928571428571429,11.808823529411764
6,2026-03-11,2,3,0,10,10.0,6.0,10.857142857142858,11.857142857142858,11.782608695652174
6,2026-03-12,3,3,0,12,10.0,11.0,11.428571428571429,11.642857142857142,11.757142857142858
6,2026-03-13,4,3,0,10,12.0,13.0,11.571428571428571,11.214285714285714,11.76056338028169
6,2026-03-14,5,3,1,17,10.0,11.0,11.142857142857142,11.071428571428571,11.73611111111111
6,2026-03-15,6,3,1,17,17.0,12.0,12.0,11.5,11.808219178082192
6,2026-03-16,0,3,0,10,17.0,13.0,12.714285714285714,11.857142857142858,11.878378378378379
6,2026-03-17,1,3,0,13,10.0,10.0,12.285714285714286,11.714285714285714,11.853333333333333
6,2026-03-18,2,3,0,11,13.0,10.0,12.714285714285714,11.785714285714286,11.868421052631579
6,2026-03-19,3,3,0,10,11.0,12.0,12.857142857142858,12.142857142857142,11.857142857142858
6,2026-03-20,4,3,0,15,10.0,10.0,12.571428571428571,12.071428571428571,11.833333333333334
6,2026-03-21,5,3,1,14,15.0,17.0,13.285714285714286,12.214285714285714,11.873417721518987
6,2026-03-22,6,3,1,14,14.0,17.0,12.857142857142858,12.428571428571429,11.9
6,2026-03-23,0,3,0,10,14.0,10.0,12.428571428571429,12.571428571428571,11.925925925925926
6,2026-03-24,1,3,0,11,10.0,13.0,12.428571428571429,12.357142857142858,11.902439024390244
6,2026-03-25,2,3,0,13,11.0,11.0,12.142857142857142,12.428571428571429,11.891566265060241
6,2026-03-26,3,3,0,10,13.0,10.0,12.428571428571429,12.642857142857142,11.904761904761905
6,2026-03-27,4,3,0,12,10.0,15.0,12.428571428571429,12.5,11.882352941176471
6,2026-03-28,5,3,1,13,12.0,14.0,12.0,12.642857142857142,11.883720930232558
6,2026-03-29,6,3,1,13,13.0,14.0,11.857142857142858,12.357142857142858,11.89655172413793
6,2026-03-30,0,3,0,16,13.0,10.0,11.714285714285714,12.071428571428571,11.909090909090908
6,2026-03-31,1,3,0,10,16.0,11.0,12.571428571428571,12.5,11.955056179775282
6,2026-04-01,2,4,0,12,10.0,13.0,12.428571428571429,12.285714285714286,11.933333333333334
6,2026-04-02,3,4,0,15,12.0,10.0,12.285714285714286,12.357142857142858,11.934065934065934
6,2026-04-03,4,4,0,14,15.0,12.0,13.0,12.714285714285714,11.967391304347826
6,2026-04-04,5,4,1,15,14.0,13.0,13.285714285714286,12.642857142857142,11.989247311827956
6,2026-04-05,6,4,1,14,15.0,13.0,13.571428571428571,12.714285714285714,12.02127659574468
6,2026-04-06,0,4,0,17,14.0,16.0,13.714285714285714,12.714285714285714,12.042105263157895
6,2026-04-07,1,4,0,12,17.0,10.0,13.857142857142858,13.214285714285714,12.09375
6,2026-04-08,2,4,0,10,12.0,12.0,14.142857142857142,13.285714285714286,12.092783505154639
6,2026-04-09,3,4,0,10,10.0,15.0,13.857142857142858,13.071428571428571,12.071428571428571
6,2026-04-10,4,4,0,15,10.0,14.0,13.142857142857142,13.071428571428571,12.05050505050505
6,2026-04-11,5,4,1,14,15.0,15.0,13.285714285714286,13.285714285714286,12.08
6,2026-04-12,6,4,1,14,14.0,14.0,13.142857142857142,13.357142857142858,12.099009900990099
6,2026-04-13,0,4,0,12,14.0,17.0,13.142857142857142,13.428571428571429,12.117647058823529
6,2026-04-14,1,4,0,13,12.0,12.0,12.428571428571429,13.142857142857142,12.116504854368932
6,2026-04-15,2,4,0,13,13.0,10.0,12.571428571428571,13.357142857142858,12.125
6,2026-04-16,3,4,0,15,13.0,10.0,13.0,13.428571428571429,12.133333333333333
6,2026-04-17,4,4,0,12,15.0,15.0,13.714285714285714,13.428571428571429,12.160377358490566
6,2026-04-18,5,4,1,15,12.0,14.0,13.285714285714286,13.285714285714286,12.158878504672897
6,2026-04-19,6,4,1,16,15.0,14.0,13.428571428571429,13.285714285714286,12.185185185185185
6,2026-04-20,0,4,0,18,16.0,12.0,13.714285714285714,13.428571428571429,12.220183486238533
6,2026-04-21,1,4,0,13,18.0,13.0,14.571428571428571,13.5,12.272727272727273
6,2026-04-22,2,4,0,13,13.0,13.0,14.571428571428571,13.571428571428571,12.27927927927928
6,2026-04-23,3,4,0,14,13.0,15.0,14.571428571428571,13.785714285714286,12.285714285714286
6,2026-04-24,4,4,0,11,14.0,12.0,14.428571428571429,14.071428571428571,12.300884955752212
6,2026-04-25,5,4,1,16,11.0,15.0,14.285714285714286,13.785714285714286,12.289473684210526
6,2026-04-26,6,4,1,17,16.0,16.0,14.428571428571429,13.928571428571429,12.321739130434782
6,2026-04-27,0,4,0,13,17.0,18.0,14.571428571428571,14.142857142857142,12.362068965517242
6,2026-04-28,1,4,0,16,13.0,13.0,13.857142857142858,14.214285714285714,12.367521367521368
6,2026-04-29,2,4,0,17,16.0,13.0,14.285714285714286,14.428571428571429,12.398305084745763
6,2026-04-30,3,4,0,12,17.0,14.0,14.857142857142858,14.714285714285714,12.436974789915967
7,2026-01-15,3,1,0,5,4.0,5.0,4.571428571428571,4.357142857142857,4.357142857142857
7,2026-01-16,4,1,0,5,5.0,4.0,4.571428571428571,4.357142857142857,4.4
7,2026-01-17,5,1,1,6,5.0,5.0,4.714285714285714,4.5,4.4375
7,2026-01-18,6,1,1,8,6.0,5.0,4.857142857142857,4.571428571428571,4.529411764705882
7,2026-01-19,0,1,0,5,8.0,5.0,5.285714285714286,4.857142857142857,4.722222222222222
7,2026-01-20,1,1,0,5,5.0,4.0,5.285714285714286,4.928571428571429,4.7368421052631575
7,2026-01-21,2,1,0,5,5.0,4.0,5.428571428571429,5.071428571428571,4.75
7,2026-01-22,3,1,0,1,5.0,5.0,5.571428571428571,5.071428571428571,4.761904761904762
7,2026-01-23,4,1,0,5,1.0,5.0,5.0,4.785714285714286,4.590909090909091
7,2026-01-24,5,1,1,5,5.0,6.0,5.0,4.857142857142857,4.608695652173913
7,2026-01-25,6,1,1,5,5.0,8.0,4.857142857142857,4.857142857142857,4.625
7,2026-01-26,0,1,0,4,5.0,5.0,4.428571428571429,4.857142857142857,4.64
7,2026-01-27,1,1,0,4,4.0,5.0,4.285714285714286,4.785714285714286,4.615384615384615
7,2026-01-28,2,1,0,5,4.0,5.0,4.142857142857143,4.785714285714286,4.592592592592593
7,2026-01-29,3,1,0,5,5.0,1.0,4.142857142857143,4.857142857142857,4.607142857142857
7,2026-01-30,4,1,0,3,5.0,5.0,4.714285714285714,4.857142857142857,4.620689655172414
7,2026-01-31,5,1,1,5,3.0,5.0,4.428571428571429,4.714285714285714,4.566666666666666
7,2026-02-01,6,2,1,5,5.0,5.0,4.428571428571429,4.642857142857143,4.580645161290323
7,2026-02-02,0,2,0,5,5.0,4.0,4.428571428571429,4.428571428571429,4.59375
7,2026-02-03,1,2,0,5,5.0,4.0,4.571428571428571,4.428571428571429,4.606060606060606
7,2026-02-04,2,2,0,4,5.0,5.0,4.714285714285714,4.428571428571429,4.617647058823529
7,2026-02-05,3,2,0,5,4.0,5.0,4.571428571428571,4.357142857142857,4.6
7,2026-02-06,4,2,0,4,5.0,3.0,4.571428571428571,4.642857142857143,4.611111111111111
7,2026-02-07,5,2,1,5,4.0,5.0,4.714285714285714,4.571428571428571,4.594594594594595
7,2026-02-08,6,2,1,5,5.0,5.0,4.714285714285714,4.571428571428571,4.605263157894737
7,2026-02-09,0,2,0,5,5.0,5.0,4.714285714285714,4.571428571428571,4.615384615384615
7,2026-02-10,1,2,0,4,5.0,5.0,4.714285714285714,4.642857142857143,4.625
7,2026-02-11,2,2,0,5,4.0,4.0,4.571428571428571,4.642857142857143,4.609756097560975
7,2026-02-12,3,2,0,6,5.0,5.0,4.714285714285714,4.642857142857143,4.619047619047619
7,2026-02-13,4,2,0,6,6.0,4.0,4.857142857142857,4.714285714285714,4.651162790697675
7,2026-02-14,5,2,1,6,6.0,5.0,5.142857142857143,4.928571428571429,4.681818181818182
7,2026-02-15,6,2,1,7,6.0,5.0,5.285714285714286,5.0,4.711111111111111
7,2026-02-16,0,2,0,5,7.0,5.0,5.571428571428571,5.142857142857143,4.760869565217392
7,2026-02-17,1,2,0,5,5.0,4.0,5.571428571428571,5.142857142857143,4.76595744680851
7,2026-02-18,2,2,0,2,5.0,5.0,5.714285714285714,5.142857142857143,4.770833333333333
7,2026-02-19,3,2,0,4,2.0,6.0,5.285714285714286,5.0,4.714285714285714
7,2026-02-20,4,2,0,4,4.0,6.0,5.0,4.928571428571429,4.7
7,2026-02-21,5,2,1,6,4.0,6.0,4.714285714285714,4.928571428571429,4.686274509803922
7,2026-02-22,6,2,1,5,6.0,7.0,4.714285714285714,5.0,4.711538461538462
7,2026-02-23,0,2,0,4,5.0,5.0,4.428571428571429,5.0,4.716981132075472
7,2026-02-24,1,2,0,4,4.0,5.0,4.285714285714286,4.928571428571429,4.703703703703703
7,2026-02-25,2,2,0,4,4.0,2.0,4.142857142857143,4.928571428571429,4.6909090909090905
7,2026-02-26,3,2,0,4,4.0,4.0,4.428571428571429,4.857142857142857,4.678571428571429
7,2026-02-27,4,2,0,3,4.0,4.0,4.428571428571429,4.714285714285714,4.666666666666667
7,2026-02-28,5,2,1,6,3.0,6.0,4.285714285714286,4.5,4.637931034482759
7,2026-03-01,6,3,1,7,6.0,5.0,4.285714285714286,4.5,4.661016949152542
7,2026-03-02,0,3,0,5,7.0,4.0,4.571428571428571,4.5,4.7
7,2026-03-03,1,3,0,5,5.0,4.0,4.714285714285714,4.5,4.704918032786885
7,2026-03-04,2,3,0,6,5.0,4.0,4.857142857142857,4.5,4.709677419354839
7,2026-03-05,3,3,0,5,6.0,4.0,5.142857142857143,4.785714285714286,4.73015873015873
7,2026-03-06,4,3,0,5,5.0,3.0,5.285714285714286,4.857142857142857,4.734375
7,2026-03-07,5,3,1,5,5.0,6.0,5.571428571428571,4.928571428571429,4.7384615384615385
7,2026-03-08,6,3,1,5,5.0,7.0,5.428571428571429,4.857142857142857,4.742424242424242
7,2026-03-09,0,3,0,5,5.0,5.0,5.142857142857143,4.857142857142857,4.746268656716418
7,2026-03-10,1,3,0,4,5.0,5.0,5.142857142857143,4.928571428571429,4.75
7,2026-03-11,2,3,0,5,4.0,6.0,5.0,4.928571428571429,4.739130434782608
7,2026-03-12,3,3,0,6,5.0,5.0,4.857142857142857,5.0,4.742857142857143
7,2026-03-13,4,3,0,3,6.0,5.0,5.0,5.142857142857143,4.76056338028169
7,2026-03-14,5,3,1,6,3.0,5.0,4.714285714285714,5.142857142857143,4.736111111111111
7,2026-03-15,6,3,1,5,6.0,5.0,4.857142857142857,5.142857142857143,4.7534246575342465
7,2026-03-16,0,3,0,5,5.0,5.0,4.857142857142857,5.0,4.756756756756757
7,2026-03-17,1,3,0,5,5.0,4.0,4.857142857142857,5.0,4.76
7,2026-03-18,2,3,0,4,5.0,5.0,5.0,5.0,4.7631578947368425
7,2026-03-19,3,3,0,6,4.0,6.0,4.857142857142857,4.857142857142857,4.753246753246753
7,2026-03-20,4,3,0,5,6.0,3.0,4.857142857142857,4.928571428571429,4.769230769230769
7,2026-03-21,5,3,1,6,5.0,6.0,5.142857142857143,4.928571428571429,4.772151898734177
7,2026-03-22,6,3,1,7,6.0,5.0,5.142857142857143,5.0,4.7875
7,2026-03-23,0,3,0,6,7.0,5.0,5.428571428571429,5.142857142857143,4.814814814814815
7,2026-03-24,1,3,0,5,6.0,5.0,5.571428571428571,5.214285714285714,4.829268292682927
7,2026-03-25,2,3,0,4,5.0,4.0,5.571428571428571,5.285714285714286,4.831325301204819
7,2026-03-26,3,3,0,5,4.0,6.0,5.571428571428571,5.214285714285714,4.821428571428571
7,2026-03-27,4,3,0,6,5.0,5.0,5.428571428571429,5.142857142857143,4.823529411764706
7,2026-03-28,5,3,1,6,6.0,6.0,5.571428571428571,5.357142857142857,4.837209302325581
7,2026-03-29,6,3,1,5,6.0,7.0,5.571428571428571,5.357142857142857,4.850574712643678
7,2026-03-30,0,3,0,5,5.0,6.0,5.285714285714286,5.357142857142857,4.8522727272727275
7,2026-03-31,1,3,0,3,5.0,5.0,5.142857142857143,5.357142857142857,4.853932584269663
7,2026-04-01,2,4,0,3,3.0,4.0,4.857142857142857,5.214285714285714,4.833333333333333
7,2026-04-02,3,4,0,4,3.0,5.0,4.714285714285714,5.142857142857143,4.813186813186813
7,2026-04-03,4,4,0,6,4.0,6.0,4.571428571428571,5.0,4.804347826086956
7,2026-04-04,5,4,1,5,6.0,6.0,4.571428571428571,5.071428571428571,4.817204301075269
7,2026-04-05,6,4,1,6,5.0,5.0,4.428571428571429,5.0,4.819148936170213
7,2026-04-06,0,4,0,6,6.0,5.0,4.571428571428571,4.928571428571429,4.831578947368421
7,2026-04-07,1,4,0,6,6.0,3.0,4.714285714285714,4.928571428571429,4.84375
7,2026-04-08,2,4,0,4,6.0,3.0,5.142857142857143,5.0,4.855670103092783
7,2026-04-09,3,4,0,6,4.0,4.0,5.285714285714286,5.0,4.846938775510204
7,2026-04-10,4,4,0,4,6.0,6.0,5.571428571428571,5.071428571428571,4.858585858585859
7,2026-04-11,5,4,1,6,4.0,5.0,5.285714285714286,4.928571428571429,4.85
7,2026-04-12,6,4,1,7,6.0,6.0,5.428571428571429,4.928571428571429,4.861386138613861
7,2026-04-13,0,4,0,5,7.0,6.0,5.571428571428571,5.071428571428571,4.882352941176471
7,2026-04-14,1,4,0,7,5.0,6.0,5.428571428571429,5.071428571428571,4.883495145631068
7,2026-04-15,2,4,0,6,7.0,4.0,5.571428571428571,5.357142857142857,4.903846153846154
7,2026-04-16,3,4,0,4,6.0,6.0,5.857142857142857,5.571428571428571,4.914285714285715
7,2026-04-17,4,4,0,6,4.0,4.0,5.571428571428571,5.571428571428571,4.90566037735849
7,2026-04-18,5,4,1,4,6.0,6.0,5.857142857142857,5.571428571428571,4.91588785046729
7,2026-04-19,6,4,1,6,4.0,7.0,5.571428571428571,5.5,4.907407407407407
7,2026-04-20,0,4,0,5,6.0,5.0,5.428571428571429,5.5,4.91743119266055
7,2026-04-21,1,4,0,5,5.0,7.0,5.428571428571429,5.428571428571429,4.918181818181818
7,2026-04-22,2,4,0,6,5.0,6.0,5.142857142857143,5.357142857142857,4.918918918918919
7,2026-04-23,3,4,0,5,6.0,4.0,5.142857142857143,5.5,4.928571428571429
7,2026-04-24,4,4,0,5,5.0,6.0,5.285714285714286,5.428571428571429,4.929203539823009
7,2026-04-25,5,4,1,5,5.0,4.0,5.142857142857143,5.5,4.9298245614035086
7,2026-04-26,6,4,1,7,5.0,6.0,5.285714285714286,5.428571428571429,4.930434782608696
7,2026-04-27,0,4,0,6,7.0,5.0,5.428571428571429,5.428571428571429,4.948275862068965
7,2026-04-28,1,4,0,4,6.0,5.0,5.571428571428571,5.5,4.957264957264957
7,2026-04-29,2,4,0,6,4.0,6.0,5.428571428571429,5.285714285714286,4.9491525423728815
7,2026-04-30,3,4,0,7,6.0,5.0,5.428571428571429,5.285714285714286,4.957983193277311
8,2026-01-15,3,1,0,5,6.0,5.0,5.285714285714286,5.5,5.5
8,2026-01-16,4,1,0,5,5.0,6.0,5.285714285714286,5.571428571428571,5.466666666666667
8,2026-01-17,5,1,1,6,5.0,7.0,5.142857142857143,5.5,5.4375
8,2026-01-18,6,1,1,8,6.0,6.0,5.0,5.571428571428571,5.470588235294118
8,2026-01-19,0,1,0,4,8.0,4.0,5.285714285714286,5.642857142857143,5.611111111111111
8,2026-01-20,1,1,0,6,4.0,3.0,5.285714285714286,5.571428571428571,5.526315789473684
8,2026-01-21,2,1,0,6,6.0,6.0,5.714285714285714,5.5,5.55
8,2026-01-22,3,1,0,7,6.0,5.0,5.714285714285714,5.5,5.571428571428571
8,2026-01-23,4,1,0,5,7.0,5.0,6.0,5.642857142857143,5.636363636363637
8,2026-01-24,5,1,1,6,5.0,6.0,6.0,5.571428571428571,5.608695652173913
8,2026-01-25,6,1,1,7,6.0,8.0,6.0,5.5,5.625
8,2026-01-26,0,1,0,7,7.0,4.0,5.857142857142857,5.571428571428571,5.68
8,2026-01-27,1,1,0,5,7.0,6.0,6.285714285714286,5.785714285714286,5.730769230769231
8,2026-01-28,2,1,0,5,5.0,6.0,6.142857142857143,5.928571428571429,5.703703703703703
8,2026-01-29,3,1,0,5,5.0,7.0,6.0,5.857142857142857,5.678571428571429
8,2026-01-30,4,1,0,6,5.0,5.0,5.714285714285714,5.857142857142857,5.655172413793103
8,2026-01-31,5,1,1,7,6.0,6.0,5.857142857142857,5.928571428571429,5.666666666666667
8,2026-02-01,6,2,1,8,7.0,7.0,6.0,6.0,5.709677419354839
8,2026-02-02,0,2,0,3,8.0,7.0,6.142857142857143,6.0,5.78125
8,2026-02-03,1,2,0,6,3.0,5.0,5.571428571428571,5.928571428571429,5.696969696969697
8,2026-02-04,2,2,0,6,6.0,5.0,5.714285714285714,5.928571428571429,5.705882352941177
8,2026-02-05,3,2,0,7,6.0,5.0,5.857142857142857,5.928571428571429,5.714285714285714
8,2026-02-06,4,2,0,7,7.0,6.0,6.142857142857143,5.928571428571429,5.75
8,2026-02-07,5,2,1,8,7.0,7.0,6.285714285714286,6.071428571428571,5.783783783783784
8,2026-02-08,6,2,1,6,8.0,8.0,6.428571428571429,6.214285714285714,5.842105263157895
8,2026-02-09,0,2,0,5,6.0,3.0,6.142857142857143,6.142857142857143,5.846153846153846
8,2026-02-10,1,2,0,6,5.0,6.0,6.428571428571429,6.0,5.825
8,2026-02-11,2,2,0,6,6.0,6.0,6.428571428571429,6.071428571428571,5.829268292682927
8,2026-02-12,3,2,0,5,6.0,7.0,6.428571428571429,6.142857142857143,5.833333333333333
8,2026-02-13,4,2,0,6,5.0,7.0,6.142857142857143,6.142857142857143,5.813953488372093
8,2026-02-14,5,2,1,6,6.0,8.0,6.0,6.142857142857143,5.818181818181818
8,2026-02-15,6,2,1,4,6.0,6.0,5.714285714285714,6.071428571428571,5.822222222222222
8,2026-02-16,0,2,0,6,4.0,5.0,5.428571428571429,5.785714285714286,5.782608695652174
8,2026-02-17,1,2,0,4,6.0,6.0,5.571428571428571,6.0,5.787234042553192
8,2026-02-18,2,2,0,5,4.0,6.0,5.285714285714286,5.857142857142857,5.75
8,2026-02-19,3,2,0,5,5.0,5.0,5.142857142857143,5.785714285714286,5.73469387755102
8,2026-02-20,4,2,0,4,5.0,6.0,5.142857142857143,5.642857142857143,5.72
8,2026-02-21,5,2,1,7,4.0,6.0,4.857142857142857,5.428571428571429,5.686274509803922
8,2026-02-22,6,2,1,6,7.0,4.0,5.0,5.357142857142857,5.711538461538462
8,2026-02-23,0,2,0,5,6.0,6.0,5.285714285714286,5.357142857142857,5.716981132075472
8,2026-02-24,1,2,0,8,5.0,4.0,5.142857142857143,5.357142857142857,5.703703703703703
8,2026-02-25,2,2,0,6,8.0,5.0,5.714285714285714,5.5,5.745454545454545
8,2026-02-26,3,2,0,5,6.0,5.0,5.857142857142857,5.5,5.75
8,2026-02-27,4,2,0,4,5.0,4.0,5.857142857142857,5.5,5.7368421052631575
8,2026-02-28,5,2,1,8,4.0,7.0,5.857142857142857,5.357142857142857,5.706896551724138
8,2026-03-01,6,3,1,9,8.0,6.0,6.0,5.5,5.745762711864407
8,2026-03-02,0,3,0,6,9.0,5.0,6.428571428571429,5.857142857142857,5.8
8,2026-03-03,1,3,0,6,6.0,8.0,6.571428571428571,5.857142857142857,5.80327868852459
8,2026-03-04,2,3,0,7,6.0,6.0,6.285714285714286,6.0,5.806451612903226
8,2026-03-05,3,3,0,6,7.0,5.0,6.428571428571429,6.142857142857143,5.825396825396825
8,2026-03-06,4,3,0,4,6.0,4.0,6.571428571428571,6.214285714285714,5.828125
8,2026-03-07,5,3,1,6,4.0,8.0,6.571428571428571,6.214285714285714,5.8
8,2026-03-08,6,3,1,6,6.0,9.0,6.285714285714286,6.142857142857143,5.803030303030303
8,2026-03-09,0,3,0,6,6.0,6.0,5.857142857142857,6.142857142857143,5.8059701492537314
8,2026-03-10,1,3,0,5,6.0,6.0,5.857142857142857,6.214285714285714,5.8088235294117645
8,2026-03-11,2,3,0,8,5.0,7.0,5.714285714285714,6.0,5.797101449275362
8,2026-03-12,3,3,0,6,8.0,6.0,5.857142857142857,6.142857142857143,5.828571428571428
8,2026-03-13,4,3,0,6,6.0,4.0,5.857142857142857,6.214285714285714,5.830985915492958
8,2026-03-14,5,3,1,8,6.0,6.0,6.142857142857143,6.357142857142857,5.833333333333333
8,2026-03-15,6,3,1,5,8.0,6.0,6.428571428571429,6.357142857142857,5.863013698630137
8,2026-03-16,0,3,0,6,5.0,6.0,6.285714285714286,6.071428571428571,5.851351351351352
8,2026-03-17,1,3,0,4,6.0,5.0,6.285714285714286,6.071428571428571,5.8533333333333335
8,2026-03-18,2,3,0,6,4.0,8.0,6.142857142857143,5.928571428571429,5.828947368421052
8,2026-03-19,3,3,0,5,6.0,6.0,5.857142857142857,5.857142857142857,5.8311688311688314
8,2026-03-20,4,3,0,7,5.0,6.0,5.714285714285714,5.785714285714286,5.82051282051282
8,2026-03-21,5,3,1,8,7.0,8.0,5.857142857142857,6.0,5.8354430379746836
8,2026-03-22,6,3,1,8,8.0,5.0,5.857142857142857,6.142857142857143,5.8625
8,2026-03-23,0,3,0,5,8.0,6.0,6.285714285714286,6.285714285714286,5.888888888888889
8,2026-03-24,1,3,0,7,5.0,4.0,6.142857142857143,6.214285714285714,5.878048780487805
8,2026-03-25,2,3,0,7,7.0,6.0,6.571428571428571,6.357142857142857,5.891566265060241
8,2026-03-26,3,3,0,7,7.0,5.0,6.714285714285714,6.285714285714286,5.904761904761905
8,2026-03-27,4,3,0,4,7.0,7.0,7.0,6.357142857142857,5.91764705882353
8,2026-03-28,5,3,1,7,4.0,8.0,6.571428571428571,6.214285714285714,5.895348837209302
8,2026-03-29,6,3,1,8,7.0,8.0,6.428571428571429,6.142857142857143,5.908045977011494
8,2026-03-30,0,3,0,5,8.0,5.0,6.428571428571429,6.357142857142857,5.931818181818182
8,2026-03-31,1,3,0,6,5.0,7.0,6.428571428571429,6.285714285714286,5.921348314606742
8,2026-04-01,2,4,0,7,6.0,7.0,6.285714285714286,6.428571428571429,5.9222222222222225
8,2026-04-02,3,4,0,7,7.0,7.0,6.285714285714286,6.5,5.934065934065934
8,2026-04-03,4,4,0,4,7.0,4.0,6.285714285714286,6.642857142857143,5.945652173913044
8,2026-04-04,5,4,1,7,4.0,7.0,6.285714285714286,6.428571428571429,5.924731182795699
8,2026-04-05,6,4,1,7,7.0,8.0,6.285714285714286,6.357142857142857,5.9361702127659575
8,2026-04-06,0,4,0,7,7.0,5.0,6.142857142857143,6.285714285714286,5.947368421052632
8,2026-04-07,1,4,0,5,7.0,6.0,6.428571428571429,6.428571428571429,5.958333333333333
8,2026-04-08,2,4,0,6,5.0,7.0,6.285714285714286,6.285714285714286,5.948453608247423
8,2026-04-09,3,4,0,7,6.0,7.0,6.142857142857143,6.214285714285714,5.948979591836735
8,2026-04-10,4,4,0,5,7.0,4.0,6.142857142857143,6.214285714285714,5.959595959595959
8,2026-04-11,5,4,1,5,5.0,7.0,6.285714285714286,6.285714285714286,5.95
8,2026-04-12,6,4,1,7,5.0,7.0,6.0,6.142857142857143,5.9405940594059405
8,2026-04-13,0,4,0,8,7.0,7.0,6.0,6.071428571428571,5.950980392156863
8,2026-04-14,1,4,0,6,8.0,5.0,6.142857142857143,6.285714285714286,5.970873786407767
8,2026-04-15,2,4,0,7,6.0,6.0,6.285714285714286,6.285714285714286,5.971153846153846
8,2026-04-16,3,4,0,7,7.0,7.0,6.428571428571429,6.285714285714286,5.980952380952381
8,2026-04-17,4,4,0,5,7.0,5.0,6.428571428571429,6.285714285714286,5.990566037735849
8,2026-04-18,5,4,1,8,5.0,5.0,6.428571428571429,6.357142857142857,5.981308411214953
8,2026-04-19,6,4,1,7,8.0,7.0,6.857142857142857,6.428571428571429,6.0
8,2026-04-20,0,4,0,6,7.0,8.0,6.857142857142857,6.428571428571429,6.009174311926605
8,2026-04-21,1,4,0,6,6.0,6.0,6.571428571428571,6.357142857142857,6.009090909090909
8,2026-04-22,2,4,0,6,6.0,7.0,6.571428571428571,6.428571428571429,6.009009009009009
8,2026-04-23,3,4,0,6,6.0,7.0,6.428571428571429,6.428571428571429,6.008928571428571
8,2026-04-24,4,4,0,8,6.0,5.0,6.285714285714286,6.357142857142857,6.008849557522124
8,2026-04-25,5,4,1,7,8.0,8.0,6.714285714285714,6.571428571428571,6.026315789473684
8,2026-04-26,6,4,1,11,7.0,7.0,6.571428571428571,6.714285714285714,6.034782608695652
8,2026-04-27,0,4,0,9,11.0,6.0,7.142857142857143,7.0,6.077586206896552
8,2026-04-28,1,4,0,9,9.0,6.0,7.571428571428571,7.071428571428571,6.102564102564102
8,2026-04-29,2,4,0,6,9.0,6.0,8.0,7.285714285714286,6.127118644067797
8,2026-04-30,3,4,0,7,6.0,6.0,8.0,7.214285714285714,6.126050420168068
9,2026-01-15,3,1,0,6,8.0,7.0,8.142857142857142,8.071428571428571,8.071428571428571
9,2026-01-16,4,1,0,9,6.0,5.0,8.0,7.857142857142857,7.933333333333334
9,2026-01-17,5,1,1,9,9.0,11.0,8.571428571428571,7.857142857142857,8.0
9,2026-01-18,6,1,1,8,9.0,8.0,8.285714285714286,7.857142857142857,8.058823529411764
9,2026-01-19,0,1,0,7,8.0,9.0,8.285714285714286,7.714285714285714,8.055555555555555
9,2026-01-20,1,1,0,9,7.0,9.0,8.0,7.714285714285714,8.0
9,2026-01-21,2,1,0,7,9.0,8.0,8.0,7.785714285714286,8.05
9,2026-01-22,3,1,0,9,7.0,6.0,7.857142857142857,8.0,8.0
9,2026-01-23,4,1,0,7,9.0,9.0,8.285714285714286,8.142857142857142,8.045454545454545
9,2026-01-24,5,1,1,8,7.0,9.0,8.0,8.285714285714286,8.0
9,2026-01-25,6,1,1,9,8.0,8.0,7.857142857142857,8.071428571428571,8.0
9,2026-01-26,0,1,0,8,9.0,7.0,8.0,8.142857142857142,8.04
9,2026-01-27,1,1,0,7,8.0,9.0,8.142857142857142,8.071428571428571,8.038461538461538
9,2026-01-28,2,1,0,7,7.0,7.0,7.857142857142857,7.928571428571429,8.0
9,2026-01-29,3,1,0,8,7.0,9.0,7.857142857142857,7.857142857142857,7.964285714285714
9,2026-01-30,4,1,0,5,8.0,7.0,7.714285714285714,8.0,7.9655172413793105
9,2026-01-31,5,1,1,10,5.0,8.0,7.428571428571429,7.714285714285714,7.866666666666666
9,2026-02-01,6,2,1,10,10.0,9.0,7.714285714285714,7.785714285714286,7.935483870967742
9,2026-02-02,0,2,0,6,10.0,8.0,7.857142857142857,7.928571428571429,8.0
9,2026-02-03,1,2,0,8,6.0,7.0,7.571428571428571,7.857142857142857,7.9393939393939394
9,2026-02-04,2,2,0,8,8.0,7.0,7.714285714285714,7.785714285714286,7.9411764705882355
9,2026-02-05,3,2,0,7,8.0,8.0,7.857142857142857,7.857142857142857,7.942857142857143
9,2026-02-06,4,2,0,7,7.0,5.0,7.714285714285714,7.714285714285714,7.916666666666667
9,2026-02-07,5,2,1,7,7.0,10.0,8.0,7.714285714285714,7.891891891891892
9,2026-02-08,6,2,1,9,7.0,10.0,7.571428571428571,7.642857142857143,7.868421052631579
9,2026-02-09,0,2,0,6,9.0,6.0,7.428571428571429,7.642857142857143,7.897435897435898
9,2026-02-10,1,2,0,8,6.0,8.0,7.428571428571429,7.5,7.85
9,2026-02-11,2,2,0,8,8.0,8.0,7.428571428571429,7.571428571428571,7.853658536585366
9,2026-02-12,3,2,0,11,8.0,7.0,7.428571428571429,7.642857142857143,7.857142857142857
9,2026-02-13,4,2,0,9,11.0,7.0,8.0,7.857142857142857,7.930232558139535
9,2026-02-14,5,2,1,7,9.0,7.0,8.285714285714286,8.142857142857142,7.954545454545454
9,2026-02-15,6,2,1,7,7.0,9.0,8.285714285714286,7.928571428571429,7.933333333333334
9,2026-02-16,0,2,0,8,7.0,6.0,8.0,7.714285714285714,7.913043478260869
9,2026-02-17,1,2,0,10,8.0,8.0,8.285714285714286,7.857142857142857,7.914893617021277
9,2026-02-18,2,2,0,9,10.0,8.0,8.571428571428571,8.0,7.958333333333333
9,2026-02-19,3,2,0,9,9.0,11.0,8.714285714285714,8.071428571428571,7.979591836734694
9,2026-02-20,4,2,0,9,9.0,9.0,8.428571428571429,8.214285714285714,8.0
9,2026-02-21,5,2,1,12,9.0,7.0,8.428571428571429,8.357142857142858,8.019607843137255
9,2026-02-22,6,2,1,10,12.0,7.0,9.142857142857142,8.714285714285714,8.096153846153847
9,2026-02-23,0,2,0,7,10.0,8.0,9.571428571428571,8.785714285714286,8.132075471698114
9,2026-02-24,1,2,0,9,7.0,10.0,9.428571428571429,8.857142857142858,8.11111111111111
9,2026-02-25,2,2,0,8,9.0,9.0,9.285714285714286,8.928571428571429,8.127272727272727
9,2026-02-26,3,2,0,10,8.0,9.0,9.142857142857142,8.928571428571429,8.125
9,2026-02-27,4,2,0,9,10.0,9.0,9.285714285714286,8.857142857142858,8.157894736842104
9,2026-02-28,5,2,1,10,9.0,12.0,9.285714285714286,8.857142857142858,8.172413793103448
9,2026-03-01,6,3,1,9,10.0,10.0,9.0,9.071428571428571,8.203389830508474
9,2026-03-02,0,3,0,7,9.0,7.0,8.857142857142858,9.214285714285714,8.216666666666667
9,2026-03-03,1,3,0,8,7.0,9.0,8.857142857142858,9.142857142857142,8.19672131147541
9,2026-03-04,2,3,0,8,8.0,8.0,8.714285714285714,9.0,8.193548387096774
9,2026-03-05,3,3,0,7,8.0,10.0,8.714285714285714,8.928571428571429,8.19047619047619
9,2026-03-06,4,3,0,12,7.0,9.0,8.285714285714286,8.785714285714286,8.171875
9,2026-03-07,5,3,1,9,12.0,10.0,8.714285714285714,9.0,8.23076923076923
9,2026-03-08,6,3,1,9,9.0,9.0,8.571428571428571,8.785714285714286,8.242424242424242
9,2026-03-09,0,3,0,9,9.0,7.0,8.571428571428571,8.714285714285714,8.253731343283581
9,2026-03-10,1,3,0,8,9.0,8.0,8.857142857142858,8.857142857142858,8.264705882352942
9,2026-03-11,2,3,0,9,8.0,8.0,8.857142857142858,8.785714285714286,8.26086956521739
9,2026-03-12,3,3,0,7,9.0,7.0,9.0,8.857142857142858,8.271428571428572
9,2026-03-13,4,3,0,11,7.0,12.0,9.0,8.642857142857142,8.253521126760564
9,2026-03-14,5,3,1,12,11.0,9.0,8.857142857142858,8.785714285714286,8.291666666666666
9,2026-03-15,6,3,1,10,12.0,9.0,9.285714285714286,8.928571428571429,8.342465753424657
9,2026-03-16,0,3,0,10,10.0,9.0,9.428571428571429,9.0,8.364864864864865
9,2026-03-17,1,3,0,9,10.0,8.0,9.571428571428571,9.214285714285714,8.386666666666667
9,2026-03-18,2,3,0,7,9.0,9.0,9.714285714285714,9.285714285714286,8.394736842105264
9,2026-03-19,3,3,0,12,7.0,7.0,9.428571428571429,9.214285714285714,8.376623376623376
9,2026-03-20,4,3,0,8,12.0,11.0,10.142857142857142,9.571428571428571,8.423076923076923
9,2026-03-21,5,3,1,11,8.0,12.0,9.714285714285714,9.285714285714286,8.417721518987342
9,2026-03-22,6,3,1,8,11.0,10.0,9.571428571428571,9.428571428571429,8.45
9,2026-03-23,0,3,0,11,8.0,10.0,9.285714285714286,9.357142857142858,8.444444444444445
9,2026-03-24,1,3,0,10,11.0,9.0,9.428571428571429,9.5,8.475609756097562
9,2026-03-25,2,3,0,8,10.0,7.0,9.571428571428571,9.642857142857142,8.493975903614459
9,2026-03-26,3,3,0,10,8.0,12.0,9.714285714285714,9.571428571428571,8.488095238095237
9,2026-03-27,4,3,0,8,10.0,8.0,9.428571428571429,9.785714285714286,8.505882352941176
9,2026-03-28,5,3,1,12,8.0,11.0,9.428571428571429,9.571428571428571,8.5
9,2026-03-29,6,3,1,10,12.0,8.0,9.571428571428571,9.571428571428571,8.540229885057471
9,2026-03-30,0,3,0,8,10.0,11.0,9.857142857142858,9.571428571428571,8.556818181818182
9,2026-03-31,1,3,0,9,8.0,10.0,9.428571428571429,9.428571428571429,8.55056179775281
9,2026-04-01,2,4,0,9,9.0,8.0,9.285714285714286,9.428571428571429,8.555555555555555
9,2026-04-02,3,4,0,8,9.0,10.0,9.428571428571429,9.571428571428571,8.56043956043956
9,2026-04-03,4,4,0,5,8.0,8.0,9.142857142857142,9.285714285714286,8.554347826086957
9,2026-04-04,5,4,1,10,5.0,12.0,8.714285714285714,9.071428571428571,8.516129032258064
9,2026-04-05,6,4,1,13,10.0,10.0,8.428571428571429,9.0,8.53191489361702
9,2026-04-06,0,4,0,12,13.0,8.0,8.857142857142858,9.357142857142858,8.578947368421053
9,2026-04-07,1,4,0,10,12.0,9.0,9.428571428571429,9.428571428571429,8.614583333333334
9,2026-04-08,2,4,0,10,10.0,9.0,9.571428571428571,9.428571428571429,8.628865979381443
9,2026-04-09,3,4,0,8,10.0,8.0,9.714285714285714,9.571428571428571,8.642857142857142
9,2026-04-10,4,4,0,9,8.0,5.0,9.714285714285714,9.428571428571429,8.636363636363637
9,2026-04-11,5,4,1,12,9.0,10.0,10.285714285714286,9.5,8.64
9,2026-04-12,6,4,1,11,12.0,13.0,10.571428571428571,9.5,8.673267326732674
9,2026-04-13,0,4,0,9,11.0,12.0,10.285714285714286,9.571428571428571,8.696078431372548
9,2026-04-14,1,4,0,13,9.0,10.0,9.857142857142858,9.642857142857142,8.699029126213592
9,2026-04-15,2,4,0,11,13.0,10.0,10.285714285714286,9.928571428571429,8.740384615384615
9,2026-04-16,3,4,0,10,11.0,8.0,10.428571428571429,10.071428571428571,8.761904761904763
9,2026-04-17,4,4,0,8,10.0,9.0,10.714285714285714,10.214285714285714,8.773584905660377
9,2026-04-18,5,4,1,13,8.0,12.0,10.571428571428571,10.428571428571429,8.766355140186915
9,2026-04-19,6,4,1,12,13.0,11.0,10.714285714285714,10.642857142857142,8.805555555555555
9,2026-04-20,0,4,0,9,12.0,9.0,10.857142857142858,10.571428571428571,8.8348623853211
9,2026-04-21,1,4,0,11,9.0,13.0,10.857142857142858,10.357142857142858,8.836363636363636
9,2026-04-22,2,4,0,11,11.0,11.0,10.571428571428571,10.428571428571429,8.855855855855856
9,2026-04-23,3,4,0,9,11.0,10.0,10.571428571428571,10.5,8.875
9,2026-04-24,4,4,0,10,9.0,8.0,10.428571428571429,10.571428571428571,8.876106194690266
9,2026-04-25,5,4,1,12,10.0,13.0,10.714285714285714,10.642857142857142,8.885964912280702
9,2026-04-26,6,4,1,10,12.0,12.0,10.571428571428571,10.642857142857142,8.91304347826087
9,2026-04-27,0,4,0,11,10.0,9.0,10.285714285714286,10.571428571428571,8.922413793103448
9,2026-04-28,1,4,0,8,11.0,11.0,10.571428571428571,10.714285714285714,8.94017094017094
9,2026-04-29,2,4,0,11,8.0,11.0,10.142857142857142,10.357142857142858,8.932203389830509
9,2026-04-30,3,4,0,12,11.0,9.0,10.142857142857142,10.357142857142858,8.949579831932773
10,2026-01-15,3,1,0,2,2.0,2.0,2.0,2.0714285714285716,2.0714285714285716
10,2026-01-16,4,1,0,2,2.0,2.0,2.0,2.0,2.066666666666667
10,2026-01-17,5,1,1,3,2.0,2.0,2.0,2.0714285714285716,2.0625
10,2026-01-18,6,1,1,3,3.0,2.0,2.142857142857143,2.142857142857143,2.1176470588235294
10,2026-01-19,0,1,0,3,3.0,2.0,2.2857142857142856,2.142857142857143,2.1666666666666665
10,2026-01-20,1,1,0,1,3.0,2.0,2.4285714285714284,2.2142857142857144,2.210526315789474
10,2026-01-21,2,1,0,2,1.0,2.0,2.2857142857142856,2.142857142857143,2.15
10,2026-01-22,3,1,0,2,2.0,2.0,2.2857142857142856,2.142857142857143,2.142857142857143
10,2026-01-23,4,1,0,2,2.0,2.0,2.2857142857142856,2.142857142857143,2.1363636363636362
10,2026-01-24,5,1,1,2,2.0,3.0,2.2857142857142856,2.142857142857143,2.130434782608696
10,2026-01-25,6,1,1,2,2.0,3.0,2.142857142857143,2.142857142857143,2.125
10,2026-01-26,0,1,0,2,2.0,3.0,2.0,2.142857142857143,2.12
10,2026-01-27,1,1,0,2,2.0,1.0,1.8571428571428572,2.142857142857143,2.1153846153846154
10,2026-01-28,2,1,0,2,2.0,2.0,2.0,2.142857142857143,2.111111111111111
10,2026-01-29,3,1,0,1,2.0,2.0,2.0,2.142857142857143,2.107142857142857
10,2026-01-30,4,1,0,2,1.0,2.0,1.8571428571428572,2.0714285714285716,2.0689655172413794
10,2026-01-31,5,1,1,2,2.0,2.0,1.8571428571428572,2.0714285714285716,2.066666666666667
10,2026-02-01,6,2,1,4,2.0,2.0,1.8571428571428572,2.0,2.064516129032258
10,2026-02-02,0,2,0,3,4.0,2.0,2.142857142857143,2.0714285714285716,2.125
10,2026-02-03,1,2,0,2,3.0,2.0,2.2857142857142856,2.0714285714285716,2.1515151515151514
10,2026-02-04,2,2,0,3,2.0,2.0,2.2857142857142856,2.142857142857143,2.1470588235294117
10,2026-02-05,3,2,0,2,3.0,1.0,2.4285714285714284,2.2142857142857144,2.1714285714285713
10,2026-02-06,4,2,0,2,2.0,2.0,2.5714285714285716,2.2142857142857144,2.1666666666666665
10,2026-02-07,5,2,1,3,2.0,2.0,2.5714285714285716,2.2142857142857144,2.1621621621621623
10,2026-02-08,6,2,1,3,3.0,4.0,2.7142857142857144,2.2857142857142856,2.1842105263157894
10,2026-02-09,0,2,0,2,3.0,3.0,2.5714285714285716,2.357142857142857,2.2051282051282053
10,2026-02-10,1,2,0,3,2.0,2.0,2.4285714285714284,2.357142857142857,2.2
10,2026-02-11,2,2,0,3,3.0,3.0,2.5714285714285716,2.4285714285714284,2.2195121951219514
10,2026-02-12,3,2,0,2,3.0,2.0,2.5714285714285716,2.5,2.238095238095238
10,2026-02-13,4,2,0,2,2.0,2.0,2.5714285714285716,2.5714285714285716,2.2325581395348837
10,2026-02-14,5,2,1,2,2.0,3.0,2.5714285714285716,2.5714285714285716,2.227272727272727
10,2026-02-15,6,2,1,3,2.0,3.0,2.4285714285714284,2.5714285714285716,2.2222222222222223
10,2026-02-16,0,2,0,2,3.0,2.0,2.4285714285714284,2.5,2.239130434782609
10,2026-02-17,1,2,0,3,2.0,3.0,2.4285714285714284,2.4285714285714284,2.234042553191489
10,2026-02-18,2,2,0,2,3.0,3.0,2.4285714285714284,2.5,2.25
10,2026-02-19,3,2,0,2,2.0,2.0,2.2857142857142856,2.4285714285714284,2.2448979591836733
10,2026-02-20,4,2,0,3,2.0,2.0,2.2857142857142856,2.4285714285714284,2.24
10,2026-02-21,5,2,1,2,3.0,2.0,2.4285714285714284,2.5,2.2549019607843137
10,2026-02-22,6,2,1,2,2.0,3.0,2.4285714285714284,2.4285714285714284,2.25
10,2026-02-23,0,2,0,3,2.0,2.0,2.2857142857142856,2.357142857142857,2.2452830188679247
10,2026-02-24,1,2,0,3,3.0,3.0,2.4285714285714284,2.4285714285714284,2.259259259259259
10,2026-02-25,2,2,0,2,3.0,2.0,2.4285714285714284,2.4285714285714284,2.272727272727273
10,2026-02-26,3,2,0,3,2.0,2.0,2.4285714285714284,2.357142857142857,2.267857142857143
10,2026-02-27,4,2,0,2,3.0,3.0,2.5714285714285716,2.4285714285714284,2.280701754385965
10,2026-02-28,5,2,1,3,2.0,2.0,2.4285714285714284,2.4285714285714284,2.2758620689655173
10,2026-03-01,6,3,1,3,3.0,2.0,2.5714285714285716,2.5,2.288135593220339
10,2026-03-02,0,3,0,2,3.0,3.0,2.7142857142857144,2.5,2.3
10,2026-03-03,1,3,0,2,2.0,3.0,2.5714285714285716,2.5,2.2950819672131146
10,2026-03-04,2,3,0,3,2.0,2.0,2.4285714285714284,2.4285714285714284,2.2903225806451615
10,2026-03-05,3,3,0,2,3.0,3.0,2.5714285714285716,2.5,2.3015873015873014
10,2026-03-06,4,3,0,2,2.0,2.0,2.4285714285714284,2.5,2.296875
10,2026-03-07,5,3,1,2,2.0,3.0,2.4285714285714284,2.4285714285714284,2.292307692307692
10,2026-03-08,6,3,1,3,2.0,3.0,2.2857142857142856,2.4285714285714284,2.287878787878788
10,2026-03-09,0,3,0,2,3.0,2.0,2.2857142857142856,2.5,2.298507462686567
10,2026-03-10,1,3,0,2,2.0,2.0,2.2857142857142856,2.4285714285714284,2.2941176470588234
10,2026-03-11,2,3,0,2,2.0,3.0,2.2857142857142856,2.357142857142857,2.289855072463768
10,2026-03-12,3,3,0,3,2.0,2.0,2.142857142857143,2.357142857142857,2.2857142857142856
10,2026-03-13,4,3,0,3,3.0,2.0,2.2857142857142856,2.357142857142857,2.295774647887324
10,2026-03-14,5,3,1,3,3.0,2.0,2.4285714285714284,2.4285714285714284,2.3055555555555554
10,2026-03-15,6,3,1,3,3.0,3.0,2.5714285714285716,2.4285714285714284,2.315068493150685
10,2026-03-16,0,3,0,2,3.0,2.0,2.5714285714285716,2.4285714285714284,2.324324324324324
10,2026-03-17,1,3,0,2,2.0,2.0,2.5714285714285716,2.4285714285714284,2.32
10,2026-03-18,2,3,0,3,2.0,2.0,2.5714285714285716,2.4285714285714284,2.3157894736842106
10,2026-03-19,3,3,0,2,3.0,3.0,2.7142857142857144,2.4285714285714284,2.324675324675325
10,2026-03-20,4,3,0,3,2.0,3.0,2.5714285714285716,2.4285714285714284,2.3205128205128207
10,2026-03-21,5,3,1,3,3.0,3.0,2.5714285714285716,2.5,2.329113924050633
10,2026-03-22,6,3,1,2,3.0,3.0,2.5714285714285716,2.5714285714285716,2.3375
10,2026-03-23,0,3,0,3,2.0,2.0,2.4285714285714284,2.5,2.3333333333333335
10,2026-03-24,1,3,0,2,3.0,2.0,2.5714285714285716,2.5714285714285716,2.341463414634146
10,2026-03-25,2,3,0,3,2.0,3.0,2.5714285714285716,2.5714285714285716,2.3373493975903616
10,2026-03-26,3,3,0,3,3.0,2.0,2.5714285714285716,2.642857142857143,2.3452380952380953
10,2026-03-27,4,3,0,4,3.0,3.0,2.7142857142857144,2.642857142857143,2.3529411764705883
10,2026-03-28,5,3,1,2,4.0,3.0,2.857142857142857,2.7142857142857144,2.372093023255814
10,2026-03-29,6,3,1,2,2.0,2.0,2.7142857142857144,2.642857142857143,2.367816091954023
10,2026-03-30,0,3,0,3,2.0,3.0,2.7142857142857144,2.5714285714285716,2.3636363636363638
10,2026-03-31,1,3,0,3,3.0,2.0,2.7142857142857144,2.642857142857143,2.3707865168539324
10,2026-04-01,2,4,0,2,3.0,3.0,2.857142857142857,2.7142857142857144,2.3777777777777778
10,2026-04-02,3,4,0,3,2.0,3.0,2.7142857142857144,2.642857142857143,2.3736263736263736
10,2026-04-03,4,4,0,2,3.0,4.0,2.7142857142857144,2.7142857142857144,2.380434782608696
10,2026-04-04,5,4,1,3,2.0,2.0,2.4285714285714284,2.642857142857143,2.3763440860215055
10,2026-04-05,6,4,1,3,3.0,2.0,2.5714285714285716,2.642857142857143,2.382978723404255
10,2026-04-06,0,4,0,2,3.0,3.0,2.7142857142857144,2.7142857142857144,2.389473684210526
10,2026-04-07,1,4,0,2,2.0,3.0,2.5714285714285716,2.642857142857143,2.3854166666666665
10,2026-04-08,2,4,0,2,2.0,2.0,2.4285714285714284,2.642857142857143,2.381443298969072
10,2026-04-09,3,4,0,3,2.0,3.0,2.4285714285714284,2.5714285714285716,2.377551020408163
10,2026-04-10,4,4,0,3,3.0,2.0,2.4285714285714284,2.5714285714285716,2.3838383838383836
10,2026-04-11,5,4,1,3,3.0,3.0,2.5714285714285716,2.5,2.39
10,2026-04-12,6,4,1,2,3.0,3.0,2.5714285714285716,2.5714285714285716,2.396039603960396
10,2026-04-13,0,4,0,2,2.0,2.0,2.4285714285714284,2.5714285714285716,2.392156862745098
10,2026-04-14,1,4,0,3,2.0,2.0,2.4285714285714284,2.5,2.3883495145631066
10,2026-04-15,2,4,0,3,3.0,2.0,2.5714285714285716,2.5,2.394230769230769
10,2026-04-16,3,4,0,3,3.0,3.0,2.7142857142857144,2.5714285714285716,2.4
10,2026-04-17,4,4,0,3,3.0,3.0,2.7142857142857144,2.5714285714285716,2.4056603773584904
10,2026-04-18,5,4,1,3,3.0,3.0,2.7142857142857144,2.642857142857143,2.411214953271028
10,2026-04-19,6,4,1,3,3.0,2.0,2.7142857142857144,2.642857142857143,2.4166666666666665
10,2026-04-20,0,4,0,3,3.0,2.0,2.857142857142857,2.642857142857143,2.4220183486238533
10,2026-04-21,1,4,0,2,3.0,3.0,3.0,2.7142857142857144,2.4272727272727272
10,2026-04-22,2,4,0,3,2.0,3.0,2.857142857142857,2.7142857142857144,2.4234234234234235
10,2026-04-23,3,4,0,3,3.0,3.0,2.857142857142857,2.7857142857142856,2.4285714285714284
10,2026-04-24,4,4,0,3,3.0,3.0,2.857142857142857,2.7857142857142856,2.433628318584071
10,2026-04-25,5,4,1,2,3.0,3.0,2.857142857142857,2.7857142857142856,2.43859649122807
10,2026-04-26,6,4,1,3,2.0,3.0,2.7142857142857144,2.7142857142857144,2.4347826086956523
10,2026-04-27,0,4,0,2,3.0,3.0,2.7142857142857144,2.7857142857142856,2.439655172413793
10,2026-04-28,1,4,0,3,2.0,2.0,2.5714285714285716,2.7857142857142856,2.4358974358974357
10,2026-04-29,2,4,0,3,3.0,3.0,2.7142857142857144,2.7857142857142856,2.440677966101695
10,2026-04-30,3,4,0,3,3.0,3.0,2.7142857142857144,2.7857142857142856,2.4453781512605044
11,2026-01-15,3,1,0,1,1.0,0.0,0.7142857142857143,0.8571428571428571,0.8571428571428571
11,2026-01-16,4,1,0,1,1.0,1.0,0.8571428571428571,0.9285714285714286,0.8666666666666667
11,2026-01-17,5,1,1,1,1.0,1.0,0.8571428571428571,0.9285714285714286,0.875
11,2026-01-18,6,1,1,1,1.0,1.0,0.8571428571428571,0.9285714285714286,0.8823529411764706
11,2026-01-19,0,1,0,1,1.0,1.0,0.8571428571428571,0.9285714285714286,0.8888888888888888
11,2026-01-20,1,1,0,1,1.0,0.0,0.8571428571428571,0.9285714285714286,0.8947368421052632
11,2026-01-21,2,1,0,2,1.0,1.0,1.0,0.8571428571428571,0.9
11,2026-01-22,3,1,0,1,2.0,1.0,1.1428571428571428,0.9285714285714286,0.9523809523809523
11,2026-01-23,4,1,0,1,1.0,1.0,1.1428571428571428,1.0,0.9545454545454546
11,2026-01-24,5,1,1,2,1.0,1.0,1.1428571428571428,1.0,0.9565217391304348
11,2026-01-25,6,1,1,2,2.0,1.0,1.2857142857142858,1.0714285714285714,1.0
11,2026-01-26,0,1,0,1,2.0,1.0,1.4285714285714286,1.1428571428571428,1.04
11,2026-01-27,1,1,0,1,1.0,1.0,1.4285714285714286,1.1428571428571428,1.0384615384615385
11,2026-01-28,2,1,0,1,1.0,2.0,1.4285714285714286,1.2142857142857142,1.037037037037037
11,2026-01-29,3,1,0,0,1.0,1.0,1.2857142857142858,1.2142857142857142,1.0357142857142858
11,2026-01-30,4,1,0,1,0.0,1.0,1.1428571428571428,1.1428571428571428,1.0
11,2026-01-31,5,1,1,1,1.0,2.0,1.1428571428571428,1.1428571428571428,1.0
11,2026-02-01,6,2,1,2,1.0,2.0,1.0,1.1428571428571428,1.0
11,2026-02-02,0,2,0,0,2.0,1.0,1.0,1.2142857142857142,1.03125
11,2026-02-03,1,2,0,0,0.0,1.0,0.8571428571428571,1.1428571428571428,1.0
11,2026-02-04,2,2,0,1,0.0,1.0,0.7142857142857143,1.0714285714285714,0.9705882352941176
11,2026-02-05,3,2,0,0,1.0,0.0,0.7142857142857143,1.0,0.9714285714285714
11,2026-02-06,4,2,0,1,0.0,1.0,0.7142857142857143,0.9285714285714286,0.9444444444444444
11,2026-02-07,5,2,1,1,1.0,1.0,0.7142857142857143,0.9285714285714286,0.9459459459459459
11,2026-02-08,6,2,1,2,1.0,2.0,0.7142857142857143,0.8571428571428571,0.9473684210526315
11,2026-02-09,0,2,0,1,2.0,0.0,0.7142857142857143,0.8571428571428571,0.9743589743589743
11,2026-02-10,1,2,0,1,1.0,0.0,0.8571428571428571,0.8571428571428571,0.975
11,2026-02-11,2,2,0,1,1.0,1.0,1.0,0.8571428571428571,0.975609756097561
11,2026-02-12,3,2,0,1,1.0,0.0,1.0,0.8571428571428571,0.9761904761904762
11,2026-02-13,4,2,0,1,1.0,1.0,1.1428571428571428,0.9285714285714286,0.9767441860465116
11,2026-02-14,5,2,1,3,1.0,1.0,1.1428571428571428,0.9285714285714286,0.9772727272727273
11,2026-02-15,6,2,1,2,3.0,2.0,1.4285714285714286,1.0714285714285714,1.0222222222222221
11,2026-02-16,0,2,0,1,2.0,1.0,1.4285714285714286,1.0714285714285714,1.0434782608695652
11,2026-02-17,1,2,0,2,1.0,1.0,1.4285714285714286,1.1428571428571428,1.0425531914893618
11,2026-02-18,2,2,0,1,2.0,1.0,1.5714285714285714,1.2857142857142858,1.0625
11,2026-02-19,3,2,0,0,1.0,1.0,1.5714285714285714,1.2857142857142858,1.0612244897959184
11,2026-02-20,4,2,0,2,0.0,1.0,1.4285714285714286,1.2857142857142858,1.04
11,2026-02-21,5,2,1,0,2.0,3.0,1.5714285714285714,1.3571428571428572,1.0588235294117647
11,2026-02-22,6,2,1,2,0.0,2.0,1.1428571428571428,1.2857142857142858,1.0384615384615385
11,2026-02-23,0,2,0,1,2.0,1.0,1.1428571428571428,1.2857142857142858,1.0566037735849056
11,2026-02-24,1,2,0,1,1.0,2.0,1.1428571428571428,1.2857142857142858,1.0555555555555556
11,2026-02-25,2,2,0,1,1.0,1.0,1.0,1.2857142857142858,1.0545454545454545
11,2026-02-26,3,2,0,1,1.0,0.0,1.0,1.2857142857142858,1.0535714285714286
11,2026-02-27,4,2,0,1,1.0,2.0,1.1428571428571428,1.2857142857142858,1.0526315789473684
11,2026-02-28,5,2,1,2,1.0,0.0,1.0,1.2857142857142858,1.0517241379310345
11,2026-03-01,6,3,1,2,2.0,2.0,1.2857142857142858,1.2142857142857142,1.0677966101694916
11,2026-03-02,0,3,0,1,2.0,1.0,1.2857142857142858,1.2142857142857142,1.0833333333333333
11,2026-03-03,1,3,0,1,1.0,1.0,1.2857142857142858,1.2142857142857142,1.0819672131147542
11,2026-03-04,2,3,0,1,1.0,1.0,1.2857142857142858,1.1428571428571428,1.0806451612903225
11,2026-03-05,3,3,0,0,1.0,1.0,1.2857142857142858,1.1428571428571428,1.0793650793650793
11,2026-03-06,4,3,0,1,0.0,1.0,1.1428571428571428,1.1428571428571428,1.0625
11,2026-03-07,5,3,1,1,1.0,2.0,1.1428571428571428,1.0714285714285714,1.0615384615384615
11,2026-03-08,6,3,1,1,1.0,2.0,1.0,1.1428571428571428,1.0606060606060606
11,2026-03-09,0,3,0,2,1.0,1.0,0.8571428571428571,1.0714285714285714,1.0597014925373134
11,2026-03-10,1,3,0,2,2.0,1.0,1.0,1.1428571428571428,1.0735294117647058
11,2026-03-11,2,3,0,2,2.0,1.0,1.1428571428571428,1.2142857142857142,1.0869565217391304
11,2026-03-12,3,3,0,2,2.0,0.0,1.2857142857142858,1.2857142857142858,1.1
11,2026-03-13,4,3,0,1,2.0,1.0,1.5714285714285714,1.3571428571428572,1.1126760563380282
11,2026-03-14,5,3,1,1,1.0,1.0,1.5714285714285714,1.3571428571428572,1.1111111111111112
11,2026-03-15,6,3,1,1,1.0,1.0,1.5714285714285714,1.2857142857142858,1.1095890410958904
11,2026-03-16,0,3,0,1,1.0,2.0,1.5714285714285714,1.2142857142857142,1.1081081081081081
11,2026-03-17,1,3,0,1,1.0,2.0,1.4285714285714286,1.2142857142857142,1.1066666666666667
11,2026-03-18,2,3,0,0,1.0,2.0,1.2857142857142858,1.2142857142857142,1.105263157894737
11,2026-03-19,3,3,0,1,0.0,2.0,1.0,1.1428571428571428,1.0909090909090908
11,2026-03-20,4,3,0,1,1.0,1.0,0.8571428571428571,1.2142857142857142,1.0897435897435896
11,2026-03-21,5,3,1,1,1.0,1.0,0.8571428571428571,1.2142857142857142,1.0886075949367089
11,2026-03-22,6,3,1,2,1.0,1.0,0.8571428571428571,1.2142857142857142,1.0875
11,2026-03-23,0,3,0,1,2.0,1.0,1.0,1.2857142857142858,1.0987654320987654
11,2026-03-24,1,3,0,0,1.0,1.0,1.0,1.2142857142857142,1.0975609756097562
11,2026-03-25,2,3,0,1,0.0,0.0,0.8571428571428571,1.0714285714285714,1.0843373493975903
11,2026-03-26,3,3,0,1,1.0,1.0,1.0,1.0,1.0833333333333333
11,2026-03-27,4,3,0,1,1.0,1.0,1.0,0.9285714285714286,1.0823529411764705
11,2026-03-28,5,3,1,2,1.0,1.0,1.0,0.9285714285714286,1.0813953488372092
11,2026-03-29,6,3,1,1,2.0,2.0,1.1428571428571428,1.0,1.0919540229885059
11,2026-03-30,0,3,0,1,1.0,1.0,1.0,1.0,1.0909090909090908
11,2026-03-31,1,3,0,2,1.0,0.0,1.0,1.0,1.0898876404494382
11,2026-04-01,2,4,0,2,2.0,1.0,1.2857142857142858,1.0714285714285714,1.1
11,2026-04-02,3,4,0,1,2.0,1.0,1.4285714285714286,1.2142857142857142,1.10989010989011
11,2026-04-03,4,4,0,1,1.0,1.0,1.4285714285714286,1.2142857142857142,1.108695652173913
11,2026-04-04,5,4,1,2,1.0,2.0,1.4285714285714286,1.2142857142857142,1.10752688172043
11,2026-04-05,6,4,1,1,2.0,1.0,1.4285714285714286,1.2857142857142858,1.1170212765957446
11,2026-04-06,0,4,0,0,1.0,1.0,1.4285714285714286,1.2142857142857142,1.1157894736842104
11,2026-04-07,1,4,0,2,0.0,2.0,1.2857142857142858,1.1428571428571428,1.1041666666666667
11,2026-04-08,2,4,0,1,2.0,2.0,1.2857142857142858,1.2857142857142858,1.1134020618556701
11,2026-04-09,3,4,0,1,1.0,1.0,1.1428571428571428,1.2857142857142858,1.1122448979591837
11,2026-04-10,4,4,0,2,1.0,1.0,1.1428571428571428,1.2857142857142858,1.1111111111111112
11,2026-04-11,5,4,1,1,2.0,2.0,1.2857142857142858,1.3571428571428572,1.12
11,2026-04-12,6,4,1,2,1.0,1.0,1.1428571428571428,1.2857142857142858,1.118811881188119
11,2026-04-13,0,4,0,2,2.0,0.0,1.2857142857142858,1.3571428571428572,1.1274509803921569
11,2026-04-14,1,4,0,2,2.0,2.0,1.5714285714285714,1.4285714285714286,1.1359223300970873
11,2026-04-15,2,4,0,2,2.0,1.0,1.5714285714285714,1.4285714285714286,1.1442307692307692
11,2026-04-16,3,4,0,2,2.0,1.0,1.7142857142857142,1.4285714285714286,1.1523809523809523
11,2026-04-17,4,4,0,1,2.0,2.0,1.8571428571428572,1.5,1.1603773584905661
11,2026-04-18,5,4,1,2,1.0,1.0,1.7142857142857142,1.5,1.158878504672897
11,2026-04-19,6,4,1,2,2.0,2.0,1.8571428571428572,1.5,1.1666666666666667
11,2026-04-20,0,4,0,2,2.0,2.0,1.8571428571428572,1.5714285714285714,1.1743119266055047
11,2026-04-21,1,4,0,1,2.0,2.0,1.8571428571428572,1.7142857142857142,1.1818181818181819
11,2026-04-22,2,4,0,1,1.0,2.0,1.7142857142857142,1.6428571428571428,1.1801801801801801
11,2026-04-23,3,4,0,1,1.0,2.0,1.5714285714285714,1.6428571428571428,1.1785714285714286
11,2026-04-24,4,4,0,1,1.0,1.0,1.4285714285714286,1.6428571428571428,1.176991150442478
11,2026-04-25,5,4,1,1,1.0,2.0,1.4285714285714286,1.5714285714285714,1.1754385964912282
11,2026-04-26,6,4,1,2,1.0,2.0,1.2857142857142858,1.5714285714285714,1.173913043478261
11,2026-04-27,0,4,0,2,2.0,2.0,1.2857142857142858,1.5714285714285714,1.1810344827586208
11,2026-04-28,1,4,0,1,2.0,1.0,1.2857142857142858,1.5714285714285714,1.188034188034188
11,2026-04-29,2,4,0,2,1.0,1.0,1.2857142857142858,1.5,1.1864406779661016
11,2026-04-30,3,4,0,1,2.0,1.0,1.4285714285714286,1.5,1.1932773109243697
12,2026-01-15,3,1,0,0,1.0,0.0,0.7142857142857143,0.8571428571428571,0.8571428571428571
12,2026-01-16,4,1,0,0,0.0,0.0,0.7142857142857143,0.8571428571428571,0.8
12,2026-01-17,5,1,1,1,0.0,0.0,0.7142857142857143,0.8571428571428571,0.75
12,2026-01-18,6,1,1,0,1.0,4.0,0.8571428571428571,0.7857142857142857,0.7647058823529411
12,2026-01-19,0,1,0,3,0.0,0.0,0.2857142857142857,0.5714285714285714,0.7222222222222222
12,2026-01-20,1,1,0,3,3.0,0.0,0.7142857142857143,0.6428571428571429,0.8421052631578947
12,2026-01-21,2,1,0,0,3.0,1.0,1.1428571428571428,0.8571428571428571,0.95
12,2026-01-22,3,1,0,0,0.0,0.0,1.0,0.8571428571428571,0.9047619047619048
12,2026-01-23,4,1,0,1,0.0,0.0,1.0,0.8571428571428571,0.8636363636363636
12,2026-01-24,5,1,1,3,1.0,1.0,1.1428571428571428,0.9285714285714286,0.8695652173913043
12,2026-01-25,6,1,1,0,3.0,0.0,1.4285714285714286,1.1428571428571428,0.9583333333333334
12,2026-01-26,0,1,0,0,0.0,3.0,1.4285714285714286,0.8571428571428571,0.92
12,2026-01-27,1,1,0,0,0.0,3.0,1.0,0.8571428571428571,0.8846153846153846
12,2026-01-28,2,1,0,0,0.0,0.0,0.5714285714285714,0.8571428571428571,0.8518518518518519
12,2026-01-29,3,1,0,0,0.0,0.0,0.5714285714285714,0.7857142857142857,0.8214285714285714
12,2026-01-30,4,1,0,3,0.0,1.0,0.5714285714285714,0.7857142857142857,0.7931034482758621
12,2026-01-31,5,1,1,0,3.0,3.0,0.8571428571428571,1.0,0.8666666666666667
12,2026-02-01,6,2,1,4,0.0,0.0,0.42857142857142855,0.9285714285714286,0.8387096774193549
12,2026-02-02,0,2,0,0,4.0,0.0,1.0,1.2142857142857142,0.9375
12,2026-02-03,1,2,0,0,0.0,0.0,1.0,1.0,0.9090909090909091
12,2026-02-04,2,2,0,3,0.0,0.0,1.0,0.7857142857142857,0.8823529411764706
12,2026-02-05,3,2,0,0,3.0,0.0,1.4285714285714286,1.0,0.9428571428571428
12,2026-02-06,4,2,0,0,0.0,3.0,1.4285714285714286,1.0,0.9166666666666666
12,2026-02-07,5,2,1,0,0.0,0.0,1.0,0.9285714285714286,0.8918918918918919
12,2026-02-08,6,2,1,0,0.0,4.0,1.0,0.7142857142857143,0.868421052631579
12,2026-02-09,0,2,0,0,0.0,0.0,0.42857142857142855,0.7142857142857143,0.8461538461538461
12,2026-02-10,1,2,0,2,0.0,0.0,0.42857142857142855,0.7142857142857143,0.825
12,2026-02-11,2,2,0,0,2.0,3.0,0.7142857142857143,0.8571428571428571,0.8536585365853658
12,2026-02-12,3,2,0,0,0.0,0.0,0.2857142857142857,0.8571428571428571,0.8333333333333334
12,2026-02-13,4,2,0,0,0.0,0.0,0.2857142857142857,0.8571428571428571,0.813953488372093
12,2026-02-14,5,2,1,0,0.0,0.0,0.2857142857142857,0.6428571428571429,0.7954545454545454
12,2026-02-15,6,2,1,0,0.0,0.0,0.2857142857142857,0.6428571428571429,0.7777777777777778
12,2026-02-16,0,2,0,2,0.0,0.0,0.2857142857142857,0.35714285714285715,0.7608695652173914
12,2026-02-17,1,2,0,0,2.0,2.0,0.5714285714285714,0.5,0.7872340425531915
12,2026-02-18,2,2,0,0,0.0,0.0,0.2857142857142857,0.5,0.7708333333333334
12,2026-02-19,3,2,0,0,0.0,0.0,0.2857142857142857,0.2857142857142857,0.7551020408163265
12,2026-02-20,4,2,0,0,0.0,0.0,0.2857142857142857,0.2857142857142857,0.74
12,2026-02-21,5,2,1,0,0.0,0.0,0.2857142857142857,0.2857142857142857,0.7254901960784313
12,2026-02-22,6,2,1,0,0.0,0.0,0.2857142857142857,0.2857142857142857,0.7115384615384616
12,2026-02-23,0,2,0,3,0.0,2.0,0.2857142857142857,0.2857142857142857,0.6981132075471698
12,2026-02-24,1,2,0,0,3.0,0.0,0.42857142857142855,0.5,0.7407407407407407
12,2026-02-25,2,2,0,1,0.0,0.0,0.42857142857142855,0.35714285714285715,0.7272727272727273
12,2026-02-26,3,2,0,0,1.0,0.0,0.5714285714285714,0.42857142857142855,0.7321428571428571
12,2026-02-27,4,2,0,0,0.0,0.0,0.5714285714285714,0.42857142857142855,0.7192982456140351
12,2026-02-28,5,2,1,2,0.0,0.0,0.5714285714285714,0.42857142857142855,0.7068965517241379
12,2026-03-01,6,3,1,0,2.0,0.0,0.8571428571428571,0.5714285714285714,0.7288135593220338
12,2026-03-02,0,3,0,0,0.0,3.0,0.8571428571428571,0.5714285714285714,0.7166666666666667
12,2026-03-03,1,3,0,0,0.0,0.0,0.42857142857142855,0.42857142857142855,0.7049180327868853
12,2026-03-04,2,3,0,3,0.0,1.0,0.42857142857142855,0.42857142857142855,0.6935483870967742
12,2026-03-05,3,3,0,0,3.0,0.0,0.7142857142857143,0.6428571428571429,0.7301587301587301
12,2026-03-06,4,3,0,0,0.0,0.0,0.7142857142857143,0.6428571428571429,0.71875
12,2026-03-07,5,3,1,0,0.0,2.0,0.7142857142857143,0.6428571428571429,0.7076923076923077
12,2026-03-08,6,3,1,4,0.0,0.0,0.42857142857142855,0.6428571428571429,0.696969696969697
12,2026-03-09,0,3,0,0,4.0,0.0,1.0,0.9285714285714286,0.746268656716418
12,2026-03-10,1,3,0,0,0.0,0.0,1.0,0.7142857142857143,0.7352941176470589
12,2026-03-11,2,3,0,0,0.0,3.0,1.0,0.7142857142857143,0.7246376811594203
12,2026-03-12,3,3,0,0,0.0,0.0,0.5714285714285714,0.6428571428571429,0.7142857142857143
12,2026-03-13,4,3,0,0,0.0,0.0,0.5714285714285714,0.6428571428571429,0.704225352112676
12,2026-03-14,5,3,1,2,0.0,0.0,0.5714285714285714,0.6428571428571429,0.6944444444444444
12,2026-03-15,6,3,1,0,2.0,4.0,0.8571428571428571,0.6428571428571429,0.7123287671232876
12,2026-03-16,0,3,0,0,0.0,0.0,0.2857142857142857,0.6428571428571429,0.7027027027027027
12,2026-03-17,1,3,0,0,0.0,0.0,0.2857142857142857,0.6428571428571429,0.6933333333333334
12,2026-03-18,2,3,0,0,0.0,0.0,0.2857142857142857,0.6428571428571429,0.6842105263157895
12,2026-03-19,3,3,0,0,0.0,0.0,0.2857142857142857,0.42857142857142855,0.6753246753246753
12,2026-03-20,4,3,0,0,0.0,0.0,0.2857142857142857,0.42857142857142855,0.6666666666666666
12,2026-03-21,5,3,1,0,0.0,2.0,0.2857142857142857,0.42857142857142855,0.6582278481012658
12,2026-03-22,6,3,1,2,0.0,0.0,0.0,0.42857142857142855,0.65
12,2026-03-23,0,3,0,0,2.0,0.0,0.2857142857142857,0.2857142857142857,0.6666666666666666
12,2026-03-24,1,3,0,0,0.0,0.0,0.2857142857142857,0.2857142857142857,0.6585365853658537
12,2026-03-25,2,3,0,1,0.0,0.0,0.2857142857142857,0.2857142857142857,0.6506024096385542
12,2026-03-26,3,3,0,0,1.0,0.0,0.42857142857142855,0.35714285714285715,0.6547619047619048
12,2026-03-27,4,3,0,1,0.0,0.0,0.42857142857142855,0.35714285714285715,0.6470588235294118
12,2026-03-28,5,3,1,0,1.0,0.0,0.5714285714285714,0.42857142857142855,0.6511627906976745
12,2026-03-29,6,3,1,0,0.0,2.0,0.5714285714285714,0.2857142857142857,0.6436781609195402
12,2026-03-30,0,3,0,0,0.0,0.0,0.2857142857142857,0.2857142857142857,0.6363636363636364
12,2026-03-31,1,3,0,0,0.0,0.0,0.2857142857142857,0.2857142857142857,0.6292134831460674
12,2026-04-01,2,4,0,0,0.0,1.0,0.2857142857142857,0.2857142857142857,0.6222222222222222
12,2026-04-02,3,4,0,0,0.0,0.0,0.14285714285714285,0.2857142857142857,0.6153846153846154
12,2026-04-03,4,4,0,1,0.0,1.0,0.14285714285714285,0.2857142857142857,0.6086956521739131
12,2026-04-04,5,4,1,0,1.0,0.0,0.14285714285714285,0.35714285714285715,0.6129032258064516
12,2026-04-05,6,4,1,0,0.0,0.0,0.14285714285714285,0.35714285714285715,0.6063829787234043
12,2026-04-06,0,4,0,0,0.0,0.0,0.14285714285714285,0.21428571428571427,0.6
12,2026-04-07,1,4,0,0,0.0,0.0,0.14285714285714285,0.21428571428571427,0.59375
12,2026-04-08,2,4,0,0,0.0,0.0,0.14285714285714285,0.21428571428571427,0.5876288659793815
12,2026-04-09,3,4,0,0,0.0,0.0,0.14285714285714285,0.14285714285714285,0.5816326530612245
12,2026-04-10,4,4,0,0,0.0,1.0,0.14285714285714285,0.14285714285714285,0.5757575757575758
12,2026-04-11,5,4,1,4,0.0,0.0,0.0,0.07142857142857142,0.57
12,2026-04-12,6,4,1,4,4.0,0.0,0.5714285714285714,0.35714285714285715,0.6039603960396039
12,2026-04-13,0,4,0,0,4.0,0.0,1.1428571428571428,0.6428571428571429,0.6372549019607843
12,2026-04-14,1,4,0,0,0.0,0.0,1.1428571428571428,0.6428571428571429,0.6310679611650486
12,2026-04-15,2,4,0,2,0.0,0.0,1.1428571428571428,0.6428571428571429,0.625
12,2026-04-16,3,4,0,0,2.0,0.0,1.4285714285714286,0.7857142857142857,0.638095238095238
12,2026-04-17,4,4,0,0,0.0,0.0,1.4285714285714286,0.7857142857142857,0.6320754716981132
12,2026-04-18,5,4,1,1,0.0,4.0,1.4285714285714286,0.7142857142857143,0.6261682242990654
12,2026-04-19,6,4,1,0,1.0,4.0,1.0,0.7857142857142857,0.6296296296296297
12,2026-04-20,0,4,0,0,0.0,0.0,0.42857142857142855,0.7857142857142857,0.6238532110091743
12,2026-04-21,1,4,0,0,0.0,0.0,0.42857142857142855,0.7857142857142857,0.6181818181818182
12,2026-04-22,2,4,0,0,0.0,2.0,0.42857142857142855,0.7857142857142857,0.6126126126126126
12,2026-04-23,3,4,0,0,0.0,0.0,0.14285714285714285,0.7857142857142857,0.6071428571428571
12,2026-04-24,4,4,0,0,0.0,0.0,0.14285714285714285,0.7857142857142857,0.6017699115044248
12,2026-04-25,5,4,1,0,0.0,1.0,0.14285714285714285,0.7857142857142857,0.5964912280701754
12,2026-04-26,6,4,1,0,0.0,0.0,0.0,0.5,0.591304347826087
12,2026-04-27,0,4,0,0,0.0,0.0,0.0,0.21428571428571427,0.5862068965517241
12,2026-04-28,1,4,0,4,0.0,0.0,0.0,0.21428571428571427,0.5811965811965812
12,2026-04-29,2,4,0,2,4.0,0.0,0.5714285714285714,0.5,0.6101694915254238
12,2026-04-30,3,4,0,0,2.0,0.0,0.8571428571428571,0.5,0.6218487394957983
13,2026-01-15,3,1,0,11,9.0,11.0,11.142857142857142,12.0,12.0
13,2026-01-16,4,1,0,10,11.0,12.0,11.142857142857142,11.857142857142858,11.933333333333334
13,2026-01-17,5,1,1,15,10.0,15.0,10.857142857142858,11.928571428571429,11.8125
13,2026-01-18,6,1,1,17,15.0,10.0,10.857142857142858,12.214285714285714,12.0
13,2026-01-19,0,1,0,14,17.0,13.0,11.857142857142858,12.285714285714286,12.277777777777779
13,2026-01-20,1,1,0,15,14.0,8.0,12.0,12.357142857142858,12.368421052631579
13,2026-01-21,2,1,0,11,15.0,9.0,13.0,12.5,12.5
13,2026-01-22,3,1,0,13,11.0,11.0,13.285714285714286,12.214285714285714,12.428571428571429
13,2026-01-23,4,1,0,7,13.0,10.0,13.571428571428571,12.357142857142858,12.454545454545455
13,2026-01-24,5,1,1,15,7.0,15.0,13.142857142857142,12.0,12.217391304347826
13,2026-01-25,6,1,1,15,15.0,17.0,13.142857142857142,12.0,12.333333333333334
13,2026-01-26,0,1,0,10,15.0,14.0,12.857142857142858,12.357142857142858,12.44
13,2026-01-27,1,1,0,13,10.0,15.0,12.285714285714286,12.142857142857142,12.346153846153847
13,2026-01-28,2,1,0,12,13.0,11.0,12.0,12.5,12.37037037037037
13,2026-01-29,3,1,0,11,12.0,13.0,12.142857142857142,12.714285714285714,12.357142857142858
13,2026-01-30,4,1,0,11,11.0,7.0,11.857142857142858,12.714285714285714,12.310344827586206
13,2026-01-31,5,1,1,13,11.0,15.0,12.428571428571429,12.785714285714286,12.266666666666667
13,2026-02-01,6,2,1,10,13.0,15.0,12.142857142857142,12.642857142857142,12.290322580645162
13,2026-02-02,0,2,0,8,10.0,10.0,11.428571428571429,12.142857142857142,12.21875
13,2026-02-03,1,2,0,13,8.0,13.0,11.142857142857142,11.714285714285714,12.090909090909092
13,2026-02-04,2,2,0,11,13.0,12.0,11.142857142857142,11.571428571428571,12.117647058823529
13,2026-02-05,3,2,0,16,11.0,11.0,11.0,11.571428571428571,12.085714285714285
13,2026-02-06,4,2,0,13,16.0,11.0,11.714285714285714,11.785714285714286,12.194444444444445
13,2026-02-07,5,2,1,15,13.0,13.0,12.0,12.214285714285714,12.216216216216216
13,2026-02-08,6,2,1,13,15.0,10.0,12.285714285714286,12.214285714285714,12.289473684210526
13,2026-02-09,0,2,0,11,13.0,8.0,12.714285714285714,12.071428571428571,12.307692307692308
13,2026-02-10,1,2,0,15,11.0,13.0,13.142857142857142,12.142857142857142,12.275
13,2026-02-11,2,2,0,14,15.0,11.0,13.428571428571429,12.285714285714286,12.341463414634147
13,2026-02-12,3,2,0,10,14.0,16.0,13.857142857142858,12.428571428571429,12.380952380952381
13,2026-02-13,4,2,0,13,10.0,13.0,13.0,12.357142857142858,12.325581395348838
13,2026-02-14,5,2,1,17,13.0,15.0,13.0,12.5,12.340909090909092
13,2026-02-15,6,2,1,18,17.0,13.0,13.285714285714286,12.785714285714286,12.444444444444445
13,2026-02-16,0,2,0,12,18.0,11.0,14.0,13.357142857142858,12.565217391304348
13,2026-02-17,1,2,0,11,12.0,15.0,14.142857142857142,13.642857142857142,12.553191489361701
13,2026-02-18,2,2,0,18,11.0,14.0,13.571428571428571,13.5,12.520833333333334
13,2026-02-19,3,2,0,13,18.0,10.0,14.142857142857142,14.0,12.63265306122449
13,2026-02-20,4,2,0,15,13.0,13.0,14.571428571428571,13.785714285714286,12.64
13,2026-02-21,5,2,1,11,15.0,17.0,14.857142857142858,13.928571428571429,12.686274509803921
13,2026-02-22,6,2,1,10,11.0,18.0,14.0,13.642857142857142,12.653846153846153
13,2026-02-23,0,2,0,15,10.0,12.0,12.857142857142858,13.428571428571429,12.60377358490566
13,2026-02-24,1,2,0,15,15.0,11.0,13.285714285714286,13.714285714285714,12.648148148148149
13,2026-02-25,2,2,0,17,15.0,18.0,13.857142857142858,13.714285714285714,12.690909090909091
13,2026-02-26,3,2,0,13,17.0,13.0,13.714285714285714,13.928571428571429,12.767857142857142
13,2026-02-27,4,2,0,14,13.0,15.0,13.714285714285714,14.142857142857142,12.771929824561404
13,2026-02-28,5,2,1,18,14.0,11.0,13.571428571428571,14.214285714285714,12.793103448275861
13,2026-03-01,6,3,1,14,18.0,10.0,14.571428571428571,14.285714285714286,12.88135593220339
13,2026-03-02,0,3,0,12,14.0,15.0,15.142857142857142,14.0,12.9
13,2026-03-03,1,3,0,11,12.0,15.0,14.714285714285714,14.0,12.885245901639344
13,2026-03-04,2,3,0,12,11.0,17.0,14.142857142857142,14.0,12.85483870967742
13,2026-03-05,3,3,0,14,12.0,13.0,13.428571428571429,13.571428571428571,12.841269841269842
13,2026-03-06,4,3,0,14,14.0,14.0,13.571428571428571,13.642857142857142,12.859375
13,2026-03-07,5,3,1,18,14.0,18.0,13.571428571428571,13.571428571428571,12.876923076923077
13,2026-03-08,6,3,1,10,18.0,14.0,13.571428571428571,14.071428571428571,12.954545454545455
13,2026-03-09,0,3,0,15,10.0,12.0,13.0,14.071428571428571,12.91044776119403
13,2026-03-10,1,3,0,13,15.0,11.0,13.428571428571429,14.071428571428571,12.941176470588236
13,2026-03-11,2,3,0,14,13.0,12.0,13.714285714285714,13.928571428571429,12.942028985507246
13,2026-03-12,3,3,0,15,14.0,14.0,14.0,13.714285714285714,12.957142857142857
13,2026-03-13,4,3,0,15,15.0,14.0,14.142857142857142,13.857142857142858,12.985915492957746
13,2026-03-14,5,3,1,14,15.0,18.0,14.285714285714286,13.928571428571429,13.01388888888889
13,2026-03-15,6,3,1,16,14.0,10.0,13.714285714285714,13.642857142857142,13.027397260273972
13,2026-03-16,0,3,0,15,16.0,15.0,14.571428571428571,13.785714285714286,13.067567567567568
13,2026-03-17,1,3,0,11,15.0,13.0,14.571428571428571,14.0,13.093333333333334
13,2026-03-18,2,3,0,11,11.0,14.0,14.285714285714286,14.0,13.06578947368421
13,2026-03-19,3,3,0,12,11.0,15.0,13.857142857142858,13.928571428571429,13.03896103896104
13,2026-03-20,4,3,0,15,12.0,15.0,13.428571428571429,13.785714285714286,13.025641025641026
13,2026-03-21,5,3,1,15,15.0,14.0,13.428571428571429,13.857142857142858,13.050632911392405
13,2026-03-22,6,3,1,18,15.0,16.0,13.571428571428571,13.642857142857142,13.075
13,2026-03-23,0,3,0,13,18.0,15.0,13.857142857142858,14.214285714285714,13.135802469135802
13,2026-03-24,1,3,0,15,13.0,11.0,13.571428571428571,14.071428571428571,13.134146341463415
13,2026-03-25,2,3,0,16,15.0,11.0,14.142857142857142,14.214285714285714,13.156626506024097
13,2026-03-26,3,3,0,10,16.0,12.0,14.857142857142858,14.357142857142858,13.19047619047619
13,2026-03-27,4,3,0,13,10.0,15.0,14.571428571428571,14.0,13.152941176470588
13,2026-03-28,5,3,1,15,13.0,15.0,14.285714285714286,13.857142857142858,13.151162790697674
13,2026-03-29,6,3,1,16,15.0,18.0,14.285714285714286,13.928571428571429,13.172413793103448
13,2026-03-30,0,3,0,10,16.0,13.0,14.0,13.928571428571429,13.204545454545455
13,2026-03-31,1,3,0,13,10.0,15.0,13.571428571428571,13.571428571428571,13.168539325842696
13,2026-04-01,2,4,0,7,13.0,16.0,13.285714285714286,13.714285714285714,13.166666666666666
13,2026-04-02,3,4,0,12,7.0,10.0,12.0,13.428571428571429,13.098901098901099
13,2026-04-03,4,4,0,13,12.0,13.0,12.285714285714286,13.428571428571429,13.08695652173913
13,2026-04-04,5,4,1,15,13.0,15.0,12.285714285714286,13.285714285714286,13.086021505376344
13,2026-04-05,6,4,1,17,15.0,16.0,12.285714285714286,13.285714285714286,13.106382978723405
13,2026-04-06,0,4,0,14,17.0,10.0,12.428571428571429,13.214285714285714,13.147368421052631
13,2026-04-07,1,4,0,15,14.0,13.0,13.0,13.285714285714286,13.15625
13,2026-04-08,2,4,0,15,15.0,7.0,13.285714285714286,13.285714285714286,13.175257731958762
13,2026-04-09,3,4,0,11,15.0,12.0,14.428571428571429,13.214285714285714,13.193877551020408
13,2026-04-10,4,4,0,14,11.0,13.0,14.285714285714286,13.285714285714286,13.171717171717171
13,2026-04-11,5,4,1,19,14.0,15.0,14.428571428571429,13.357142857142858,13.18
13,2026-04-12,6,4,1,18,19.0,17.0,15.0,13.642857142857142,13.237623762376238
13,2026-04-13,0,4,0,13,18.0,14.0,15.142857142857142,13.785714285714286,13.284313725490197
13,2026-04-14,1,4,0,16,13.0,15.0,15.0,14.0,13.281553398058252
13,2026-04-15,2,4,0,14,16.0,15.0,15.142857142857142,14.214285714285714,13.307692307692308
13,2026-04-16,3,4,0,15,14.0,11.0,15.0,14.714285714285714,13.314285714285715
13,2026-04-17,4,4,0,16,15.0,14.0,15.571428571428571,14.928571428571429,13.330188679245284
13,2026-04-18,5,4,1,15,16.0,19.0,15.857142857142858,15.142857142857142,13.355140186915888
13,2026-04-19,6,4,1,12,15.0,18.0,15.285714285714286,15.142857142857142,13.37037037037037
13,2026-04-20,0,4,0,11,12.0,13.0,14.428571428571429,14.785714285714286,13.357798165137615
13,2026-04-21,1,4,0,13,11.0,16.0,14.142857142857142,14.571428571428571,13.336363636363636
13,2026-04-22,2,4,0,11,13.0,14.0,13.714285714285714,14.428571428571429,13.333333333333334
13,2026-04-23,3,4,0,16,11.0,15.0,13.285714285714286,14.142857142857142,13.3125
13,2026-04-24,4,4,0,12,16.0,16.0,13.428571428571429,14.5,13.336283185840708
13,2026-04-25,5,4,1,17,12.0,15.0,12.857142857142858,14.357142857142858,13.324561403508772
13,2026-04-26,6,4,1,19,17.0,12.0,13.142857142857142,14.214285714285714,13.356521739130434
13,2026-04-27,0,4,0,12,19.0,11.0,14.142857142857142,14.285714285714286,13.405172413793103
13,2026-04-28,1,4,0,13,12.0,13.0,14.285714285714286,14.214285714285714,13.393162393162394
13,2026-04-29,2,4,0,16,13.0,11.0,14.285714285714286,14.0,13.389830508474576
13,2026-04-30,3,4,0,14,16.0,16.0,15.0,14.142857142857142,13.411764705882353
14,2026-01-15,3,1,0,7,6.0,7.0,6.428571428571429,6.0,6.0
14,2026-01-16,4,1,0,5,7.0,6.0,6.428571428571429,6.142857142857143,6.066666666666666
14,2026-01-17,5,1,1,6,5.0,8.0,6.285714285714286,6.071428571428571,6.0
14,2026-01-18,6,1,1,5,6.0,7.0,6.0,6.0,6.0
14,2026-01-19,0,1,0,7,5.0,7.0,5.714285714285714,5.928571428571429,5.944444444444445
14,2026-01-20,1,1,0,7,7.0,4.0,5.714285714285714,6.0,6.0
14,2026-01-21,2,1,0,5,7.0,6.0,6.142857142857143,6.142857142857143,6.05
14,2026-01-22,3,1,0,5,5.0,7.0,6.0,6.214285714285714,6.0
14,2026-01-23,4,1,0,8,5.0,5.0,5.714285714285714,6.071428571428571,5.954545454545454
14,2026-01-24,5,1,1,6,8.0,6.0,6.142857142857143,6.214285714285714,6.043478260869565
14,2026-01-25,6,1,1,7,6.0,5.0,6.142857142857143,6.071428571428571,6.041666666666667
14,2026-01-26,0,1,0,7,7.0,7.0,6.428571428571429,6.071428571428571,6.08
14,2026-01-27,1,1,0,7,7.0,7.0,6.428571428571429,6.071428571428571,6.115384615384615
14,2026-01-28,2,1,0,5,7.0,5.0,6.428571428571429,6.285714285714286,6.148148148148148
14,2026-01-29,3,1,0,6,5.0,5.0,6.428571428571429,6.214285714285714,6.107142857142857
14,2026-01-30,4,1,0,8,6.0,8.0,6.571428571428571,6.142857142857143,6.103448275862069
14,2026-01-31,5,1,1,7,8.0,6.0,6.571428571428571,6.357142857142857,6.166666666666667
14,2026-02-01,6,2,1,8,7.0,7.0,6.714285714285714,6.428571428571429,6.193548387096774
14,2026-02-02,0,2,0,7,8.0,7.0,6.857142857142857,6.642857142857143,6.25
14,2026-02-03,1,2,0,8,7.0,7.0,6.857142857142857,6.642857142857143,6.2727272727272725
14,2026-02-04,2,2,0,7,8.0,5.0,7.0,6.714285714285714,6.323529411764706
14,2026-02-05,3,2,0,5,7.0,6.0,7.285714285714286,6.857142857142857,6.3428571428571425
14,2026-02-06,4,2,0,4,5.0,8.0,7.142857142857143,6.857142857142857,6.305555555555555
14,2026-02-07,5,2,1,7,4.0,7.0,6.571428571428571,6.571428571428571,6.243243243243243
14,2026-02-08,6,2,1,9,7.0,8.0,6.571428571428571,6.642857142857143,6.2631578947368425
14,2026-02-09,0,2,0,7,9.0,7.0,6.714285714285714,6.785714285714286,6.333333333333333
14,2026-02-10,1,2,0,8,7.0,8.0,6.714285714285714,6.785714285714286,6.35
14,2026-02-11,2,2,0,6,8.0,7.0,6.714285714285714,6.857142857142857,6.390243902439025
14,2026-02-12,3,2,0,7,6.0,5.0,6.571428571428571,6.928571428571429,6.380952380952381
14,2026-02-13,4,2,0,8,7.0,4.0,6.857142857142857,7.0,6.395348837209302
14,2026-02-14,5,2,1,9,8.0,7.0,7.428571428571429,7.0,6.431818181818182
14,2026-02-15,6,2,1,10,9.0,9.0,7.714285714285714,7.142857142857143,6.488888888888889
14,2026-02-16,0,2,0,8,10.0,7.0,7.857142857142857,7.285714285714286,6.565217391304348
14,2026-02-17,1,2,0,5,8.0,8.0,8.0,7.357142857142857,6.595744680851064
14,2026-02-18,2,2,0,6,5.0,6.0,7.571428571428571,7.142857142857143,6.5625
14,2026-02-19,3,2,0,7,6.0,7.0,7.571428571428571,7.071428571428571,6.551020408163265
14,2026-02-20,4,2,0,8,7.0,8.0,7.571428571428571,7.214285714285714,6.56
14,2026-02-21,5,2,1,8,8.0,9.0,7.571428571428571,7.5,6.588235294117647
14,2026-02-22,6,2,1,8,8.0,10.0,7.428571428571429,7.571428571428571,6.615384615384615
14,2026-02-23,0,2,0,8,8.0,8.0,7.142857142857143,7.5,6.6415094339622645
14,2026-02-24,1,2,0,6,8.0,5.0,7.142857142857143,7.571428571428571,6.666666666666667
14,2026-02-25,2,2,0,6,6.0,6.0,7.285714285714286,7.428571428571429,6.654545454545454
14,2026-02-26,3,2,0,9,6.0,7.0,7.285714285714286,7.428571428571429,6.642857142857143
14,2026-02-27,4,2,0,4,9.0,8.0,7.571428571428571,7.571428571428571,6.684210526315789
14,2026-02-28,5,2,1,8,4.0,8.0,7.0,7.285714285714286,6.637931034482759
14,2026-03-01,6,3,1,10,8.0,8.0,7.0,7.214285714285714,6.661016949152542
14,2026-03-02,0,3,0,7,10.0,8.0,7.285714285714286,7.214285714285714,6.716666666666667
14,2026-03-03,1,3,0,6,7.0,6.0,7.142857142857143,7.142857142857143,6.721311475409836
14,2026-03-04,2,3,0,6,6.0,6.0,7.142857142857143,7.214285714285714,6.709677419354839
14,2026-03-05,3,3,0,7,6.0,9.0,7.142857142857143,7.214285714285714,6.698412698412699
14,2026-03-06,4,3,0,9,7.0,4.0,6.857142857142857,7.214285714285714,6.703125
14,2026-03-07,5,3,1,10,9.0,8.0,7.571428571428571,7.285714285714286,6.7384615384615385
14,2026-03-08,6,3,1,9,10.0,10.0,7.857142857142857,7.428571428571429,6.787878787878788
14,2026-03-09,0,3,0,7,9.0,7.0,7.714285714285714,7.5,6.82089552238806
14,2026-03-10,1,3,0,8,7.0,6.0,7.714285714285714,7.428571428571429,6.823529411764706
14,2026-03-11,2,3,0,6,8.0,6.0,8.0,7.571428571428571,6.840579710144928
14,2026-03-12,3,3,0,9,6.0,7.0,8.0,7.571428571428571,6.828571428571428
14,2026-03-13,4,3,0,6,9.0,9.0,8.285714285714286,7.571428571428571,6.859154929577465
14,2026-03-14,5,3,1,8,6.0,10.0,7.857142857142857,7.714285714285714,6.847222222222222
14,2026-03-15,6,3,1,8,8.0,9.0,7.571428571428571,7.714285714285714,6.863013698630137
14,2026-03-16,0,3,0,7,8.0,7.0,7.428571428571429,7.571428571428571,6.878378378378378
14,2026-03-17,1,3,0,7,7.0,8.0,7.428571428571429,7.571428571428571,6.88
14,2026-03-18,2,3,0,6,7.0,6.0,7.285714285714286,7.642857142857143,6.881578947368421
14,2026-03-19,3,3,0,6,6.0,9.0,7.285714285714286,7.642857142857143,6.87012987012987
14,2026-03-20,4,3,0,8,6.0,6.0,6.857142857142857,7.571428571428571,6.858974358974359
14,2026-03-21,5,3,1,11,8.0,8.0,7.142857142857143,7.5,6.8734177215189876
14,2026-03-22,6,3,1,7,11.0,8.0,7.571428571428571,7.571428571428571,6.925
14,2026-03-23,0,3,0,6,7.0,7.0,7.428571428571429,7.428571428571429,6.925925925925926
14,2026-03-24,1,3,0,7,6.0,7.0,7.285714285714286,7.357142857142857,6.914634146341464
14,2026-03-25,2,3,0,8,7.0,6.0,7.285714285714286,7.285714285714286,6.9156626506024095
14,2026-03-26,3,3,0,8,8.0,6.0,7.571428571428571,7.428571428571429,6.928571428571429
14,2026-03-27,4,3,0,8,8.0,8.0,7.857142857142857,7.357142857142857,6.9411764705882355
14,2026-03-28,5,3,1,8,8.0,11.0,7.857142857142857,7.5,6.953488372093023
14,2026-03-29,6,3,1,10,8.0,7.0,7.428571428571429,7.5,6.9655172413793105
14,2026-03-30,0,3,0,9,10.0,6.0,7.857142857142857,7.642857142857143,7.0
14,2026-03-31,1,3,0,9,9.0,7.0,8.285714285714286,7.785714285714286,7.022471910112359
14,2026-04-01,2,4,0,8,9.0,8.0,8.571428571428571,7.928571428571429,7.044444444444444
14,2026-04-02,3,4,0,9,8.0,8.0,8.571428571428571,8.071428571428571,7.054945054945055
14,2026-04-03,4,4,0,7,9.0,8.0,8.714285714285714,8.285714285714286,7.076086956521739
14,2026-04-04,5,4,1,8,7.0,8.0,8.571428571428571,8.214285714285714,7.075268817204301
14,2026-04-05,6,4,1,11,8.0,10.0,8.571428571428571,8.0,7.085106382978723
14,2026-04-06,0,4,0,7,11.0,9.0,8.714285714285714,8.285714285714286,7.126315789473685
14,2026-04-07,1,4,0,8,7.0,9.0,8.428571428571429,8.357142857142858,7.125
14,2026-04-08,2,4,0,10,8.0,8.0,8.285714285714286,8.428571428571429,7.134020618556701
14,2026-04-09,3,4,0,10,10.0,9.0,8.571428571428571,8.571428571428571,7.163265306122449
14,2026-04-10,4,4,0,7,10.0,7.0,8.714285714285714,8.714285714285714,7.191919191919192
14,2026-04-11,5,4,1,11,7.0,8.0,8.714285714285714,8.642857142857142,7.19
14,2026-04-12,6,4,1,10,11.0,11.0,9.142857142857142,8.857142857142858,7.227722772277228
14,2026-04-13,0,4,0,8,10.0,7.0,9.0,8.857142857142858,7.254901960784314
14,2026-04-14,1,4,0,7,8.0,8.0,9.142857142857142,8.785714285714286,7.262135922330097
14,2026-04-15,2,4,0,7,7.0,10.0,9.0,8.642857142857142,7.259615384615385
14,2026-04-16,3,4,0,8,7.0,10.0,8.571428571428571,8.571428571428571,7.257142857142857
14,2026-04-17,4,4,0,10,8.0,7.0,8.285714285714286,8.5,7.264150943396227
14,2026-04-18,5,4,1,8,10.0,11.0,8.714285714285714,8.714285714285714,7.289719626168225
14,2026-04-19,6,4,1,9,8.0,10.0,8.285714285714286,8.714285714285714,7.296296296296297
14,2026-04-20,0,4,0,8,9.0,8.0,8.142857142857142,8.571428571428571,7.3119266055045875
14,2026-04-21,1,4,0,7,8.0,7.0,8.142857142857142,8.642857142857142,7.318181818181818
14,2026-04-22,2,4,0,7,7.0,7.0,8.142857142857142,8.571428571428571,7.315315315315315
14,2026-04-23,3,4,0,5,7.0,8.0,8.142857142857142,8.357142857142858,7.3125
14,2026-04-24,4,4,0,7,5.0,10.0,7.714285714285714,8.0,7.292035398230088
14,2026-04-25,5,4,1,8,7.0,8.0,7.285714285714286,8.0,7.2894736842105265
14,2026-04-26,6,4,1,8,8.0,9.0,7.285714285714286,7.785714285714286,7.2956521739130435
14,2026-04-27,0,4,0,9,8.0,8.0,7.142857142857143,7.642857142857143,7.301724137931035
14,2026-04-28,1,4,0,10,9.0,7.0,7.285714285714286,7.714285714285714,7.316239316239316
14,2026-04-29,2,4,0,10,10.0,7.0,7.714285714285714,7.928571428571429,7.338983050847458
14,2026-04-30,3,4,0,8,10.0,5.0,8.142857142857142,8.142857142857142,7.361344537815126
15,2026-01-15,3,1,0,4,6.0,8.0,7.142857142857143,8.0,8.0
15,2026-01-16,4,1,0,7,4.0,5.0,6.571428571428571,7.642857142857143,7.733333333333333
15,2026-01-17,5,1,1,10,7.0,10.0,6.857142857142857,7.642857142857143,7.6875
15,2026-01-18,6,1,1,9,10.0,7.0,6.857142857142857,7.785714285714286,7.823529411764706
15,2026-01-19,0,1,0,6,9.0,7.0,7.142857142857143,7.857142857142857,7.888888888888889
15,2026-01-20,1,1,0,10,6.0,7.0,7.0,7.5,7.7894736842105265
15,2026-01-21,2,1,0,8,10.0,6.0,7.428571428571429,7.571428571428571,7.9
15,2026-01-22,3,1,0,7,8.0,4.0,7.714285714285714,7.428571428571429,7.904761904761905
15,2026-01-23,4,1,0,8,7.0,7.0,8.142857142857142,7.357142857142857,7.863636363636363
15,2026-01-24,5,1,1,10,8.0,10.0,8.285714285714286,7.571428571428571,7.869565217391305
15,2026-01-25,6,1,1,9,10.0,9.0,8.285714285714286,7.571428571428571,7.958333333333333
15,2026-01-26,0,1,0,10,9.0,6.0,8.285714285714286,7.714285714285714,8.0
15,2026-01-27,1,1,0,9,10.0,10.0,8.857142857142858,7.928571428571429,8.076923076923077
15,2026-01-28,2,1,0,8,9.0,8.0,8.714285714285714,8.071428571428571,8.11111111111111
15,2026-01-29,3,1,0,9,8.0,7.0,8.714285714285714,8.214285714285714,8.107142857142858
15,2026-01-30,4,1,0,8,9.0,8.0,9.0,8.571428571428571,8.137931034482758
15,2026-01-31,5,1,1,10,8.0,10.0,9.0,8.642857142857142,8.133333333333333
15,2026-02-01,6,2,1,13,10.0,9.0,9.0,8.642857142857142,8.193548387096774
15,2026-02-02,0,2,0,9,13.0,10.0,9.571428571428571,8.928571428571429,8.34375
15,2026-02-03,1,2,0,8,9.0,9.0,9.428571428571429,9.142857142857142,8.363636363636363
15,2026-02-04,2,2,0,11,8.0,8.0,9.285714285714286,9.0,8.352941176470589
15,2026-02-05,3,2,0,9,11.0,9.0,9.714285714285714,9.214285714285714,8.428571428571429
15,2026-02-06,4,2,0,8,9.0,8.0,9.714285714285714,9.357142857142858,8.444444444444445
15,2026-02-07,5,2,1,9,8.0,10.0,9.714285714285714,9.357142857142858,8.432432432432432
15,2026-02-08,6,2,1,10,9.0,13.0,9.571428571428571,9.285714285714286,8.447368421052632
15,2026-02-09,0,2,0,9,10.0,9.0,9.142857142857142,9.357142857142858,8.487179487179487
15,2026-02-10,1,2,0,10,9.0,8.0,9.142857142857142,9.285714285714286,8.5
15,2026-02-11,2,2,0,10,10.0,11.0,9.428571428571429,9.357142857142858,8.536585365853659
15,2026-02-12,3,2,0,6,10.0,9.0,9.285714285714286,9.5,8.571428571428571
15,2026-02-13,4,2,0,8,6.0,8.0,8.857142857142858,9.285714285714286,8.511627906976743
15,2026-02-14,5,2,1,11,8.0,9.0,8.857142857142858,9.285714285714286,8.5
15,2026-02-15,6,2,1,12,11.0,10.0,9.142857142857142,9.357142857142858,8.555555555555555
15,2026-02-16,0,2,0,10,12.0,9.0,9.428571428571429,9.285714285714286,8.630434782608695
15,2026-02-17,1,2,0,10,10.0,10.0,9.571428571428571,9.357142857142858,8.659574468085106
15,2026-02-18,2,2,0,9,10.0,10.0,9.571428571428571,9.5,8.6875
15,2026-02-19,3,2,0,9,9.0,6.0,9.428571428571429,9.357142857142858,8.693877551020408
15,2026-02-20,4,2,0,8,9.0,8.0,9.857142857142858,9.357142857142858,8.7
15,2026-02-21,5,2,1,11,8.0,11.0,9.857142857142858,9.357142857142858,8.686274509803921
15,2026-02-22,6,2,1,12,11.0,12.0,9.857142857142858,9.5,8.73076923076923
15,2026-02-23,0,2,0,9,12.0,10.0,9.857142857142858,9.642857142857142,8.79245283018868
15,2026-02-24,1,2,0,7,9.0,10.0,9.714285714285714,9.642857142857142,8.796296296296296
15,2026-02-25,2,2,0,10,7.0,9.0,9.285714285714286,9.428571428571429,8.763636363636364
15,2026-02-26,3,2,0,10,10.0,9.0,9.428571428571429,9.428571428571429,8.785714285714286
15,2026-02-27,4,2,0,8,10.0,8.0,9.571428571428571,9.714285714285714,8.807017543859649
15,2026-02-28,5,2,1,11,8.0,11.0,9.571428571428571,9.714285714285714,8.793103448275861
15,2026-03-01,6,3,1,14,11.0,12.0,9.571428571428571,9.714285714285714,8.830508474576272
15,2026-03-02,0,3,0,14,14.0,9.0,9.857142857142858,9.857142857142858,8.916666666666666
15,2026-03-03,1,3,0,10,14.0,7.0,10.571428571428571,10.142857142857142,9.0
15,2026-03-04,2,3,0,9,10.0,10.0,11.0,10.142857142857142,9.016129032258064
15,2026-03-05,3,3,0,11,9.0,10.0,10.857142857142858,10.142857142857142,9.015873015873016
15,2026-03-06,4,3,0,8,11.0,8.0,11.0,10.285714285714286,9.046875
15,2026-03-07,5,3,1,12,8.0,11.0,11.0,10.285714285714286,9.03076923076923
15,2026-03-08,6,3,1,16,12.0,14.0,11.142857142857142,10.357142857142858,9.075757575757576
15,2026-03-09,0,3,0,9,16.0,14.0,11.428571428571429,10.642857142857142,9.17910447761194
15,2026-03-10,1,3,0,10,9.0,10.0,10.714285714285714,10.642857142857142,9.176470588235293
15,2026-03-11,2,3,0,9,10.0,9.0,10.714285714285714,10.857142857142858,9.18840579710145
15,2026-03-12,3,3,0,8,9.0,11.0,10.714285714285714,10.785714285714286,9.185714285714285
15,2026-03-13,4,3,0,12,8.0,8.0,10.285714285714286,10.642857142857142,9.169014084507042
15,2026-03-14,5,3,1,13,12.0,12.0,10.857142857142858,10.928571428571429,9.208333333333334
15,2026-03-15,6,3,1,11,13.0,16.0,11.0,11.071428571428571,9.26027397260274
15,2026-03-16,0,3,0,9,11.0,9.0,10.285714285714286,10.857142857142858,9.283783783783784
15,2026-03-17,1,3,0,9,9.0,10.0,10.285714285714286,10.5,9.28
15,2026-03-18,2,3,0,7,9.0,9.0,10.142857142857142,10.428571428571429,9.276315789473685
15,2026-03-19,3,3,0,8,7.0,8.0,9.857142857142858,10.285714285714286,9.246753246753247
15,2026-03-20,4,3,0,10,8.0,12.0,9.857142857142858,10.071428571428571,9.23076923076923
15,2026-03-21,5,3,1,8,10.0,13.0,9.571428571428571,10.214285714285714,9.240506329113924
15,2026-03-22,6,3,1,10,8.0,11.0,8.857142857142858,9.928571428571429,9.225
15,2026-03-23,0,3,0,9,10.0,9.0,8.714285714285714,9.5,9.234567901234568
15,2026-03-24,1,3,0,6,9.0,9.0,8.714285714285714,9.5,9.231707317073171
15,2026-03-25,2,3,0,10,6.0,7.0,8.285714285714286,9.214285714285714,9.19277108433735
15,2026-03-26,3,3,0,7,10.0,8.0,8.714285714285714,9.285714285714286,9.202380952380953
15,2026-03-27,4,3,0,10,7.0,10.0,8.571428571428571,9.214285714285714,9.176470588235293
15,2026-03-28,5,3,1,12,10.0,8.0,8.571428571428571,9.071428571428571,9.186046511627907
15,2026-03-29,6,3,1,10,12.0,10.0,9.142857142857142,9.0,9.218390804597702
15,2026-03-30,0,3,0,8,10.0,9.0,9.142857142857142,8.928571428571429,9.227272727272727
15,2026-03-31,1,3,0,9,8.0,6.0,9.0,8.857142857142858,9.213483146067416
15,2026-04-01,2,4,0,9,9.0,10.0,9.428571428571429,8.857142857142858,9.21111111111111
15,2026-04-02,3,4,0,9,9.0,7.0,9.285714285714286,9.0,9.208791208791208
15,2026-04-03,4,4,0,11,9.0,10.0,9.571428571428571,9.071428571428571,9.206521739130435
15,2026-04-04,5,4,1,8,11.0,12.0,9.714285714285714,9.142857142857142,9.225806451612904
15,2026-04-05,6,4,1,13,8.0,10.0,9.142857142857142,9.142857142857142,9.212765957446809
15,2026-04-06,0,4,0,12,13.0,8.0,9.571428571428571,9.357142857142858,9.25263157894737
15,2026-04-07,1,4,0,8,12.0,9.0,10.142857142857142,9.571428571428571,9.28125
15,2026-04-08,2,4,0,9,8.0,9.0,10.0,9.714285714285714,9.268041237113403
15,2026-04-09,3,4,0,9,9.0,9.0,10.0,9.642857142857142,9.26530612244898
15,2026-04-10,4,4,0,7,9.0,11.0,10.0,9.785714285714286,9.262626262626263
15,2026-04-11,5,4,1,10,7.0,8.0,9.428571428571429,9.571428571428571,9.24
15,2026-04-12,6,4,1,15,10.0,13.0,9.714285714285714,9.428571428571429,9.247524752475247
15,2026-04-13,0,4,0,11,15.0,12.0,10.0,9.785714285714286,9.303921568627452
15,2026-04-14,1,4,0,10,11.0,8.0,9.857142857142858,10.0,9.320388349514563
15,2026-04-15,2,4,0,12,10.0,9.0,10.142857142857142,10.071428571428571,9.326923076923077
15,2026-04-16,3,4,0,9,12.0,9.0,10.571428571428571,10.285714285714286,9.352380952380953
15,2026-04-17,4,4,0,8,9.0,7.0,10.571428571428571,10.285714285714286,9.349056603773585
15,2026-04-18,5,4,1,11,8.0,10.0,10.714285714285714,10.071428571428571,9.336448598130842
15,2026-04-19,6,4,1,14,11.0,15.0,10.857142857142858,10.285714285714286,9.351851851851851
15,2026-04-20,0,4,0,9,14.0,11.0,10.714285714285714,10.357142857142858,9.394495412844037
15,2026-04-21,1,4,0,11,9.0,10.0,10.428571428571429,10.142857142857142,9.39090909090909
15,2026-04-22,2,4,0,11,11.0,12.0,10.571428571428571,10.357142857142858,9.405405405405405
15,2026-04-23,3,4,0,7,11.0,9.0,10.428571428571429,10.5,9.419642857142858
15,2026-04-24,4,4,0,11,7.0,8.0,10.142857142857142,10.357142857142858,9.398230088495575
15,2026-04-25,5,4,1,12,11.0,11.0,10.571428571428571,10.642857142857142,9.412280701754385
15,2026-04-26,6,4,1,15,12.0,14.0,10.714285714285714,10.785714285714286,9.434782608695652
15,2026-04-27,0,4,0,7,15.0,9.0,10.857142857142858,10.785714285714286,9.482758620689655
15,2026-04-28,1,4,0,10,7.0,11.0,10.571428571428571,10.5,9.461538461538462
15,2026-04-29,2,4,0,9,10.0,11.0,10.428571428571429,10.5,9.466101694915254
15,2026-04-30,3,4,0,8,9.0,7.0,10.142857142857142,10.285714285714286,9.46218487394958
16,2026-01-15,3,1,0,50,43.0,48.0,46.285714285714285,46.92857142857143,46.92857142857143
16,2026-01-16,4,1,0,40,50.0,44.0,46.57142857142857,48.214285714285715,47.13333333333333
16,2026-01-17,5,1,1,75,40.0,55.0,46.0,47.714285714285715,46.6875
16,2026-01-18,6,1,1,53,75.0,45.0,48.857142857142854,48.714285714285715,48.35294117647059
16,2026-01-19,0,1,0,49,53.0,36.0,50.0,48.5,48.611111111111114
16,2026-01-20,1,1,0,48,49.0,53.0,51.857142857142854,48.42857142857143,48.63157894736842
16,2026-01-21,2,1,0,59,48.0,43.0,51.142857142857146,49.07142857142857,48.6
16,2026-01-22,3,1,0,37,59.0,50.0,53.42857142857143,49.857142857142854,49.095238095238095
16,2026-01-23,4,1,0,47,37.0,40.0,51.57142857142857,49.07142857142857,48.54545454545455
16,2026-01-24,5,1,1,61,47.0,75.0,52.57142857142857,49.285714285714285,48.47826086956522
16,2026-01-25,6,1,1,49,61.0,53.0,50.57142857142857,49.714285714285715,49.0
16,2026-01-26,0,1,0,56,49.0,49.0,50.0,50.0,49.0
16,2026-01-27,1,1,0,47,56.0,48.0,51.0,51.42857142857143,49.26923076923077
16,2026-01-28,2,1,0,46,47.0,59.0,50.857142857142854,51.0,49.18518518518518
16,2026-01-29,3,1,0,40,46.0,37.0,49.0,51.214285714285715,49.07142857142857
16,2026-01-30,4,1,0,46,40.0,47.0,49.42857142857143,50.5,48.758620689655174
16,2026-01-31,5,1,1,56,46.0,61.0,49.285714285714285,50.92857142857143,48.666666666666664
16,2026-02-01,6,2,1,73,56.0,49.0,48.57142857142857,49.57142857142857,48.903225806451616
16,2026-02-02,0,2,0,55,73.0,56.0,52.0,51.0,49.65625
16,2026-02-03,1,2,0,53,55.0,47.0,51.857142857142854,51.42857142857143,49.81818181818182
16,2026-02-04,2,2,0,61,53.0,46.0,52.714285714285715,51.785714285714285,49.911764705882355
16,2026-02-05,3,2,0,57,61.0,40.0,54.857142857142854,51.92857142857143,50.22857142857143
16,2026-02-06,4,2,0,46,57.0,46.0,57.285714285714285,53.357142857142854,50.416666666666664
16,2026-02-07,5,2,1,62,46.0,56.0,57.285714285714285,53.285714285714285,50.2972972972973
16,2026-02-08,6,2,1,65,62.0,73.0,58.142857142857146,53.357142857142854,50.60526315789474
16,2026-02-09,0,2,0,60,65.0,55.0,57.0,54.5,50.97435897435897
16,2026-02-10,1,2,0,46,60.0,53.0,57.714285714285715,54.785714285714285,51.2
16,2026-02-11,2,2,0,54,46.0,61.0,56.714285714285715,54.714285714285715,51.073170731707314
16,2026-02-12,3,2,0,52,54.0,57.0,55.714285714285715,55.285714285714285,51.142857142857146
16,2026-02-13,4,2,0,49,52.0,46.0,55.0,56.142857142857146,51.16279069767442
16,2026-02-14,5,2,1,31,49.0,62.0,55.42857142857143,56.357142857142854,51.11363636363637
16,2026-02-15,6,2,1,72,31.0,65.0,51.0,54.57142857142857,50.666666666666664
16,2026-02-16,0,2,0,49,72.0,60.0,52.0,54.5,51.130434782608695
16,2026-02-17,1,2,0,51,49.0,46.0,50.42857142857143,54.07142857142857,51.08510638297872
16,2026-02-18,2,2,0,37,51.0,54.0,51.142857142857146,53.92857142857143,51.083333333333336
16,2026-02-19,3,2,0,37,37.0,52.0,48.714285714285715,52.214285714285715,50.795918367346935
16,2026-02-20,4,2,0,52,37.0,49.0,46.57142857142857,50.785714285714285,50.52
16,2026-02-21,5,2,1,68,52.0,31.0,47.0,51.214285714285715,50.549019607843135
16,2026-02-22,6,2,1,41,68.0,72.0,52.285714285714285,51.642857142857146,50.88461538461539
16,2026-02-23,0,2,0,53,41.0,49.0,47.857142857142854,49.92857142857143,50.698113207547166
16,2026-02-24,1,2,0,63,53.0,51.0,48.42857142857143,49.42857142857143,50.74074074074074
16,2026-02-25,2,2,0,49,63.0,37.0,50.142857142857146,50.642857142857146,50.96363636363636
16,2026-02-26,3,2,0,44,49.0,37.0,51.857142857142854,50.285714285714285,50.92857142857143
16,2026-02-27,4,2,0,37,44.0,52.0,52.857142857142854,49.714285714285715,50.80701754385965
16,2026-02-28,5,2,1,63,37.0,68.0,50.714285714285715,48.857142857142854,50.56896551724138
16,2026-03-01,6,3,1,58,63.0,41.0,50.0,51.142857142857146,50.779661016949156
16,2026-03-02,0,3,0,50,58.0,53.0,52.42857142857143,50.142857142857146,50.9
16,2026-03-03,1,3,0,53,50.0,63.0,52.0,50.214285714285715,50.885245901639344
16,2026-03-04,2,3,0,29,53.0,49.0,50.57142857142857,50.357142857142854,50.91935483870968
16,2026-03-05,3,3,0,52,29.0,44.0,47.714285714285715,49.785714285714285,50.57142857142857
16,2026-03-06,4,3,0,49,52.0,37.0,48.857142857142854,50.857142857142854,50.59375
16,2026-03-07,5,3,1,65,49.0,63.0,50.57142857142857,50.642857142857146,50.56923076923077
16,2026-03-08,6,3,1,64,65.0,58.0,50.857142857142854,50.42857142857143,50.78787878787879
16,2026-03-09,0,3,0,47,64.0,50.0,51.714285714285715,52.07142857142857,50.985074626865675
16,2026-03-10,1,3,0,53,47.0,53.0,51.285714285714285,51.642857142857146,50.9264705882353
16,2026-03-11,2,3,0,75,53.0,29.0,51.285714285714285,50.92857142857143,50.95652173913044
16,2026-03-12,3,3,0,60,75.0,52.0,57.857142857142854,52.785714285714285,51.3
16,2026-03-13,4,3,0,53,60.0,49.0,59.0,53.92857142857143,51.42253521126761
16,2026-03-14,5,3,1,76,53.0,65.0,59.57142857142857,55.07142857142857,51.44444444444444
16,2026-03-15,6,3,1,61,76.0,64.0,61.142857142857146,56.0,51.78082191780822
16,2026-03-16,0,3,0,40,61.0,47.0,60.714285714285715,56.214285714285715,51.9054054054054
16,2026-03-17,1,3,0,59,40.0,53.0,59.714285714285715,55.5,51.74666666666667
16,2026-03-18,2,3,0,59,59.0,75.0,60.57142857142857,55.92857142857143,51.8421052631579
16,2026-03-19,3,3,0,47,59.0,60.0,58.285714285714285,58.07142857142857,51.935064935064936
16,2026-03-20,4,3,0,52,47.0,53.0,56.42857142857143,57.714285714285715,51.87179487179487
16,2026-03-21,5,3,1,47,52.0,76.0,56.285714285714285,57.92857142857143,51.87341772151899
16,2026-03-22,6,3,1,45,47.0,61.0,52.142857142857146,56.642857142857146,51.8125
16,2026-03-23,0,3,0,49,45.0,40.0,49.857142857142854,55.285714285714285,51.72839506172839
16,2026-03-24,1,3,0,42,49.0,59.0,51.142857142857146,55.42857142857143,51.69512195121951
16,2026-03-25,2,3,0,48,42.0,59.0,48.714285714285715,54.642857142857146,51.57831325301205
16,2026-03-26,3,3,0,60,48.0,47.0,47.142857142857146,52.714285714285715,51.535714285714285
16,2026-03-27,4,3,0,49,60.0,52.0,49.0,52.714285714285715,51.63529411764706
16,2026-03-28,5,3,1,53,49.0,47.0,48.57142857142857,52.42857142857143,51.604651162790695
16,2026-03-29,6,3,1,63,53.0,45.0,49.42857142857143,50.785714285714285,51.62068965517241
16,2026-03-30,0,3,0,51,63.0,49.0,52.0,50.92857142857143,51.75
16,2026-03-31,1,3,0,61,51.0,42.0,52.285714285714285,51.714285714285715,51.741573033707866
16,2026-04-01,2,4,0,68,61.0,48.0,55.0,51.857142857142854,51.84444444444444
16,2026-04-02,3,4,0,47,68.0,60.0,57.857142857142854,52.5,52.02197802197802
16,2026-04-03,4,4,0,62,47.0,49.0,56.0,52.5,51.96739130434783
16,2026-04-04,5,4,1,76,62.0,53.0,57.857142857142854,53.214285714285715,52.075268817204304
16,2026-04-05,6,4,1,77,76.0,63.0,61.142857142857146,55.285714285714285,52.329787234042556
16,2026-04-06,0,4,0,55,77.0,51.0,63.142857142857146,57.57142857142857,52.589473684210525
16,2026-04-07,1,4,0,41,55.0,61.0,63.714285714285715,58.0,52.614583333333336
16,2026-04-08,2,4,0,43,41.0,68.0,60.857142857142854,57.92857142857143,52.49484536082474
16,2026-04-09,3,4,0,43,43.0,47.0,57.285714285714285,57.57142857142857,52.39795918367347
16,2026-04-10,4,4,0,58,43.0,62.0,56.714285714285715,56.357142857142854,52.303030303030305
16,2026-04-11,5,4,1,80,58.0,76.0,56.142857142857146,57.0,52.36
16,2026-04-12,6,4,1,75,80.0,77.0,56.714285714285715,58.92857142857143,52.633663366336634
16,2026-04-13,0,4,0,39,75.0,55.0,56.42857142857143,59.785714285714285,52.85294117647059
16,2026-04-14,1,4,0,33,39.0,41.0,54.142857142857146,58.92857142857143,52.71844660194175
16,2026-04-15,2,4,0,50,33.0,43.0,53.0,56.92857142857143,52.52884615384615
16,2026-04-16,3,4,0,51,50.0,43.0,54.0,55.642857142857146,52.50476190476191
16,2026-04-17,4,4,0,52,51.0,58.0,55.142857142857146,55.92857142857143,52.490566037735846
16,2026-04-18,5,4,1,75,52.0,80.0,54.285714285714285,55.214285714285715,52.48598130841121
16,2026-04-19,6,4,1,58,75.0,75.0,53.57142857142857,55.142857142857146,52.69444444444444
16,2026-04-20,0,4,0,56,58.0,39.0,51.142857142857146,53.785714285714285,52.74311926605505
16,2026-04-21,1,4,0,77,56.0,33.0,53.57142857142857,53.857142857142854,52.77272727272727
16,2026-04-22,2,4,0,54,77.0,50.0,59.857142857142854,56.42857142857143,52.990990990990994
16,2026-04-23,3,4,0,65,54.0,51.0,60.42857142857143,57.214285714285715,53.0
16,2026-04-24,4,4,0,44,65.0,52.0,62.42857142857143,58.785714285714285,53.10619469026549
16,2026-04-25,5,4,1,62,44.0,75.0,61.285714285714285,57.785714285714285,53.026315789473685
16,2026-04-26,6,4,1,68,62.0,58.0,59.42857142857143,56.5,53.10434782608696
16,2026-04-27,0,4,0,63,68.0,56.0,60.857142857142854,56.0,53.23275862068966
16,2026-04-28,1,4,0,49,63.0,77.0,61.857142857142854,57.714285714285715,53.31623931623932
16,2026-04-29,2,4,0,73,49.0,54.0,57.857142857142854,58.857142857142854,53.279661016949156
16,2026-04-30,3,4,0,49,73.0,65.0,60.57142857142857,60.5,53.445378151260506
17,2026-01-15,3,1,0,6,8.0,7.0,6.142857142857143,5.857142857142857,5.857142857142857
17,2026-01-16,4,1,0,6,6.0,5.0,6.0,5.857142857142857,5.866666666666666
17,2026-01-17,5,1,1,7,6.0,7.0,6.142857142857143,6.071428571428571,5.875
17,2026-01-18,6,1,1,5,7.0,5.0,6.142857142857143,6.071428571428571,5.9411764705882355
17,2026-01-19,0,1,0,8,5.0,6.0,6.142857142857143,5.928571428571429,5.888888888888889
17,2026-01-20,1,1,0,6,8.0,5.0,6.428571428571429,6.214285714285714,6.0
17,2026-01-21,2,1,0,6,6.0,8.0,6.571428571428571,6.214285714285714,6.0
17,2026-01-22,3,1,0,7,6.0,6.0,6.285714285714286,6.214285714285714,6.0
17,2026-01-23,4,1,0,6,7.0,6.0,6.428571428571429,6.214285714285714,6.045454545454546
17,2026-01-24,5,1,1,5,6.0,7.0,6.428571428571429,6.285714285714286,6.043478260869565
17,2026-01-25,6,1,1,6,5.0,5.0,6.142857142857143,6.142857142857143,6.0
17,2026-01-26,0,1,0,8,6.0,8.0,6.285714285714286,6.214285714285714,6.0
17,2026-01-27,1,1,0,6,8.0,6.0,6.285714285714286,6.357142857142857,6.076923076923077
17,2026-01-28,2,1,0,8,6.0,6.0,6.285714285714286,6.428571428571429,6.074074074074074
17,2026-01-29,3,1,0,8,8.0,7.0,6.571428571428571,6.428571428571429,6.142857142857143
17,2026-01-30,4,1,0,4,8.0,6.0,6.714285714285714,6.571428571428571,6.206896551724138
17,2026-01-31,5,1,1,6,4.0,5.0,6.428571428571429,6.428571428571429,6.133333333333334
17,2026-02-01,6,2,1,8,6.0,6.0,6.571428571428571,6.357142857142857,6.129032258064516
17,2026-02-02,0,2,0,6,8.0,8.0,6.857142857142857,6.571428571428571,6.1875
17,2026-02-03,1,2,0,6,6.0,6.0,6.571428571428571,6.428571428571429,6.181818181818182
17,2026-02-04,2,2,0,9,6.0,8.0,6.571428571428571,6.428571428571429,6.176470588235294
17,2026-02-05,3,2,0,5,9.0,8.0,6.714285714285714,6.642857142857143,6.257142857142857
17,2026-02-06,4,2,0,7,5.0,4.0,6.285714285714286,6.5,6.222222222222222
17,2026-02-07,5,2,1,9,7.0,6.0,6.714285714285714,6.571428571428571,6.243243243243243
17,2026-02-08,6,2,1,7,9.0,8.0,7.142857142857143,6.857142857142857,6.315789473684211
17,2026-02-09,0,2,0,6,7.0,6.0,7.0,6.928571428571429,6.333333333333333
17,2026-02-10,1,2,0,5,6.0,6.0,7.0,6.785714285714286,6.325
17,2026-02-11,2,2,0,4,5.0,9.0,6.857142857142857,6.714285714285714,6.2926829268292686
17,2026-02-12,3,2,0,9,4.0,5.0,6.142857142857143,6.428571428571429,6.238095238095238
17,2026-02-13,4,2,0,7,9.0,7.0,6.714285714285714,6.5,6.3023255813953485
17,2026-02-14,5,2,1,8,7.0,9.0,6.714285714285714,6.714285714285714,6.318181818181818
17,2026-02-15,6,2,1,8,8.0,7.0,6.571428571428571,6.857142857142857,6.355555555555555
17,2026-02-16,0,2,0,7,8.0,6.0,6.714285714285714,6.857142857142857,6.391304347826087
17,2026-02-17,1,2,0,8,7.0,5.0,6.857142857142857,6.928571428571429,6.404255319148936
17,2026-02-18,2,2,0,9,8.0,4.0,7.285714285714286,7.071428571428571,6.4375
17,2026-02-19,3,2,0,8,9.0,9.0,8.0,7.071428571428571,6.489795918367347
17,2026-02-20,4,2,0,7,8.0,7.0,7.857142857142857,7.285714285714286,6.52
17,2026-02-21,5,2,1,7,7.0,8.0,7.857142857142857,7.285714285714286,6.529411764705882
17,2026-02-22,6,2,1,9,7.0,8.0,7.714285714285714,7.142857142857143,6.538461538461538
17,2026-02-23,0,2,0,7,9.0,7.0,7.857142857142857,7.285714285714286,6.584905660377358
17,2026-02-24,1,2,0,9,7.0,8.0,7.857142857142857,7.357142857142857,6.592592592592593
17,2026-02-25,2,2,0,8,9.0,9.0,8.0,7.642857142857143,6.636363636363637
17,2026-02-26,3,2,0,7,8.0,8.0,7.857142857142857,7.928571428571429,6.660714285714286
17,2026-02-27,4,2,0,7,7.0,7.0,7.714285714285714,7.785714285714286,6.666666666666667
17,2026-02-28,5,2,1,10,7.0,7.0,7.714285714285714,7.785714285714286,6.672413793103448
17,2026-03-01,6,3,1,8,10.0,9.0,8.142857142857142,7.928571428571429,6.728813559322034
17,2026-03-02,0,3,0,7,8.0,7.0,8.0,7.928571428571429,6.75
17,2026-03-03,1,3,0,7,7.0,9.0,8.0,7.928571428571429,6.754098360655738
17,2026-03-04,2,3,0,8,7.0,8.0,7.714285714285714,7.857142857142857,6.758064516129032
17,2026-03-05,3,3,0,8,8.0,7.0,7.714285714285714,7.785714285714286,6.777777777777778
17,2026-03-06,4,3,0,7,8.0,7.0,7.857142857142857,7.785714285714286,6.796875
17,2026-03-07,5,3,1,7,7.0,10.0,7.857142857142857,7.785714285714286,6.8
17,2026-03-08,6,3,1,7,7.0,8.0,7.428571428571429,7.785714285714286,6.803030303030303
17,2026-03-09,0,3,0,5,7.0,7.0,7.285714285714286,7.642857142857143,6.8059701492537314
17,2026-03-10,1,3,0,8,5.0,7.0,7.0,7.5,6.779411764705882
17,2026-03-11,2,3,0,8,8.0,8.0,7.142857142857143,7.428571428571429,6.797101449275362
17,2026-03-12,3,3,0,8,8.0,8.0,7.142857142857143,7.428571428571429,6.814285714285714
17,2026-03-13,4,3,0,5,8.0,7.0,7.142857142857143,7.5,6.830985915492958
17,2026-03-14,5,3,1,9,5.0,7.0,6.857142857142857,7.357142857142857,6.805555555555555
17,2026-03-15,6,3,1,10,9.0,7.0,7.142857142857143,7.285714285714286,6.835616438356165
17,2026-03-16,0,3,0,7,10.0,5.0,7.571428571428571,7.428571428571429,6.878378378378378
17,2026-03-17,1,3,0,9,7.0,8.0,7.857142857142857,7.428571428571429,6.88
17,2026-03-18,2,3,0,7,9.0,8.0,8.0,7.571428571428571,6.907894736842105
17,2026-03-19,3,3,0,6,7.0,8.0,7.857142857142857,7.5,6.909090909090909
17,2026-03-20,4,3,0,6,6.0,5.0,7.571428571428571,7.357142857142857,6.897435897435898
17,2026-03-21,5,3,1,9,6.0,9.0,7.714285714285714,7.285714285714286,6.886075949367089
17,2026-03-22,6,3,1,9,9.0,10.0,7.714285714285714,7.428571428571429,6.9125
17,2026-03-23,0,3,0,8,9.0,7.0,7.571428571428571,7.571428571428571,6.938271604938271
17,2026-03-24,1,3,0,8,8.0,9.0,7.714285714285714,7.785714285714286,6.951219512195122
17,2026-03-25,2,3,0,8,8.0,7.0,7.571428571428571,7.785714285714286,6.963855421686747
17,2026-03-26,3,3,0,7,8.0,6.0,7.714285714285714,7.785714285714286,6.976190476190476
17,2026-03-27,4,3,0,9,7.0,6.0,7.857142857142857,7.714285714285714,6.976470588235294
17,2026-03-28,5,3,1,10,9.0,9.0,8.285714285714286,8.0,7.0
17,2026-03-29,6,3,1,9,10.0,9.0,8.428571428571429,8.071428571428571,7.0344827586206895
17,2026-03-30,0,3,0,7,9.0,8.0,8.428571428571429,8.0,7.056818181818182
17,2026-03-31,1,3,0,7,7.0,8.0,8.285714285714286,8.0,7.056179775280899
17,2026-04-01,2,4,0,10,7.0,8.0,8.142857142857142,7.857142857142857,7.055555555555555
17,2026-04-02,3,4,0,6,10.0,7.0,8.428571428571429,8.071428571428571,7.087912087912088
17,2026-04-03,4,4,0,8,6.0,9.0,8.285714285714286,8.071428571428571,7.076086956521739
17,2026-04-04,5,4,1,11,8.0,10.0,8.142857142857142,8.214285714285714,7.086021505376344
17,2026-04-05,6,4,1,8,11.0,9.0,8.285714285714286,8.357142857142858,7.127659574468085
17,2026-04-06,0,4,0,8,8.0,7.0,8.142857142857142,8.285714285714286,7.136842105263158
17,2026-04-07,1,4,0,7,8.0,7.0,8.285714285714286,8.285714285714286,7.145833333333333
17,2026-04-08,2,4,0,8,7.0,10.0,8.285714285714286,8.214285714285714,7.144329896907217
17,2026-04-09,3,4,0,6,8.0,6.0,8.0,8.214285714285714,7.153061224489796
17,2026-04-10,4,4,0,7,6.0,8.0,8.0,8.142857142857142,7.141414141414141
17,2026-04-11,5,4,1,8,7.0,11.0,7.857142857142857,8.0,7.14
17,2026-04-12,6,4,1,8,8.0,8.0,7.428571428571429,7.857142857142857,7.148514851485149
17,2026-04-13,0,4,0,7,8.0,8.0,7.428571428571429,7.785714285714286,7.1568627450980395
17,2026-04-14,1,4,0,9,7.0,7.0,7.285714285714286,7.785714285714286,7.155339805825243
17,2026-04-15,2,4,0,8,9.0,8.0,7.571428571428571,7.928571428571429,7.173076923076923
17,2026-04-16,3,4,0,8,8.0,6.0,7.571428571428571,7.785714285714286,7.180952380952381
17,2026-04-17,4,4,0,7,8.0,7.0,7.857142857142857,7.928571428571429,7.188679245283019
17,2026-04-18,5,4,1,10,7.0,8.0,7.857142857142857,7.857142857142857,7.186915887850467
17,2026-04-19,6,4,1,7,10.0,8.0,8.142857142857142,7.785714285714286,7.212962962962963
17,2026-04-20,0,4,0,9,7.0,7.0,8.0,7.714285714285714,7.2110091743119265
17,2026-04-21,1,4,0,8,9.0,9.0,8.285714285714286,7.785714285714286,7.2272727272727275
17,2026-04-22,2,4,0,7,8.0,8.0,8.142857142857142,7.857142857142857,7.2342342342342345
17,2026-04-23,3,4,0,7,7.0,8.0,8.0,7.785714285714286,7.232142857142857
17,2026-04-24,4,4,0,7,7.0,7.0,7.857142857142857,7.857142857142857,7.230088495575221
17,2026-04-25,5,4,1,9,7.0,10.0,7.857142857142857,7.857142857142857,7.228070175438597
17,2026-04-26,6,4,1,11,9.0,7.0,7.714285714285714,7.928571428571429,7.243478260869566
17,2026-04-27,0,4,0,8,11.0,9.0,8.285714285714286,8.142857142857142,7.275862068965517
17,2026-04-28,1,4,0,7,8.0,8.0,8.142857142857142,8.214285714285714,7.282051282051282
17,2026-04-29,2,4,0,7,7.0,7.0,8.0,8.071428571428571,7.279661016949152
17,2026-04-30,3,4,0,10,7.0,7.0,8.0,8.0,7.277310924369748
18,2026-01-15,3,1,0,6,8.0,4.0,5.571428571428571,4.857142857142857,4.857142857142857
18,2026-01-16,4,1,0,5,6.0,4.0,5.857142857142857,5.142857142857143,4.933333333333334
18,2026-01-17,5,1,1,5,5.0,4.0,6.0,5.142857142857143,4.9375
18,2026-01-18,6,1,1,7,5.0,7.0,6.142857142857143,5.142857142857143,4.9411764705882355
18,2026-01-19,0,1,0,6,7.0,7.0,6.142857142857143,5.428571428571429,5.055555555555555
18,2026-01-20,1,1,0,5,6.0,5.0,6.0,5.571428571428571,5.105263157894737
18,2026-01-21,2,1,0,4,5.0,8.0,6.0,5.5,5.1
18,2026-01-22,3,1,0,6,4.0,6.0,5.428571428571429,5.5,5.0476190476190474
18,2026-01-23,4,1,0,5,6.0,5.0,5.428571428571429,5.642857142857143,5.090909090909091
18,2026-01-24,5,1,1,8,5.0,5.0,5.428571428571429,5.714285714285714,5.086956521739131
18,2026-01-25,6,1,1,4,8.0,7.0,5.857142857142857,6.0,5.208333333333333
18,2026-01-26,0,1,0,5,4.0,6.0,5.428571428571429,5.785714285714286,5.16
18,2026-01-27,1,1,0,6,5.0,5.0,5.285714285714286,5.642857142857143,5.153846153846154
18,2026-01-28,2,1,0,5,6.0,4.0,5.428571428571429,5.714285714285714,5.185185185185185
18,2026-01-29,3,1,0,6,5.0,6.0,5.571428571428571,5.5,5.178571428571429
18,2026-01-30,4,1,0,7,6.0,5.0,5.571428571428571,5.5,5.206896551724138
18,2026-01-31,5,1,1,8,7.0,8.0,5.857142857142857,5.642857142857143,5.266666666666667
18,2026-02-01,6,2,1,6,8.0,4.0,5.857142857142857,5.857142857142857,5.354838709677419
18,2026-02-02,0,2,0,5,6.0,5.0,6.142857142857143,5.785714285714286,5.375
18,2026-02-03,1,2,0,6,5.0,6.0,6.142857142857143,5.714285714285714,5.363636363636363
18,2026-02-04,2,2,0,6,6.0,5.0,6.142857142857143,5.785714285714286,5.382352941176471
18,2026-02-05,3,2,0,7,6.0,6.0,6.285714285714286,5.928571428571429,5.4
18,2026-02-06,4,2,0,7,7.0,7.0,6.428571428571429,6.0,5.444444444444445
18,2026-02-07,5,2,1,7,7.0,8.0,6.428571428571429,6.142857142857143,5.486486486486487
18,2026-02-08,6,2,1,7,7.0,6.0,6.285714285714286,6.071428571428571,5.526315789473684
18,2026-02-09,0,2,0,5,7.0,5.0,6.428571428571429,6.285714285714286,5.564102564102564
18,2026-02-10,1,2,0,5,5.0,6.0,6.428571428571429,6.285714285714286,5.55
18,2026-02-11,2,2,0,5,5.0,6.0,6.285714285714286,6.214285714285714,5.536585365853658
18,2026-02-12,3,2,0,7,5.0,7.0,6.142857142857143,6.214285714285714,5.523809523809524
18,2026-02-13,4,2,0,5,7.0,7.0,6.142857142857143,6.285714285714286,5.558139534883721
18,2026-02-14,5,2,1,8,5.0,7.0,5.857142857142857,6.142857142857143,5.545454545454546
18,2026-02-15,6,2,1,6,8.0,7.0,6.0,6.142857142857143,5.6
18,2026-02-16,0,2,0,5,6.0,5.0,5.857142857142857,6.142857142857143,5.608695652173913
18,2026-02-17,1,2,0,5,5.0,5.0,5.857142857142857,6.142857142857143,5.595744680851064
18,2026-02-18,2,2,0,6,5.0,5.0,5.857142857142857,6.071428571428571,5.583333333333333
18,2026-02-19,3,2,0,4,6.0,7.0,6.0,6.071428571428571,5.591836734693878
18,2026-02-20,4,2,0,7,4.0,5.0,5.571428571428571,5.857142857142857,5.56
18,2026-02-21,5,2,1,7,7.0,8.0,5.857142857142857,5.857142857142857,5.588235294117647
18,2026-02-22,6,2,1,7,7.0,6.0,5.714285714285714,5.857142857142857,5.615384615384615
18,2026-02-23,0,2,0,8,7.0,5.0,5.857142857142857,5.857142857142857,5.6415094339622645
18,2026-02-24,1,2,0,6,8.0,5.0,6.285714285714286,6.071428571428571,5.685185185185185
18,2026-02-25,2,2,0,6,6.0,6.0,6.428571428571429,6.142857142857143,5.6909090909090905
18,2026-02-26,3,2,0,6,6.0,4.0,6.428571428571429,6.214285714285714,5.696428571428571
18,2026-02-27,4,2,0,6,6.0,7.0,6.714285714285714,6.142857142857143,5.701754385964913
18,2026-02-28,5,2,1,7,6.0,7.0,6.571428571428571,6.214285714285714,5.706896551724138
18,2026-03-01,6,3,1,8,7.0,7.0,6.571428571428571,6.142857142857143,5.728813559322034
18,2026-03-02,0,3,0,8,8.0,8.0,6.714285714285714,6.285714285714286,5.766666666666667
18,2026-03-03,1,3,0,6,8.0,6.0,6.714285714285714,6.5,5.80327868852459
18,2026-03-04,2,3,0,7,6.0,6.0,6.714285714285714,6.571428571428571,5.806451612903226
18,2026-03-05,3,3,0,6,7.0,6.0,6.857142857142857,6.642857142857143,5.825396825396825
18,2026-03-06,4,3,0,7,6.0,6.0,6.857142857142857,6.785714285714286,5.828125
18,2026-03-07,5,3,1,10,7.0,7.0,7.0,6.785714285714286,5.846153846153846
18,2026-03-08,6,3,1,9,10.0,8.0,7.428571428571429,7.0,5.909090909090909
18,2026-03-09,0,3,0,7,9.0,8.0,7.571428571428571,7.142857142857143,5.955223880597015
18,2026-03-10,1,3,0,6,7.0,6.0,7.428571428571429,7.071428571428571,5.970588235294118
18,2026-03-11,2,3,0,5,6.0,7.0,7.428571428571429,7.071428571428571,5.971014492753623
18,2026-03-12,3,3,0,5,5.0,6.0,7.142857142857143,7.0,5.957142857142857
18,2026-03-13,4,3,0,5,5.0,7.0,7.0,6.928571428571429,5.943661971830986
18,2026-03-14,5,3,1,7,5.0,10.0,6.714285714285714,6.857142857142857,5.930555555555555
18,2026-03-15,6,3,1,5,7.0,9.0,6.285714285714286,6.857142857142857,5.945205479452055
18,2026-03-16,0,3,0,7,5.0,7.0,5.714285714285714,6.642857142857143,5.9324324324324325
18,2026-03-17,1,3,0,5,7.0,6.0,5.714285714285714,6.571428571428571,5.946666666666666
18,2026-03-18,2,3,0,5,5.0,5.0,5.571428571428571,6.5,5.934210526315789
18,2026-03-19,3,3,0,6,5.0,5.0,5.571428571428571,6.357142857142857,5.922077922077922
18,2026-03-20,4,3,0,7,6.0,5.0,5.714285714285714,6.357142857142857,5.923076923076923
18,2026-03-21,5,3,1,8,7.0,7.0,6.0,6.357142857142857,5.936708860759493
18,2026-03-22,6,3,1,7,8.0,5.0,6.142857142857143,6.214285714285714,5.9625
18,2026-03-23,0,3,0,7,7.0,7.0,6.428571428571429,6.071428571428571,5.9753086419753085
18,2026-03-24,1,3,0,6,7.0,5.0,6.428571428571429,6.071428571428571,5.987804878048781
18,2026-03-25,2,3,0,5,6.0,5.0,6.571428571428571,6.071428571428571,5.9879518072289155
18,2026-03-26,3,3,0,7,5.0,6.0,6.571428571428571,6.071428571428571,5.976190476190476
18,2026-03-27,4,3,0,8,7.0,7.0,6.714285714285714,6.214285714285714,5.988235294117647
18,2026-03-28,5,3,1,9,8.0,8.0,6.857142857142857,6.428571428571429,6.011627906976744
18,2026-03-29,6,3,1,6,9.0,7.0,7.0,6.571428571428571,6.045977011494253
18,2026-03-30,0,3,0,6,6.0,7.0,6.857142857142857,6.642857142857143,6.045454545454546
18,2026-03-31,1,3,0,5,6.0,6.0,6.714285714285714,6.571428571428571,6.044943820224719
18,2026-04-01,2,4,0,7,5.0,5.0,6.571428571428571,6.571428571428571,6.033333333333333
18,2026-04-02,3,4,0,5,7.0,7.0,6.857142857142857,6.714285714285714,6.043956043956044
18,2026-04-03,4,4,0,7,5.0,8.0,6.571428571428571,6.642857142857143,6.032608695652174
18,2026-04-04,5,4,1,10,7.0,9.0,6.428571428571429,6.642857142857143,6.043010752688172
18,2026-04-05,6,4,1,8,10.0,6.0,6.571428571428571,6.785714285714286,6.085106382978723
18,2026-04-06,0,4,0,7,8.0,6.0,6.857142857142857,6.857142857142857,6.105263157894737
18,2026-04-07,1,4,0,6,7.0,5.0,7.0,6.857142857142857,6.114583333333333
18,2026-04-08,2,4,0,6,6.0,7.0,7.142857142857143,6.857142857142857,6.11340206185567
18,2026-04-09,3,4,0,7,6.0,5.0,7.0,6.928571428571429,6.112244897959184
18,2026-04-10,4,4,0,7,7.0,7.0,7.285714285714286,6.928571428571429,6.121212121212121
18,2026-04-11,5,4,1,8,7.0,10.0,7.285714285714286,6.857142857142857,6.13
18,2026-04-12,6,4,1,7,8.0,8.0,7.0,6.785714285714286,6.148514851485149
18,2026-04-13,0,4,0,6,7.0,7.0,6.857142857142857,6.857142857142857,6.1568627450980395
18,2026-04-14,1,4,0,5,6.0,6.0,6.714285714285714,6.857142857142857,6.155339805825243
18,2026-04-15,2,4,0,8,5.0,6.0,6.571428571428571,6.857142857142857,6.144230769230769
18,2026-04-16,3,4,0,6,8.0,7.0,6.857142857142857,6.928571428571429,6.161904761904762
18,2026-04-17,4,4,0,4,6.0,7.0,6.714285714285714,7.0,6.160377358490566
18,2026-04-18,5,4,1,9,4.0,8.0,6.285714285714286,6.785714285714286,6.140186915887851
18,2026-04-19,6,4,1,9,9.0,7.0,6.428571428571429,6.714285714285714,6.166666666666667
18,2026-04-20,0,4,0,5,9.0,6.0,6.714285714285714,6.785714285714286,6.192660550458716
18,2026-04-21,1,4,0,5,5.0,5.0,6.571428571428571,6.642857142857143,6.181818181818182
18,2026-04-22,2,4,0,7,5.0,8.0,6.571428571428571,6.571428571428571,6.171171171171171
18,2026-04-23,3,4,0,4,7.0,6.0,6.428571428571429,6.642857142857143,6.178571428571429
18,2026-04-24,4,4,0,7,4.0,4.0,6.142857142857143,6.428571428571429,6.15929203539823
18,2026-04-25,5,4,1,9,7.0,9.0,6.571428571428571,6.428571428571429,6.166666666666667
18,2026-04-26,6,4,1,9,9.0,9.0,6.571428571428571,6.5,6.191304347826087
18,2026-04-27,0,4,0,8,9.0,5.0,6.571428571428571,6.642857142857143,6.2155172413793105
18,2026-04-28,1,4,0,9,8.0,5.0,7.0,6.785714285714286,6.230769230769231
18,2026-04-29,2,4,0,8,9.0,7.0,7.571428571428571,7.071428571428571,6.254237288135593
18,2026-04-30,3,4,0,4,8.0,4.0,7.714285714285714,7.071428571428571,6.26890756302521
19,2026-01-15,3,1,0,16,12.0,15.0,14.428571428571429,13.857142857142858,13.857142857142858
19,2026-01-16,4,1,0,13,16.0,13.0,14.571428571428571,14.0,14.0
19,2026-01-17,5,1,1,9,13.0,18.0,14.571428571428571,13.714285714285714,13.9375
19,2026-01-18,6,1,1,22,9.0,22.0,13.285714285714286,13.214285714285714,13.647058823529411
19,2026-01-19,0,1,0,16,22.0,7.0,13.285714285714286,14.0,14.11111111111111
19,2026-01-20,1,1,0,17,16.0,14.0,14.571428571428571,14.357142857142858,14.210526315789474
19,2026-01-21,2,1,0,13,17.0,12.0,15.0,14.714285714285714,14.35
19,2026-01-22,3,1,0,13,13.0,16.0,15.142857142857142,14.785714285714286,14.285714285714286
19,2026-01-23,4,1,0,19,13.0,13.0,14.714285714285714,14.642857142857142,14.227272727272727
19,2026-01-24,5,1,1,19,19.0,9.0,15.571428571428571,15.071428571428571,14.434782608695652
19,2026-01-25,6,1,1,14,19.0,22.0,17.0,15.142857142857142,14.625
19,2026-01-26,0,1,0,19,14.0,16.0,15.857142857142858,14.571428571428571,14.6
19,2026-01-27,1,1,0,16,19.0,17.0,16.285714285714285,15.428571428571429,14.76923076923077
19,2026-01-28,2,1,0,14,16.0,13.0,16.142857142857142,15.571428571428571,14.814814814814815
19,2026-01-29,3,1,0,18,14.0,13.0,16.285714285714285,15.714285714285714,14.785714285714286
19,2026-01-30,4,1,0,17,18.0,19.0,17.0,15.857142857142858,14.89655172413793
19,2026-01-31,5,1,1,20,17.0,19.0,16.714285714285715,16.142857142857142,14.966666666666667
19,2026-02-01,6,2,1,21,20.0,14.0,16.857142857142858,16.928571428571427,15.129032258064516
19,2026-02-02,0,2,0,14,21.0,19.0,17.857142857142858,16.857142857142858,15.3125
19,2026-02-03,1,2,0,15,14.0,16.0,17.142857142857142,16.714285714285715,15.272727272727273
19,2026-02-04,2,2,0,15,15.0,14.0,17.0,16.571428571428573,15.264705882352942
19,2026-02-05,3,2,0,20,15.0,18.0,17.142857142857142,16.714285714285715,15.257142857142858
19,2026-02-06,4,2,0,18,20.0,17.0,17.428571428571427,17.214285714285715,15.38888888888889
19,2026-02-07,5,2,1,18,18.0,20.0,17.571428571428573,17.142857142857142,15.45945945945946
19,2026-02-08,6,2,1,17,18.0,21.0,17.285714285714285,17.071428571428573,15.526315789473685
19,2026-02-09,0,2,0,16,17.0,14.0,16.714285714285715,17.285714285714285,15.564102564102564
19,2026-02-10,1,2,0,19,16.0,15.0,17.0,17.071428571428573,15.575
19,2026-02-11,2,2,0,20,19.0,15.0,17.571428571428573,17.285714285714285,15.658536585365853
19,2026-02-12,3,2,0,13,20.0,20.0,18.285714285714285,17.714285714285715,15.761904761904763
19,2026-02-13,4,2,0,15,13.0,18.0,17.285714285714285,17.357142857142858,15.69767441860465
19,2026-02-14,5,2,1,12,15.0,18.0,16.857142857142858,17.214285714285715,15.681818181818182
19,2026-02-15,6,2,1,11,12.0,17.0,16.0,16.642857142857142,15.6
19,2026-02-16,0,2,0,15,11.0,16.0,15.142857142857142,15.928571428571429,15.5
19,2026-02-17,1,2,0,13,15.0,19.0,15.0,16.0,15.48936170212766
19,2026-02-18,2,2,0,18,13.0,20.0,14.142857142857142,15.857142857142858,15.4375
19,2026-02-19,3,2,0,11,18.0,13.0,13.857142857142858,16.071428571428573,15.489795918367347
19,2026-02-20,4,2,0,14,11.0,15.0,13.571428571428571,15.428571428571429,15.4
19,2026-02-21,5,2,1,22,14.0,12.0,13.428571428571429,15.142857142857142,15.372549019607844
19,2026-02-22,6,2,1,15,22.0,11.0,14.857142857142858,15.428571428571429,15.5
19,2026-02-23,0,2,0,16,15.0,15.0,15.428571428571429,15.285714285714286,15.49056603773585
19,2026-02-24,1,2,0,16,16.0,13.0,15.571428571428571,15.285714285714286,15.5
19,2026-02-25,2,2,0,16,16.0,18.0,16.0,15.071428571428571,15.50909090909091
19,2026-02-26,3,2,0,15,16.0,11.0,15.714285714285714,14.785714285714286,15.517857142857142
19,2026-02-27,4,2,0,16,15.0,14.0,16.285714285714285,14.928571428571429,15.508771929824562
19,2026-02-28,5,2,1,14,16.0,22.0,16.571428571428573,15.0,15.517241379310345
19,2026-03-01,6,3,1,20,14.0,15.0,15.428571428571429,15.142857142857142,15.491525423728813
19,2026-03-02,0,3,0,21,20.0,16.0,16.142857142857142,15.785714285714286,15.566666666666666
19,2026-03-03,1,3,0,19,21.0,16.0,16.857142857142858,16.214285714285715,15.655737704918034
19,2026-03-04,2,3,0,13,19.0,16.0,17.285714285714285,16.642857142857142,15.709677419354838
19,2026-03-05,3,3,0,14,13.0,15.0,16.857142857142858,16.285714285714285,15.666666666666666
19,2026-03-06,4,3,0,14,14.0,16.0,16.714285714285715,16.5,15.640625
19,2026-03-07,5,3,1,21,14.0,14.0,16.428571428571427,16.5,15.615384615384615
19,2026-03-08,6,3,1,23,21.0,20.0,17.428571428571427,16.428571428571427,15.696969696969697
19,2026-03-09,0,3,0,21,23.0,21.0,17.857142857142858,17.0,15.805970149253731
19,2026-03-10,1,3,0,17,21.0,19.0,17.857142857142858,17.357142857142858,15.882352941176471
19,2026-03-11,2,3,0,17,17.0,13.0,17.571428571428573,17.428571428571427,15.898550724637682
19,2026-03-12,3,3,0,18,17.0,14.0,18.142857142857142,17.5,15.914285714285715
19,2026-03-13,4,3,0,15,18.0,14.0,18.714285714285715,17.714285714285715,15.943661971830986
19,2026-03-14,5,3,1,16,15.0,21.0,18.857142857142858,17.642857142857142,15.930555555555555
19,2026-03-15,6,3,1,20,16.0,23.0,18.142857142857142,17.785714285714285,15.931506849315069
19,2026-03-16,0,3,0,18,20.0,21.0,17.714285714285715,17.785714285714285,15.986486486486486
19,2026-03-17,1,3,0,17,18.0,17.0,17.285714285714285,17.571428571428573,16.013333333333332
19,2026-03-18,2,3,0,14,17.0,17.0,17.285714285714285,17.428571428571427,16.026315789473685
19,2026-03-19,3,3,0,18,14.0,18.0,16.857142857142858,17.5,16.0
19,2026-03-20,4,3,0,22,18.0,15.0,16.857142857142858,17.785714285714285,16.025641025641026
19,2026-03-21,5,3,1,21,22.0,16.0,17.857142857142858,18.357142857142858,16.10126582278481
19,2026-03-22,6,3,1,20,21.0,20.0,18.571428571428573,18.357142857142858,16.1625
19,2026-03-23,0,3,0,14,20.0,18.0,18.571428571428573,18.142857142857142,16.209876543209877
19,2026-03-24,1,3,0,19,14.0,17.0,18.0,17.642857142857142,16.182926829268293
19,2026-03-25,2,3,0,16,19.0,14.0,18.285714285714285,17.785714285714285,16.216867469879517
19,2026-03-26,3,3,0,20,16.0,18.0,18.571428571428573,17.714285714285715,16.214285714285715
19,2026-03-27,4,3,0,17,20.0,22.0,18.857142857142858,17.857142857142858,16.258823529411764
19,2026-03-28,5,3,1,24,17.0,21.0,18.142857142857142,18.0,16.267441860465116
19,2026-03-29,6,3,1,20,24.0,20.0,18.571428571428573,18.571428571428573,16.35632183908046
19,2026-03-30,0,3,0,15,20.0,14.0,18.571428571428573,18.571428571428573,16.397727272727273
19,2026-03-31,1,3,0,15,15.0,19.0,18.714285714285715,18.357142857142858,16.382022471910112
19,2026-04-01,2,4,0,20,15.0,16.0,18.142857142857142,18.214285714285715,16.366666666666667
19,2026-04-02,3,4,0,15,20.0,20.0,18.714285714285715,18.642857142857142,16.406593406593405
19,2026-04-03,4,4,0,13,15.0,17.0,18.0,18.428571428571427,16.391304347826086
19,2026-04-04,5,4,1,19,13.0,24.0,17.428571428571427,17.785714285714285,16.35483870967742
19,2026-04-05,6,4,1,29,19.0,20.0,16.714285714285715,17.642857142857142,16.382978723404257
19,2026-04-06,0,4,0,15,29.0,15.0,18.0,18.285714285714285,16.51578947368421
19,2026-04-07,1,4,0,22,15.0,15.0,18.0,18.357142857142858,16.5
19,2026-04-08,2,4,0,21,22.0,20.0,19.0,18.571428571428573,16.556701030927837
19,2026-04-09,3,4,0,18,21.0,15.0,19.142857142857142,18.928571428571427,16.602040816326532
19,2026-04-10,4,4,0,18,18.0,13.0,19.571428571428573,18.785714285714285,16.616161616161616
19,2026-04-11,5,4,1,28,18.0,19.0,20.285714285714285,18.857142857142858,16.63
19,2026-04-12,6,4,1,23,28.0,29.0,21.571428571428573,19.142857142857142,16.742574257425744
19,2026-04-13,0,4,0,18,23.0,15.0,20.714285714285715,19.357142857142858,16.80392156862745
19,2026-04-14,1,4,0,22,18.0,22.0,21.142857142857142,19.571428571428573,16.815533980582526
19,2026-04-15,2,4,0,16,22.0,21.0,21.142857142857142,20.071428571428573,16.865384615384617
19,2026-04-16,3,4,0,18,16.0,18.0,20.428571428571427,19.785714285714285,16.857142857142858
19,2026-04-17,4,4,0,14,18.0,18.0,20.428571428571427,20.0,16.867924528301888
19,2026-04-18,5,4,1,17,14.0,28.0,19.857142857142858,20.071428571428573,16.8411214953271
19,2026-04-19,6,4,1,28,17.0,23.0,18.285714285714285,19.928571428571427,16.84259259259259
19,2026-04-20,0,4,0,20,28.0,18.0,19.0,19.857142857142858,16.94495412844037
19,2026-04-21,1,4,0,17,20.0,22.0,19.285714285714285,20.214285714285715,16.972727272727273
19,2026-04-22,2,4,0,21,17.0,16.0,18.571428571428573,19.857142857142858,16.972972972972972
19,2026-04-23,3,4,0,17,21.0,18.0,19.285714285714285,19.857142857142858,17.008928571428573
19,2026-04-24,4,4,0,23,17.0,14.0,19.142857142857142,19.785714285714285,17.008849557522122
19,2026-04-25,5,4,1,16,23.0,17.0,20.428571428571427,20.142857142857142,17.06140350877193
19,2026-04-26,6,4,1,23,16.0,28.0,20.285714285714285,19.285714285714285,17.05217391304348
19,2026-04-27,0,4,0,24,23.0,20.0,19.571428571428573,19.285714285714285,17.103448275862068
19,2026-04-28,1,4,0,12,24.0,17.0,20.142857142857142,19.714285714285715,17.162393162393162
19,2026-04-29,2,4,0,15,12.0,21.0,19.428571428571427,19.0,17.11864406779661
19,2026-04-30,3,4,0,22,15.0,17.0,18.571428571428573,18.928571428571427,17.100840336134453
20,2026-01-15,3,1,0,0,0.0,2.0,1.0,0.6428571428571429,0.6428571428571429
20,2026-01-16,4,1,0,0,0.0,3.0,0.7142857142857143,0.6428571428571429,0.6
20,2026-01-17,5,1,1,0,0.0,0.0,0.2857142857142857,0.6428571428571429,0.5625
20,2026-01-18,6,1,1,2,0.0,0.0,0.2857142857142857,0.6428571428571429,0.5294117647058824
20,2026-01-19,0,1,0,0,2.0,2.0,0.5714285714285714,0.7857142857142857,0.6111111111111112
20,2026-01-20,1,1,0,0,0.0,0.0,0.2857142857142857,0.7857142857142857,0.5789473684210527
20,2026-01-21,2,1,0,0,0.0,0.0,0.2857142857142857,0.6428571428571429,0.55
20,2026-01-22,3,1,0,0,0.0,0.0,0.2857142857142857,0.6428571428571429,0.5238095238095238
20,2026-01-23,4,1,0,0,0.0,0.0,0.2857142857142857,0.5,0.5
20,2026-01-24,5,1,1,0,0.0,0.0,0.2857142857142857,0.2857142857142857,0.4782608695652174
20,2026-01-25,6,1,1,0,0.0,2.0,0.2857142857142857,0.2857142857142857,0.4583333333333333
20,2026-01-26,0,1,0,4,0.0,0.0,0.0,0.2857142857142857,0.44
20,2026-01-27,1,1,0,0,4.0,0.0,0.5714285714285714,0.42857142857142855,0.5769230769230769
20,2026-01-28,2,1,0,0,0.0,0.0,0.5714285714285714,0.42857142857142855,0.5555555555555556
20,2026-01-29,3,1,0,4,0.0,0.0,0.5714285714285714,0.42857142857142855,0.5357142857142857
20,2026-01-30,4,1,0,0,4.0,0.0,1.1428571428571428,0.7142857142857143,0.6551724137931034
20,2026-01-31,5,1,1,0,0.0,0.0,1.1428571428571428,0.7142857142857143,0.6333333333333333
20,2026-02-01,6,2,1,3,0.0,0.0,1.1428571428571428,0.7142857142857143,0.6129032258064516
20,2026-02-02,0,2,0,0,3.0,4.0,1.5714285714285714,0.7857142857142857,0.6875
20,2026-02-03,1,2,0,0,0.0,0.0,1.0,0.7857142857142857,0.6666666666666666
20,2026-02-04,2,2,0,0,0.0,0.0,1.0,0.7857142857142857,0.6470588235294118
20,2026-02-05,3,2,0,0,0.0,4.0,1.0,0.7857142857142857,0.6285714285714286
20,2026-02-06,4,2,0,0,0.0,0.0,0.42857142857142855,0.7857142857142857,0.6111111111111112
20,2026-02-07,5,2,1,1,0.0,0.0,0.42857142857142855,0.7857142857142857,0.5945945945945946
20,2026-02-08,6,2,1,2,1.0,3.0,0.5714285714285714,0.8571428571428571,0.6052631578947368
20,2026-02-09,0,2,0,0,2.0,0.0,0.42857142857142855,1.0,0.6410256410256411
20,2026-02-10,1,2,0,2,0.0,0.0,0.42857142857142855,0.7142857142857143,0.625
20,2026-02-11,2,2,0,3,2.0,0.0,0.7142857142857143,0.8571428571428571,0.6585365853658537
20,2026-02-12,3,2,0,0,3.0,0.0,1.1428571428571428,1.0714285714285714,0.7142857142857143
20,2026-02-13,4,2,0,0,0.0,0.0,1.1428571428571428,0.7857142857142857,0.6976744186046512
20,2026-02-14,5,2,1,0,0.0,1.0,1.1428571428571428,0.7857142857142857,0.6818181818181818
20,2026-02-15,6,2,1,0,0.0,2.0,1.0,0.7857142857142857,0.6666666666666666
20,2026-02-16,0,2,0,0,0.0,0.0,0.7142857142857143,0.5714285714285714,0.6521739130434783
20,2026-02-17,1,2,0,1,0.0,2.0,0.7142857142857143,0.5714285714285714,0.6382978723404256
20,2026-02-18,2,2,0,3,1.0,3.0,0.5714285714285714,0.6428571428571429,0.6458333333333334
20,2026-02-19,3,2,0,0,3.0,0.0,0.5714285714285714,0.8571428571428571,0.6938775510204082
20,2026-02-20,4,2,0,2,0.0,0.0,0.5714285714285714,0.8571428571428571,0.68
20,2026-02-21,5,2,1,0,2.0,0.0,0.8571428571428571,1.0,0.7058823529411765
20,2026-02-22,6,2,1,0,0.0,0.0,0.8571428571428571,0.9285714285714286,0.6923076923076923
20,2026-02-23,0,2,0,0,0.0,0.0,0.8571428571428571,0.7857142857142857,0.6792452830188679
20,2026-02-24,1,2,0,0,0.0,1.0,0.8571428571428571,0.7857142857142857,0.6666666666666666
20,2026-02-25,2,2,0,0,0.0,3.0,0.7142857142857143,0.6428571428571429,0.6545454545454545
20,2026-02-26,3,2,0,3,0.0,0.0,0.2857142857142857,0.42857142857142855,0.6428571428571429
20,2026-02-27,4,2,0,0,3.0,2.0,0.7142857142857143,0.6428571428571429,0.6842105263157895
20,2026-02-28,5,2,1,0,0.0,0.0,0.42857142857142855,0.6428571428571429,0.6724137931034483
20,2026-03-01,6,3,1,0,0.0,0.0,0.42857142857142855,0.6428571428571429,0.6610169491525424
20,2026-03-02,0,3,0,1,0.0,0.0,0.42857142857142855,0.6428571428571429,0.65
20,2026-03-03,1,3,0,0,1.0,0.0,0.5714285714285714,0.7142857142857143,0.6557377049180327
20,2026-03-04,2,3,0,0,0.0,0.0,0.5714285714285714,0.6428571428571429,0.6451612903225806
20,2026-03-05,3,3,0,4,0.0,3.0,0.5714285714285714,0.42857142857142855,0.6349206349206349
20,2026-03-06,4,3,0,0,4.0,0.0,0.7142857142857143,0.7142857142857143,0.6875
20,2026-03-07,5,3,1,4,0.0,0.0,0.7142857142857143,0.5714285714285714,0.676923076923077
20,2026-03-08,6,3,1,1,4.0,0.0,1.2857142857142858,0.8571428571428571,0.7272727272727273
20,2026-03-09,0,3,0,0,1.0,1.0,1.4285714285714286,0.9285714285714286,0.7313432835820896
20,2026-03-10,1,3,0,2,0.0,0.0,1.2857142857142858,0.9285714285714286,0.7205882352941176
20,2026-03-11,2,3,0,1,2.0,0.0,1.5714285714285714,1.0714285714285714,0.7391304347826086
20,2026-03-12,3,3,0,0,1.0,4.0,1.7142857142857142,1.1428571428571428,0.7428571428571429
20,2026-03-13,4,3,0,0,0.0,0.0,1.1428571428571428,0.9285714285714286,0.7323943661971831
20,2026-03-14,5,3,1,0,0.0,4.0,1.1428571428571428,0.9285714285714286,0.7222222222222222
20,2026-03-15,6,3,1,2,0.0,1.0,0.5714285714285714,0.9285714285714286,0.7123287671232876
20,2026-03-16,0,3,0,2,2.0,0.0,0.7142857142857143,1.0714285714285714,0.7297297297297297
20,2026-03-17,1,3,0,1,2.0,2.0,1.0,1.1428571428571428,0.7466666666666667
20,2026-03-18,2,3,0,0,1.0,1.0,0.8571428571428571,1.2142857142857142,0.75
20,2026-03-19,3,3,0,0,0.0,0.0,0.7142857142857143,1.2142857142857142,0.7402597402597403
20,2026-03-20,4,3,0,0,0.0,0.0,0.7142857142857143,0.9285714285714286,0.7307692307692307
20,2026-03-21,5,3,1,0,0.0,0.0,0.7142857142857143,0.9285714285714286,0.7215189873417721
20,2026-03-22,6,3,1,3,0.0,2.0,0.7142857142857143,0.6428571428571429,0.7125
20,2026-03-23,0,3,0,0,3.0,2.0,0.8571428571428571,0.7857142857142857,0.7407407407407407
20,2026-03-24,1,3,0,4,0.0,1.0,0.5714285714285714,0.7857142857142857,0.7317073170731707
20,2026-03-25,2,3,0,0,4.0,0.0,1.0,0.9285714285714286,0.7710843373493976
20,2026-03-26,3,3,0,0,0.0,0.0,1.0,0.8571428571428571,0.7619047619047619
20,2026-03-27,4,3,0,0,0.0,0.0,1.0,0.8571428571428571,0.7529411764705882
20,2026-03-28,5,3,1,0,0.0,0.0,1.0,0.8571428571428571,0.7441860465116279
20,2026-03-29,6,3,1,0,0.0,3.0,1.0,0.8571428571428571,0.735632183908046
20,2026-03-30,0,3,0,0,0.0,0.0,0.5714285714285714,0.7142857142857143,0.7272727272727273
20,2026-03-31,1,3,0,0,0.0,4.0,0.5714285714285714,0.5714285714285714,0.7191011235955056
20,2026-04-01,2,4,0,3,0.0,0.0,0.0,0.5,0.7111111111111111
20,2026-04-02,3,4,0,1,3.0,0.0,0.42857142857142855,0.7142857142857143,0.7362637362637363
20,2026-04-03,4,4,0,4,1.0,0.0,0.5714285714285714,0.7857142857142857,0.7391304347826086
20,2026-04-04,5,4,1,4,4.0,0.0,1.1428571428571428,1.0714285714285714,0.7741935483870968
20,2026-04-05,6,4,1,2,4.0,0.0,1.7142857142857142,1.3571428571428572,0.8085106382978723
20,2026-04-06,0,4,0,4,2.0,0.0,2.0,1.2857142857142858,0.8210526315789474
20,2026-04-07,1,4,0,0,4.0,0.0,2.5714285714285716,1.5714285714285714,0.8541666666666666
20,2026-04-08,2,4,0,0,0.0,3.0,2.5714285714285716,1.2857142857142858,0.845360824742268
20,2026-04-09,3,4,0,0,0.0,1.0,2.142857142857143,1.2857142857142858,0.8367346938775511
20,2026-04-10,4,4,0,0,0.0,4.0,2.0,1.2857142857142858,0.8282828282828283
20,2026-04-11,5,4,1,4,0.0,4.0,1.4285714285714286,1.2857142857142858,0.82
20,2026-04-12,6,4,1,0,4.0,2.0,1.4285714285714286,1.5714285714285714,0.8514851485148515
20,2026-04-13,0,4,0,0,0.0,4.0,1.1428571428571428,1.5714285714285714,0.8431372549019608
20,2026-04-14,1,4,0,0,0.0,0.0,0.5714285714285714,1.5714285714285714,0.8349514563106796
20,2026-04-15,2,4,0,3,0.0,0.0,0.5714285714285714,1.5714285714285714,0.8269230769230769
20,2026-04-16,3,4,0,1,3.0,0.0,1.0,1.5714285714285714,0.8476190476190476
20,2026-04-17,4,4,0,0,1.0,0.0,1.1428571428571428,1.5714285714285714,0.8490566037735849
20,2026-04-18,5,4,1,0,0.0,4.0,1.1428571428571428,1.2857142857142858,0.8411214953271028
20,2026-04-19,6,4,1,2,0.0,0.0,0.5714285714285714,1.0,0.8333333333333334
20,2026-04-20,0,4,0,2,2.0,0.0,0.8571428571428571,1.0,0.8440366972477065
20,2026-04-21,1,4,0,2,2.0,0.0,1.1428571428571428,0.8571428571428571,0.8545454545454545
20,2026-04-22,2,4,0,0,2.0,3.0,1.4285714285714286,1.0,0.8648648648648649
20,2026-04-23,3,4,0,0,0.0,1.0,1.0,1.0,0.8571428571428571
20,2026-04-24,4,4,0,0,0.0,0.0,0.8571428571428571,1.0,0.8495575221238938
20,2026-04-25,5,4,1,0,0.0,0.0,0.8571428571428571,1.0,0.8421052631578947
20,2026-04-26,6,4,1,0,0.0,2.0,0.8571428571428571,0.7142857142857143,0.8347826086956521
20,2026-04-27,0,4,0,0,0.0,2.0,0.5714285714285714,0.7142857142857143,0.8275862068965517
20,2026-04-28,1,4,0,0,0.0,2.0,0.2857142857142857,0.7142857142857143,0.8205128205128205
20,2026-04-29,2,4,0,0,0.0,0.0,0.0,0.7142857142857143,0.8135593220338984
20,2026-04-30,3,4,0,0,0.0,0.0,0.0,0.5,0.8067226890756303
21,2026-01-15,3,1,0,10,12.0,12.0,12.285714285714286,13.0,13.0
21,2026-01-16,4,1,0,14,10.0,11.0,12.0,12.642857142857142,12.8
21,2026-01-17,5,1,1,17,14.0,13.0,12.428571428571429,12.857142857142858,12.875
21,2026-01-18,6,1,1,19,17.0,18.0,13.0,13.285714285714286,13.117647058823529
21,2026-01-19,0,1,0,11,19.0,15.0,13.142857142857142,13.5,13.444444444444445
21,2026-01-20,1,1,0,16,11.0,5.0,12.571428571428571,13.571428571428571,13.31578947368421
21,2026-01-21,2,1,0,16,16.0,12.0,14.142857142857142,13.357142857142858,13.45
21,2026-01-22,3,1,0,10,16.0,10.0,14.714285714285714,13.5,13.571428571428571
21,2026-01-23,4,1,0,9,10.0,14.0,14.714285714285714,13.357142857142858,13.409090909090908
21,2026-01-24,5,1,1,24,9.0,17.0,14.0,13.214285714285714,13.217391304347826
21,2026-01-25,6,1,1,17,24.0,19.0,15.0,14.0,13.666666666666666
21,2026-01-26,0,1,0,11,17.0,11.0,14.714285714285714,13.928571428571429,13.8
21,2026-01-27,1,1,0,20,11.0,16.0,14.714285714285714,13.642857142857142,13.692307692307692
21,2026-01-28,2,1,0,14,20.0,16.0,15.285714285714286,14.714285714285714,13.925925925925926
21,2026-01-29,3,1,0,17,14.0,10.0,15.0,14.857142857142858,13.928571428571429
21,2026-01-30,4,1,0,13,17.0,9.0,16.0,15.357142857142858,14.03448275862069
21,2026-01-31,5,1,1,18,13.0,24.0,16.571428571428573,15.285714285714286,14.0
21,2026-02-01,6,2,1,14,18.0,17.0,15.714285714285714,15.357142857142858,14.129032258064516
21,2026-02-02,0,2,0,14,14.0,11.0,15.285714285714286,15.0,14.125
21,2026-02-03,1,2,0,9,14.0,20.0,15.714285714285714,15.214285714285714,14.121212121212121
21,2026-02-04,2,2,0,9,9.0,14.0,14.142857142857142,14.714285714285714,13.970588235294118
21,2026-02-05,3,2,0,17,9.0,17.0,13.428571428571429,14.214285714285714,13.82857142857143
21,2026-02-06,4,2,0,12,17.0,13.0,13.428571428571429,14.714285714285714,13.916666666666666
21,2026-02-07,5,2,1,16,12.0,18.0,13.285714285714286,14.928571428571429,13.864864864864865
21,2026-02-08,6,2,1,14,16.0,14.0,13.0,14.357142857142858,13.921052631578947
21,2026-02-09,0,2,0,13,14.0,14.0,13.0,14.142857142857142,13.923076923076923
21,2026-02-10,1,2,0,14,13.0,9.0,12.857142857142858,14.285714285714286,13.9
21,2026-02-11,2,2,0,17,14.0,9.0,13.571428571428571,13.857142857142858,13.902439024390244
21,2026-02-12,3,2,0,15,17.0,17.0,14.714285714285714,14.071428571428571,13.976190476190476
21,2026-02-13,4,2,0,16,15.0,12.0,14.428571428571429,13.928571428571429,14.0
21,2026-02-14,5,2,1,20,16.0,16.0,15.0,14.142857142857142,14.045454545454545
21,2026-02-15,6,2,1,19,20.0,14.0,15.571428571428571,14.285714285714286,14.177777777777777
21,2026-02-16,0,2,0,14,19.0,13.0,16.285714285714285,14.642857142857142,14.282608695652174
21,2026-02-17,1,2,0,10,14.0,14.0,16.428571428571427,14.642857142857142,14.27659574468085
21,2026-02-18,2,2,0,12,10.0,17.0,15.857142857142858,14.714285714285714,14.1875
21,2026-02-19,3,2,0,18,12.0,15.0,15.142857142857142,14.928571428571429,14.142857142857142
21,2026-02-20,4,2,0,14,18.0,16.0,15.571428571428571,15.0,14.22
21,2026-02-21,5,2,1,17,14.0,20.0,15.285714285714286,15.142857142857142,14.215686274509803
21,2026-02-22,6,2,1,6,17.0,19.0,14.857142857142858,15.214285714285714,14.26923076923077
21,2026-02-23,0,2,0,18,6.0,14.0,13.0,14.642857142857142,14.11320754716981
21,2026-02-24,1,2,0,16,18.0,10.0,13.571428571428571,15.0,14.185185185185185
21,2026-02-25,2,2,0,14,16.0,12.0,14.428571428571429,15.142857142857142,14.218181818181819
21,2026-02-26,3,2,0,10,14.0,18.0,14.714285714285714,14.928571428571429,14.214285714285714
21,2026-02-27,4,2,0,12,10.0,14.0,13.571428571428571,14.571428571428571,14.140350877192983
21,2026-02-28,5,2,1,16,12.0,17.0,13.285714285714286,14.285714285714286,14.10344827586207
21,2026-03-01,6,3,1,21,16.0,6.0,13.142857142857142,14.0,14.135593220338983
21,2026-03-02,0,3,0,17,21.0,18.0,15.285714285714286,14.142857142857142,14.25
21,2026-03-03,1,3,0,15,17.0,16.0,15.142857142857142,14.357142857142858,14.295081967213115
21,2026-03-04,2,3,0,14,15.0,14.0,15.0,14.714285714285714,14.306451612903226
21,2026-03-05,3,3,0,12,14.0,10.0,15.0,14.857142857142858,14.301587301587302
21,2026-03-06,4,3,0,17,12.0,12.0,15.285714285714286,14.428571428571429,14.265625
21,2026-03-07,5,3,1,20,17.0,16.0,16.0,14.642857142857142,14.307692307692308
21,2026-03-08,6,3,1,22,20.0,21.0,16.571428571428573,14.857142857142858,14.393939393939394
21,2026-03-09,0,3,0,16,22.0,17.0,16.714285714285715,16.0,14.507462686567164
21,2026-03-10,1,3,0,15,16.0,15.0,16.571428571428573,15.857142857142858,14.529411764705882
21,2026-03-11,2,3,0,22,15.0,14.0,16.571428571428573,15.785714285714286,14.53623188405797
21,2026-03-12,3,3,0,19,22.0,12.0,17.714285714285715,16.357142857142858,14.642857142857142
21,2026-03-13,4,3,0,20,19.0,17.0,18.714285714285715,17.0,14.704225352112676
21,2026-03-14,5,3,1,20,20.0,20.0,19.142857142857142,17.571428571428573,14.777777777777779
21,2026-03-15,6,3,1,20,20.0,22.0,19.142857142857142,17.857142857142858,14.849315068493151
21,2026-03-16,0,3,0,13,20.0,16.0,18.857142857142858,17.785714285714285,14.91891891891892
21,2026-03-17,1,3,0,15,13.0,15.0,18.428571428571427,17.5,14.893333333333333
21,2026-03-18,2,3,0,20,15.0,22.0,18.428571428571427,17.5,14.894736842105264
21,2026-03-19,3,3,0,14,20.0,19.0,18.142857142857142,17.928571428571427,14.96103896103896
21,2026-03-20,4,3,0,16,14.0,20.0,17.428571428571427,18.071428571428573,14.948717948717949
21,2026-03-21,5,3,1,17,16.0,20.0,16.857142857142858,18.0,14.962025316455696
21,2026-03-22,6,3,1,20,17.0,20.0,16.428571428571427,17.785714285714285,14.9875
21,2026-03-23,0,3,0,13,20.0,13.0,16.428571428571427,17.642857142857142,15.049382716049383
21,2026-03-24,1,3,0,22,13.0,15.0,16.428571428571427,17.428571428571427,15.024390243902438
21,2026-03-25,2,3,0,15,22.0,20.0,17.428571428571427,17.928571428571427,15.108433734939759
21,2026-03-26,3,3,0,16,15.0,14.0,16.714285714285715,17.428571428571427,15.107142857142858
21,2026-03-27,4,3,0,12,16.0,16.0,17.0,17.214285714285715,15.117647058823529
21,2026-03-28,5,3,1,16,12.0,17.0,16.428571428571427,16.642857142857142,15.081395348837209
21,2026-03-29,6,3,1,21,16.0,20.0,16.285714285714285,16.357142857142858,15.091954022988507
21,2026-03-30,0,3,0,13,21.0,13.0,16.428571428571427,16.428571428571427,15.159090909090908
21,2026-03-31,1,3,0,20,13.0,22.0,16.428571428571427,16.428571428571427,15.134831460674157
21,2026-04-01,2,4,0,14,20.0,15.0,16.142857142857142,16.785714285714285,15.188888888888888
21,2026-04-02,3,4,0,14,14.0,16.0,16.0,16.357142857142858,15.175824175824175
21,2026-04-03,4,4,0,14,14.0,12.0,15.714285714285714,16.357142857142858,15.16304347826087
21,2026-04-04,5,4,1,20,14.0,16.0,16.0,16.214285714285715,15.150537634408602
21,2026-04-05,6,4,1,21,20.0,21.0,16.571428571428573,16.428571428571427,15.202127659574469
21,2026-04-06,0,4,0,22,21.0,13.0,16.571428571428573,16.5,15.263157894736842
21,2026-04-07,1,4,0,18,22.0,20.0,17.857142857142858,17.142857142857142,15.333333333333334
21,2026-04-08,2,4,0,20,18.0,14.0,17.571428571428573,16.857142857142858,15.360824742268042
21,2026-04-09,3,4,0,15,20.0,14.0,18.428571428571427,17.214285714285715,15.408163265306122
21,2026-04-10,4,4,0,20,15.0,14.0,18.571428571428573,17.142857142857142,15.404040404040405
21,2026-04-11,5,4,1,22,20.0,20.0,19.428571428571427,17.714285714285715,15.45
21,2026-04-12,6,4,1,22,22.0,21.0,19.714285714285715,18.142857142857142,15.514851485148515
21,2026-04-13,0,4,0,14,22.0,22.0,19.857142857142858,18.214285714285715,15.57843137254902
21,2026-04-14,1,4,0,21,14.0,18.0,18.714285714285715,18.285714285714285,15.563106796116505
21,2026-04-15,2,4,0,16,21.0,20.0,19.142857142857142,18.357142857142858,15.615384615384615
21,2026-04-16,3,4,0,19,16.0,15.0,18.571428571428573,18.5,15.619047619047619
21,2026-04-17,4,4,0,19,19.0,20.0,19.142857142857142,18.857142857142858,15.650943396226415
21,2026-04-18,5,4,1,18,19.0,22.0,19.0,19.214285714285715,15.682242990654206
21,2026-04-19,6,4,1,24,18.0,22.0,18.428571428571427,19.071428571428573,15.703703703703704
21,2026-04-20,0,4,0,23,24.0,14.0,18.714285714285715,19.285714285714285,15.779816513761467
21,2026-04-21,1,4,0,19,23.0,21.0,20.0,19.357142857142858,15.845454545454546
21,2026-04-22,2,4,0,16,19.0,16.0,19.714285714285715,19.428571428571427,15.873873873873874
21,2026-04-23,3,4,0,24,16.0,19.0,19.714285714285715,19.142857142857142,15.875
21,2026-04-24,4,4,0,16,24.0,19.0,20.428571428571427,19.785714285714285,15.946902654867257
21,2026-04-25,5,4,1,24,16.0,18.0,20.0,19.5,15.947368421052632
21,2026-04-26,6,4,1,17,24.0,24.0,20.857142857142858,19.642857142857142,16.017391304347825
21,2026-04-27,0,4,0,25,17.0,23.0,19.857142857142858,19.285714285714285,16.025862068965516
21,2026-04-28,1,4,0,14,25.0,19.0,20.142857142857142,20.071428571428573,16.102564102564102
21,2026-04-29,2,4,0,18,14.0,16.0,19.428571428571427,19.571428571428573,16.084745762711865
21,2026-04-30,3,4,0,19,18.0,24.0,19.714285714285715,19.714285714285715,16.100840336134453
22,2026-01-15,3,1,0,23,24.0,30.0,27.142857142857142,26.642857142857142,26.642857142857142
22,2026-01-16,4,1,0,26,23.0,33.0,26.142857142857142,26.142857142857142,26.4
22,2026-01-17,5,1,1,25,26.0,31.0,25.142857142857142,26.357142857142858,26.375
22,2026-01-18,6,1,1,29,25.0,19.0,24.285714285714285,25.928571428571427,26.294117647058822
22,2026-01-19,0,1,0,24,29.0,26.0,25.714285714285715,25.857142857142858,26.444444444444443
22,2026-01-20,1,1,0,26,24.0,27.0,25.428571428571427,26.0,26.31578947368421
22,2026-01-21,2,1,0,28,26.0,24.0,25.285714285714285,26.071428571428573,26.3
22,2026-01-22,3,1,0,27,28.0,23.0,25.857142857142858,26.5,26.38095238095238
22,2026-01-23,4,1,0,28,27.0,26.0,26.428571428571427,26.285714285714285,26.40909090909091
22,2026-01-24,5,1,1,26,28.0,25.0,26.714285714285715,25.928571428571427,26.47826086956522
22,2026-01-25,6,1,1,36,26.0,29.0,26.857142857142858,25.571428571428573,26.458333333333332
22,2026-01-26,0,1,0,33,36.0,24.0,27.857142857142858,26.785714285714285,26.84
22,2026-01-27,1,1,0,28,33.0,26.0,29.142857142857142,27.285714285714285,27.076923076923077
22,2026-01-28,2,1,0,30,28.0,28.0,29.428571428571427,27.357142857142858,27.11111111111111
22,2026-01-29,3,1,0,28,30.0,27.0,29.714285714285715,27.785714285714285,27.214285714285715
22,2026-01-30,4,1,0,22,28.0,28.0,29.857142857142858,28.142857142857142,27.24137931034483
22,2026-01-31,5,1,1,31,22.0,26.0,29.0,27.857142857142858,27.066666666666666
22,2026-02-01,6,2,1,28,31.0,36.0,29.714285714285715,28.285714285714285,27.193548387096776
22,2026-02-02,0,2,0,31,28.0,33.0,28.571428571428573,28.214285714285715,27.21875
22,2026-02-03,1,2,0,35,31.0,28.0,28.285714285714285,28.714285714285715,27.333333333333332
22,2026-02-04,2,2,0,26,35.0,30.0,29.285714285714285,29.357142857142858,27.558823529411764
22,2026-02-05,3,2,0,21,26.0,28.0,28.714285714285715,29.214285714285715,27.514285714285716
22,2026-02-06,4,2,0,23,21.0,22.0,27.714285714285715,28.785714285714285,27.333333333333332
22,2026-02-07,5,2,1,33,23.0,31.0,27.857142857142858,28.428571428571427,27.216216216216218
22,2026-02-08,6,2,1,31,33.0,28.0,28.142857142857142,28.928571428571427,27.36842105263158
22,2026-02-09,0,2,0,33,31.0,31.0,28.571428571428573,28.571428571428573,27.46153846153846
22,2026-02-10,1,2,0,28,33.0,35.0,28.857142857142858,28.571428571428573,27.6
22,2026-02-11,2,2,0,30,28.0,26.0,27.857142857142858,28.571428571428573,27.609756097560975
22,2026-02-12,3,2,0,30,30.0,21.0,28.428571428571427,28.571428571428573,27.666666666666668
22,2026-02-13,4,2,0,34,30.0,23.0,29.714285714285715,28.714285714285715,27.72093023255814
22,2026-02-14,5,2,1,33,34.0,33.0,31.285714285714285,29.571428571428573,27.863636363636363
22,2026-02-15,6,2,1,30,33.0,31.0,31.285714285714285,29.714285714285715,27.977777777777778
22,2026-02-16,0,2,0,24,30.0,33.0,31.142857142857142,29.857142857142858,28.02173913043478
22,2026-02-17,1,2,0,35,24.0,28.0,29.857142857142858,29.357142857142858,27.93617021276596
22,2026-02-18,2,2,0,33,35.0,30.0,30.857142857142858,29.357142857142858,28.083333333333332
22,2026-02-19,3,2,0,25,33.0,30.0,31.285714285714285,29.857142857142858,28.183673469387756
22,2026-02-20,4,2,0,22,25.0,34.0,30.571428571428573,30.142857142857142,28.12
22,2026-02-21,5,2,1,41,22.0,33.0,28.857142857142858,30.071428571428573,28.0
22,2026-02-22,6,2,1,33,41.0,30.0,30.0,30.642857142857142,28.25
22,2026-02-23,0,2,0,25,33.0,24.0,30.428571428571427,30.785714285714285,28.339622641509433
22,2026-02-24,1,2,0,17,25.0,35.0,30.571428571428573,30.214285714285715,28.27777777777778
22,2026-02-25,2,2,0,26,17.0,33.0,28.0,29.428571428571427,28.072727272727274
22,2026-02-26,3,2,0,25,26.0,25.0,27.0,29.142857142857142,28.035714285714285
22,2026-02-27,4,2,0,34,25.0,22.0,27.0,28.785714285714285,27.982456140350877
22,2026-02-28,5,2,1,36,34.0,41.0,28.714285714285715,28.785714285714285,28.086206896551722
22,2026-03-01,6,3,1,27,36.0,33.0,28.0,29.0,28.220338983050848
22,2026-03-02,0,3,0,34,27.0,25.0,27.142857142857142,28.785714285714285,28.2
22,2026-03-03,1,3,0,25,34.0,17.0,28.428571428571427,29.5,28.295081967213115
22,2026-03-04,2,3,0,37,25.0,26.0,29.571428571428573,28.785714285714285,28.241935483870968
22,2026-03-05,3,3,0,17,37.0,25.0,31.142857142857142,29.071428571428573,28.38095238095238
22,2026-03-06,4,3,0,29,17.0,34.0,30.0,28.5,28.203125
22,2026-03-07,5,3,1,34,29.0,36.0,29.285714285714285,29.0,28.215384615384615
22,2026-03-08,6,3,1,40,34.0,27.0,29.0,28.5,28.303030303030305
22,2026-03-09,0,3,0,26,40.0,34.0,30.857142857142858,29.0,28.47761194029851
22,2026-03-10,1,3,0,29,26.0,25.0,29.714285714285715,29.071428571428573,28.441176470588236
22,2026-03-11,2,3,0,36,29.0,37.0,30.285714285714285,29.928571428571427,28.44927536231884
22,2026-03-12,3,3,0,32,36.0,17.0,30.142857142857142,30.642857142857142,28.557142857142857
22,2026-03-13,4,3,0,32,32.0,29.0,32.285714285714285,31.142857142857142,28.6056338028169
22,2026-03-14,5,3,1,32,32.0,34.0,32.714285714285715,31.0,28.65277777777778
22,2026-03-15,6,3,1,41,32.0,40.0,32.42857142857143,30.714285714285715,28.698630136986303
22,2026-03-16,0,3,0,30,41.0,26.0,32.57142857142857,31.714285714285715,28.864864864864863
22,2026-03-17,1,3,0,35,30.0,29.0,33.142857142857146,31.428571428571427,28.88
22,2026-03-18,2,3,0,32,35.0,36.0,34.0,32.142857142857146,28.960526315789473
22,2026-03-19,3,3,0,30,32.0,32.0,33.42857142857143,31.785714285714285,29.0
22,2026-03-20,4,3,0,30,30.0,32.0,33.142857142857146,32.714285714285715,29.012820512820515
22,2026-03-21,5,3,1,33,30.0,32.0,32.857142857142854,32.785714285714285,29.025316455696203
22,2026-03-22,6,3,1,35,33.0,41.0,33.0,32.714285714285715,29.075
22,2026-03-23,0,3,0,21,35.0,30.0,32.142857142857146,32.357142857142854,29.14814814814815
22,2026-03-24,1,3,0,26,21.0,35.0,30.857142857142858,32.0,29.048780487804876
22,2026-03-25,2,3,0,19,26.0,32.0,29.571428571428573,31.785714285714285,29.012048192771083
22,2026-03-26,3,3,0,36,19.0,30.0,27.714285714285715,30.571428571428573,28.892857142857142
22,2026-03-27,4,3,0,31,36.0,30.0,28.571428571428573,30.857142857142858,28.976470588235294
22,2026-03-28,5,3,1,34,31.0,33.0,28.714285714285715,30.785714285714285,29.0
22,2026-03-29,6,3,1,37,34.0,35.0,28.857142857142858,30.928571428571427,29.057471264367816
22,2026-03-30,0,3,0,36,37.0,21.0,29.142857142857142,30.642857142857142,29.147727272727273
22,2026-03-31,1,3,0,31,36.0,26.0,31.285714285714285,31.071428571428573,29.224719101123597
22,2026-04-01,2,4,0,36,31.0,19.0,32.0,30.785714285714285,29.244444444444444
22,2026-04-02,3,4,0,33,36.0,36.0,34.42857142857143,31.071428571428573,29.318681318681318
22,2026-04-03,4,4,0,30,33.0,31.0,34.0,31.285714285714285,29.358695652173914
22,2026-04-04,5,4,1,44,30.0,34.0,33.857142857142854,31.285714285714285,29.365591397849464
22,2026-04-05,6,4,1,41,44.0,37.0,35.285714285714285,32.07142857142857,29.52127659574468
22,2026-04-06,0,4,0,33,41.0,36.0,35.857142857142854,32.5,29.642105263157895
22,2026-04-07,1,4,0,22,33.0,31.0,35.42857142857143,33.357142857142854,29.677083333333332
22,2026-04-08,2,4,0,28,22.0,36.0,34.142857142857146,33.07142857142857,29.5979381443299
22,2026-04-09,3,4,0,32,28.0,33.0,33.0,33.714285714285715,29.581632653061224
22,2026-04-10,4,4,0,23,32.0,30.0,32.857142857142854,33.42857142857143,29.606060606060606
22,2026-04-11,5,4,1,41,23.0,44.0,31.857142857142858,32.857142857142854,29.54
22,2026-04-12,6,4,1,42,41.0,41.0,31.428571428571427,33.357142857142854,29.653465346534652
22,2026-04-13,0,4,0,27,42.0,33.0,31.571428571428573,33.714285714285715,29.774509803921568
22,2026-04-14,1,4,0,32,27.0,22.0,30.714285714285715,33.07142857142857,29.74757281553398
22,2026-04-15,2,4,0,32,32.0,28.0,32.142857142857146,33.142857142857146,29.76923076923077
22,2026-04-16,3,4,0,35,32.0,32.0,32.714285714285715,32.857142857142854,29.79047619047619
22,2026-04-17,4,4,0,44,35.0,23.0,33.142857142857146,33.0,29.839622641509433
22,2026-04-18,5,4,1,43,44.0,41.0,36.142857142857146,34.0,29.97196261682243
22,2026-04-19,6,4,1,43,43.0,42.0,36.42857142857143,33.92857142857143,30.09259259259259
22,2026-04-20,0,4,0,18,43.0,27.0,36.57142857142857,34.07142857142857,30.211009174311926
22,2026-04-21,1,4,0,40,18.0,32.0,35.285714285714285,33.0,30.1
22,2026-04-22,2,4,0,31,40.0,32.0,36.42857142857143,34.285714285714285,30.18918918918919
22,2026-04-23,3,4,0,38,31.0,35.0,36.285714285714285,34.5,30.196428571428573
22,2026-04-24,4,4,0,38,38.0,44.0,36.714285714285715,34.92857142857143,30.265486725663717
22,2026-04-25,5,4,1,47,38.0,43.0,35.857142857142854,36.0,30.333333333333332
22,2026-04-26,6,4,1,38,47.0,43.0,36.42857142857143,36.42857142857143,30.47826086956522
22,2026-04-27,0,4,0,43,38.0,18.0,35.714285714285715,36.142857142857146,30.54310344827586
22,2026-04-28,1,4,0,41,43.0,40.0,39.285714285714285,37.285714285714285,30.64957264957265
22,2026-04-29,2,4,0,33,41.0,31.0,39.42857142857143,37.92857142857143,30.73728813559322
22,2026-04-30,3,4,0,33,33.0,38.0,39.714285714285715,38.0,30.756302521008404
23,2026-01-15,3,1,0,0,0.0,0.0,0.2857142857142857,0.8571428571428571,0.8571428571428571
23,2026-01-16,4,1,0,0,0.0,0.0,0.2857142857142857,0.6428571428571429,0.8
23,2026-01-17,5,1,1,3,0.0,0.0,0.2857142857142857,0.6428571428571429,0.75
23,2026-01-18,6,1,1,0,3.0,0.0,0.7142857142857143,0.7857142857142857,0.8823529411764706
23,2026-01-19,0,1,0,0,0.0,2.0,0.7142857142857143,0.5,0.8333333333333334
23,2026-01-20,1,1,0,2,0.0,0.0,0.42857142857142855,0.35714285714285715,0.7894736842105263
23,2026-01-21,2,1,0,4,2.0,0.0,0.7142857142857143,0.5,0.85
23,2026-01-22,3,1,0,0,4.0,0.0,1.2857142857142858,0.7857142857142857,1.0
23,2026-01-23,4,1,0,0,0.0,0.0,1.2857142857142858,0.7857142857142857,0.9545454545454546
23,2026-01-24,5,1,1,0,0.0,3.0,1.2857142857142858,0.7857142857142857,0.9130434782608695
23,2026-01-25,6,1,1,0,0.0,0.0,0.8571428571428571,0.7857142857142857,0.875
23,2026-01-26,0,1,0,0,0.0,0.0,0.8571428571428571,0.7857142857142857,0.84
23,2026-01-27,1,1,0,0,0.0,2.0,0.8571428571428571,0.6428571428571429,0.8076923076923077
23,2026-01-28,2,1,0,0,0.0,4.0,0.5714285714285714,0.6428571428571429,0.7777777777777778
23,2026-01-29,3,1,0,0,0.0,0.0,0.0,0.6428571428571429,0.75
23,2026-01-30,4,1,0,2,0.0,0.0,0.0,0.6428571428571429,0.7241379310344828
23,2026-01-31,5,1,1,2,2.0,0.0,0.2857142857142857,0.7857142857142857,0.7666666666666667
23,2026-02-01,6,2,1,0,2.0,0.0,0.5714285714285714,0.7142857142857143,0.8064516129032258
23,2026-02-02,0,2,0,0,0.0,0.0,0.5714285714285714,0.7142857142857143,0.78125
23,2026-02-03,1,2,0,0,0.0,0.0,0.5714285714285714,0.7142857142857143,0.7575757575757576
23,2026-02-04,2,2,0,0,0.0,0.0,0.5714285714285714,0.5714285714285714,0.7352941176470589
23,2026-02-05,3,2,0,0,0.0,0.0,0.5714285714285714,0.2857142857142857,0.7142857142857143
23,2026-02-06,4,2,0,0,0.0,2.0,0.5714285714285714,0.2857142857142857,0.6944444444444444
23,2026-02-07,5,2,1,4,0.0,2.0,0.2857142857142857,0.2857142857142857,0.6756756756756757
23,2026-02-08,6,2,1,2,4.0,0.0,0.5714285714285714,0.5714285714285714,0.7631578947368421
23,2026-02-09,0,2,0,0,2.0,0.0,0.8571428571428571,0.7142857142857143,0.7948717948717948
23,2026-02-10,1,2,0,0,0.0,0.0,0.8571428571428571,0.7142857142857143,0.775
23,2026-02-11,2,2,0,0,0.0,0.0,0.8571428571428571,0.7142857142857143,0.7560975609756098
23,2026-02-12,3,2,0,0,0.0,0.0,0.8571428571428571,0.7142857142857143,0.7380952380952381
23,2026-02-13,4,2,0,2,0.0,0.0,0.8571428571428571,0.7142857142857143,0.7209302325581395
23,2026-02-14,5,2,1,0,2.0,4.0,1.1428571428571428,0.7142857142857143,0.75
23,2026-02-15,6,2,1,0,0.0,2.0,0.5714285714285714,0.5714285714285714,0.7333333333333333
23,2026-02-16,0,2,0,0,0.0,0.0,0.2857142857142857,0.5714285714285714,0.717391304347826
23,2026-02-17,1,2,0,0,0.0,0.0,0.2857142857142857,0.5714285714285714,0.7021276595744681
23,2026-02-18,2,2,0,2,0.0,0.0,0.2857142857142857,0.5714285714285714,0.6875
23,2026-02-19,3,2,0,0,2.0,0.0,0.5714285714285714,0.7142857142857143,0.7142857142857143
23,2026-02-20,4,2,0,0,0.0,2.0,0.5714285714285714,0.7142857142857143,0.7
23,2026-02-21,5,2,1,0,0.0,0.0,0.2857142857142857,0.7142857142857143,0.6862745098039216
23,2026-02-22,6,2,1,0,0.0,0.0,0.2857142857142857,0.42857142857142855,0.6730769230769231
23,2026-02-23,0,2,0,3,0.0,0.0,0.2857142857142857,0.2857142857142857,0.660377358490566
23,2026-02-24,1,2,0,0,3.0,0.0,0.7142857142857143,0.5,0.7037037037037037
23,2026-02-25,2,2,0,0,0.0,2.0,0.7142857142857143,0.5,0.6909090909090909
23,2026-02-26,3,2,0,1,0.0,0.0,0.42857142857142855,0.5,0.6785714285714286
23,2026-02-27,4,2,0,0,1.0,0.0,0.5714285714285714,0.5714285714285714,0.6842105263157895
23,2026-02-28,5,2,1,3,0.0,0.0,0.5714285714285714,0.42857142857142855,0.6724137931034483
23,2026-03-01,6,3,1,3,3.0,0.0,1.0,0.6428571428571429,0.711864406779661
23,2026-03-02,0,3,0,0,3.0,3.0,1.4285714285714286,0.8571428571428571,0.75
23,2026-03-03,1,3,0,1,0.0,0.0,1.0,0.8571428571428571,0.7377049180327869
23,2026-03-04,2,3,0,0,1.0,0.0,1.1428571428571428,0.9285714285714286,0.7419354838709677
23,2026-03-05,3,3,0,0,0.0,1.0,1.1428571428571428,0.7857142857142857,0.7301587301587301
23,2026-03-06,4,3,0,0,0.0,0.0,1.0,0.7857142857142857,0.71875
23,2026-03-07,5,3,1,0,0.0,3.0,1.0,0.7857142857142857,0.7076923076923077
23,2026-03-08,6,3,1,4,0.0,3.0,0.5714285714285714,0.7857142857142857,0.696969696969697
23,2026-03-09,0,3,0,0,4.0,0.0,0.7142857142857143,1.0714285714285714,0.746268656716418
23,2026-03-10,1,3,0,0,0.0,1.0,0.7142857142857143,0.8571428571428571,0.7352941176470589
23,2026-03-11,2,3,0,0,0.0,0.0,0.5714285714285714,0.8571428571428571,0.7246376811594203
23,2026-03-12,3,3,0,0,0.0,0.0,0.5714285714285714,0.8571428571428571,0.7142857142857143
23,2026-03-13,4,3,0,0,0.0,0.0,0.5714285714285714,0.7857142857142857,0.704225352112676
23,2026-03-14,5,3,1,0,0.0,0.0,0.5714285714285714,0.7857142857142857,0.6944444444444444
23,2026-03-15,6,3,1,0,0.0,4.0,0.5714285714285714,0.5714285714285714,0.684931506849315
23,2026-03-16,0,3,0,0,0.0,0.0,0.0,0.35714285714285715,0.6756756756756757
23,2026-03-17,1,3,0,0,0.0,0.0,0.0,0.35714285714285715,0.6666666666666666
23,2026-03-18,2,3,0,0,0.0,0.0,0.0,0.2857142857142857,0.6578947368421053
23,2026-03-19,3,3,0,0,0.0,0.0,0.0,0.2857142857142857,0.6493506493506493
23,2026-03-20,4,3,0,2,0.0,0.0,0.0,0.2857142857142857,0.6410256410256411
23,2026-03-21,5,3,1,2,2.0,0.0,0.2857142857142857,0.42857142857142855,0.6582278481012658
23,2026-03-22,6,3,1,0,2.0,0.0,0.5714285714285714,0.5714285714285714,0.675
23,2026-03-23,0,3,0,0,0.0,0.0,0.5714285714285714,0.2857142857142857,0.6666666666666666
23,2026-03-24,1,3,0,4,0.0,0.0,0.5714285714285714,0.2857142857142857,0.6585365853658537
23,2026-03-25,2,3,0,0,4.0,0.0,1.1428571428571428,0.5714285714285714,0.6987951807228916
23,2026-03-26,3,3,0,4,0.0,0.0,1.1428571428571428,0.5714285714285714,0.6904761904761905
23,2026-03-27,4,3,0,4,4.0,2.0,1.7142857142857142,0.8571428571428571,0.7294117647058823
23,2026-03-28,5,3,1,0,4.0,2.0,2.0,1.1428571428571428,0.7674418604651163
23,2026-03-29,6,3,1,0,0.0,0.0,1.7142857142857142,1.1428571428571428,0.7586206896551724
23,2026-03-30,0,3,0,0,0.0,0.0,1.7142857142857142,1.1428571428571428,0.75
23,2026-03-31,1,3,0,0,0.0,4.0,1.7142857142857142,1.1428571428571428,0.7415730337078652
23,2026-04-01,2,4,0,0,0.0,0.0,1.1428571428571428,1.1428571428571428,0.7333333333333333
23,2026-04-02,3,4,0,2,0.0,4.0,1.1428571428571428,1.1428571428571428,0.7252747252747253
23,2026-04-03,4,4,0,0,2.0,4.0,0.8571428571428571,1.2857142857142858,0.7391304347826086
23,2026-04-04,5,4,1,0,0.0,0.0,0.2857142857142857,1.1428571428571428,0.7311827956989247
23,2026-04-05,6,4,1,2,0.0,0.0,0.2857142857142857,1.0,0.723404255319149
23,2026-04-06,0,4,0,4,2.0,0.0,0.5714285714285714,1.1428571428571428,0.7368421052631579
23,2026-04-07,1,4,0,0,4.0,0.0,1.1428571428571428,1.4285714285714286,0.7708333333333334
23,2026-04-08,2,4,0,0,0.0,0.0,1.1428571428571428,1.1428571428571428,0.7628865979381443
23,2026-04-09,3,4,0,2,0.0,2.0,1.1428571428571428,1.1428571428571428,0.7551020408163265
23,2026-04-10,4,4,0,0,2.0,0.0,1.1428571428571428,1.0,0.7676767676767676
23,2026-04-11,5,4,1,0,0.0,0.0,1.1428571428571428,0.7142857142857143,0.76
23,2026-04-12,6,4,1,0,0.0,2.0,1.1428571428571428,0.7142857142857143,0.7524752475247525
23,2026-04-13,0,4,0,0,0.0,4.0,0.8571428571428571,0.7142857142857143,0.7450980392156863
23,2026-04-14,1,4,0,0,0.0,0.0,0.2857142857142857,0.7142857142857143,0.7378640776699029
23,2026-04-15,2,4,0,0,0.0,0.0,0.2857142857142857,0.7142857142857143,0.7307692307692307
23,2026-04-16,3,4,0,0,0.0,2.0,0.2857142857142857,0.7142857142857143,0.7238095238095238
23,2026-04-17,4,4,0,0,0.0,0.0,0.0,0.5714285714285714,0.7169811320754716
23,2026-04-18,5,4,1,1,0.0,0.0,0.0,0.5714285714285714,0.7102803738317757
23,2026-04-19,6,4,1,0,1.0,0.0,0.14285714285714285,0.6428571428571429,0.7129629629629629
23,2026-04-20,0,4,0,1,0.0,0.0,0.14285714285714285,0.5,0.7064220183486238
23,2026-04-21,1,4,0,3,1.0,0.0,0.2857142857142857,0.2857142857142857,0.7090909090909091
23,2026-04-22,2,4,0,0,3.0,0.0,0.7142857142857143,0.5,0.7297297297297297
23,2026-04-23,3,4,0,0,0.0,0.0,0.7142857142857143,0.5,0.7232142857142857
23,2026-04-24,4,4,0,1,0.0,0.0,0.7142857142857143,0.35714285714285715,0.7168141592920354
23,2026-04-25,5,4,1,2,1.0,1.0,0.8571428571428571,0.42857142857142855,0.7192982456140351
23,2026-04-26,6,4,1,3,2.0,0.0,1.0,0.5714285714285714,0.7304347826086957
23,2026-04-27,0,4,0,0,3.0,1.0,1.4285714285714286,0.7857142857142857,0.75
23,2026-04-28,1,4,0,3,0.0,3.0,1.2857142857142858,0.7857142857142857,0.7435897435897436
23,2026-04-29,2,4,0,0,3.0,0.0,1.2857142857142858,1.0,0.7627118644067796
23,2026-04-30,3,4,0,3,0.0,0.0,1.2857142857142858,1.0,0.7563025210084033
24,2026-01-15,3,1,0,5,7.0,9.0,8.571428571428571,8.5,8.5
24,2026-01-16,4,1,0,8,5.0,8.0,8.0,8.142857142857142,8.266666666666667
24,2026-01-17,5,1,1,7,8.0,11.0,8.0,8.071428571428571,8.25
24,2026-01-18,6,1,1,11,7.0,9.0,7.428571428571429,7.857142857142857,8.176470588235293
24,2026-01-19,0,1,0,11,11.0,8.0,7.714285714285714,8.071428571428571,8.333333333333334
24,2026-01-20,1,1,0,7,11.0,8.0,8.142857142857142,8.357142857142858,8.473684210526315
24,2026-01-21,2,1,0,6,7.0,7.0,8.0,8.285714285714286,8.4
24,2026-01-22,3,1,0,8,6.0,5.0,7.857142857142857,8.214285714285714,8.285714285714286
24,2026-01-23,4,1,0,8,8.0,8.0,8.285714285714286,8.142857142857142,8.272727272727273
24,2026-01-24,5,1,1,9,8.0,7.0,8.285714285714286,8.142857142857142,8.26086956521739
24,2026-01-25,6,1,1,10,9.0,11.0,8.571428571428571,8.0,8.291666666666666
24,2026-01-26,0,1,0,8,10.0,11.0,8.428571428571429,8.071428571428571,8.36
24,2026-01-27,1,1,0,11,8.0,7.0,8.0,8.071428571428571,8.346153846153847
24,2026-01-28,2,1,0,8,11.0,6.0,8.571428571428571,8.285714285714286,8.444444444444445
24,2026-01-29,3,1,0,6,8.0,8.0,8.857142857142858,8.357142857142858,8.428571428571429
24,2026-01-30,4,1,0,7,6.0,8.0,8.571428571428571,8.428571428571429,8.344827586206897
24,2026-01-31,5,1,1,9,7.0,9.0,8.428571428571429,8.357142857142858,8.3
24,2026-02-01,6,2,1,9,9.0,10.0,8.428571428571429,8.5,8.32258064516129
24,2026-02-02,0,2,0,8,9.0,8.0,8.285714285714286,8.357142857142858,8.34375
24,2026-02-03,1,2,0,9,8.0,11.0,8.285714285714286,8.142857142857142,8.333333333333334
24,2026-02-04,2,2,0,7,9.0,8.0,8.0,8.285714285714286,8.352941176470589
24,2026-02-05,3,2,0,10,7.0,6.0,7.857142857142857,8.357142857142858,8.314285714285715
24,2026-02-06,4,2,0,7,10.0,7.0,8.428571428571429,8.5,8.36111111111111
24,2026-02-07,5,2,1,12,7.0,9.0,8.428571428571429,8.428571428571429,8.324324324324325
24,2026-02-08,6,2,1,11,12.0,9.0,8.857142857142858,8.642857142857142,8.421052631578947
24,2026-02-09,0,2,0,8,11.0,8.0,9.142857142857142,8.714285714285714,8.487179487179487
24,2026-02-10,1,2,0,10,8.0,9.0,9.142857142857142,8.714285714285714,8.475
24,2026-02-11,2,2,0,8,10.0,7.0,9.285714285714286,8.642857142857142,8.512195121951219
24,2026-02-12,3,2,0,12,8.0,10.0,9.428571428571429,8.642857142857142,8.5
24,2026-02-13,4,2,0,9,12.0,7.0,9.714285714285714,9.071428571428571,8.581395348837209
24,2026-02-14,5,2,1,12,9.0,12.0,10.0,9.214285714285714,8.590909090909092
24,2026-02-15,6,2,1,13,12.0,11.0,10.0,9.428571428571429,8.666666666666666
24,2026-02-16,0,2,0,11,13.0,8.0,10.285714285714286,9.714285714285714,8.76086956521739
24,2026-02-17,1,2,0,12,11.0,10.0,10.714285714285714,9.928571428571429,8.808510638297872
24,2026-02-18,2,2,0,9,12.0,8.0,11.0,10.142857142857142,8.875
24,2026-02-19,3,2,0,9,9.0,12.0,11.142857142857142,10.285714285714286,8.877551020408163
24,2026-02-20,4,2,0,10,9.0,9.0,10.714285714285714,10.214285714285714,8.88
24,2026-02-21,5,2,1,10,10.0,12.0,10.857142857142858,10.428571428571429,8.901960784313726
24,2026-02-22,6,2,1,12,10.0,13.0,10.571428571428571,10.285714285714286,8.923076923076923
24,2026-02-23,0,2,0,7,12.0,11.0,10.428571428571429,10.357142857142858,8.981132075471699
24,2026-02-24,1,2,0,5,7.0,12.0,9.857142857142858,10.285714285714286,8.944444444444445
24,2026-02-25,2,2,0,9,5.0,9.0,8.857142857142858,9.928571428571429,8.872727272727273
24,2026-02-26,3,2,0,10,9.0,9.0,8.857142857142858,10.0,8.875
24,2026-02-27,4,2,0,8,10.0,10.0,9.0,9.857142857142858,8.894736842105264
24,2026-02-28,5,2,1,14,8.0,10.0,8.714285714285714,9.785714285714286,8.879310344827585
24,2026-03-01,6,3,1,9,14.0,12.0,9.285714285714286,9.928571428571429,8.966101694915254
24,2026-03-02,0,3,0,9,9.0,7.0,8.857142857142858,9.642857142857142,8.966666666666667
24,2026-03-03,1,3,0,13,9.0,5.0,9.142857142857142,9.5,8.967213114754099
24,2026-03-04,2,3,0,9,13.0,9.0,10.285714285714286,9.571428571428571,9.03225806451613
24,2026-03-05,3,3,0,6,9.0,10.0,10.285714285714286,9.571428571428571,9.031746031746032
24,2026-03-06,4,3,0,9,6.0,8.0,9.714285714285714,9.357142857142858,8.984375
24,2026-03-07,5,3,1,11,9.0,14.0,9.857142857142858,9.285714285714286,8.984615384615385
24,2026-03-08,6,3,1,12,11.0,9.0,9.428571428571429,9.357142857142858,9.015151515151516
24,2026-03-09,0,3,0,11,12.0,9.0,9.857142857142858,9.357142857142858,9.059701492537313
24,2026-03-10,1,3,0,9,11.0,13.0,10.142857142857142,9.642857142857142,9.088235294117647
24,2026-03-11,2,3,0,7,9.0,9.0,9.571428571428571,9.928571428571429,9.08695652173913
24,2026-03-12,3,3,0,12,7.0,6.0,9.285714285714286,9.785714285714286,9.057142857142857
24,2026-03-13,4,3,0,9,12.0,9.0,10.142857142857142,9.928571428571429,9.098591549295774
24,2026-03-14,5,3,1,7,9.0,11.0,10.142857142857142,10.0,9.097222222222221
24,2026-03-15,6,3,1,11,7.0,12.0,9.571428571428571,9.5,9.068493150684931
24,2026-03-16,0,3,0,10,11.0,11.0,9.428571428571429,9.642857142857142,9.094594594594595
24,2026-03-17,1,3,0,9,10.0,9.0,9.285714285714286,9.714285714285714,9.106666666666667
24,2026-03-18,2,3,0,9,9.0,7.0,9.285714285714286,9.428571428571429,9.105263157894736
24,2026-03-19,3,3,0,11,9.0,12.0,9.571428571428571,9.428571428571429,9.103896103896103
24,2026-03-20,4,3,0,11,11.0,9.0,9.428571428571429,9.785714285714286,9.128205128205128
24,2026-03-21,5,3,1,12,11.0,7.0,9.714285714285714,9.928571428571429,9.151898734177216
24,2026-03-22,6,3,1,13,12.0,11.0,10.428571428571429,10.0,9.1875
24,2026-03-23,0,3,0,6,13.0,10.0,10.714285714285714,10.071428571428571,9.234567901234568
24,2026-03-24,1,3,0,12,6.0,9.0,10.142857142857142,9.714285714285714,9.195121951219512
24,2026-03-25,2,3,0,9,12.0,9.0,10.571428571428571,9.928571428571429,9.228915662650602
24,2026-03-26,3,3,0,8,9.0,11.0,10.571428571428571,10.071428571428571,9.226190476190476
24,2026-03-27,4,3,0,12,8.0,11.0,10.142857142857142,9.785714285714286,9.211764705882352
24,2026-03-28,5,3,1,14,12.0,12.0,10.285714285714286,10.0,9.244186046511627
24,2026-03-29,6,3,1,13,14.0,13.0,10.571428571428571,10.5,9.298850574712644
24,2026-03-30,0,3,0,13,13.0,6.0,10.571428571428571,10.642857142857142,9.340909090909092
24,2026-03-31,1,3,0,7,13.0,12.0,11.571428571428571,10.857142857142858,9.382022471910112
24,2026-04-01,2,4,0,12,7.0,9.0,10.857142857142858,10.714285714285714,9.355555555555556
24,2026-04-02,3,4,0,11,12.0,8.0,11.285714285714286,10.928571428571429,9.384615384615385
24,2026-04-03,4,4,0,8,11.0,12.0,11.714285714285714,10.928571428571429,9.402173913043478
24,2026-04-04,5,4,1,14,8.0,14.0,11.142857142857142,10.714285714285714,9.387096774193548
24,2026-04-05,6,4,1,16,14.0,13.0,11.142857142857142,10.857142857142858,9.436170212765957
24,2026-04-06,0,4,0,9,16.0,13.0,11.571428571428571,11.071428571428571,9.505263157894737
24,2026-04-07,1,4,0,9,9.0,7.0,11.0,11.285714285714286,9.5
24,2026-04-08,2,4,0,9,9.0,12.0,11.285714285714286,11.071428571428571,9.494845360824742
24,2026-04-09,3,4,0,12,9.0,11.0,10.857142857142858,11.071428571428571,9.489795918367347
24,2026-04-10,4,4,0,9,12.0,8.0,11.0,11.357142857142858,9.515151515151516
24,2026-04-11,5,4,1,9,9.0,14.0,11.142857142857142,11.142857142857142,9.51
24,2026-04-12,6,4,1,18,9.0,16.0,10.428571428571429,10.785714285714286,9.504950495049505
24,2026-04-13,0,4,0,11,18.0,9.0,10.714285714285714,11.142857142857142,9.588235294117647
24,2026-04-14,1,4,0,13,11.0,9.0,11.0,11.0,9.601941747572816
24,2026-04-15,2,4,0,9,13.0,9.0,11.571428571428571,11.428571428571429,9.634615384615385
24,2026-04-16,3,4,0,13,9.0,12.0,11.571428571428571,11.214285714285714,9.628571428571428
24,2026-04-17,4,4,0,11,13.0,9.0,11.714285714285714,11.357142857142858,9.660377358490566
24,2026-04-18,5,4,1,13,11.0,9.0,12.0,11.571428571428571,9.672897196261681
24,2026-04-19,6,4,1,10,13.0,18.0,12.571428571428571,11.5,9.703703703703704
24,2026-04-20,0,4,0,12,10.0,11.0,11.428571428571429,11.071428571428571,9.706422018348624
24,2026-04-21,1,4,0,11,12.0,13.0,11.571428571428571,11.285714285714286,9.727272727272727
24,2026-04-22,2,4,0,11,11.0,9.0,11.285714285714286,11.428571428571429,9.73873873873874
24,2026-04-23,3,4,0,9,11.0,13.0,11.571428571428571,11.571428571428571,9.75
24,2026-04-24,4,4,0,10,9.0,11.0,11.0,11.357142857142858,9.743362831858407
24,2026-04-25,5,4,1,12,10.0,13.0,10.857142857142858,11.428571428571429,9.74561403508772
24,2026-04-26,6,4,1,11,12.0,10.0,10.714285714285714,11.642857142857142,9.765217391304347
24,2026-04-27,0,4,0,13,11.0,12.0,10.857142857142858,11.142857142857142,9.775862068965518
24,2026-04-28,1,4,0,8,13.0,11.0,11.0,11.285714285714286,9.803418803418804
24,2026-04-29,2,4,0,11,8.0,11.0,10.571428571428571,10.928571428571429,9.788135593220339
24,2026-04-30,3,4,0,13,11.0,9.0,10.571428571428571,11.071428571428571,9.798319327731093
25,2026-01-15,3,1,0,25,17.0,8.0,16.428571428571427,16.642857142857142,16.642857142857142
25,2026-01-16,4,1,0,16,25.0,16.0,18.857142857142858,17.214285714285715,17.2
25,2026-01-17,5,1,1,19,16.0,19.0,18.857142857142858,17.285714285714285,17.125
25,2026-01-18,6,1,1,21,19.0,19.0,18.857142857142858,17.071428571428573,17.235294117647058
25,2026-01-19,0,1,0,9,21.0,16.0,19.142857142857142,17.5,17.444444444444443
25,2026-01-20,1,1,0,19,9.0,20.0,18.142857142857142,17.0,17.0
25,2026-01-21,2,1,0,12,19.0,17.0,18.0,16.785714285714285,17.1
25,2026-01-22,3,1,0,17,12.0,25.0,17.285714285714285,16.857142857142858,16.857142857142858
25,2026-01-23,4,1,0,14,17.0,16.0,16.142857142857142,17.5,16.863636363636363
25,2026-01-24,5,1,1,23,14.0,19.0,15.857142857142858,17.357142857142858,16.73913043478261
25,2026-01-25,6,1,1,19,23.0,21.0,16.428571428571427,17.642857142857142,17.0
25,2026-01-26,0,1,0,18,19.0,9.0,16.142857142857142,17.642857142857142,17.08
25,2026-01-27,1,1,0,17,18.0,19.0,17.428571428571427,17.785714285714285,17.115384615384617
25,2026-01-28,2,1,0,16,17.0,12.0,17.142857142857142,17.571428571428573,17.11111111111111
25,2026-01-29,3,1,0,15,16.0,17.0,17.714285714285715,17.5,17.071428571428573
25,2026-01-30,4,1,0,19,15.0,14.0,17.428571428571427,16.785714285714285,17.0
25,2026-01-31,5,1,1,16,19.0,23.0,18.142857142857142,17.0,17.066666666666666
25,2026-02-01,6,2,1,16,16.0,19.0,17.142857142857142,16.785714285714285,17.032258064516128
25,2026-02-02,0,2,0,20,16.0,18.0,16.714285714285715,16.428571428571427,17.0
25,2026-02-03,1,2,0,14,20.0,17.0,17.0,17.214285714285715,17.09090909090909
25,2026-02-04,2,2,0,20,14.0,16.0,16.571428571428573,16.857142857142858,17.0
25,2026-02-05,3,2,0,16,20.0,15.0,17.142857142857142,17.428571428571427,17.085714285714285
25,2026-02-06,4,2,0,15,16.0,19.0,17.285714285714285,17.357142857142858,17.055555555555557
25,2026-02-07,5,2,1,18,15.0,16.0,16.714285714285715,17.428571428571427,17.0
25,2026-02-08,6,2,1,16,18.0,16.0,17.0,17.071428571428573,17.026315789473685
25,2026-02-09,0,2,0,12,16.0,20.0,17.0,16.857142857142858,17.0
25,2026-02-10,1,2,0,17,12.0,14.0,15.857142857142858,16.428571428571427,16.875
25,2026-02-11,2,2,0,16,17.0,20.0,16.285714285714285,16.428571428571427,16.878048780487806
25,2026-02-12,3,2,0,17,16.0,16.0,15.714285714285714,16.428571428571427,16.857142857142858
25,2026-02-13,4,2,0,11,17.0,15.0,15.857142857142858,16.571428571428573,16.86046511627907
25,2026-02-14,5,2,1,18,11.0,18.0,15.285714285714286,16.0,16.727272727272727
25,2026-02-15,6,2,1,20,18.0,16.0,15.285714285714286,16.142857142857142,16.755555555555556
25,2026-02-16,0,2,0,15,20.0,12.0,15.857142857142858,16.428571428571427,16.82608695652174
25,2026-02-17,1,2,0,18,15.0,17.0,16.285714285714285,16.071428571428573,16.78723404255319
25,2026-02-18,2,2,0,23,18.0,16.0,16.428571428571427,16.357142857142858,16.8125
25,2026-02-19,3,2,0,15,23.0,17.0,17.428571428571427,16.571428571428573,16.93877551020408
25,2026-02-20,4,2,0,15,15.0,11.0,17.142857142857142,16.5,16.9
25,2026-02-21,5,2,1,23,15.0,18.0,17.714285714285715,16.5,16.862745098039216
25,2026-02-22,6,2,1,16,23.0,20.0,18.428571428571427,16.857142857142858,16.98076923076923
25,2026-02-23,0,2,0,23,16.0,15.0,17.857142857142858,16.857142857142858,16.962264150943398
25,2026-02-24,1,2,0,11,23.0,18.0,19.0,17.642857142857142,17.074074074074073
25,2026-02-25,2,2,0,19,11.0,23.0,18.0,17.214285714285715,16.963636363636365
25,2026-02-26,3,2,0,14,19.0,15.0,17.428571428571427,17.428571428571427,17.0
25,2026-02-27,4,2,0,15,14.0,15.0,17.285714285714285,17.214285714285715,16.94736842105263
25,2026-02-28,5,2,1,27,15.0,23.0,17.285714285714285,17.5,16.913793103448278
25,2026-03-01,6,3,1,20,27.0,16.0,17.857142857142858,18.142857142857142,17.084745762711865
25,2026-03-02,0,3,0,19,20.0,23.0,18.428571428571427,18.142857142857142,17.133333333333333
25,2026-03-03,1,3,0,12,19.0,11.0,17.857142857142858,18.428571428571427,17.16393442622951
25,2026-03-04,2,3,0,17,12.0,19.0,18.0,18.0,17.080645161290324
25,2026-03-05,3,3,0,22,17.0,14.0,17.714285714285715,17.571428571428573,17.07936507936508
25,2026-03-06,4,3,0,17,22.0,15.0,18.857142857142858,18.071428571428573,17.15625
25,2026-03-07,5,3,1,14,17.0,27.0,19.142857142857142,18.214285714285715,17.153846153846153
25,2026-03-08,6,3,1,28,14.0,20.0,17.285714285714285,17.571428571428573,17.106060606060606
25,2026-03-09,0,3,0,19,28.0,19.0,18.428571428571427,18.428571428571427,17.26865671641791
25,2026-03-10,1,3,0,21,19.0,12.0,18.428571428571427,18.142857142857142,17.294117647058822
25,2026-03-11,2,3,0,15,21.0,17.0,19.714285714285715,18.857142857142858,17.347826086956523
25,2026-03-12,3,3,0,20,15.0,22.0,19.428571428571427,18.571428571428573,17.314285714285713
25,2026-03-13,4,3,0,16,20.0,17.0,19.142857142857142,19.0,17.35211267605634
25,2026-03-14,5,3,1,23,16.0,14.0,19.0,19.071428571428573,17.333333333333332
25,2026-03-15,6,3,1,21,23.0,28.0,20.285714285714285,18.785714285714285,17.410958904109588
25,2026-03-16,0,3,0,21,21.0,19.0,19.285714285714285,18.857142857142858,17.45945945945946
25,2026-03-17,1,3,0,22,21.0,21.0,19.571428571428573,19.0,17.506666666666668
25,2026-03-18,2,3,0,26,22.0,15.0,19.714285714285715,19.714285714285715,17.56578947368421
25,2026-03-19,3,3,0,20,26.0,20.0,21.285714285714285,20.357142857142858,17.675324675324674
25,2026-03-20,4,3,0,19,20.0,16.0,21.285714285714285,20.214285714285715,17.705128205128204
25,2026-03-21,5,3,1,18,19.0,23.0,21.714285714285715,20.357142857142858,17.72151898734177
25,2026-03-22,6,3,1,27,18.0,21.0,21.0,20.642857142857142,17.725
25,2026-03-23,0,3,0,28,27.0,21.0,21.857142857142858,20.571428571428573,17.839506172839506
25,2026-03-24,1,3,0,19,28.0,22.0,22.857142857142858,21.214285714285715,17.963414634146343
25,2026-03-25,2,3,0,17,19.0,26.0,22.428571428571427,21.071428571428573,17.97590361445783
25,2026-03-26,3,3,0,19,17.0,20.0,21.142857142857142,21.214285714285715,17.964285714285715
25,2026-03-27,4,3,0,23,19.0,19.0,21.0,21.142857142857142,17.976470588235294
25,2026-03-28,5,3,1,22,23.0,18.0,21.571428571428573,21.642857142857142,18.03488372093023
25,2026-03-29,6,3,1,22,22.0,27.0,22.142857142857142,21.571428571428573,18.080459770114942
25,2026-03-30,0,3,0,15,22.0,28.0,21.428571428571427,21.642857142857142,18.125
25,2026-03-31,1,3,0,25,15.0,19.0,19.571428571428573,21.214285714285715,18.089887640449437
25,2026-04-01,2,4,0,21,25.0,17.0,20.428571428571427,21.428571428571427,18.166666666666668
25,2026-04-02,3,4,0,23,21.0,19.0,21.0,21.071428571428573,18.197802197802197
25,2026-04-03,4,4,0,18,23.0,23.0,21.571428571428573,21.285714285714285,18.25
25,2026-04-04,5,4,1,29,18.0,22.0,20.857142857142858,21.214285714285715,18.247311827956988
25,2026-04-05,6,4,1,29,29.0,22.0,21.857142857142858,22.0,18.361702127659573
25,2026-04-06,0,4,0,22,29.0,15.0,22.857142857142858,22.142857142857142,18.473684210526315
25,2026-04-07,1,4,0,25,22.0,25.0,23.857142857142858,21.714285714285715,18.510416666666668
25,2026-04-08,2,4,0,23,25.0,21.0,23.857142857142858,22.142857142857142,18.577319587628867
25,2026-04-09,3,4,0,20,23.0,23.0,24.142857142857142,22.571428571428573,18.622448979591837
25,2026-04-10,4,4,0,12,20.0,18.0,23.714285714285715,22.642857142857142,18.636363636363637
25,2026-04-11,5,4,1,23,12.0,29.0,22.857142857142858,21.857142857142858,18.57
25,2026-04-12,6,4,1,25,23.0,29.0,22.0,21.928571428571427,18.613861386138613
25,2026-04-13,0,4,0,19,25.0,22.0,21.428571428571427,22.142857142857142,18.676470588235293
25,2026-04-14,1,4,0,23,19.0,25.0,21.0,22.428571428571427,18.679611650485437
25,2026-04-15,2,4,0,25,23.0,23.0,20.714285714285715,22.285714285714285,18.721153846153847
25,2026-04-16,3,4,0,22,25.0,20.0,21.0,22.571428571428573,18.78095238095238
25,2026-04-17,4,4,0,20,22.0,12.0,21.285714285714285,22.5,18.81132075471698
25,2026-04-18,5,4,1,26,20.0,23.0,22.428571428571427,22.642857142857142,18.822429906542055
25,2026-04-19,6,4,1,26,26.0,25.0,22.857142857142858,22.428571428571427,18.88888888888889
25,2026-04-20,0,4,0,23,26.0,19.0,23.0,22.214285714285715,18.954128440366972
25,2026-04-21,1,4,0,28,23.0,23.0,23.571428571428573,22.285714285714285,18.990909090909092
25,2026-04-22,2,4,0,15,28.0,25.0,24.285714285714285,22.5,19.07207207207207
25,2026-04-23,3,4,0,19,15.0,22.0,22.857142857142858,21.928571428571427,19.035714285714285
25,2026-04-24,4,4,0,18,19.0,20.0,22.428571428571427,21.857142857142858,19.035398230088497
25,2026-04-25,5,4,1,22,18.0,26.0,22.142857142857142,22.285714285714285,19.026315789473685
25,2026-04-26,6,4,1,22,22.0,26.0,21.571428571428573,22.214285714285715,19.05217391304348
25,2026-04-27,0,4,0,23,22.0,23.0,21.0,22.0,19.07758620689655
25,2026-04-28,1,4,0,26,23.0,28.0,21.0,22.285714285714285,19.11111111111111
25,2026-04-29,2,4,0,24,26.0,15.0,20.714285714285715,22.5,19.16949152542373
25,2026-04-30,3,4,0,19,24.0,19.0,22.0,22.428571428571427,19.210084033613445
26,2026-01-15,3,1,0,4,5.0,4.0,4.571428571428571,4.5,4.5
26,2026-01-16,4,1,0,5,4.0,4.0,4.571428571428571,4.571428571428571,4.466666666666667
26,2026-01-17,5,1,1,5,5.0,6.0,4.714285714285714,4.642857142857143,4.5
26,2026-01-18,6,1,1,5,5.0,4.0,4.571428571428571,4.642857142857143,4.529411764705882
26,2026-01-19,0,1,0,5,5.0,5.0,4.714285714285714,4.642857142857143,4.555555555555555
26,2026-01-20,1,1,0,6,5.0,4.0,4.714285714285714,4.642857142857143,4.578947368421052
26,2026-01-21,2,1,0,4,6.0,5.0,5.0,4.857142857142857,4.65
26,2026-01-22,3,1,0,4,4.0,4.0,4.857142857142857,4.714285714285714,4.619047619047619
26,2026-01-23,4,1,0,6,4.0,5.0,4.857142857142857,4.714285714285714,4.590909090909091
26,2026-01-24,5,1,1,5,6.0,5.0,5.0,4.857142857142857,4.6521739130434785
26,2026-01-25,6,1,1,6,5.0,5.0,5.0,4.785714285714286,4.666666666666667
26,2026-01-26,0,1,0,4,6.0,5.0,5.142857142857143,4.928571428571429,4.72
26,2026-01-27,1,1,0,4,4.0,6.0,5.0,4.857142857142857,4.6923076923076925
26,2026-01-28,2,1,0,4,4.0,4.0,4.714285714285714,4.857142857142857,4.666666666666667
26,2026-01-29,3,1,0,5,4.0,4.0,4.714285714285714,4.785714285714286,4.642857142857143
26,2026-01-30,4,1,0,5,5.0,6.0,4.857142857142857,4.857142857142857,4.655172413793103
26,2026-01-31,5,1,1,4,5.0,5.0,4.714285714285714,4.857142857142857,4.666666666666667
26,2026-02-01,6,2,1,3,4.0,6.0,4.571428571428571,4.785714285714286,4.645161290322581
26,2026-02-02,0,2,0,5,3.0,4.0,4.142857142857143,4.642857142857143,4.59375
26,2026-02-03,1,2,0,4,5.0,4.0,4.285714285714286,4.642857142857143,4.606060606060606
26,2026-02-04,2,2,0,4,4.0,4.0,4.285714285714286,4.5,4.588235294117647
26,2026-02-05,3,2,0,4,4.0,5.0,4.285714285714286,4.5,4.571428571428571
26,2026-02-06,4,2,0,5,4.0,5.0,4.142857142857143,4.5,4.555555555555555
26,2026-02-07,5,2,1,5,5.0,4.0,4.142857142857143,4.428571428571429,4.5675675675675675
26,2026-02-08,6,2,1,5,5.0,3.0,4.285714285714286,4.428571428571429,4.578947368421052
26,2026-02-09,0,2,0,5,5.0,5.0,4.571428571428571,4.357142857142857,4.589743589743589
26,2026-02-10,1,2,0,5,5.0,4.0,4.571428571428571,4.428571428571429,4.6
26,2026-02-11,2,2,0,4,5.0,4.0,4.714285714285714,4.5,4.609756097560975
26,2026-02-12,3,2,0,5,4.0,4.0,4.714285714285714,4.5,4.595238095238095
26,2026-02-13,4,2,0,6,5.0,5.0,4.857142857142857,4.5,4.604651162790698
26,2026-02-14,5,2,1,4,6.0,5.0,5.0,4.571428571428571,4.636363636363637
26,2026-02-15,6,2,1,3,4.0,5.0,4.857142857142857,4.571428571428571,4.622222222222222
26,2026-02-16,0,2,0,5,3.0,5.0,4.571428571428571,4.571428571428571,4.586956521739131
26,2026-02-17,1,2,0,4,5.0,5.0,4.571428571428571,4.571428571428571,4.595744680851064
26,2026-02-18,2,2,0,7,4.0,4.0,4.428571428571429,4.571428571428571,4.583333333333333
26,2026-02-19,3,2,0,5,7.0,5.0,4.857142857142857,4.785714285714286,4.63265306122449
26,2026-02-20,4,2,0,6,5.0,6.0,4.857142857142857,4.857142857142857,4.64
26,2026-02-21,5,2,1,6,6.0,4.0,4.857142857142857,4.928571428571429,4.666666666666667
26,2026-02-22,6,2,1,7,6.0,3.0,5.142857142857143,5.0,4.6923076923076925
26,2026-02-23,0,2,0,5,7.0,5.0,5.714285714285714,5.142857142857143,4.735849056603773
26,2026-02-24,1,2,0,4,5.0,4.0,5.714285714285714,5.142857142857143,4.7407407407407405
26,2026-02-25,2,2,0,3,4.0,7.0,5.714285714285714,5.071428571428571,4.7272727272727275
26,2026-02-26,3,2,0,5,3.0,5.0,5.142857142857143,5.0,4.696428571428571
26,2026-02-27,4,2,0,6,5.0,6.0,5.142857142857143,5.0,4.701754385964913
26,2026-02-28,5,2,1,5,6.0,6.0,5.142857142857143,5.0,4.724137931034483
26,2026-03-01,6,3,1,6,5.0,7.0,5.0,5.071428571428571,4.728813559322034
26,2026-03-02,0,3,0,5,6.0,5.0,4.857142857142857,5.285714285714286,4.75
26,2026-03-03,1,3,0,4,5.0,4.0,4.857142857142857,5.285714285714286,4.754098360655738
26,2026-03-04,2,3,0,4,4.0,3.0,4.857142857142857,5.285714285714286,4.741935483870968
26,2026-03-05,3,3,0,5,4.0,5.0,5.0,5.071428571428571,4.73015873015873
26,2026-03-06,4,3,0,4,5.0,6.0,5.0,5.071428571428571,4.734375
26,2026-03-07,5,3,1,6,4.0,5.0,4.714285714285714,4.928571428571429,4.723076923076923
26,2026-03-08,6,3,1,5,6.0,6.0,4.857142857142857,4.928571428571429,4.742424242424242
26,2026-03-09,0,3,0,4,5.0,5.0,4.714285714285714,4.785714285714286,4.746268656716418
26,2026-03-10,1,3,0,6,4.0,4.0,4.571428571428571,4.714285714285714,4.735294117647059
26,2026-03-11,2,3,0,5,6.0,4.0,4.857142857142857,4.857142857142857,4.753623188405797
26,2026-03-12,3,3,0,4,5.0,5.0,5.0,5.0,4.757142857142857
26,2026-03-13,4,3,0,7,4.0,4.0,4.857142857142857,4.928571428571429,4.746478873239437
26,2026-03-14,5,3,1,7,7.0,6.0,5.285714285714286,5.0,4.777777777777778
26,2026-03-15,6,3,1,6,7.0,5.0,5.428571428571429,5.142857142857143,4.808219178082192
26,2026-03-16,0,3,0,7,6.0,4.0,5.571428571428571,5.142857142857143,4.824324324324325
26,2026-03-17,1,3,0,5,7.0,6.0,6.0,5.285714285714286,4.8533333333333335
26,2026-03-18,2,3,0,4,5.0,5.0,5.857142857142857,5.357142857142857,4.855263157894737
26,2026-03-19,3,3,0,4,4.0,4.0,5.714285714285714,5.357142857142857,4.8441558441558445
26,2026-03-20,4,3,0,6,4.0,7.0,5.714285714285714,5.285714285714286,4.833333333333333
26,2026-03-21,5,3,1,6,6.0,7.0,5.571428571428571,5.428571428571429,4.848101265822785
26,2026-03-22,6,3,1,5,6.0,6.0,5.428571428571429,5.428571428571429,4.8625
26,2026-03-23,0,3,0,5,5.0,7.0,5.285714285714286,5.428571428571429,4.864197530864198
26,2026-03-24,1,3,0,5,5.0,5.0,5.0,5.5,4.865853658536586
26,2026-03-25,2,3,0,5,5.0,4.0,5.0,5.428571428571429,4.867469879518072
26,2026-03-26,3,3,0,6,5.0,4.0,5.142857142857143,5.428571428571429,4.869047619047619
26,2026-03-27,4,3,0,4,6.0,6.0,5.428571428571429,5.571428571428571,4.882352941176471
26,2026-03-28,5,3,1,7,4.0,6.0,5.142857142857143,5.357142857142857,4.872093023255814
26,2026-03-29,6,3,1,5,7.0,5.0,5.285714285714286,5.357142857142857,4.896551724137931
26,2026-03-30,0,3,0,4,5.0,5.0,5.285714285714286,5.285714285714286,4.8977272727272725
26,2026-03-31,1,3,0,4,4.0,5.0,5.142857142857143,5.071428571428571,4.887640449438202
26,2026-04-01,2,4,0,4,4.0,5.0,5.0,5.0,4.877777777777778
26,2026-04-02,3,4,0,4,4.0,6.0,4.857142857142857,5.0,4.868131868131868
26,2026-04-03,4,4,0,6,4.0,4.0,4.571428571428571,5.0,4.858695652173913
26,2026-04-04,5,4,1,6,6.0,7.0,4.857142857142857,5.0,4.870967741935484
26,2026-04-05,6,4,1,7,6.0,5.0,4.714285714285714,5.0,4.882978723404255
26,2026-04-06,0,4,0,4,7.0,4.0,5.0,5.142857142857143,4.905263157894737
26,2026-04-07,1,4,0,6,4.0,4.0,5.0,5.071428571428571,4.895833333333333
26,2026-04-08,2,4,0,4,6.0,4.0,5.285714285714286,5.142857142857143,4.907216494845361
26,2026-04-09,3,4,0,5,4.0,4.0,5.285714285714286,5.071428571428571,4.8979591836734695
26,2026-04-10,4,4,0,8,5.0,6.0,5.428571428571429,5.0,4.898989898989899
26,2026-04-11,5,4,1,9,8.0,6.0,5.714285714285714,5.285714285714286,4.93
26,2026-04-12,6,4,1,6,9.0,7.0,6.142857142857143,5.428571428571429,4.97029702970297
26,2026-04-13,0,4,0,4,6.0,4.0,6.0,5.5,4.980392156862745
26,2026-04-14,1,4,0,7,4.0,6.0,6.0,5.5,4.970873786407767
26,2026-04-15,2,4,0,5,7.0,4.0,6.142857142857143,5.714285714285714,4.990384615384615
26,2026-04-16,3,4,0,4,5.0,5.0,6.285714285714286,5.785714285714286,4.9904761904761905
26,2026-04-17,4,4,0,6,4.0,8.0,6.142857142857143,5.785714285714286,4.981132075471698
26,2026-04-18,5,4,1,6,6.0,9.0,5.857142857142857,5.785714285714286,4.990654205607477
26,2026-04-19,6,4,1,6,6.0,6.0,5.428571428571429,5.785714285714286,5.0
26,2026-04-20,0,4,0,7,6.0,4.0,5.428571428571429,5.714285714285714,5.009174311926605
26,2026-04-21,1,4,0,6,7.0,7.0,5.857142857142857,5.928571428571429,5.027272727272727
26,2026-04-22,2,4,0,7,6.0,5.0,5.714285714285714,5.928571428571429,5.036036036036036
26,2026-04-23,3,4,0,7,7.0,4.0,6.0,6.142857142857143,5.053571428571429
26,2026-04-24,4,4,0,4,7.0,6.0,6.428571428571429,6.285714285714286,5.070796460176991
26,2026-04-25,5,4,1,7,4.0,6.0,6.142857142857143,6.0,5.06140350877193
26,2026-04-26,6,4,1,6,7.0,6.0,6.285714285714286,5.857142857142857,5.078260869565217
26,2026-04-27,0,4,0,4,6.0,7.0,6.285714285714286,5.857142857142857,5.086206896551724
26,2026-04-28,1,4,0,5,4.0,6.0,5.857142857142857,5.857142857142857,5.076923076923077
26,2026-04-29,2,4,0,6,5.0,7.0,5.714285714285714,5.714285714285714,5.076271186440678
26,2026-04-30,3,4,0,4,6.0,7.0,5.571428571428571,5.785714285714286,5.084033613445378
27,2026-01-15,3,1,0,20,19.0,19.0,17.142857142857142,17.142857142857142,17.142857142857142
27,2026-01-16,4,1,0,21,20.0,15.0,17.285714285714285,17.928571428571427,17.333333333333332
27,2026-01-17,5,1,1,16,21.0,19.0,18.142857142857142,18.285714285714285,17.5625
27,2026-01-18,6,1,1,23,16.0,18.0,17.714285714285715,18.142857142857142,17.470588235294116
27,2026-01-19,0,1,0,23,23.0,16.0,18.428571428571427,18.357142857142858,17.77777777777778
27,2026-01-20,1,1,0,18,23.0,14.0,19.428571428571427,18.714285714285715,18.05263157894737
27,2026-01-21,2,1,0,16,18.0,19.0,20.0,18.928571428571427,18.05
27,2026-01-22,3,1,0,15,16.0,20.0,19.571428571428573,18.357142857142858,17.952380952380953
27,2026-01-23,4,1,0,15,15.0,21.0,18.857142857142858,18.071428571428573,17.818181818181817
27,2026-01-24,5,1,1,20,15.0,16.0,18.0,18.071428571428573,17.695652173913043
27,2026-01-25,6,1,1,18,20.0,23.0,18.571428571428573,18.142857142857142,17.791666666666668
27,2026-01-26,0,1,0,20,18.0,23.0,17.857142857142858,18.142857142857142,17.8
27,2026-01-27,1,1,0,23,20.0,18.0,17.428571428571427,18.428571428571427,17.884615384615383
27,2026-01-28,2,1,0,16,23.0,16.0,18.142857142857142,19.071428571428573,18.074074074074073
27,2026-01-29,3,1,0,26,16.0,15.0,18.142857142857142,18.857142857142858,18.0
27,2026-01-30,4,1,0,15,26.0,15.0,19.714285714285715,19.285714285714285,18.275862068965516
27,2026-01-31,5,1,1,31,15.0,20.0,19.714285714285715,18.857142857142858,18.166666666666668
27,2026-02-01,6,2,1,21,31.0,18.0,21.285714285714285,19.928571428571427,18.580645161290324
27,2026-02-02,0,2,0,20,21.0,20.0,21.714285714285715,19.785714285714285,18.65625
27,2026-02-03,1,2,0,20,20.0,23.0,21.714285714285715,19.571428571428573,18.696969696969695
27,2026-02-04,2,2,0,22,20.0,16.0,21.285714285714285,19.714285714285715,18.735294117647058
27,2026-02-05,3,2,0,17,22.0,26.0,22.142857142857142,20.142857142857142,18.82857142857143
27,2026-02-06,4,2,0,17,17.0,15.0,20.857142857142858,20.285714285714285,18.77777777777778
27,2026-02-07,5,2,1,26,17.0,31.0,21.142857142857142,20.428571428571427,18.72972972972973
27,2026-02-08,6,2,1,20,26.0,21.0,20.428571428571427,20.857142857142858,18.92105263157895
27,2026-02-09,0,2,0,18,20.0,20.0,20.285714285714285,21.0,18.94871794871795
27,2026-02-10,1,2,0,17,18.0,20.0,20.0,20.857142857142858,18.925
27,2026-02-11,2,2,0,24,17.0,22.0,19.571428571428573,20.428571428571427,18.878048780487806
27,2026-02-12,3,2,0,23,24.0,17.0,19.857142857142858,21.0,19.0
27,2026-02-13,4,2,0,21,23.0,17.0,20.714285714285715,20.785714285714285,19.093023255813954
27,2026-02-14,5,2,1,30,21.0,26.0,21.285714285714285,21.214285714285715,19.136363636363637
27,2026-02-15,6,2,1,19,30.0,20.0,21.857142857142858,21.142857142857142,19.377777777777776
27,2026-02-16,0,2,0,21,19.0,18.0,21.714285714285715,21.0,19.369565217391305
27,2026-02-17,1,2,0,18,21.0,17.0,22.142857142857142,21.071428571428573,19.404255319148938
27,2026-02-18,2,2,0,13,18.0,24.0,22.285714285714285,20.928571428571427,19.375
27,2026-02-19,3,2,0,26,13.0,23.0,20.714285714285715,20.285714285714285,19.244897959183675
27,2026-02-20,4,2,0,23,26.0,21.0,21.142857142857142,20.928571428571427,19.38
27,2026-02-21,5,2,1,24,23.0,30.0,21.428571428571427,21.357142857142858,19.45098039215686
27,2026-02-22,6,2,1,16,24.0,19.0,20.571428571428573,21.214285714285715,19.53846153846154
27,2026-02-23,0,2,0,18,16.0,21.0,20.142857142857142,20.928571428571427,19.471698113207548
27,2026-02-24,1,2,0,20,18.0,18.0,19.714285714285715,20.928571428571427,19.444444444444443
27,2026-02-25,2,2,0,18,20.0,13.0,20.0,21.142857142857142,19.454545454545453
27,2026-02-26,3,2,0,29,18.0,26.0,20.714285714285715,20.714285714285715,19.428571428571427
27,2026-02-27,4,2,0,17,29.0,23.0,21.142857142857142,21.142857142857142,19.596491228070175
27,2026-02-28,5,2,1,32,17.0,24.0,20.285714285714285,20.857142857142858,19.551724137931036
27,2026-03-01,6,3,1,23,32.0,16.0,21.428571428571427,21.0,19.76271186440678
27,2026-03-02,0,3,0,15,23.0,18.0,22.428571428571427,21.285714285714285,19.816666666666666
27,2026-03-03,1,3,0,22,15.0,20.0,22.0,20.857142857142858,19.737704918032787
27,2026-03-04,2,3,0,21,22.0,18.0,22.285714285714285,21.142857142857142,19.774193548387096
27,2026-03-05,3,3,0,25,21.0,29.0,22.714285714285715,21.714285714285715,19.793650793650794
27,2026-03-06,4,3,0,19,25.0,17.0,22.142857142857142,21.642857142857142,19.875
27,2026-03-07,5,3,1,30,19.0,32.0,22.428571428571427,21.357142857142858,19.861538461538462
27,2026-03-08,6,3,1,15,30.0,23.0,22.142857142857142,21.785714285714285,20.015151515151516
27,2026-03-09,0,3,0,22,15.0,15.0,21.0,21.714285714285715,19.940298507462686
27,2026-03-10,1,3,0,14,22.0,22.0,22.0,22.0,19.970588235294116
27,2026-03-11,2,3,0,21,14.0,21.0,20.857142857142858,21.571428571428573,19.884057971014492
27,2026-03-12,3,3,0,21,21.0,25.0,20.857142857142858,21.785714285714285,19.9
27,2026-03-13,4,3,0,19,21.0,19.0,20.285714285714285,21.214285714285715,19.91549295774648
27,2026-03-14,5,3,1,24,19.0,30.0,20.285714285714285,21.357142857142858,19.90277777777778
27,2026-03-15,6,3,1,27,24.0,15.0,19.428571428571427,20.785714285714285,19.958904109589042
27,2026-03-16,0,3,0,19,27.0,22.0,21.142857142857142,21.071428571428573,20.054054054054053
27,2026-03-17,1,3,0,21,19.0,14.0,20.714285714285715,21.357142857142858,20.04
27,2026-03-18,2,3,0,23,21.0,21.0,21.714285714285715,21.285714285714285,20.05263157894737
27,2026-03-19,3,3,0,18,23.0,21.0,22.0,21.428571428571427,20.09090909090909
27,2026-03-20,4,3,0,19,18.0,19.0,21.571428571428573,20.928571428571427,20.064102564102566
27,2026-03-21,5,3,1,25,19.0,24.0,21.571428571428573,20.928571428571427,20.050632911392405
27,2026-03-22,6,3,1,26,25.0,27.0,21.714285714285715,20.571428571428573,20.1125
27,2026-03-23,0,3,0,18,26.0,19.0,21.571428571428573,21.357142857142858,20.185185185185187
27,2026-03-24,1,3,0,20,18.0,21.0,21.428571428571427,21.071428571428573,20.158536585365855
27,2026-03-25,2,3,0,18,20.0,23.0,21.285714285714285,21.5,20.156626506024097
27,2026-03-26,3,3,0,19,18.0,18.0,20.571428571428573,21.285714285714285,20.13095238095238
27,2026-03-27,4,3,0,22,19.0,19.0,20.714285714285715,21.142857142857142,20.11764705882353
27,2026-03-28,5,3,1,24,22.0,25.0,21.142857142857142,21.357142857142858,20.13953488372093
27,2026-03-29,6,3,1,26,24.0,26.0,21.0,21.357142857142858,20.183908045977013
27,2026-03-30,0,3,0,19,26.0,18.0,21.0,21.285714285714285,20.25
27,2026-03-31,1,3,0,20,19.0,20.0,21.142857142857142,21.285714285714285,20.235955056179776
27,2026-04-01,2,4,0,17,20.0,18.0,21.142857142857142,21.214285714285715,20.233333333333334
27,2026-04-02,3,4,0,22,17.0,19.0,21.0,20.785714285714285,20.197802197802197
27,2026-04-03,4,4,0,25,22.0,22.0,21.428571428571427,21.071428571428573,20.217391304347824
27,2026-04-04,5,4,1,23,25.0,24.0,21.857142857142858,21.5,20.268817204301076
27,2026-04-05,6,4,1,27,23.0,26.0,21.714285714285715,21.357142857142858,20.29787234042553
27,2026-04-06,0,4,0,16,27.0,19.0,21.857142857142858,21.428571428571427,20.36842105263158
27,2026-04-07,1,4,0,25,16.0,20.0,21.428571428571427,21.285714285714285,20.322916666666668
27,2026-04-08,2,4,0,21,25.0,17.0,22.142857142857142,21.642857142857142,20.371134020618555
27,2026-04-09,3,4,0,21,21.0,22.0,22.714285714285715,21.857142857142858,20.377551020408163
27,2026-04-10,4,4,0,18,21.0,25.0,22.571428571428573,22.0,20.383838383838384
27,2026-04-11,5,4,1,24,18.0,23.0,21.571428571428573,21.714285714285715,20.36
27,2026-04-12,6,4,1,22,24.0,27.0,21.714285714285715,21.714285714285715,20.396039603960396
27,2026-04-13,0,4,0,31,22.0,16.0,21.0,21.428571428571427,20.41176470588235
27,2026-04-14,1,4,0,22,31.0,25.0,23.142857142857142,22.285714285714285,20.514563106796118
27,2026-04-15,2,4,0,23,22.0,21.0,22.714285714285715,22.428571428571427,20.528846153846153
27,2026-04-16,3,4,0,21,23.0,21.0,23.0,22.857142857142858,20.552380952380954
27,2026-04-17,4,4,0,19,21.0,18.0,23.0,22.785714285714285,20.556603773584907
27,2026-04-18,5,4,1,28,19.0,24.0,23.142857142857142,22.357142857142858,20.542056074766354
27,2026-04-19,6,4,1,20,28.0,22.0,23.714285714285715,22.714285714285715,20.61111111111111
27,2026-04-20,0,4,0,23,20.0,31.0,23.428571428571427,22.214285714285715,20.605504587155963
27,2026-04-21,1,4,0,22,23.0,22.0,22.285714285714285,22.714285714285715,20.62727272727273
27,2026-04-22,2,4,0,24,22.0,23.0,22.285714285714285,22.5,20.63963963963964
27,2026-04-23,3,4,0,26,24.0,21.0,22.428571428571427,22.714285714285715,20.669642857142858
27,2026-04-24,4,4,0,24,26.0,19.0,23.142857142857142,23.071428571428573,20.716814159292035
27,2026-04-25,5,4,1,29,24.0,28.0,23.857142857142858,23.5,20.74561403508772
27,2026-04-26,6,4,1,26,29.0,20.0,24.0,23.857142857142858,20.817391304347826
27,2026-04-27,0,4,0,23,26.0,23.0,24.857142857142858,24.142857142857142,20.862068965517242
27,2026-04-28,1,4,0,26,23.0,22.0,24.857142857142858,23.571428571428573,20.88034188034188
27,2026-04-29,2,4,0,22,26.0,24.0,25.428571428571427,23.857142857142858,20.923728813559322
27,2026-04-30,3,4,0,32,22.0,26.0,25.142857142857142,23.785714285714285,20.932773109243698
28,2026-01-15,3,1,0,13,15.0,13.0,13.0,12.5,12.5
28,2026-01-16,4,1,0,11,13.0,9.0,13.0,12.785714285714286,12.533333333333333
28,2026-01-17,5,1,1,14,11.0,14.0,13.285714285714286,12.857142857142858,12.4375
28,2026-01-18,6,1,1,15,14.0,15.0,13.285714285714286,12.857142857142858,12.529411764705882
28,2026-01-19,0,1,0,11,15.0,13.0,13.285714285714286,12.928571428571429,12.666666666666666
28,2026-01-20,1,1,0,12,11.0,12.0,13.0,12.857142857142858,12.578947368421053
28,2026-01-21,2,1,0,14,12.0,15.0,13.0,12.642857142857142,12.55
28,2026-01-22,3,1,0,16,14.0,13.0,12.857142857142858,12.928571428571429,12.619047619047619
28,2026-01-23,4,1,0,13,16.0,11.0,13.285714285714286,13.142857142857142,12.772727272727273
28,2026-01-24,5,1,1,15,13.0,14.0,13.571428571428571,13.428571428571429,12.782608695652174
28,2026-01-25,6,1,1,12,15.0,15.0,13.714285714285714,13.5,12.875
28,2026-01-26,0,1,0,10,12.0,11.0,13.285714285714286,13.285714285714286,12.84
28,2026-01-27,1,1,0,15,10.0,12.0,13.142857142857142,13.071428571428571,12.73076923076923
28,2026-01-28,2,1,0,11,15.0,14.0,13.571428571428571,13.285714285714286,12.814814814814815
28,2026-01-29,3,1,0,12,11.0,16.0,13.142857142857142,13.0,12.75
28,2026-01-30,4,1,0,10,12.0,13.0,12.571428571428571,12.928571428571429,12.724137931034482
28,2026-01-31,5,1,1,13,10.0,15.0,12.142857142857142,12.857142857142858,12.633333333333333
28,2026-02-01,6,2,1,14,13.0,12.0,11.857142857142858,12.785714285714286,12.64516129032258
28,2026-02-02,0,2,0,15,14.0,10.0,12.142857142857142,12.714285714285714,12.6875
28,2026-02-03,1,2,0,13,15.0,15.0,12.857142857142858,13.0,12.757575757575758
28,2026-02-04,2,2,0,17,13.0,11.0,12.571428571428571,13.071428571428571,12.764705882352942
28,2026-02-05,3,2,0,14,17.0,12.0,13.428571428571429,13.285714285714286,12.885714285714286
28,2026-02-06,4,2,0,13,14.0,10.0,13.714285714285714,13.142857142857142,12.916666666666666
28,2026-02-07,5,2,1,19,13.0,13.0,14.142857142857142,13.142857142857142,12.91891891891892
28,2026-02-08,6,2,1,19,19.0,14.0,15.0,13.428571428571429,13.078947368421053
28,2026-02-09,0,2,0,17,19.0,15.0,15.714285714285714,13.928571428571429,13.23076923076923
28,2026-02-10,1,2,0,12,17.0,13.0,16.0,14.428571428571429,13.325
28,2026-02-11,2,2,0,13,12.0,17.0,15.857142857142858,14.214285714285714,13.292682926829269
28,2026-02-12,3,2,0,16,13.0,14.0,15.285714285714286,14.357142857142858,13.285714285714286
28,2026-02-13,4,2,0,19,16.0,13.0,15.571428571428571,14.642857142857142,13.348837209302326
28,2026-02-14,5,2,1,12,19.0,19.0,16.428571428571427,15.285714285714286,13.477272727272727
28,2026-02-15,6,2,1,15,12.0,19.0,15.428571428571429,15.214285714285714,13.444444444444445
28,2026-02-16,0,2,0,18,15.0,17.0,14.857142857142858,15.285714285714286,13.478260869565217
28,2026-02-17,1,2,0,16,18.0,12.0,15.0,15.5,13.574468085106384
28,2026-02-18,2,2,0,15,16.0,13.0,15.571428571428571,15.714285714285714,13.625
28,2026-02-19,3,2,0,14,15.0,16.0,15.857142857142858,15.571428571428571,13.653061224489797
28,2026-02-20,4,2,0,13,14.0,19.0,15.571428571428571,15.571428571428571,13.66
28,2026-02-21,5,2,1,16,13.0,12.0,14.714285714285714,15.571428571428571,13.647058823529411
28,2026-02-22,6,2,1,14,16.0,15.0,15.285714285714286,15.357142857142858,13.692307692307692
28,2026-02-23,0,2,0,16,14.0,18.0,15.142857142857142,15.0,13.69811320754717
28,2026-02-24,1,2,0,14,16.0,16.0,14.857142857142858,14.928571428571429,13.74074074074074
28,2026-02-25,2,2,0,17,14.0,15.0,14.571428571428571,15.071428571428571,13.745454545454546
28,2026-02-26,3,2,0,13,17.0,14.0,14.857142857142858,15.357142857142858,13.803571428571429
28,2026-02-27,4,2,0,12,13.0,13.0,14.714285714285714,15.142857142857142,13.789473684210526
28,2026-02-28,5,2,1,15,12.0,16.0,14.571428571428571,14.642857142857142,13.758620689655173
28,2026-03-01,6,3,1,18,15.0,14.0,14.428571428571429,14.857142857142858,13.779661016949152
28,2026-03-02,0,3,0,19,18.0,16.0,15.0,15.071428571428571,13.85
28,2026-03-03,1,3,0,14,19.0,14.0,15.428571428571429,15.142857142857142,13.934426229508198
28,2026-03-04,2,3,0,12,14.0,17.0,15.428571428571429,15.0,13.935483870967742
28,2026-03-05,3,3,0,17,12.0,13.0,14.714285714285714,14.785714285714286,13.904761904761905
28,2026-03-06,4,3,0,13,17.0,12.0,15.285714285714286,15.0,13.953125
28,2026-03-07,5,3,1,11,13.0,15.0,15.428571428571429,15.0,13.938461538461539
28,2026-03-08,6,3,1,16,11.0,18.0,14.857142857142858,14.642857142857142,13.893939393939394
28,2026-03-09,0,3,0,16,16.0,19.0,14.571428571428571,14.785714285714286,13.925373134328359
28,2026-03-10,1,3,0,9,16.0,14.0,14.142857142857142,14.785714285714286,13.955882352941176
28,2026-03-11,2,3,0,15,9.0,12.0,13.428571428571429,14.428571428571429,13.884057971014492
28,2026-03-12,3,3,0,12,15.0,17.0,13.857142857142858,14.285714285714286,13.9
28,2026-03-13,4,3,0,14,12.0,13.0,13.142857142857142,14.214285714285714,13.873239436619718
28,2026-03-14,5,3,1,17,14.0,11.0,13.285714285714286,14.357142857142858,13.875
28,2026-03-15,6,3,1,19,17.0,16.0,14.142857142857142,14.5,13.917808219178083
28,2026-03-16,0,3,0,18,19.0,16.0,14.571428571428571,14.571428571428571,13.986486486486486
28,2026-03-17,1,3,0,17,18.0,9.0,14.857142857142858,14.5,14.04
28,2026-03-18,2,3,0,17,17.0,15.0,16.0,14.714285714285714,14.078947368421053
28,2026-03-19,3,3,0,13,17.0,12.0,16.285714285714285,15.071428571428571,14.116883116883116
28,2026-03-20,4,3,0,16,13.0,14.0,16.428571428571427,14.785714285714286,14.102564102564102
28,2026-03-21,5,3,1,22,16.0,17.0,16.714285714285715,15.0,14.126582278481013
28,2026-03-22,6,3,1,13,22.0,19.0,17.428571428571427,15.785714285714286,14.225
28,2026-03-23,0,3,0,15,13.0,18.0,16.571428571428573,15.571428571428571,14.209876543209877
28,2026-03-24,1,3,0,14,15.0,17.0,16.142857142857142,15.5,14.21951219512195
28,2026-03-25,2,3,0,17,14.0,17.0,15.714285714285714,15.857142857142858,14.216867469879517
28,2026-03-26,3,3,0,14,17.0,13.0,15.714285714285714,16.0,14.25
28,2026-03-27,4,3,0,12,14.0,16.0,15.857142857142858,16.142857142857142,14.24705882352941
28,2026-03-28,5,3,1,15,12.0,22.0,15.285714285714286,16.0,14.220930232558139
28,2026-03-29,6,3,1,23,15.0,13.0,14.285714285714286,15.857142857142858,14.229885057471265
28,2026-03-30,0,3,0,18,23.0,15.0,15.714285714285714,16.142857142857142,14.329545454545455
28,2026-03-31,1,3,0,15,18.0,14.0,16.142857142857142,16.142857142857142,14.370786516853933
28,2026-04-01,2,4,0,14,15.0,17.0,16.285714285714285,16.0,14.377777777777778
28,2026-04-02,3,4,0,19,14.0,14.0,15.857142857142858,15.785714285714286,14.373626373626374
28,2026-04-03,4,4,0,13,19.0,12.0,16.571428571428573,16.214285714285715,14.423913043478262
28,2026-04-04,5,4,1,14,13.0,15.0,16.714285714285715,16.0,14.408602150537634
28,2026-04-05,6,4,1,19,14.0,23.0,16.571428571428573,15.428571428571429,14.404255319148936
28,2026-04-06,0,4,0,16,19.0,18.0,16.0,15.857142857142858,14.452631578947368
28,2026-04-07,1,4,0,18,16.0,15.0,15.714285714285714,15.928571428571429,14.46875
28,2026-04-08,2,4,0,15,18.0,14.0,16.142857142857142,16.214285714285715,14.505154639175258
28,2026-04-09,3,4,0,16,15.0,19.0,16.285714285714285,16.071428571428573,14.510204081632653
28,2026-04-10,4,4,0,14,16.0,13.0,15.857142857142858,16.214285714285715,14.525252525252526
28,2026-04-11,5,4,1,15,14.0,14.0,16.0,16.357142857142858,14.52
28,2026-04-12,6,4,1,17,15.0,19.0,16.142857142857142,16.357142857142858,14.524752475247524
28,2026-04-13,0,4,0,20,17.0,16.0,15.857142857142858,15.928571428571429,14.549019607843137
28,2026-04-14,1,4,0,20,20.0,18.0,16.428571428571427,16.071428571428573,14.601941747572816
28,2026-04-15,2,4,0,15,20.0,15.0,16.714285714285715,16.428571428571427,14.653846153846153
28,2026-04-16,3,4,0,17,15.0,16.0,16.714285714285715,16.5,14.657142857142857
28,2026-04-17,4,4,0,18,17.0,14.0,16.857142857142858,16.357142857142858,14.679245283018869
28,2026-04-18,5,4,1,21,18.0,15.0,17.428571428571427,16.714285714285715,14.710280373831775
28,2026-04-19,6,4,1,20,21.0,17.0,18.285714285714285,17.214285714285715,14.768518518518519
28,2026-04-20,0,4,0,16,20.0,20.0,18.714285714285715,17.285714285714285,14.81651376146789
28,2026-04-21,1,4,0,17,16.0,20.0,18.142857142857142,17.285714285714285,14.827272727272728
28,2026-04-22,2,4,0,13,17.0,15.0,17.714285714285715,17.214285714285715,14.846846846846846
28,2026-04-23,3,4,0,21,13.0,17.0,17.428571428571427,17.071428571428573,14.830357142857142
28,2026-04-24,4,4,0,17,21.0,18.0,18.0,17.428571428571427,14.88495575221239
28,2026-04-25,5,4,1,15,17.0,21.0,17.857142857142858,17.642857142857142,14.903508771929825
28,2026-04-26,6,4,1,19,15.0,20.0,17.0,17.642857142857142,14.904347826086957
28,2026-04-27,0,4,0,13,19.0,16.0,16.857142857142858,17.785714285714285,14.939655172413794
28,2026-04-28,1,4,0,17,13.0,17.0,16.428571428571427,17.285714285714285,14.923076923076923
28,2026-04-29,2,4,0,18,17.0,13.0,16.428571428571427,17.071428571428573,14.940677966101696
28,2026-04-30,3,4,0,12,18.0,21.0,17.142857142857142,17.285714285714285,14.966386554621849
29,2026-01-15,3,1,0,8,6.0,7.0,6.857142857142857,6.642857142857143,6.642857142857143
29,2026-01-16,4,1,0,6,8.0,8.0,7.0,6.785714285714286,6.733333333333333
29,2026-01-17,5,1,1,7,6.0,7.0,6.714285714285714,6.785714285714286,6.6875
29,2026-01-18,6,1,1,9,7.0,6.0,6.714285714285714,6.785714285714286,6.705882352941177
29,2026-01-19,0,1,0,6,9.0,7.0,7.142857142857143,6.785714285714286,6.833333333333333
29,2026-01-20,1,1,0,6,6.0,7.0,7.0,6.714285714285714,6.7894736842105265
29,2026-01-21,2,1,0,6,6.0,6.0,6.857142857142857,6.714285714285714,6.75
29,2026-01-22,3,1,0,8,6.0,8.0,6.857142857142857,6.857142857142857,6.714285714285714
29,2026-01-23,4,1,0,6,8.0,6.0,6.857142857142857,6.928571428571429,6.7727272727272725
29,2026-01-24,5,1,1,9,6.0,7.0,6.857142857142857,6.785714285714286,6.739130434782608
29,2026-01-25,6,1,1,7,9.0,9.0,7.142857142857143,6.928571428571429,6.833333333333333
29,2026-01-26,0,1,0,6,7.0,6.0,6.857142857142857,7.0,6.84
29,2026-01-27,1,1,0,6,6.0,6.0,6.857142857142857,6.928571428571429,6.8076923076923075
29,2026-01-28,2,1,0,5,6.0,6.0,6.857142857142857,6.857142857142857,6.777777777777778
29,2026-01-29,3,1,0,6,5.0,8.0,6.714285714285714,6.785714285714286,6.714285714285714
29,2026-01-30,4,1,0,4,6.0,6.0,6.428571428571429,6.642857142857143,6.689655172413793
29,2026-01-31,5,1,1,7,4.0,9.0,6.142857142857143,6.5,6.6
29,2026-02-01,6,2,1,8,7.0,7.0,5.857142857142857,6.5,6.612903225806452
29,2026-02-02,0,2,0,9,8.0,6.0,6.0,6.428571428571429,6.65625
29,2026-02-03,1,2,0,9,9.0,6.0,6.428571428571429,6.642857142857143,6.7272727272727275
29,2026-02-04,2,2,0,7,9.0,5.0,6.857142857142857,6.857142857142857,6.794117647058823
29,2026-02-05,3,2,0,6,7.0,6.0,7.142857142857143,6.928571428571429,6.8
29,2026-02-06,4,2,0,5,6.0,4.0,7.142857142857143,6.785714285714286,6.777777777777778
29,2026-02-07,5,2,1,7,5.0,7.0,7.285714285714286,6.714285714285714,6.72972972972973
29,2026-02-08,6,2,1,6,7.0,8.0,7.285714285714286,6.571428571428571,6.7368421052631575
29,2026-02-09,0,2,0,6,6.0,9.0,7.0,6.5,6.717948717948718
29,2026-02-10,1,2,0,7,6.0,9.0,6.571428571428571,6.5,6.7
29,2026-02-11,2,2,0,5,7.0,7.0,6.285714285714286,6.571428571428571,6.7073170731707314
29,2026-02-12,3,2,0,6,5.0,6.0,6.0,6.571428571428571,6.666666666666667
29,2026-02-13,4,2,0,6,6.0,5.0,6.0,6.571428571428571,6.651162790697675
29,2026-02-14,5,2,1,6,6.0,7.0,6.142857142857143,6.714285714285714,6.636363636363637
29,2026-02-15,6,2,1,8,6.0,6.0,6.0,6.642857142857143,6.622222222222222
29,2026-02-16,0,2,0,7,8.0,6.0,6.285714285714286,6.642857142857143,6.6521739130434785
29,2026-02-17,1,2,0,7,7.0,7.0,6.428571428571429,6.5,6.659574468085107
29,2026-02-18,2,2,0,6,7.0,5.0,6.428571428571429,6.357142857142857,6.666666666666667
29,2026-02-19,3,2,0,6,6.0,6.0,6.571428571428571,6.285714285714286,6.653061224489796
29,2026-02-20,4,2,0,7,6.0,6.0,6.571428571428571,6.285714285714286,6.64
29,2026-02-21,5,2,1,10,7.0,6.0,6.714285714285714,6.428571428571429,6.647058823529412
29,2026-02-22,6,2,1,7,10.0,8.0,7.285714285714286,6.642857142857143,6.711538461538462
29,2026-02-23,0,2,0,10,7.0,7.0,7.142857142857143,6.714285714285714,6.716981132075472
29,2026-02-24,1,2,0,10,10.0,7.0,7.571428571428571,7.0,6.777777777777778
29,2026-02-25,2,2,0,8,10.0,6.0,8.0,7.214285714285714,6.836363636363636
29,2026-02-26,3,2,0,8,8.0,6.0,8.285714285714286,7.428571428571429,6.857142857142857
29,2026-02-27,4,2,0,6,8.0,7.0,8.571428571428571,7.571428571428571,6.87719298245614
29,2026-02-28,5,2,1,8,6.0,10.0,8.428571428571429,7.571428571428571,6.862068965517241
29,2026-03-01,6,3,1,9,8.0,7.0,8.142857142857142,7.714285714285714,6.88135593220339
29,2026-03-02,0,3,0,7,9.0,10.0,8.428571428571429,7.785714285714286,6.916666666666667
29,2026-03-03,1,3,0,6,7.0,10.0,8.0,7.785714285714286,6.918032786885246
29,2026-03-04,2,3,0,7,6.0,8.0,7.428571428571429,7.714285714285714,6.903225806451613
29,2026-03-05,3,3,0,7,7.0,8.0,7.285714285714286,7.785714285714286,6.904761904761905
29,2026-03-06,4,3,0,7,7.0,6.0,7.142857142857143,7.857142857142857,6.90625
29,2026-03-07,5,3,1,7,7.0,8.0,7.285714285714286,7.857142857142857,6.907692307692308
29,2026-03-08,6,3,1,9,7.0,9.0,7.142857142857143,7.642857142857143,6.909090909090909
29,2026-03-09,0,3,0,11,9.0,7.0,7.142857142857143,7.785714285714286,6.940298507462686
29,2026-03-10,1,3,0,5,11.0,6.0,7.714285714285714,7.857142857142857,7.0
29,2026-03-11,2,3,0,7,5.0,7.0,7.571428571428571,7.5,6.971014492753623
29,2026-03-12,3,3,0,6,7.0,7.0,7.571428571428571,7.428571428571429,6.9714285714285715
29,2026-03-13,4,3,0,5,6.0,7.0,7.428571428571429,7.285714285714286,6.957746478873239
29,2026-03-14,5,3,1,8,5.0,7.0,7.142857142857143,7.214285714285714,6.930555555555555
29,2026-03-15,6,3,1,11,8.0,9.0,7.285714285714286,7.214285714285714,6.945205479452055
29,2026-03-16,0,3,0,7,11.0,11.0,7.571428571428571,7.357142857142857,7.0
29,2026-03-17,1,3,0,8,7.0,5.0,7.0,7.357142857142857,7.0
29,2026-03-18,2,3,0,6,8.0,7.0,7.428571428571429,7.5,7.0131578947368425
29,2026-03-19,3,3,0,6,6.0,6.0,7.285714285714286,7.428571428571429,7.0
29,2026-03-20,4,3,0,6,6.0,5.0,7.285714285714286,7.357142857142857,6.987179487179487
29,2026-03-21,5,3,1,10,6.0,8.0,7.428571428571429,7.285714285714286,6.974683544303797
29,2026-03-22,6,3,1,7,10.0,11.0,7.714285714285714,7.5,7.0125
29,2026-03-23,0,3,0,11,7.0,7.0,7.142857142857143,7.357142857142857,7.012345679012346
29,2026-03-24,1,3,0,8,11.0,8.0,7.714285714285714,7.357142857142857,7.060975609756097
29,2026-03-25,2,3,0,8,8.0,6.0,7.714285714285714,7.571428571428571,7.072289156626506
29,2026-03-26,3,3,0,7,8.0,6.0,8.0,7.642857142857143,7.083333333333333
29,2026-03-27,4,3,0,7,7.0,6.0,8.142857142857142,7.714285714285714,7.08235294117647
29,2026-03-28,5,3,1,7,7.0,10.0,8.285714285714286,7.857142857142857,7.0813953488372094
29,2026-03-29,6,3,1,10,7.0,7.0,7.857142857142857,7.785714285714286,7.080459770114943
29,2026-03-30,0,3,0,7,10.0,11.0,8.285714285714286,7.714285714285714,7.113636363636363
29,2026-03-31,1,3,0,8,7.0,8.0,7.714285714285714,7.714285714285714,7.112359550561798
29,2026-04-01,2,4,0,10,8.0,8.0,7.714285714285714,7.714285714285714,7.122222222222222
29,2026-04-02,3,4,0,6,10.0,7.0,8.0,8.0,7.153846153846154
29,2026-04-03,4,4,0,6,6.0,7.0,7.857142857142857,8.0,7.141304347826087
29,2026-04-04,5,4,1,8,6.0,7.0,7.714285714285714,8.0,7.129032258064516
29,2026-04-05,6,4,1,8,8.0,10.0,7.857142857142857,7.857142857142857,7.138297872340425
29,2026-04-06,0,4,0,9,8.0,7.0,7.571428571428571,7.928571428571429,7.147368421052631
29,2026-04-07,1,4,0,7,9.0,8.0,7.857142857142857,7.785714285714286,7.166666666666667
29,2026-04-08,2,4,0,9,7.0,10.0,7.714285714285714,7.714285714285714,7.164948453608248
29,2026-04-09,3,4,0,6,9.0,6.0,7.571428571428571,7.785714285714286,7.183673469387755
29,2026-04-10,4,4,0,7,6.0,6.0,7.571428571428571,7.714285714285714,7.171717171717172
29,2026-04-11,5,4,1,10,7.0,8.0,7.714285714285714,7.714285714285714,7.17
29,2026-04-12,6,4,1,8,10.0,8.0,8.0,7.928571428571429,7.198019801980198
29,2026-04-13,0,4,0,9,8.0,9.0,8.0,7.785714285714286,7.205882352941177
29,2026-04-14,1,4,0,7,9.0,7.0,8.0,7.928571428571429,7.223300970873787
29,2026-04-15,2,4,0,9,7.0,9.0,8.0,7.857142857142857,7.221153846153846
29,2026-04-16,3,4,0,8,9.0,6.0,8.0,7.785714285714286,7.238095238095238
29,2026-04-17,4,4,0,7,8.0,7.0,8.285714285714286,7.928571428571429,7.245283018867925
29,2026-04-18,5,4,1,10,7.0,10.0,8.285714285714286,8.0,7.242990654205608
29,2026-04-19,6,4,1,10,10.0,8.0,8.285714285714286,8.142857142857142,7.268518518518518
29,2026-04-20,0,4,0,9,10.0,9.0,8.571428571428571,8.285714285714286,7.293577981651376
29,2026-04-21,1,4,0,9,9.0,7.0,8.571428571428571,8.285714285714286,7.3090909090909095
29,2026-04-22,2,4,0,8,9.0,9.0,8.857142857142858,8.428571428571429,7.324324324324325
29,2026-04-23,3,4,0,10,8.0,8.0,8.714285714285714,8.357142857142858,7.330357142857143
29,2026-04-24,4,4,0,6,10.0,7.0,9.0,8.642857142857142,7.353982300884955
29,2026-04-25,5,4,1,11,6.0,10.0,8.857142857142858,8.571428571428571,7.342105263157895
29,2026-04-26,6,4,1,9,11.0,10.0,9.0,8.642857142857142,7.373913043478261
29,2026-04-27,0,4,0,7,9.0,9.0,8.857142857142858,8.714285714285714,7.387931034482759
29,2026-04-28,1,4,0,7,7.0,9.0,8.571428571428571,8.571428571428571,7.384615384615385
29,2026-04-29,2,4,0,6,7.0,8.0,8.285714285714286,8.571428571428571,7.38135593220339
29,2026-04-30,3,4,0,9,6.0,10.0,8.0,8.357142857142858,7.369747899159663
30,2026-01-15,3,1,0,20,11.0,21.0,18.285714285714285,18.214285714285715,18.214285714285715
30,2026-01-16,4,1,0,18,20.0,17.0,18.142857142857142,18.285714285714285,18.333333333333332
30,2026-01-17,5,1,1,20,18.0,21.0,18.285714285714285,18.214285714285715,18.3125
30,2026-01-18,6,1,1,19,20.0,21.0,18.142857142857142,18.5,18.41176470588235
30,2026-01-19,0,1,0,22,19.0,14.0,17.857142857142858,18.642857142857142,18.444444444444443
30,2026-01-20,1,1,0,20,22.0,23.0,19.0,18.928571428571427,18.63157894736842
30,2026-01-21,2,1,0,12,20.0,11.0,18.571428571428573,19.214285714285715,18.7
30,2026-01-22,3,1,0,14,12.0,20.0,18.714285714285715,18.5,18.38095238095238
30,2026-01-23,4,1,0,19,14.0,18.0,17.857142857142858,18.0,18.181818181818183
30,2026-01-24,5,1,1,21,19.0,20.0,18.0,18.142857142857142,18.217391304347824
30,2026-01-25,6,1,1,22,21.0,19.0,18.142857142857142,18.142857142857142,18.333333333333332
30,2026-01-26,0,1,0,15,22.0,22.0,18.571428571428573,18.214285714285715,18.48
30,2026-01-27,1,1,0,13,15.0,20.0,17.571428571428573,18.285714285714285,18.346153846153847
30,2026-01-28,2,1,0,14,13.0,12.0,16.571428571428573,17.571428571428573,18.14814814814815
30,2026-01-29,3,1,0,21,14.0,14.0,16.857142857142858,17.785714285714285,18.0
30,2026-01-30,4,1,0,18,21.0,19.0,17.857142857142858,17.857142857142858,18.103448275862068
30,2026-01-31,5,1,1,21,18.0,21.0,17.714285714285715,17.857142857142858,18.1
30,2026-02-01,6,2,1,21,21.0,22.0,17.714285714285715,17.928571428571427,18.193548387096776
30,2026-02-02,0,2,0,16,21.0,15.0,17.571428571428573,18.071428571428573,18.28125
30,2026-02-03,1,2,0,17,16.0,13.0,17.714285714285715,17.642857142857142,18.21212121212121
30,2026-02-04,2,2,0,17,17.0,14.0,18.285714285714285,17.428571428571427,18.176470588235293
30,2026-02-05,3,2,0,17,17.0,21.0,18.714285714285715,17.785714285714285,18.142857142857142
30,2026-02-06,4,2,0,22,17.0,18.0,18.142857142857142,18.0,18.11111111111111
30,2026-02-07,5,2,1,18,22.0,21.0,18.714285714285715,18.214285714285715,18.216216216216218
30,2026-02-08,6,2,1,25,18.0,21.0,18.285714285714285,18.0,18.210526315789473
30,2026-02-09,0,2,0,23,25.0,16.0,18.857142857142858,18.214285714285715,18.384615384615383
30,2026-02-10,1,2,0,20,23.0,17.0,19.857142857142858,18.785714285714285,18.5
30,2026-02-11,2,2,0,18,20.0,17.0,20.285714285714285,19.285714285714285,18.536585365853657
30,2026-02-12,3,2,0,16,18.0,17.0,20.428571428571427,19.571428571428573,18.523809523809526
30,2026-02-13,4,2,0,16,16.0,22.0,20.285714285714285,19.214285714285715,18.46511627906977
30,2026-02-14,5,2,1,16,16.0,18.0,19.428571428571427,19.071428571428573,18.40909090909091
30,2026-02-15,6,2,1,22,16.0,25.0,19.142857142857142,18.714285714285715,18.355555555555554
30,2026-02-16,0,2,0,20,22.0,23.0,18.714285714285715,18.785714285714285,18.434782608695652
30,2026-02-17,1,2,0,22,20.0,20.0,18.285714285714285,19.071428571428573,18.46808510638298
30,2026-02-18,2,2,0,13,22.0,18.0,18.571428571428573,19.428571428571427,18.541666666666668
30,2026-02-19,3,2,0,22,13.0,16.0,17.857142857142858,19.142857142857142,18.428571428571427
30,2026-02-20,4,2,0,27,22.0,16.0,18.714285714285715,19.5,18.5
30,2026-02-21,5,2,1,20,27.0,16.0,20.285714285714285,19.857142857142858,18.666666666666668
30,2026-02-22,6,2,1,18,20.0,22.0,20.857142857142858,20.0,18.692307692307693
30,2026-02-23,0,2,0,17,18.0,20.0,20.285714285714285,19.5,18.67924528301887
30,2026-02-24,1,2,0,20,17.0,22.0,19.857142857142858,19.071428571428573,18.64814814814815
30,2026-02-25,2,2,0,17,20.0,13.0,19.571428571428573,19.071428571428573,18.672727272727272
30,2026-02-26,3,2,0,14,17.0,22.0,20.142857142857142,19.0,18.642857142857142
30,2026-02-27,4,2,0,18,14.0,27.0,19.0,18.857142857142858,18.56140350877193
30,2026-02-28,5,2,1,16,18.0,20.0,17.714285714285715,19.0,18.551724137931036
30,2026-03-01,6,3,1,20,16.0,18.0,17.142857142857142,19.0,18.508474576271187
30,2026-03-02,0,3,0,26,20.0,17.0,17.428571428571427,18.857142857142858,18.533333333333335
30,2026-03-03,1,3,0,16,26.0,20.0,18.714285714285715,19.285714285714285,18.65573770491803
30,2026-03-04,2,3,0,18,16.0,17.0,18.142857142857142,18.857142857142858,18.612903225806452
30,2026-03-05,3,3,0,20,18.0,14.0,18.285714285714285,19.214285714285715,18.603174603174605
30,2026-03-06,4,3,0,17,20.0,18.0,19.142857142857142,19.071428571428573,18.625
30,2026-03-07,5,3,1,22,17.0,16.0,19.0,18.357142857142858,18.6
30,2026-03-08,6,3,1,25,22.0,20.0,19.857142857142858,18.5,18.651515151515152
30,2026-03-09,0,3,0,21,25.0,26.0,20.571428571428573,19.0,18.746268656716417
30,2026-03-10,1,3,0,20,21.0,16.0,19.857142857142858,19.285714285714285,18.779411764705884
30,2026-03-11,2,3,0,21,20.0,18.0,20.428571428571427,19.285714285714285,18.797101449275363
30,2026-03-12,3,3,0,16,21.0,20.0,20.857142857142858,19.571428571428573,18.82857142857143
30,2026-03-13,4,3,0,19,16.0,17.0,20.285714285714285,19.714285714285715,18.788732394366196
30,2026-03-14,5,3,1,27,19.0,22.0,20.571428571428573,19.785714285714285,18.791666666666668
30,2026-03-15,6,3,1,13,27.0,25.0,21.285714285714285,20.571428571428573,18.904109589041095
30,2026-03-16,0,3,0,21,13.0,21.0,19.571428571428573,20.071428571428573,18.824324324324323
30,2026-03-17,1,3,0,21,21.0,20.0,19.571428571428573,19.714285714285715,18.85333333333333
30,2026-03-18,2,3,0,24,21.0,21.0,19.714285714285715,20.071428571428573,18.88157894736842
30,2026-03-19,3,3,0,19,24.0,16.0,20.142857142857142,20.5,18.948051948051948
30,2026-03-20,4,3,0,18,19.0,19.0,20.571428571428573,20.428571428571427,18.94871794871795
30,2026-03-21,5,3,1,24,18.0,27.0,20.428571428571427,20.5,18.936708860759495
30,2026-03-22,6,3,1,21,24.0,13.0,20.0,20.642857142857142,19.0
30,2026-03-23,0,3,0,18,21.0,21.0,21.142857142857142,20.357142857142858,19.02469135802469
30,2026-03-24,1,3,0,24,18.0,21.0,20.714285714285715,20.142857142857142,19.01219512195122
30,2026-03-25,2,3,0,15,24.0,24.0,21.142857142857142,20.428571428571427,19.072289156626507
30,2026-03-26,3,3,0,24,15.0,19.0,19.857142857142858,20.0,19.023809523809526
30,2026-03-27,4,3,0,20,24.0,18.0,20.571428571428573,20.571428571428573,19.08235294117647
30,2026-03-28,5,3,1,28,20.0,24.0,20.857142857142858,20.642857142857142,19.093023255813954
30,2026-03-29,6,3,1,18,28.0,21.0,21.428571428571427,20.714285714285715,19.195402298850574
30,2026-03-30,0,3,0,20,18.0,18.0,21.0,21.071428571428573,19.181818181818183
30,2026-03-31,1,3,0,16,20.0,24.0,21.285714285714285,21.0,19.191011235955056
30,2026-04-01,2,4,0,24,16.0,15.0,20.142857142857142,20.642857142857142,19.155555555555555
30,2026-04-02,3,4,0,20,24.0,24.0,21.428571428571427,20.642857142857142,19.208791208791208
30,2026-04-03,4,4,0,14,20.0,20.0,20.857142857142858,20.714285714285715,19.217391304347824
30,2026-04-04,5,4,1,30,14.0,28.0,20.0,20.428571428571427,19.161290322580644
30,2026-04-05,6,4,1,28,30.0,18.0,20.285714285714285,20.857142857142858,19.27659574468085
30,2026-04-06,0,4,0,25,28.0,20.0,21.714285714285715,21.357142857142858,19.36842105263158
30,2026-04-07,1,4,0,24,25.0,16.0,22.428571428571427,21.857142857142858,19.427083333333332
30,2026-04-08,2,4,0,20,24.0,24.0,23.571428571428573,21.857142857142858,19.47422680412371
30,2026-04-09,3,4,0,22,20.0,20.0,23.0,22.214285714285715,19.479591836734695
30,2026-04-10,4,4,0,19,22.0,14.0,23.285714285714285,22.071428571428573,19.505050505050505
30,2026-04-11,5,4,1,29,19.0,30.0,24.0,22.0,19.5
30,2026-04-12,6,4,1,24,29.0,28.0,23.857142857142858,22.071428571428573,19.594059405940595
30,2026-04-13,0,4,0,27,24.0,25.0,23.285714285714285,22.5,19.637254901960784
30,2026-04-14,1,4,0,19,27.0,24.0,23.571428571428573,23.0,19.70873786407767
30,2026-04-15,2,4,0,19,19.0,20.0,22.857142857142858,23.214285714285715,19.701923076923077
30,2026-04-16,3,4,0,24,19.0,22.0,22.714285714285715,22.857142857142858,19.695238095238096
30,2026-04-17,4,4,0,17,24.0,19.0,23.0,23.142857142857142,19.735849056603772
30,2026-04-18,5,4,1,19,17.0,29.0,22.714285714285715,23.357142857142858,19.710280373831775
30,2026-04-19,6,4,1,25,19.0,24.0,21.285714285714285,22.571428571428573,19.703703703703702
30,2026-04-20,0,4,0,15,25.0,27.0,21.428571428571427,22.357142857142858,19.75229357798165
30,2026-04-21,1,4,0,19,15.0,19.0,19.714285714285715,21.642857142857142,19.70909090909091
30,2026-04-22,2,4,0,25,19.0,19.0,19.714285714285715,21.285714285714285,19.7027027027027
30,2026-04-23,3,4,0,21,25.0,24.0,20.571428571428573,21.642857142857142,19.75
30,2026-04-24,4,4,0,26,21.0,17.0,20.142857142857142,21.571428571428573,19.761061946902654
30,2026-04-25,5,4,1,29,26.0,19.0,21.428571428571427,22.071428571428573,19.81578947368421
30,2026-04-26,6,4,1,23,29.0,25.0,22.857142857142858,22.071428571428573,19.895652173913042
30,2026-04-27,0,4,0,22,23.0,15.0,22.571428571428573,22.0,19.92241379310345
30,2026-04-28,1,4,0,17,22.0,19.0,23.571428571428573,21.642857142857142,19.94017094017094
30,2026-04-29,2,4,0,16,17.0,25.0,23.285714285714285,21.5,19.915254237288135
30,2026-04-30,3,4,0,18,16.0,21.0,22.0,21.285714285714285,19.88235294117647
31,2026-01-15,3,1,0,5,5.0,8.0,6.142857142857143,5.714285714285714,5.714285714285714
31,2026-01-16,4,1,0,4,5.0,7.0,5.714285714285714,5.857142857142857,5.666666666666667
31,2026-01-17,5,1,1,6,4.0,6.0,5.285714285714286,5.857142857142857,5.5625
31,2026-01-18,6,1,1,7,6.0,7.0,5.285714285714286,5.785714285714286,5.588235294117647
31,2026-01-19,0,1,0,4,7.0,4.0,5.285714285714286,5.857142857142857,5.666666666666667
31,2026-01-20,1,1,0,5,4.0,6.0,5.285714285714286,5.714285714285714,5.578947368421052
31,2026-01-21,2,1,0,5,5.0,5.0,5.142857142857143,5.571428571428571,5.55
31,2026-01-22,3,1,0,6,5.0,5.0,5.142857142857143,5.642857142857143,5.523809523809524
31,2026-01-23,4,1,0,7,6.0,4.0,5.285714285714286,5.5,5.545454545454546
31,2026-01-24,5,1,1,6,7.0,6.0,5.714285714285714,5.5,5.608695652173913
31,2026-01-25,6,1,1,8,6.0,7.0,5.714285714285714,5.5,5.625
31,2026-01-26,0,1,0,5,8.0,4.0,5.857142857142857,5.571428571428571,5.72
31,2026-01-27,1,1,0,5,5.0,5.0,6.0,5.642857142857143,5.6923076923076925
31,2026-01-28,2,1,0,4,5.0,5.0,6.0,5.571428571428571,5.666666666666667
31,2026-01-29,3,1,0,5,4.0,6.0,5.857142857142857,5.5,5.607142857142857
31,2026-01-30,4,1,0,5,5.0,7.0,5.714285714285714,5.5,5.586206896551724
31,2026-01-31,5,1,1,6,5.0,6.0,5.428571428571429,5.571428571428571,5.566666666666666
31,2026-02-01,6,2,1,5,6.0,8.0,5.428571428571429,5.571428571428571,5.580645161290323
31,2026-02-02,0,2,0,7,5.0,5.0,5.0,5.428571428571429,5.5625
31,2026-02-03,1,2,0,7,7.0,5.0,5.285714285714286,5.642857142857143,5.606060606060606
31,2026-02-04,2,2,0,4,7.0,4.0,5.571428571428571,5.785714285714286,5.647058823529412
31,2026-02-05,3,2,0,4,4.0,5.0,5.571428571428571,5.714285714285714,5.6
31,2026-02-06,4,2,0,6,4.0,5.0,5.428571428571429,5.571428571428571,5.555555555555555
31,2026-02-07,5,2,1,5,6.0,6.0,5.571428571428571,5.5,5.5675675675675675
31,2026-02-08,6,2,1,7,5.0,5.0,5.428571428571429,5.428571428571429,5.552631578947368
31,2026-02-09,0,2,0,3,7.0,7.0,5.714285714285714,5.357142857142857,5.589743589743589
31,2026-02-10,1,2,0,6,3.0,7.0,5.142857142857143,5.214285714285714,5.525
31,2026-02-11,2,2,0,6,6.0,4.0,5.0,5.285714285714286,5.536585365853658
31,2026-02-12,3,2,0,6,6.0,4.0,5.285714285714286,5.428571428571429,5.5476190476190474
31,2026-02-13,4,2,0,6,6.0,6.0,5.571428571428571,5.5,5.558139534883721
31,2026-02-14,5,2,1,7,6.0,5.0,5.571428571428571,5.571428571428571,5.568181818181818
31,2026-02-15,6,2,1,5,7.0,7.0,5.857142857142857,5.642857142857143,5.6
31,2026-02-16,0,2,0,6,5.0,3.0,5.571428571428571,5.642857142857143,5.586956521739131
31,2026-02-17,1,2,0,6,6.0,6.0,6.0,5.571428571428571,5.595744680851064
31,2026-02-18,2,2,0,5,6.0,6.0,6.0,5.5,5.604166666666667
31,2026-02-19,3,2,0,4,5.0,6.0,5.857142857142857,5.571428571428571,5.591836734693878
31,2026-02-20,4,2,0,5,4.0,6.0,5.571428571428571,5.571428571428571,5.56
31,2026-02-21,5,2,1,7,5.0,7.0,5.428571428571429,5.5,5.549019607843137
31,2026-02-22,6,2,1,5,7.0,5.0,5.428571428571429,5.642857142857143,5.576923076923077
31,2026-02-23,0,2,0,5,5.0,6.0,5.428571428571429,5.5,5.566037735849057
31,2026-02-24,1,2,0,5,5.0,6.0,5.285714285714286,5.642857142857143,5.555555555555555
31,2026-02-25,2,2,0,6,5.0,5.0,5.142857142857143,5.571428571428571,5.545454545454546
31,2026-02-26,3,2,0,7,6.0,4.0,5.285714285714286,5.571428571428571,5.553571428571429
31,2026-02-27,4,2,0,6,7.0,5.0,5.714285714285714,5.642857142857143,5.578947368421052
31,2026-02-28,5,2,1,6,6.0,7.0,5.857142857142857,5.642857142857143,5.586206896551724
31,2026-03-01,6,3,1,8,6.0,5.0,5.714285714285714,5.571428571428571,5.593220338983051
31,2026-03-02,0,3,0,7,8.0,5.0,6.142857142857143,5.785714285714286,5.633333333333334
31,2026-03-03,1,3,0,6,7.0,5.0,6.428571428571429,5.857142857142857,5.655737704918033
31,2026-03-04,2,3,0,8,6.0,6.0,6.571428571428571,5.857142857142857,5.661290322580645
31,2026-03-05,3,3,0,5,8.0,7.0,6.857142857142857,6.071428571428571,5.698412698412699
31,2026-03-06,4,3,0,6,5.0,6.0,6.571428571428571,6.142857142857143,5.6875
31,2026-03-07,5,3,1,7,6.0,6.0,6.571428571428571,6.214285714285714,5.6923076923076925
31,2026-03-08,6,3,1,8,7.0,8.0,6.714285714285714,6.214285714285714,5.712121212121212
31,2026-03-09,0,3,0,6,8.0,7.0,6.714285714285714,6.428571428571429,5.746268656716418
31,2026-03-10,1,3,0,7,6.0,6.0,6.571428571428571,6.5,5.75
31,2026-03-11,2,3,0,7,7.0,8.0,6.714285714285714,6.642857142857143,5.768115942028985
31,2026-03-12,3,3,0,6,7.0,5.0,6.571428571428571,6.714285714285714,5.785714285714286
31,2026-03-13,4,3,0,6,6.0,6.0,6.714285714285714,6.642857142857143,5.788732394366197
31,2026-03-14,5,3,1,7,6.0,7.0,6.714285714285714,6.642857142857143,5.791666666666667
31,2026-03-15,6,3,1,8,7.0,8.0,6.714285714285714,6.714285714285714,5.808219178082192
31,2026-03-16,0,3,0,8,8.0,6.0,6.714285714285714,6.714285714285714,5.837837837837838
31,2026-03-17,1,3,0,6,8.0,7.0,7.0,6.785714285714286,5.866666666666666
31,2026-03-18,2,3,0,6,6.0,7.0,6.857142857142857,6.785714285714286,5.868421052631579
31,2026-03-19,3,3,0,4,6.0,6.0,6.714285714285714,6.642857142857143,5.87012987012987
31,2026-03-20,4,3,0,7,4.0,6.0,6.428571428571429,6.571428571428571,5.846153846153846
31,2026-03-21,5,3,1,8,7.0,7.0,6.571428571428571,6.642857142857143,5.860759493670886
31,2026-03-22,6,3,1,7,8.0,8.0,6.714285714285714,6.714285714285714,5.8875
31,2026-03-23,0,3,0,6,7.0,8.0,6.571428571428571,6.642857142857143,5.901234567901234
31,2026-03-24,1,3,0,6,6.0,6.0,6.285714285714286,6.642857142857143,5.902439024390244
31,2026-03-25,2,3,0,6,6.0,6.0,6.285714285714286,6.571428571428571,5.903614457831325
31,2026-03-26,3,3,0,4,6.0,4.0,6.285714285714286,6.5,5.904761904761905
31,2026-03-27,4,3,0,8,4.0,7.0,6.285714285714286,6.357142857142857,5.882352941176471
31,2026-03-28,5,3,1,9,8.0,8.0,6.428571428571429,6.5,5.906976744186046
31,2026-03-29,6,3,1,7,9.0,7.0,6.571428571428571,6.642857142857143,5.942528735632184
31,2026-03-30,0,3,0,8,7.0,6.0,6.571428571428571,6.571428571428571,5.954545454545454
31,2026-03-31,1,3,0,5,8.0,6.0,6.857142857142857,6.571428571428571,5.977528089887641
31,2026-04-01,2,4,0,5,5.0,6.0,6.714285714285714,6.5,5.966666666666667
31,2026-04-02,3,4,0,6,5.0,4.0,6.571428571428571,6.428571428571429,5.956043956043956
31,2026-04-03,4,4,0,4,6.0,8.0,6.857142857142857,6.571428571428571,5.956521739130435
31,2026-04-04,5,4,1,8,4.0,9.0,6.285714285714286,6.357142857142857,5.935483870967742
31,2026-04-05,6,4,1,7,8.0,7.0,6.142857142857143,6.357142857142857,5.957446808510638
31,2026-04-06,0,4,0,4,7.0,8.0,6.142857142857143,6.357142857142857,5.968421052631579
31,2026-04-07,1,4,0,7,4.0,5.0,5.571428571428571,6.214285714285714,5.947916666666667
31,2026-04-08,2,4,0,6,7.0,5.0,5.857142857142857,6.285714285714286,5.958762886597938
31,2026-04-09,3,4,0,5,6.0,6.0,6.0,6.285714285714286,5.959183673469388
31,2026-04-10,4,4,0,7,5.0,4.0,5.857142857142857,6.357142857142857,5.94949494949495
31,2026-04-11,5,4,1,8,7.0,8.0,6.285714285714286,6.285714285714286,5.96
31,2026-04-12,6,4,1,8,8.0,7.0,6.285714285714286,6.214285714285714,5.98019801980198
31,2026-04-13,0,4,0,7,8.0,4.0,6.428571428571429,6.285714285714286,6.0
31,2026-04-14,1,4,0,6,7.0,7.0,6.857142857142857,6.214285714285714,6.009708737864078
31,2026-04-15,2,4,0,7,6.0,6.0,6.714285714285714,6.285714285714286,6.009615384615385
31,2026-04-16,3,4,0,7,7.0,5.0,6.857142857142857,6.428571428571429,6.019047619047619
31,2026-04-17,4,4,0,5,7.0,7.0,7.142857142857143,6.5,6.028301886792453
31,2026-04-18,5,4,1,6,5.0,8.0,6.857142857142857,6.571428571428571,6.018691588785047
31,2026-04-19,6,4,1,7,6.0,8.0,6.571428571428571,6.428571428571429,6.018518518518518
31,2026-04-20,0,4,0,5,7.0,7.0,6.428571428571429,6.428571428571429,6.027522935779817
31,2026-04-21,1,4,0,4,5.0,6.0,6.142857142857143,6.5,6.0181818181818185
31,2026-04-22,2,4,0,5,4.0,7.0,5.857142857142857,6.285714285714286,6.0
31,2026-04-23,3,4,0,7,5.0,7.0,5.571428571428571,6.214285714285714,5.991071428571429
31,2026-04-24,4,4,0,7,7.0,5.0,5.571428571428571,6.357142857142857,6.0
31,2026-04-25,5,4,1,8,7.0,6.0,5.857142857142857,6.357142857142857,6.008771929824562
31,2026-04-26,6,4,1,9,8.0,7.0,6.142857142857143,6.357142857142857,6.026086956521739
31,2026-04-27,0,4,0,6,9.0,5.0,6.428571428571429,6.428571428571429,6.051724137931035
31,2026-04-28,1,4,0,9,6.0,4.0,6.571428571428571,6.357142857142857,6.051282051282051
31,2026-04-29,2,4,0,6,9.0,5.0,7.285714285714286,6.571428571428571,6.076271186440678
31,2026-04-30,3,4,0,7,6.0,7.0,7.428571428571429,6.5,6.07563025210084
32,2026-01-15,3,1,0,0,1.0,1.0,1.0,1.0714285714285714,1.0714285714285714
32,2026-01-16,4,1,0,1,0.0,1.0,0.8571428571428571,1.0,1.0
32,2026-01-17,5,1,1,1,1.0,0.0,0.8571428571428571,1.0,1.0
32,2026-01-18,6,1,1,1,1.0,2.0,1.0,1.0,1.0
32,2026-01-19,0,1,0,2,1.0,2.0,0.8571428571428571,1.0714285714285714,1.0
32,2026-01-20,1,1,0,1,2.0,0.0,0.8571428571428571,1.1428571428571428,1.0526315789473684
32,2026-01-21,2,1,0,2,1.0,1.0,1.0,1.0714285714285714,1.05
32,2026-01-22,3,1,0,1,2.0,0.0,1.1428571428571428,1.0714285714285714,1.0952380952380953
32,2026-01-23,4,1,0,1,1.0,1.0,1.2857142857142858,1.0714285714285714,1.0909090909090908
32,2026-01-24,5,1,1,1,1.0,1.0,1.2857142857142858,1.0714285714285714,1.0869565217391304
32,2026-01-25,6,1,1,1,1.0,1.0,1.2857142857142858,1.1428571428571428,1.0833333333333333
32,2026-01-26,0,1,0,1,1.0,2.0,1.2857142857142858,1.0714285714285714,1.08
32,2026-01-27,1,1,0,2,1.0,1.0,1.1428571428571428,1.0,1.0769230769230769
32,2026-01-28,2,1,0,2,2.0,2.0,1.2857142857142858,1.1428571428571428,1.1111111111111112
32,2026-01-29,3,1,0,1,2.0,1.0,1.2857142857142858,1.2142857142857142,1.1428571428571428
32,2026-01-30,4,1,0,1,1.0,1.0,1.2857142857142858,1.2857142857142858,1.1379310344827587
32,2026-01-31,5,1,1,1,1.0,1.0,1.2857142857142858,1.2857142857142858,1.1333333333333333
32,2026-02-01,6,2,1,1,1.0,1.0,1.2857142857142858,1.2857142857142858,1.1290322580645162
32,2026-02-02,0,2,0,2,1.0,1.0,1.2857142857142858,1.2857142857142858,1.125
32,2026-02-03,1,2,0,1,2.0,2.0,1.4285714285714286,1.2857142857142858,1.1515151515151516
32,2026-02-04,2,2,0,1,1.0,2.0,1.2857142857142858,1.2857142857142858,1.1470588235294117
32,2026-02-05,3,2,0,1,1.0,1.0,1.1428571428571428,1.2142857142857142,1.1428571428571428
32,2026-02-06,4,2,0,0,1.0,1.0,1.1428571428571428,1.2142857142857142,1.1388888888888888
32,2026-02-07,5,2,1,1,0.0,1.0,1.0,1.1428571428571428,1.1081081081081081
32,2026-02-08,6,2,1,1,1.0,1.0,1.0,1.1428571428571428,1.105263157894737
32,2026-02-09,0,2,0,0,1.0,2.0,1.0,1.1428571428571428,1.1025641025641026
32,2026-02-10,1,2,0,1,0.0,1.0,0.7142857142857143,1.0714285714285714,1.075
32,2026-02-11,2,2,0,0,1.0,1.0,0.7142857142857143,1.0,1.0731707317073171
32,2026-02-12,3,2,0,1,0.0,1.0,0.5714285714285714,0.8571428571428571,1.0476190476190477
32,2026-02-13,4,2,0,1,1.0,0.0,0.5714285714285714,0.8571428571428571,1.0465116279069768
32,2026-02-14,5,2,1,1,1.0,1.0,0.7142857142857143,0.8571428571428571,1.0454545454545454
32,2026-02-15,6,2,1,0,1.0,1.0,0.7142857142857143,0.8571428571428571,1.0444444444444445
32,2026-02-16,0,2,0,2,0.0,0.0,0.5714285714285714,0.7857142857142857,1.0217391304347827
32,2026-02-17,1,2,0,2,2.0,1.0,0.8571428571428571,0.7857142857142857,1.0425531914893618
32,2026-02-18,2,2,0,1,2.0,0.0,1.0,0.8571428571428571,1.0625
32,2026-02-19,3,2,0,1,1.0,1.0,1.1428571428571428,0.8571428571428571,1.0612244897959184
32,2026-02-20,4,2,0,1,1.0,1.0,1.1428571428571428,0.8571428571428571,1.06
32,2026-02-21,5,2,1,1,1.0,1.0,1.1428571428571428,0.9285714285714286,1.0588235294117647
32,2026-02-22,6,2,1,2,1.0,0.0,1.1428571428571428,0.9285714285714286,1.0576923076923077
32,2026-02-23,0,2,0,1,2.0,2.0,1.4285714285714286,1.0,1.0754716981132075
32,2026-02-24,1,2,0,2,1.0,2.0,1.2857142857142858,1.0714285714285714,1.0740740740740742
32,2026-02-25,2,2,0,1,2.0,1.0,1.2857142857142858,1.1428571428571428,1.0909090909090908
32,2026-02-26,3,2,0,1,1.0,1.0,1.2857142857142858,1.2142857142857142,1.0892857142857142
32,2026-02-27,4,2,0,1,1.0,1.0,1.2857142857142858,1.2142857142857142,1.087719298245614
32,2026-02-28,5,2,1,1,1.0,1.0,1.2857142857142858,1.2142857142857142,1.0862068965517242
32,2026-03-01,6,3,1,1,1.0,2.0,1.2857142857142858,1.2142857142857142,1.0847457627118644
32,2026-03-02,0,3,0,1,1.0,1.0,1.1428571428571428,1.2857142857142858,1.0833333333333333
32,2026-03-03,1,3,0,1,1.0,2.0,1.1428571428571428,1.2142857142857142,1.0819672131147542
32,2026-03-04,2,3,0,1,1.0,1.0,1.0,1.1428571428571428,1.0806451612903225
32,2026-03-05,3,3,0,2,1.0,1.0,1.0,1.1428571428571428,1.0793650793650793
32,2026-03-06,4,3,0,1,2.0,1.0,1.1428571428571428,1.2142857142857142,1.09375
32,2026-03-07,5,3,1,1,1.0,1.0,1.1428571428571428,1.2142857142857142,1.0923076923076922
32,2026-03-08,6,3,1,2,1.0,1.0,1.1428571428571428,1.2142857142857142,1.0909090909090908
32,2026-03-09,0,3,0,1,2.0,1.0,1.2857142857142858,1.2142857142857142,1.1044776119402986
32,2026-03-10,1,3,0,2,1.0,1.0,1.2857142857142858,1.2142857142857142,1.1029411764705883
32,2026-03-11,2,3,0,1,2.0,1.0,1.4285714285714286,1.2142857142857142,1.1159420289855073
32,2026-03-12,3,3,0,2,1.0,2.0,1.4285714285714286,1.2142857142857142,1.1142857142857143
32,2026-03-13,4,3,0,2,2.0,1.0,1.4285714285714286,1.2857142857142858,1.1267605633802817
32,2026-03-14,5,3,1,1,2.0,1.0,1.5714285714285714,1.3571428571428572,1.1388888888888888
32,2026-03-15,6,3,1,1,1.0,2.0,1.5714285714285714,1.3571428571428572,1.1369863013698631
32,2026-03-16,0,3,0,0,1.0,1.0,1.4285714285714286,1.3571428571428572,1.135135135135135
32,2026-03-17,1,3,0,1,0.0,2.0,1.2857142857142858,1.2857142857142858,1.12
32,2026-03-18,2,3,0,2,1.0,1.0,1.1428571428571428,1.2857142857142858,1.118421052631579
32,2026-03-19,3,3,0,1,2.0,2.0,1.2857142857142858,1.3571428571428572,1.12987012987013
32,2026-03-20,4,3,0,1,1.0,2.0,1.1428571428571428,1.2857142857142858,1.1282051282051282
32,2026-03-21,5,3,1,1,1.0,1.0,1.0,1.2857142857142858,1.1265822784810127
32,2026-03-22,6,3,1,2,1.0,1.0,1.0,1.2857142857142858,1.125
32,2026-03-23,0,3,0,1,2.0,0.0,1.1428571428571428,1.2857142857142858,1.1358024691358024
32,2026-03-24,1,3,0,2,1.0,1.0,1.2857142857142858,1.2857142857142858,1.1341463414634145
32,2026-03-25,2,3,0,1,2.0,2.0,1.4285714285714286,1.2857142857142858,1.144578313253012
32,2026-03-26,3,3,0,1,1.0,1.0,1.2857142857142858,1.2857142857142858,1.1428571428571428
32,2026-03-27,4,3,0,2,1.0,1.0,1.2857142857142858,1.2142857142857142,1.1411764705882352
32,2026-03-28,5,3,1,0,2.0,1.0,1.4285714285714286,1.2142857142857142,1.1511627906976745
32,2026-03-29,6,3,1,1,0.0,2.0,1.2857142857142858,1.1428571428571428,1.1379310344827587
32,2026-03-30,0,3,0,1,1.0,1.0,1.1428571428571428,1.1428571428571428,1.1363636363636365
32,2026-03-31,1,3,0,1,1.0,2.0,1.1428571428571428,1.2142857142857142,1.1348314606741574
32,2026-04-01,2,4,0,1,1.0,1.0,1.0,1.2142857142857142,1.1333333333333333
32,2026-04-02,3,4,0,1,1.0,1.0,1.0,1.1428571428571428,1.1318681318681318
32,2026-04-03,4,4,0,1,1.0,2.0,1.0,1.1428571428571428,1.1304347826086956
32,2026-04-04,5,4,1,2,1.0,0.0,0.8571428571428571,1.1428571428571428,1.1290322580645162
32,2026-04-05,6,4,1,1,2.0,1.0,1.1428571428571428,1.2142857142857142,1.1382978723404256
32,2026-04-06,0,4,0,1,1.0,1.0,1.1428571428571428,1.1428571428571428,1.1368421052631579
32,2026-04-07,1,4,0,1,1.0,1.0,1.1428571428571428,1.1428571428571428,1.1354166666666667
32,2026-04-08,2,4,0,1,1.0,1.0,1.1428571428571428,1.0714285714285714,1.134020618556701
32,2026-04-09,3,4,0,2,1.0,1.0,1.1428571428571428,1.0714285714285714,1.1326530612244898
32,2026-04-10,4,4,0,2,2.0,1.0,1.2857142857142858,1.1428571428571428,1.1414141414141414
32,2026-04-11,5,4,1,1,2.0,2.0,1.4285714285714286,1.1428571428571428,1.15
32,2026-04-12,6,4,1,2,1.0,1.0,1.2857142857142858,1.2142857142857142,1.1485148514851484
32,2026-04-13,0,4,0,1,2.0,1.0,1.4285714285714286,1.2857142857142858,1.1568627450980393
32,2026-04-14,1,4,0,1,1.0,1.0,1.4285714285714286,1.2857142857142858,1.1553398058252426
32,2026-04-15,2,4,0,1,1.0,1.0,1.4285714285714286,1.2857142857142858,1.1538461538461537
32,2026-04-16,3,4,0,1,1.0,2.0,1.4285714285714286,1.2857142857142858,1.1523809523809523
32,2026-04-17,4,4,0,2,1.0,2.0,1.2857142857142858,1.2857142857142858,1.150943396226415
32,2026-04-18,5,4,1,1,2.0,1.0,1.2857142857142858,1.3571428571428572,1.158878504672897
32,2026-04-19,6,4,1,2,1.0,2.0,1.2857142857142858,1.2857142857142858,1.1574074074074074
32,2026-04-20,0,4,0,2,2.0,1.0,1.2857142857142858,1.3571428571428572,1.165137614678899
32,2026-04-21,1,4,0,1,2.0,1.0,1.4285714285714286,1.4285714285714286,1.1727272727272726
32,2026-04-22,2,4,0,2,1.0,1.0,1.4285714285714286,1.4285714285714286,1.1711711711711712
32,2026-04-23,3,4,0,1,2.0,1.0,1.5714285714285714,1.5,1.1785714285714286
32,2026-04-24,4,4,0,2,1.0,2.0,1.5714285714285714,1.4285714285714286,1.176991150442478
32,2026-04-25,5,4,1,1,2.0,1.0,1.5714285714285714,1.4285714285714286,1.1842105263157894
32,2026-04-26,6,4,1,2,1.0,2.0,1.5714285714285714,1.4285714285714286,1.182608695652174
32,2026-04-27,0,4,0,2,2.0,2.0,1.5714285714285714,1.4285714285714286,1.1896551724137931
32,2026-04-28,1,4,0,1,2.0,1.0,1.5714285714285714,1.5,1.1965811965811965
32,2026-04-29,2,4,0,1,1.0,2.0,1.5714285714285714,1.5,1.194915254237288
32,2026-04-30,3,4,0,1,1.0,1.0,1.4285714285714286,1.5,1.1932773109243697
33,2026-01-15,3,1,0,7,7.0,6.0,7.0,6.571428571428571,6.571428571428571
33,2026-01-16,4,1,0,8,7.0,7.0,7.142857142857143,6.5,6.6
33,2026-01-17,5,1,1,6,8.0,7.0,7.285714285714286,6.642857142857143,6.6875
33,2026-01-18,6,1,1,8,6.0,9.0,7.142857142857143,6.571428571428571,6.647058823529412
33,2026-01-19,0,1,0,8,8.0,7.0,7.0,6.642857142857143,6.722222222222222
33,2026-01-20,1,1,0,6,8.0,6.0,7.142857142857143,6.857142857142857,6.7894736842105265
33,2026-01-21,2,1,0,9,6.0,7.0,7.142857142857143,7.0,6.75
33,2026-01-22,3,1,0,7,9.0,7.0,7.428571428571429,7.214285714285714,6.857142857142857
33,2026-01-23,4,1,0,7,7.0,8.0,7.428571428571429,7.285714285714286,6.863636363636363
33,2026-01-24,5,1,1,8,7.0,6.0,7.285714285714286,7.285714285714286,6.869565217391305
33,2026-01-25,6,1,1,10,8.0,8.0,7.571428571428571,7.357142857142857,6.916666666666667
33,2026-01-26,0,1,0,8,10.0,8.0,7.857142857142857,7.428571428571429,7.04
33,2026-01-27,1,1,0,5,8.0,6.0,7.857142857142857,7.5,7.076923076923077
33,2026-01-28,2,1,0,8,5.0,9.0,7.714285714285714,7.428571428571429,7.0
33,2026-01-29,3,1,0,6,8.0,7.0,7.571428571428571,7.5,7.035714285714286
33,2026-01-30,4,1,0,7,6.0,7.0,7.428571428571429,7.428571428571429,7.0
33,2026-01-31,5,1,1,8,7.0,8.0,7.428571428571429,7.357142857142857,7.0
33,2026-02-01,6,2,1,6,8.0,10.0,7.428571428571429,7.5,7.032258064516129
33,2026-02-02,0,2,0,8,6.0,8.0,6.857142857142857,7.357142857142857,7.0
33,2026-02-03,1,2,0,7,8.0,5.0,6.857142857142857,7.357142857142857,7.03030303030303
33,2026-02-04,2,2,0,8,7.0,8.0,7.142857142857143,7.428571428571429,7.029411764705882
33,2026-02-05,3,2,0,5,8.0,6.0,7.142857142857143,7.357142857142857,7.057142857142857
33,2026-02-06,4,2,0,7,5.0,7.0,7.0,7.214285714285714,7.0
33,2026-02-07,5,2,1,6,7.0,8.0,7.0,7.214285714285714,7.0
33,2026-02-08,6,2,1,10,6.0,6.0,6.714285714285714,7.071428571428571,6.973684210526316
33,2026-02-09,0,2,0,8,10.0,8.0,7.285714285714286,7.071428571428571,7.051282051282051
33,2026-02-10,1,2,0,7,8.0,7.0,7.285714285714286,7.071428571428571,7.075
33,2026-02-11,2,2,0,7,7.0,8.0,7.285714285714286,7.214285714285714,7.073170731707317
33,2026-02-12,3,2,0,4,7.0,5.0,7.142857142857143,7.142857142857143,7.071428571428571
33,2026-02-13,4,2,0,6,4.0,7.0,7.0,7.0,7.0
33,2026-02-14,5,2,1,9,6.0,6.0,6.857142857142857,6.928571428571429,6.9772727272727275
33,2026-02-15,6,2,1,9,9.0,10.0,7.285714285714286,7.0,7.022222222222222
33,2026-02-16,0,2,0,7,9.0,8.0,7.142857142857143,7.214285714285714,7.065217391304348
33,2026-02-17,1,2,0,6,7.0,7.0,7.0,7.142857142857143,7.0638297872340425
33,2026-02-18,2,2,0,7,6.0,7.0,6.857142857142857,7.071428571428571,7.041666666666667
33,2026-02-19,3,2,0,6,7.0,4.0,6.857142857142857,7.0,7.040816326530612
33,2026-02-20,4,2,0,7,6.0,6.0,7.142857142857143,7.071428571428571,7.02
33,2026-02-21,5,2,1,7,7.0,9.0,7.285714285714286,7.071428571428571,7.019607843137255
33,2026-02-22,6,2,1,10,7.0,9.0,7.0,7.142857142857143,7.019230769230769
33,2026-02-23,0,2,0,8,10.0,7.0,7.142857142857143,7.142857142857143,7.0754716981132075
33,2026-02-24,1,2,0,7,8.0,6.0,7.285714285714286,7.142857142857143,7.092592592592593
33,2026-02-25,2,2,0,8,7.0,7.0,7.428571428571429,7.142857142857143,7.090909090909091
33,2026-02-26,3,2,0,6,8.0,6.0,7.571428571428571,7.214285714285714,7.107142857142857
33,2026-02-27,4,2,0,7,6.0,7.0,7.571428571428571,7.357142857142857,7.087719298245614
33,2026-02-28,5,2,1,8,7.0,7.0,7.571428571428571,7.428571428571429,7.086206896551724
33,2026-03-01,6,3,1,7,8.0,10.0,7.714285714285714,7.357142857142857,7.101694915254237
33,2026-03-02,0,3,0,8,7.0,8.0,7.285714285714286,7.214285714285714,7.1
33,2026-03-03,1,3,0,7,8.0,7.0,7.285714285714286,7.285714285714286,7.114754098360656
33,2026-03-04,2,3,0,7,7.0,8.0,7.285714285714286,7.357142857142857,7.112903225806452
33,2026-03-05,3,3,0,9,7.0,6.0,7.142857142857143,7.357142857142857,7.111111111111111
33,2026-03-06,4,3,0,8,9.0,7.0,7.571428571428571,7.571428571428571,7.140625
33,2026-03-07,5,3,1,11,8.0,8.0,7.714285714285714,7.642857142857143,7.153846153846154
33,2026-03-08,6,3,1,10,11.0,7.0,8.142857142857142,7.928571428571429,7.212121212121212
33,2026-03-09,0,3,0,8,10.0,8.0,8.571428571428571,7.928571428571429,7.253731343283582
33,2026-03-10,1,3,0,8,8.0,7.0,8.571428571428571,7.928571428571429,7.264705882352941
33,2026-03-11,2,3,0,6,8.0,7.0,8.714285714285714,8.0,7.27536231884058
33,2026-03-12,3,3,0,9,6.0,9.0,8.571428571428571,7.857142857142857,7.257142857142857
33,2026-03-13,4,3,0,8,9.0,8.0,8.571428571428571,8.071428571428571,7.28169014084507
33,2026-03-14,5,3,1,7,8.0,11.0,8.571428571428571,8.142857142857142,7.291666666666667
33,2026-03-15,6,3,1,9,7.0,10.0,8.0,8.071428571428571,7.287671232876712
33,2026-03-16,0,3,0,7,9.0,8.0,7.857142857142857,8.214285714285714,7.3108108108108105
33,2026-03-17,1,3,0,7,7.0,8.0,7.714285714285714,8.142857142857142,7.306666666666667
33,2026-03-18,2,3,0,6,7.0,6.0,7.571428571428571,8.142857142857142,7.302631578947368
33,2026-03-19,3,3,0,8,6.0,9.0,7.571428571428571,8.071428571428571,7.285714285714286
33,2026-03-20,4,3,0,8,8.0,8.0,7.428571428571429,8.0,7.294871794871795
33,2026-03-21,5,3,1,11,8.0,7.0,7.428571428571429,8.0,7.30379746835443
33,2026-03-22,6,3,1,7,11.0,9.0,8.0,8.0,7.35
33,2026-03-23,0,3,0,7,7.0,7.0,7.714285714285714,7.785714285714286,7.345679012345679
33,2026-03-24,1,3,0,8,7.0,7.0,7.714285714285714,7.714285714285714,7.341463414634147
33,2026-03-25,2,3,0,7,8.0,6.0,7.857142857142857,7.714285714285714,7.349397590361446
33,2026-03-26,3,3,0,8,7.0,8.0,8.0,7.785714285714286,7.345238095238095
33,2026-03-27,4,3,0,9,8.0,8.0,8.0,7.714285714285714,7.352941176470588
33,2026-03-28,5,3,1,6,9.0,11.0,8.142857142857142,7.785714285714286,7.372093023255814
33,2026-03-29,6,3,1,11,6.0,7.0,7.428571428571429,7.714285714285714,7.35632183908046
33,2026-03-30,0,3,0,10,11.0,7.0,8.0,7.857142857142857,7.3977272727272725
33,2026-03-31,1,3,0,9,10.0,8.0,8.428571428571429,8.071428571428571,7.426966292134831
33,2026-04-01,2,4,0,7,9.0,7.0,8.571428571428571,8.214285714285714,7.444444444444445
33,2026-04-02,3,4,0,9,7.0,8.0,8.571428571428571,8.285714285714286,7.43956043956044
33,2026-04-03,4,4,0,7,9.0,9.0,8.714285714285714,8.357142857142858,7.456521739130435
33,2026-04-04,5,4,1,8,7.0,6.0,8.428571428571429,8.285714285714286,7.451612903225806
33,2026-04-05,6,4,1,10,8.0,11.0,8.714285714285714,8.071428571428571,7.457446808510638
33,2026-04-06,0,4,0,7,10.0,10.0,8.571428571428571,8.285714285714286,7.484210526315789
33,2026-04-07,1,4,0,9,7.0,9.0,8.142857142857142,8.285714285714286,7.479166666666667
33,2026-04-08,2,4,0,7,9.0,7.0,8.142857142857142,8.357142857142858,7.494845360824742
33,2026-04-09,3,4,0,7,7.0,9.0,8.142857142857142,8.357142857142858,7.489795918367347
33,2026-04-10,4,4,0,10,7.0,7.0,7.857142857142857,8.285714285714286,7.484848484848484
33,2026-04-11,5,4,1,9,10.0,8.0,8.285714285714286,8.357142857142858,7.51
33,2026-04-12,6,4,1,11,9.0,10.0,8.428571428571429,8.571428571428571,7.524752475247524
33,2026-04-13,0,4,0,6,11.0,7.0,8.571428571428571,8.571428571428571,7.5588235294117645
33,2026-04-14,1,4,0,8,6.0,9.0,8.428571428571429,8.285714285714286,7.543689320388349
33,2026-04-15,2,4,0,9,8.0,7.0,8.285714285714286,8.214285714285714,7.548076923076923
33,2026-04-16,3,4,0,7,9.0,7.0,8.571428571428571,8.357142857142858,7.561904761904762
33,2026-04-17,4,4,0,8,7.0,10.0,8.571428571428571,8.214285714285714,7.556603773584905
33,2026-04-18,5,4,1,12,8.0,9.0,8.285714285714286,8.285714285714286,7.5607476635514015
33,2026-04-19,6,4,1,10,12.0,11.0,8.714285714285714,8.571428571428571,7.601851851851852
33,2026-04-20,0,4,0,8,10.0,6.0,8.571428571428571,8.571428571428571,7.623853211009174
33,2026-04-21,1,4,0,6,8.0,8.0,8.857142857142858,8.642857142857142,7.627272727272727
33,2026-04-22,2,4,0,10,6.0,9.0,8.571428571428571,8.428571428571429,7.612612612612613
33,2026-04-23,3,4,0,8,10.0,7.0,8.714285714285714,8.642857142857142,7.633928571428571
33,2026-04-24,4,4,0,8,8.0,8.0,8.857142857142858,8.714285714285714,7.6371681415929205
33,2026-04-25,5,4,1,7,8.0,12.0,8.857142857142858,8.571428571428571,7.640350877192983
33,2026-04-26,6,4,1,9,7.0,10.0,8.142857142857142,8.428571428571429,7.6347826086956525
33,2026-04-27,0,4,0,7,9.0,8.0,8.0,8.285714285714286,7.646551724137931
33,2026-04-28,1,4,0,7,7.0,6.0,7.857142857142857,8.357142857142858,7.641025641025641
33,2026-04-29,2,4,0,8,7.0,10.0,8.0,8.285714285714286,7.635593220338983
33,2026-04-30,3,4,0,7,8.0,8.0,7.714285714285714,8.214285714285714,7.638655462184874
34,2026-01-15,3,1,0,7,5.0,6.0,6.857142857142857,6.285714285714286,6.285714285714286
34,2026-01-16,4,1,0,9,7.0,7.0,7.0,6.357142857142857,6.333333333333333
34,2026-01-17,5,1,1,6,9.0,7.0,7.285714285714286,6.571428571428571,6.5
34,2026-01-18,6,1,1,9,6.0,8.0,7.142857142857143,6.5,6.470588235294118
34,2026-01-19,0,1,0,8,9.0,8.0,7.285714285714286,6.785714285714286,6.611111111111111
34,2026-01-20,1,1,0,6,8.0,7.0,7.285714285714286,7.0,6.684210526315789
34,2026-01-21,2,1,0,6,6.0,5.0,7.142857142857143,7.0,6.65
34,2026-01-22,3,1,0,5,6.0,7.0,7.285714285714286,7.071428571428571,6.619047619047619
34,2026-01-23,4,1,0,5,5.0,9.0,7.0,7.0,6.545454545454546
34,2026-01-24,5,1,1,7,5.0,6.0,6.428571428571429,6.857142857142857,6.478260869565218
34,2026-01-25,6,1,1,8,7.0,9.0,6.571428571428571,6.857142857142857,6.5
34,2026-01-26,0,1,0,9,8.0,8.0,6.428571428571429,6.857142857142857,6.56
34,2026-01-27,1,1,0,6,9.0,6.0,6.571428571428571,6.928571428571429,6.653846153846154
34,2026-01-28,2,1,0,5,6.0,6.0,6.571428571428571,6.857142857142857,6.62962962962963
34,2026-01-29,3,1,0,8,5.0,5.0,6.428571428571429,6.857142857142857,6.571428571428571
34,2026-01-30,4,1,0,3,8.0,5.0,6.857142857142857,6.928571428571429,6.620689655172414
34,2026-01-31,5,1,1,7,3.0,7.0,6.571428571428571,6.5,6.5
34,2026-02-01,6,2,1,10,7.0,8.0,6.571428571428571,6.571428571428571,6.516129032258065
34,2026-02-02,0,2,0,4,10.0,9.0,6.857142857142857,6.642857142857143,6.625
34,2026-02-03,1,2,0,6,4.0,6.0,6.142857142857143,6.357142857142857,6.545454545454546
34,2026-02-04,2,2,0,8,6.0,5.0,6.142857142857143,6.357142857142857,6.529411764705882
34,2026-02-05,3,2,0,7,8.0,8.0,6.571428571428571,6.5,6.571428571428571
34,2026-02-06,4,2,0,7,7.0,3.0,6.428571428571429,6.642857142857143,6.583333333333333
34,2026-02-07,5,2,1,6,7.0,7.0,7.0,6.785714285714286,6.594594594594595
34,2026-02-08,6,2,1,8,6.0,10.0,6.857142857142857,6.714285714285714,6.578947368421052
34,2026-02-09,0,2,0,7,8.0,4.0,6.571428571428571,6.714285714285714,6.615384615384615
34,2026-02-10,1,2,0,7,7.0,6.0,7.0,6.571428571428571,6.625
34,2026-02-11,2,2,0,5,7.0,8.0,7.142857142857143,6.642857142857143,6.634146341463414
34,2026-02-12,3,2,0,5,5.0,7.0,6.714285714285714,6.642857142857143,6.595238095238095
34,2026-02-13,4,2,0,6,5.0,7.0,6.428571428571429,6.428571428571429,6.558139534883721
34,2026-02-14,5,2,1,8,6.0,6.0,6.285714285714286,6.642857142857143,6.545454545454546
34,2026-02-15,6,2,1,8,8.0,8.0,6.571428571428571,6.714285714285714,6.5777777777777775
34,2026-02-16,0,2,0,7,8.0,7.0,6.571428571428571,6.571428571428571,6.608695652173913
34,2026-02-17,1,2,0,7,7.0,7.0,6.571428571428571,6.785714285714286,6.617021276595745
34,2026-02-18,2,2,0,8,7.0,5.0,6.571428571428571,6.857142857142857,6.625
34,2026-02-19,3,2,0,4,8.0,5.0,7.0,6.857142857142857,6.653061224489796
34,2026-02-20,4,2,0,9,4.0,6.0,6.857142857142857,6.642857142857143,6.6
34,2026-02-21,5,2,1,9,9.0,8.0,7.285714285714286,6.785714285714286,6.647058823529412
34,2026-02-22,6,2,1,9,9.0,8.0,7.428571428571429,7.0,6.6923076923076925
34,2026-02-23,0,2,0,6,9.0,7.0,7.571428571428571,7.071428571428571,6.735849056603773
34,2026-02-24,1,2,0,9,6.0,7.0,7.428571428571429,7.0,6.722222222222222
34,2026-02-25,2,2,0,7,9.0,8.0,7.714285714285714,7.142857142857143,6.763636363636364
34,2026-02-26,3,2,0,8,7.0,4.0,7.571428571428571,7.285714285714286,6.767857142857143
34,2026-02-27,4,2,0,5,8.0,9.0,8.142857142857142,7.5,6.7894736842105265
34,2026-02-28,5,2,1,8,5.0,9.0,7.571428571428571,7.428571428571429,6.758620689655173
34,2026-03-01,6,3,1,8,8.0,9.0,7.428571428571429,7.428571428571429,6.779661016949152
34,2026-03-02,0,3,0,8,8.0,6.0,7.285714285714286,7.428571428571429,6.8
34,2026-03-03,1,3,0,6,8.0,9.0,7.571428571428571,7.5,6.819672131147541
34,2026-03-04,2,3,0,9,6.0,7.0,7.142857142857143,7.428571428571429,6.806451612903226
34,2026-03-05,3,3,0,7,9.0,8.0,7.428571428571429,7.5,6.841269841269841
34,2026-03-06,4,3,0,9,7.0,5.0,7.285714285714286,7.714285714285714,6.84375
34,2026-03-07,5,3,1,11,9.0,8.0,7.857142857142857,7.714285714285714,6.876923076923077
34,2026-03-08,6,3,1,6,11.0,8.0,8.285714285714286,7.857142857142857,6.9393939393939394
34,2026-03-09,0,3,0,6,6.0,8.0,8.0,7.642857142857143,6.925373134328358
34,2026-03-10,1,3,0,7,6.0,6.0,7.714285714285714,7.642857142857143,6.911764705882353
34,2026-03-11,2,3,0,7,7.0,9.0,7.857142857142857,7.5,6.913043478260869
34,2026-03-12,3,3,0,11,7.0,7.0,7.571428571428571,7.5,6.914285714285715
34,2026-03-13,4,3,0,7,11.0,9.0,8.142857142857142,7.714285714285714,6.971830985915493
34,2026-03-14,5,3,1,6,7.0,11.0,7.857142857142857,7.857142857142857,6.972222222222222
34,2026-03-15,6,3,1,9,6.0,6.0,7.142857142857143,7.714285714285714,6.958904109589041
34,2026-03-16,0,3,0,6,9.0,6.0,7.571428571428571,7.785714285714286,6.986486486486487
34,2026-03-17,1,3,0,6,6.0,7.0,7.571428571428571,7.642857142857143,6.973333333333334
34,2026-03-18,2,3,0,8,6.0,7.0,7.428571428571429,7.642857142857143,6.9605263157894735
34,2026-03-19,3,3,0,5,8.0,11.0,7.571428571428571,7.571428571428571,6.974025974025974
34,2026-03-20,4,3,0,7,5.0,7.0,6.714285714285714,7.428571428571429,6.948717948717949
34,2026-03-21,5,3,1,13,7.0,6.0,6.714285714285714,7.285714285714286,6.949367088607595
34,2026-03-22,6,3,1,7,13.0,9.0,7.714285714285714,7.428571428571429,7.025
34,2026-03-23,0,3,0,9,7.0,6.0,7.428571428571429,7.5,7.0246913580246915
34,2026-03-24,1,3,0,8,9.0,6.0,7.857142857142857,7.714285714285714,7.048780487804878
34,2026-03-25,2,3,0,7,8.0,8.0,8.142857142857142,7.785714285714286,7.0602409638554215
34,2026-03-26,3,3,0,8,7.0,5.0,8.0,7.785714285714286,7.059523809523809
34,2026-03-27,4,3,0,7,8.0,7.0,8.428571428571429,7.571428571428571,7.070588235294117
34,2026-03-28,5,3,1,7,7.0,13.0,8.428571428571429,7.571428571428571,7.069767441860465
34,2026-03-29,6,3,1,9,7.0,7.0,7.571428571428571,7.642857142857143,7.068965517241379
34,2026-03-30,0,3,0,8,9.0,9.0,7.857142857142857,7.642857142857143,7.090909090909091
34,2026-03-31,1,3,0,5,8.0,8.0,7.714285714285714,7.785714285714286,7.101123595505618
34,2026-04-01,2,4,0,8,5.0,7.0,7.285714285714286,7.714285714285714,7.0777777777777775
34,2026-04-02,3,4,0,9,8.0,8.0,7.428571428571429,7.714285714285714,7.087912087912088
34,2026-04-03,4,4,0,6,9.0,7.0,7.571428571428571,8.0,7.108695652173913
34,2026-04-04,5,4,1,9,6.0,7.0,7.428571428571429,7.928571428571429,7.096774193548387
34,2026-04-05,6,4,1,7,9.0,9.0,7.714285714285714,7.642857142857143,7.117021276595745
34,2026-04-06,0,4,0,8,7.0,8.0,7.428571428571429,7.642857142857143,7.11578947368421
34,2026-04-07,1,4,0,8,8.0,5.0,7.428571428571429,7.571428571428571,7.125
34,2026-04-08,2,4,0,5,8.0,8.0,7.857142857142857,7.571428571428571,7.134020618556701
34,2026-04-09,3,4,0,11,5.0,9.0,7.428571428571429,7.428571428571429,7.112244897959184
34,2026-04-10,4,4,0,8,11.0,6.0,7.714285714285714,7.642857142857143,7.151515151515151
34,2026-04-11,5,4,1,8,8.0,9.0,8.0,7.714285714285714,7.16
34,2026-04-12,6,4,1,9,8.0,7.0,7.857142857142857,7.785714285714286,7.1683168316831685
34,2026-04-13,0,4,0,8,9.0,8.0,8.142857142857142,7.785714285714286,7.186274509803922
34,2026-04-14,1,4,0,9,8.0,8.0,8.142857142857142,7.785714285714286,7.194174757281553
34,2026-04-15,2,4,0,10,9.0,5.0,8.285714285714286,8.071428571428571,7.211538461538462
34,2026-04-16,3,4,0,7,10.0,11.0,9.0,8.214285714285714,7.238095238095238
34,2026-04-17,4,4,0,6,7.0,8.0,8.428571428571429,8.071428571428571,7.235849056603773
34,2026-04-18,5,4,1,12,6.0,8.0,8.142857142857142,8.071428571428571,7.224299065420561
34,2026-04-19,6,4,1,9,12.0,9.0,8.714285714285714,8.285714285714286,7.268518518518518
34,2026-04-20,0,4,0,8,9.0,8.0,8.714285714285714,8.428571428571429,7.284403669724771
34,2026-04-21,1,4,0,10,8.0,9.0,8.714285714285714,8.428571428571429,7.290909090909091
34,2026-04-22,2,4,0,9,10.0,10.0,8.857142857142858,8.571428571428571,7.315315315315315
34,2026-04-23,3,4,0,7,9.0,7.0,8.714285714285714,8.857142857142858,7.330357142857143
34,2026-04-24,4,4,0,9,7.0,6.0,8.714285714285714,8.571428571428571,7.327433628318584
34,2026-04-25,5,4,1,12,9.0,12.0,9.142857142857142,8.642857142857142,7.342105263157895
34,2026-04-26,6,4,1,11,12.0,9.0,9.142857142857142,8.928571428571429,7.3826086956521735
34,2026-04-27,0,4,0,7,11.0,8.0,9.428571428571429,9.071428571428571,7.413793103448276
34,2026-04-28,1,4,0,11,7.0,10.0,9.285714285714286,9.0,7.410256410256411
34,2026-04-29,2,4,0,7,11.0,9.0,9.428571428571429,9.142857142857142,7.440677966101695
34,2026-04-30,3,4,0,7,7.0,7.0,9.142857142857142,8.928571428571429,7.436974789915967
35,2026-01-15,3,1,0,50,55.0,66.0,52.285714285714285,51.42857142857143,51.42857142857143
35,2026-01-16,4,1,0,47,50.0,40.0,50.0,50.92857142857143,51.333333333333336
35,2026-01-17,5,1,1,53,47.0,59.0,51.0,51.214285714285715,51.0625
35,2026-01-18,6,1,1,48,53.0,46.0,50.142857142857146,51.357142857142854,51.1764705882353
35,2026-01-19,0,1,0,36,48.0,40.0,50.42857142857143,49.857142857142854,51.0
35,2026-01-20,1,1,0,57,36.0,60.0,49.857142857142854,48.92857142857143,50.21052631578947
35,2026-01-21,2,1,0,39,57.0,55.0,49.42857142857143,50.57142857142857,50.55
35,2026-01-22,3,1,0,39,39.0,50.0,47.142857142857146,49.714285714285715,50.0
35,2026-01-23,4,1,0,47,39.0,47.0,45.57142857142857,47.785714285714285,49.5
35,2026-01-24,5,1,1,44,47.0,53.0,45.57142857142857,48.285714285714285,49.391304347826086
35,2026-01-25,6,1,1,55,44.0,48.0,44.285714285714285,47.214285714285715,49.166666666666664
35,2026-01-26,0,1,0,49,55.0,36.0,45.285714285714285,47.857142857142854,49.4
35,2026-01-27,1,1,0,47,49.0,57.0,47.142857142857146,48.5,49.38461538461539
35,2026-01-28,2,1,0,45,47.0,39.0,45.714285714285715,47.57142857142857,49.2962962962963
35,2026-01-29,3,1,0,42,45.0,39.0,46.57142857142857,46.857142857142854,49.142857142857146
35,2026-01-30,4,1,0,56,42.0,47.0,47.0,46.285714285714285,48.89655172413793
35,2026-01-31,5,1,1,68,56.0,44.0,48.285714285714285,46.92857142857143,49.13333333333333
35,2026-02-01,6,2,1,64,68.0,55.0,51.714285714285715,48.0,49.74193548387097
35,2026-02-02,0,2,0,42,64.0,49.0,53.0,49.142857142857146,50.1875
35,2026-02-03,1,2,0,50,42.0,47.0,52.0,49.57142857142857,49.93939393939394
35,2026-02-04,2,2,0,52,50.0,45.0,52.42857142857143,49.07142857142857,49.94117647058823
35,2026-02-05,3,2,0,55,52.0,42.0,53.42857142857143,50.0,50.0
35,2026-02-06,4,2,0,63,55.0,56.0,55.285714285714285,51.142857142857146,50.138888888888886
35,2026-02-07,5,2,1,65,63.0,68.0,56.285714285714285,52.285714285714285,50.486486486486484
35,2026-02-08,6,2,1,75,65.0,64.0,55.857142857142854,53.785714285714285,50.86842105263158
35,2026-02-09,0,2,0,54,75.0,42.0,57.42857142857143,55.214285714285715,51.48717948717949
35,2026-02-10,1,2,0,42,54.0,50.0,59.142857142857146,55.57142857142857,51.55
35,2026-02-11,2,2,0,54,42.0,52.0,58.0,55.214285714285715,51.31707317073171
35,2026-02-12,3,2,0,56,54.0,55.0,58.285714285714285,55.857142857142854,51.38095238095238
35,2026-02-13,4,2,0,56,56.0,63.0,58.42857142857143,56.857142857142854,51.48837209302326
35,2026-02-14,5,2,1,66,56.0,65.0,57.42857142857143,56.857142857142854,51.59090909090909
35,2026-02-15,6,2,1,55,66.0,75.0,57.57142857142857,56.714285714285715,51.91111111111111
35,2026-02-16,0,2,0,61,55.0,54.0,54.714285714285715,56.07142857142857,51.97826086956522
35,2026-02-17,1,2,0,52,61.0,42.0,55.714285714285715,57.42857142857143,52.170212765957444
35,2026-02-18,2,2,0,59,52.0,54.0,57.142857142857146,57.57142857142857,52.166666666666664
35,2026-02-19,3,2,0,54,59.0,56.0,57.857142857142854,58.07142857142857,52.30612244897959
35,2026-02-20,4,2,0,65,54.0,56.0,57.57142857142857,58.0,52.34
35,2026-02-21,5,2,1,61,65.0,66.0,58.857142857142854,58.142857142857146,52.588235294117645
35,2026-02-22,6,2,1,76,61.0,55.0,58.142857142857146,57.857142857142854,52.75
35,2026-02-23,0,2,0,60,76.0,61.0,61.142857142857146,57.92857142857143,53.18867924528302
35,2026-02-24,1,2,0,44,60.0,52.0,61.0,58.357142857142854,53.31481481481482
35,2026-02-25,2,2,0,43,44.0,59.0,59.857142857142854,58.5,53.14545454545455
35,2026-02-26,3,2,0,54,43.0,54.0,57.57142857142857,57.714285714285715,52.964285714285715
35,2026-02-27,4,2,0,73,54.0,65.0,57.57142857142857,57.57142857142857,52.98245614035088
35,2026-02-28,5,2,1,53,73.0,61.0,58.714285714285715,58.785714285714285,53.327586206896555
35,2026-03-01,6,3,1,59,53.0,76.0,57.57142857142857,57.857142857142854,53.32203389830509
35,2026-03-02,0,3,0,36,59.0,60.0,55.142857142857146,58.142857142857146,53.416666666666664
35,2026-03-03,1,3,0,56,36.0,44.0,51.714285714285715,56.357142857142854,53.131147540983605
35,2026-03-04,2,3,0,51,56.0,43.0,53.42857142857143,56.642857142857146,53.17741935483871
35,2026-03-05,3,3,0,67,51.0,54.0,54.57142857142857,56.07142857142857,53.142857142857146
35,2026-03-06,4,3,0,35,67.0,73.0,56.42857142857143,57.0,53.359375
35,2026-03-07,5,3,1,67,35.0,53.0,51.0,54.857142857142854,53.07692307692308
35,2026-03-08,6,3,1,57,67.0,59.0,53.0,55.285714285714285,53.28787878787879
35,2026-03-09,0,3,0,46,57.0,36.0,52.714285714285715,53.92857142857143,53.343283582089555
35,2026-03-10,1,3,0,63,46.0,56.0,54.142857142857146,52.92857142857143,53.23529411764706
35,2026-03-11,2,3,0,56,63.0,51.0,55.142857142857146,54.285714285714285,53.3768115942029
35,2026-03-12,3,3,0,59,56.0,67.0,55.857142857142854,55.214285714285715,53.41428571428571
35,2026-03-13,4,3,0,47,59.0,35.0,54.714285714285715,55.57142857142857,53.49295774647887
35,2026-03-14,5,3,1,63,47.0,67.0,56.42857142857143,53.714285714285715,53.40277777777778
35,2026-03-15,6,3,1,59,63.0,57.0,55.857142857142854,54.42857142857143,53.534246575342465
35,2026-03-16,0,3,0,75,59.0,46.0,56.142857142857146,54.42857142857143,53.608108108108105
35,2026-03-17,1,3,0,71,75.0,63.0,60.285714285714285,57.214285714285715,53.89333333333333
35,2026-03-18,2,3,0,62,71.0,56.0,61.42857142857143,58.285714285714285,54.11842105263158
35,2026-03-19,3,3,0,41,62.0,59.0,62.285714285714285,59.07142857142857,54.22077922077922
35,2026-03-20,4,3,0,46,41.0,47.0,59.714285714285715,57.214285714285715,54.05128205128205
35,2026-03-21,5,3,1,61,46.0,63.0,59.57142857142857,58.0,53.949367088607595
35,2026-03-22,6,3,1,74,61.0,59.0,59.285714285714285,57.57142857142857,54.0375
35,2026-03-23,0,3,0,52,74.0,75.0,61.42857142857143,58.785714285714285,54.28395061728395
35,2026-03-24,1,3,0,55,52.0,71.0,58.142857142857146,59.214285714285715,54.25609756097561
35,2026-03-25,2,3,0,68,55.0,62.0,55.857142857142854,58.642857142857146,54.265060240963855
35,2026-03-26,3,3,0,56,68.0,41.0,56.714285714285715,59.5,54.42857142857143
35,2026-03-27,4,3,0,57,56.0,46.0,58.857142857142854,59.285714285714285,54.44705882352941
35,2026-03-28,5,3,1,63,57.0,61.0,60.42857142857143,60.0,54.47674418604651
35,2026-03-29,6,3,1,66,63.0,74.0,60.714285714285715,60.0,54.57471264367816
35,2026-03-30,0,3,0,76,66.0,52.0,59.57142857142857,60.5,54.70454545454545
35,2026-03-31,1,3,0,57,76.0,55.0,63.0,60.57142857142857,54.943820224719104
35,2026-04-01,2,4,0,67,57.0,68.0,63.285714285714285,59.57142857142857,54.96666666666667
35,2026-04-02,3,4,0,54,67.0,56.0,63.142857142857146,59.92857142857143,55.0989010989011
35,2026-04-03,4,4,0,63,54.0,57.0,62.857142857142854,60.857142857142854,55.08695652173913
35,2026-04-04,5,4,1,69,63.0,63.0,63.714285714285715,62.07142857142857,55.17204301075269
35,2026-04-05,6,4,1,70,69.0,66.0,64.57142857142857,62.642857142857146,55.319148936170215
35,2026-04-06,0,4,0,40,70.0,76.0,65.14285714285714,62.357142857142854,55.473684210526315
35,2026-04-07,1,4,0,40,40.0,57.0,60.0,61.5,55.3125
35,2026-04-08,2,4,0,52,40.0,67.0,57.57142857142857,60.42857142857143,55.154639175257735
35,2026-04-09,3,4,0,45,52.0,54.0,55.42857142857143,59.285714285714285,55.12244897959184
35,2026-04-10,4,4,0,57,45.0,63.0,54.142857142857146,58.5,55.02020202020202
35,2026-04-11,5,4,1,74,57.0,69.0,53.285714285714285,58.5,55.04
35,2026-04-12,6,4,1,60,74.0,70.0,54.0,59.285714285714285,55.227722772277225
35,2026-04-13,0,4,0,75,60.0,40.0,52.57142857142857,58.857142857142854,55.27450980392157
35,2026-04-14,1,4,0,69,75.0,40.0,57.57142857142857,58.785714285714285,55.46601941747573
35,2026-04-15,2,4,0,81,69.0,52.0,61.714285714285715,59.642857142857146,55.59615384615385
35,2026-04-16,3,4,0,47,81.0,45.0,65.85714285714286,60.642857142857146,55.838095238095235
35,2026-04-17,4,4,0,43,47.0,57.0,66.14285714285714,60.142857142857146,55.75471698113208
35,2026-04-18,5,4,1,51,43.0,74.0,64.14285714285714,58.714285714285715,55.63551401869159
35,2026-04-19,6,4,1,55,51.0,60.0,60.857142857142854,57.42857142857143,55.592592592592595
35,2026-04-20,0,4,0,80,55.0,75.0,60.142857142857146,56.357142857142854,55.58715596330275
35,2026-04-21,1,4,0,64,80.0,69.0,60.857142857142854,59.214285714285715,55.80909090909091
35,2026-04-22,2,4,0,57,64.0,81.0,60.142857142857146,60.92857142857143,55.88288288288288
35,2026-04-23,3,4,0,56,57.0,47.0,56.714285714285715,61.285714285714285,55.892857142857146
35,2026-04-24,4,4,0,48,56.0,43.0,58.0,62.07142857142857,55.89380530973451
35,2026-04-25,5,4,1,70,48.0,51.0,58.714285714285715,61.42857142857143,55.824561403508774
35,2026-04-26,6,4,1,83,70.0,55.0,61.42857142857143,61.142857142857146,55.947826086956525
35,2026-04-27,0,4,0,51,83.0,80.0,65.42857142857143,62.785714285714285,56.18103448275862
35,2026-04-28,1,4,0,58,51.0,64.0,61.285714285714285,61.07142857142857,56.136752136752136
35,2026-04-29,2,4,0,80,58.0,57.0,60.42857142857143,60.285714285714285,56.152542372881356
35,2026-04-30,3,4,0,45,80.0,56.0,63.714285714285715,60.214285714285715,56.35294117647059
36,2026-01-15,3,1,0,3,3.0,3.0,3.0,3.0,3.0
36,2026-01-16,4,1,0,3,3.0,3.0,3.0,3.0,3.0
36,2026-01-17,5,1,1,4,3.0,4.0,3.0,3.0714285714285716,3.0
36,2026-01-18,6,1,1,3,4.0,2.0,3.0,3.0714285714285716,3.0588235294117645
36,2026-01-19,0,1,0,3,3.0,3.0,3.142857142857143,3.0714285714285716,3.0555555555555554
36,2026-01-20,1,1,0,2,3.0,3.0,3.142857142857143,3.0714285714285716,3.0526315789473686
36,2026-01-21,2,1,0,3,2.0,3.0,3.0,3.0,3.0
36,2026-01-22,3,1,0,4,3.0,3.0,3.0,3.0,3.0
36,2026-01-23,4,1,0,4,4.0,3.0,3.142857142857143,3.0714285714285716,3.0454545454545454
36,2026-01-24,5,1,1,3,4.0,4.0,3.2857142857142856,3.142857142857143,3.0869565217391304
36,2026-01-25,6,1,1,3,3.0,3.0,3.142857142857143,3.0714285714285716,3.0833333333333335
36,2026-01-26,0,1,0,3,3.0,3.0,3.142857142857143,3.142857142857143,3.08
36,2026-01-27,1,1,0,3,3.0,2.0,3.142857142857143,3.142857142857143,3.076923076923077
36,2026-01-28,2,1,0,2,3.0,3.0,3.2857142857142856,3.142857142857143,3.074074074074074
36,2026-01-29,3,1,0,4,2.0,4.0,3.142857142857143,3.0714285714285716,3.0357142857142856
36,2026-01-30,4,1,0,4,4.0,4.0,3.142857142857143,3.142857142857143,3.0689655172413794
36,2026-01-31,5,1,1,3,4.0,3.0,3.142857142857143,3.2142857142857144,3.1
36,2026-02-01,6,2,1,4,3.0,3.0,3.142857142857143,3.142857142857143,3.096774193548387
36,2026-02-02,0,2,0,4,4.0,3.0,3.2857142857142856,3.2142857142857144,3.125
36,2026-02-03,1,2,0,3,4.0,3.0,3.4285714285714284,3.2857142857142856,3.1515151515151514
36,2026-02-04,2,2,0,4,3.0,2.0,3.4285714285714284,3.357142857142857,3.1470588235294117
36,2026-02-05,3,2,0,4,4.0,4.0,3.7142857142857144,3.4285714285714284,3.1714285714285713
36,2026-02-06,4,2,0,3,4.0,4.0,3.7142857142857144,3.4285714285714284,3.1944444444444446
36,2026-02-07,5,2,1,4,3.0,3.0,3.5714285714285716,3.357142857142857,3.189189189189189
36,2026-02-08,6,2,1,4,4.0,4.0,3.7142857142857144,3.4285714285714284,3.210526315789474
36,2026-02-09,0,2,0,3,4.0,4.0,3.7142857142857144,3.5,3.230769230769231
36,2026-02-10,1,2,0,3,3.0,3.0,3.5714285714285716,3.5,3.225
36,2026-02-11,2,2,0,3,3.0,4.0,3.5714285714285716,3.5,3.2195121951219514
36,2026-02-12,3,2,0,4,3.0,4.0,3.4285714285714284,3.5714285714285716,3.2142857142857144
36,2026-02-13,4,2,0,3,4.0,3.0,3.4285714285714284,3.5714285714285716,3.2325581395348837
36,2026-02-14,5,2,1,3,3.0,4.0,3.4285714285714284,3.5,3.227272727272727
36,2026-02-15,6,2,1,4,3.0,4.0,3.2857142857142856,3.5,3.2222222222222223
36,2026-02-16,0,2,0,3,4.0,3.0,3.2857142857142856,3.5,3.239130434782609
36,2026-02-17,1,2,0,3,3.0,3.0,3.2857142857142856,3.4285714285714284,3.234042553191489
36,2026-02-18,2,2,0,4,3.0,3.0,3.2857142857142856,3.4285714285714284,3.2291666666666665
36,2026-02-19,3,2,0,4,4.0,4.0,3.4285714285714284,3.4285714285714284,3.2448979591836733
36,2026-02-20,4,2,0,2,4.0,3.0,3.4285714285714284,3.4285714285714284,3.26
36,2026-02-21,5,2,1,5,2.0,3.0,3.2857142857142856,3.357142857142857,3.235294117647059
36,2026-02-22,6,2,1,6,5.0,4.0,3.5714285714285716,3.4285714285714284,3.269230769230769
36,2026-02-23,0,2,0,4,6.0,3.0,3.857142857142857,3.5714285714285716,3.3207547169811322
36,2026-02-24,1,2,0,4,4.0,3.0,4.0,3.642857142857143,3.3333333333333335
36,2026-02-25,2,2,0,5,4.0,4.0,4.142857142857143,3.7142857142857144,3.3454545454545452
36,2026-02-26,3,2,0,4,5.0,4.0,4.285714285714286,3.857142857142857,3.375
36,2026-02-27,4,2,0,3,4.0,2.0,4.285714285714286,3.857142857142857,3.3859649122807016
36,2026-02-28,5,2,1,4,3.0,5.0,4.428571428571429,3.857142857142857,3.3793103448275863
36,2026-03-01,6,3,1,4,4.0,6.0,4.285714285714286,3.9285714285714284,3.389830508474576
36,2026-03-02,0,3,0,3,4.0,4.0,4.0,3.9285714285714284,3.4
36,2026-03-03,1,3,0,4,3.0,4.0,3.857142857142857,3.9285714285714284,3.3934426229508197
36,2026-03-04,2,3,0,3,4.0,5.0,3.857142857142857,4.0,3.403225806451613
36,2026-03-05,3,3,0,4,3.0,4.0,3.5714285714285716,3.9285714285714284,3.3968253968253967
36,2026-03-06,4,3,0,4,4.0,3.0,3.5714285714285716,3.9285714285714284,3.40625
36,2026-03-07,5,3,1,6,4.0,4.0,3.7142857142857144,4.071428571428571,3.4153846153846152
36,2026-03-08,6,3,1,4,6.0,4.0,4.0,4.142857142857143,3.4545454545454546
36,2026-03-09,0,3,0,4,4.0,3.0,4.0,4.0,3.462686567164179
36,2026-03-10,1,3,0,5,4.0,4.0,4.142857142857143,4.0,3.4705882352941178
36,2026-03-11,2,3,0,2,5.0,3.0,4.285714285714286,4.071428571428571,3.4927536231884058
36,2026-03-12,3,3,0,4,2.0,4.0,4.142857142857143,3.857142857142857,3.4714285714285715
36,2026-03-13,4,3,0,4,4.0,4.0,4.142857142857143,3.857142857142857,3.4788732394366195
36,2026-03-14,5,3,1,4,4.0,6.0,4.142857142857143,3.9285714285714284,3.486111111111111
36,2026-03-15,6,3,1,5,4.0,4.0,3.857142857142857,3.9285714285714284,3.493150684931507
36,2026-03-16,0,3,0,3,5.0,4.0,4.0,4.0,3.5135135135135136
36,2026-03-17,1,3,0,4,3.0,5.0,3.857142857142857,4.0,3.506666666666667
36,2026-03-18,2,3,0,4,4.0,2.0,3.7142857142857144,4.0,3.513157894736842
36,2026-03-19,3,3,0,5,4.0,4.0,4.0,4.071428571428571,3.5194805194805197
36,2026-03-20,4,3,0,3,5.0,4.0,4.142857142857143,4.142857142857143,3.5384615384615383
36,2026-03-21,5,3,1,5,3.0,4.0,4.0,4.071428571428571,3.5316455696202533
36,2026-03-22,6,3,1,5,5.0,5.0,4.142857142857143,4.0,3.55
36,2026-03-23,0,3,0,3,5.0,3.0,4.142857142857143,4.071428571428571,3.567901234567901
36,2026-03-24,1,3,0,4,3.0,4.0,4.142857142857143,4.0,3.5609756097560976
36,2026-03-25,2,3,0,5,4.0,4.0,4.142857142857143,3.9285714285714284,3.566265060240964
36,2026-03-26,3,3,0,3,5.0,5.0,4.285714285714286,4.142857142857143,3.5833333333333335
36,2026-03-27,4,3,0,6,3.0,3.0,4.0,4.071428571428571,3.5764705882352943
36,2026-03-28,5,3,1,2,6.0,5.0,4.428571428571429,4.214285714285714,3.604651162790698
36,2026-03-29,6,3,1,4,2.0,5.0,4.0,4.071428571428571,3.586206896551724
36,2026-03-30,0,3,0,4,4.0,3.0,3.857142857142857,4.0,3.590909090909091
36,2026-03-31,1,3,0,3,4.0,4.0,4.0,4.071428571428571,3.595505617977528
36,2026-04-01,2,4,0,3,3.0,5.0,3.857142857142857,4.0,3.588888888888889
36,2026-04-02,3,4,0,5,3.0,3.0,3.5714285714285716,3.9285714285714284,3.5824175824175826
36,2026-04-03,4,4,0,4,5.0,6.0,3.857142857142857,3.9285714285714284,3.597826086956522
36,2026-04-04,5,4,1,4,4.0,2.0,3.5714285714285716,4.0,3.6021505376344085
36,2026-04-05,6,4,1,4,4.0,4.0,3.857142857142857,3.9285714285714284,3.606382978723404
36,2026-04-06,0,4,0,4,4.0,4.0,3.857142857142857,3.857142857142857,3.610526315789474
36,2026-04-07,1,4,0,4,4.0,3.0,3.857142857142857,3.9285714285714284,3.6145833333333335
36,2026-04-08,2,4,0,3,4.0,3.0,4.0,3.9285714285714284,3.618556701030928
36,2026-04-09,3,4,0,3,3.0,5.0,4.0,3.7857142857142856,3.6122448979591835
36,2026-04-10,4,4,0,4,3.0,4.0,3.7142857142857144,3.7857142857142856,3.606060606060606
36,2026-04-11,5,4,1,5,4.0,4.0,3.7142857142857144,3.642857142857143,3.61
36,2026-04-12,6,4,1,5,5.0,4.0,3.857142857142857,3.857142857142857,3.623762376237624
36,2026-04-13,0,4,0,3,5.0,4.0,4.0,3.9285714285714284,3.6372549019607843
36,2026-04-14,1,4,0,4,3.0,4.0,3.857142857142857,3.857142857142857,3.6310679611650487
36,2026-04-15,2,4,0,4,4.0,3.0,3.857142857142857,3.9285714285714284,3.6346153846153846
36,2026-04-16,3,4,0,5,4.0,3.0,4.0,4.0,3.638095238095238
36,2026-04-17,4,4,0,4,5.0,4.0,4.285714285714286,4.0,3.650943396226415
36,2026-04-18,5,4,1,5,4.0,5.0,4.285714285714286,4.0,3.6542056074766354
36,2026-04-19,6,4,1,6,5.0,5.0,4.285714285714286,4.071428571428571,3.6666666666666665
36,2026-04-20,0,4,0,3,6.0,3.0,4.428571428571429,4.214285714285714,3.688073394495413
36,2026-04-21,1,4,0,5,3.0,4.0,4.428571428571429,4.142857142857143,3.6818181818181817
36,2026-04-22,2,4,0,3,5.0,4.0,4.571428571428571,4.214285714285714,3.6936936936936937
36,2026-04-23,3,4,0,4,3.0,5.0,4.428571428571429,4.214285714285714,3.6875
36,2026-04-24,4,4,0,5,4.0,4.0,4.285714285714286,4.285714285714286,3.690265486725664
36,2026-04-25,5,4,1,6,5.0,5.0,4.428571428571429,4.357142857142857,3.7017543859649122
36,2026-04-26,6,4,1,5,6.0,6.0,4.571428571428571,4.428571428571429,3.7217391304347824
36,2026-04-27,0,4,0,3,5.0,3.0,4.428571428571429,4.428571428571429,3.7327586206896552
36,2026-04-28,1,4,0,5,3.0,5.0,4.428571428571429,4.428571428571429,3.7264957264957266
36,2026-04-29,2,4,0,5,5.0,3.0,4.428571428571429,4.5,3.73728813559322
36,2026-04-30,3,4,0,4,5.0,4.0,4.714285714285714,4.571428571428571,3.7478991596638656
37,2026-01-15,3,1,0,10,11.0,10.0,10.714285714285714,9.714285714285714,9.714285714285714
37,2026-01-16,4,1,0,9,10.0,12.0,10.714285714285714,9.714285714285714,9.733333333333333
37,2026-01-17,5,1,1,12,9.0,13.0,10.285714285714286,9.714285714285714,9.6875
37,2026-01-18,6,1,1,7,12.0,10.0,10.142857142857142,10.142857142857142,9.823529411764707
37,2026-01-19,0,1,0,9,7.0,8.0,9.714285714285714,10.0,9.666666666666666
37,2026-01-20,1,1,0,9,9.0,11.0,9.857142857142858,9.785714285714286,9.631578947368421
37,2026-01-21,2,1,0,7,9.0,11.0,9.571428571428571,9.857142857142858,9.6
37,2026-01-22,3,1,0,8,7.0,10.0,9.0,9.857142857142858,9.476190476190476
37,2026-01-23,4,1,0,13,8.0,9.0,8.714285714285714,9.714285714285714,9.409090909090908
37,2026-01-24,5,1,1,9,13.0,12.0,9.285714285714286,9.785714285714286,9.565217391304348
37,2026-01-25,6,1,1,16,9.0,7.0,8.857142857142858,9.5,9.541666666666666
37,2026-01-26,0,1,0,9,16.0,9.0,10.142857142857142,9.928571428571429,9.8
37,2026-01-27,1,1,0,10,9.0,9.0,10.142857142857142,10.0,9.76923076923077
37,2026-01-28,2,1,0,9,10.0,7.0,10.285714285714286,9.928571428571429,9.777777777777779
37,2026-01-29,3,1,0,11,9.0,8.0,10.571428571428571,9.785714285714286,9.75
37,2026-01-30,4,1,0,11,11.0,13.0,11.0,9.857142857142858,9.793103448275861
37,2026-01-31,5,1,1,13,11.0,9.0,10.714285714285714,10.0,9.833333333333334
37,2026-02-01,6,2,1,12,13.0,16.0,11.285714285714286,10.071428571428571,9.935483870967742
37,2026-02-02,0,2,0,10,12.0,9.0,10.714285714285714,10.428571428571429,10.0
37,2026-02-03,1,2,0,12,10.0,10.0,10.857142857142858,10.5,10.0
37,2026-02-04,2,2,0,8,12.0,9.0,11.142857142857142,10.714285714285714,10.058823529411764
37,2026-02-05,3,2,0,10,8.0,11.0,11.0,10.785714285714286,10.0
37,2026-02-06,4,2,0,12,10.0,11.0,10.857142857142858,10.928571428571429,10.0
37,2026-02-07,5,2,1,13,12.0,13.0,11.0,10.857142857142858,10.054054054054054
37,2026-02-08,6,2,1,11,13.0,12.0,11.0,11.142857142857142,10.131578947368421
37,2026-02-09,0,2,0,11,11.0,10.0,10.857142857142858,10.785714285714286,10.153846153846153
37,2026-02-10,1,2,0,10,11.0,12.0,11.0,10.928571428571429,10.175
37,2026-02-11,2,2,0,12,10.0,8.0,10.714285714285714,10.928571428571429,10.170731707317072
37,2026-02-12,3,2,0,9,12.0,10.0,11.285714285714286,11.142857142857142,10.214285714285714
37,2026-02-13,4,2,0,12,9.0,12.0,11.142857142857142,11.0,10.186046511627907
37,2026-02-14,5,2,1,12,12.0,13.0,11.142857142857142,11.071428571428571,10.227272727272727
37,2026-02-15,6,2,1,12,12.0,11.0,11.0,11.0,10.266666666666667
37,2026-02-16,0,2,0,12,12.0,11.0,11.142857142857142,11.0,10.304347826086957
37,2026-02-17,1,2,0,8,12.0,10.0,11.285714285714286,11.142857142857142,10.340425531914894
37,2026-02-18,2,2,0,7,8.0,12.0,11.0,10.857142857142858,10.291666666666666
37,2026-02-19,3,2,0,10,7.0,9.0,10.285714285714286,10.785714285714286,10.224489795918368
37,2026-02-20,4,2,0,11,10.0,12.0,10.428571428571429,10.785714285714286,10.22
37,2026-02-21,5,2,1,11,11.0,12.0,10.285714285714286,10.714285714285714,10.235294117647058
37,2026-02-22,6,2,1,15,11.0,12.0,10.142857142857142,10.571428571428571,10.25
37,2026-02-23,0,2,0,12,15.0,12.0,10.571428571428571,10.857142857142858,10.339622641509434
37,2026-02-24,1,2,0,11,12.0,8.0,10.571428571428571,10.928571428571429,10.37037037037037
37,2026-02-25,2,2,0,11,11.0,7.0,11.0,11.0,10.381818181818181
37,2026-02-26,3,2,0,9,11.0,10.0,11.571428571428571,10.928571428571429,10.392857142857142
37,2026-02-27,4,2,0,11,9.0,11.0,11.428571428571429,10.928571428571429,10.368421052631579
37,2026-02-28,5,2,1,15,11.0,11.0,11.428571428571429,10.857142857142858,10.379310344827585
37,2026-03-01,6,3,1,13,15.0,15.0,12.0,11.071428571428571,10.457627118644067
37,2026-03-02,0,3,0,11,13.0,12.0,11.714285714285714,11.142857142857142,10.5
37,2026-03-03,1,3,0,11,11.0,11.0,11.571428571428571,11.071428571428571,10.508196721311476
37,2026-03-04,2,3,0,12,11.0,11.0,11.571428571428571,11.285714285714286,10.516129032258064
37,2026-03-05,3,3,0,14,12.0,9.0,11.714285714285714,11.642857142857142,10.53968253968254
37,2026-03-06,4,3,0,12,14.0,11.0,12.428571428571429,11.928571428571429,10.59375
37,2026-03-07,5,3,1,11,12.0,15.0,12.571428571428571,12.0,10.615384615384615
37,2026-03-08,6,3,1,13,11.0,13.0,12.0,12.0,10.621212121212121
37,2026-03-09,0,3,0,8,13.0,11.0,12.0,11.857142857142858,10.656716417910447
37,2026-03-10,1,3,0,9,8.0,11.0,11.571428571428571,11.571428571428571,10.617647058823529
37,2026-03-11,2,3,0,13,9.0,12.0,11.285714285714286,11.428571428571429,10.594202898550725
37,2026-03-12,3,3,0,11,13.0,14.0,11.428571428571429,11.571428571428571,10.628571428571428
37,2026-03-13,4,3,0,9,11.0,12.0,11.0,11.714285714285714,10.633802816901408
37,2026-03-14,5,3,1,15,9.0,11.0,10.571428571428571,11.571428571428571,10.61111111111111
37,2026-03-15,6,3,1,11,15.0,13.0,11.142857142857142,11.571428571428571,10.67123287671233
37,2026-03-16,0,3,0,11,11.0,8.0,10.857142857142858,11.428571428571429,10.675675675675675
37,2026-03-17,1,3,0,10,11.0,9.0,11.285714285714286,11.428571428571429,10.68
37,2026-03-18,2,3,0,9,10.0,13.0,11.428571428571429,11.357142857142858,10.671052631578947
37,2026-03-19,3,3,0,12,9.0,11.0,10.857142857142858,11.142857142857142,10.64935064935065
37,2026-03-20,4,3,0,9,12.0,9.0,11.0,11.0,10.666666666666666
37,2026-03-21,5,3,1,8,9.0,15.0,11.0,10.785714285714286,10.645569620253164
37,2026-03-22,6,3,1,12,8.0,11.0,10.0,10.571428571428571,10.6125
37,2026-03-23,0,3,0,9,12.0,11.0,10.142857142857142,10.5,10.62962962962963
37,2026-03-24,1,3,0,12,9.0,10.0,9.857142857142858,10.571428571428571,10.609756097560975
37,2026-03-25,2,3,0,9,12.0,9.0,10.142857142857142,10.785714285714286,10.626506024096386
37,2026-03-26,3,3,0,12,9.0,12.0,10.142857142857142,10.5,10.607142857142858
37,2026-03-27,4,3,0,9,12.0,9.0,10.142857142857142,10.571428571428571,10.623529411764705
37,2026-03-28,5,3,1,13,9.0,8.0,10.142857142857142,10.571428571428571,10.604651162790697
37,2026-03-29,6,3,1,14,13.0,12.0,10.857142857142858,10.428571428571429,10.632183908045977
37,2026-03-30,0,3,0,12,14.0,9.0,11.142857142857142,10.642857142857142,10.670454545454545
37,2026-03-31,1,3,0,8,12.0,12.0,11.571428571428571,10.714285714285714,10.685393258426966
37,2026-04-01,2,4,0,8,8.0,9.0,11.0,10.571428571428571,10.655555555555555
37,2026-04-02,3,4,0,10,8.0,12.0,10.857142857142858,10.5,10.626373626373626
37,2026-04-03,4,4,0,16,10.0,9.0,10.571428571428571,10.357142857142858,10.619565217391305
37,2026-04-04,5,4,1,17,16.0,13.0,11.571428571428571,10.857142857142858,10.67741935483871
37,2026-04-05,6,4,1,15,17.0,14.0,12.142857142857142,11.5,10.74468085106383
37,2026-04-06,0,4,0,12,15.0,12.0,12.285714285714286,11.714285714285714,10.789473684210526
37,2026-04-07,1,4,0,9,12.0,8.0,12.285714285714286,11.928571428571429,10.802083333333334
37,2026-04-08,2,4,0,10,9.0,8.0,12.428571428571429,11.714285714285714,10.783505154639176
37,2026-04-09,3,4,0,12,10.0,10.0,12.714285714285714,11.785714285714286,10.775510204081632
37,2026-04-10,4,4,0,13,12.0,16.0,13.0,11.785714285714286,10.787878787878787
37,2026-04-11,5,4,1,13,13.0,17.0,12.571428571428571,12.071428571428571,10.81
37,2026-04-12,6,4,1,12,13.0,15.0,12.0,12.071428571428571,10.831683168316832
37,2026-04-13,0,4,0,10,12.0,12.0,11.571428571428571,11.928571428571429,10.843137254901961
37,2026-04-14,1,4,0,10,10.0,9.0,11.285714285714286,11.785714285714286,10.83495145631068
37,2026-04-15,2,4,0,13,10.0,10.0,11.428571428571429,11.928571428571429,10.826923076923077
37,2026-04-16,3,4,0,12,13.0,12.0,11.857142857142858,12.285714285714286,10.847619047619048
37,2026-04-17,4,4,0,10,12.0,13.0,11.857142857142858,12.428571428571429,10.858490566037736
37,2026-04-18,5,4,1,15,10.0,13.0,11.428571428571429,12.0,10.850467289719626
37,2026-04-19,6,4,1,12,15.0,12.0,11.714285714285714,11.857142857142858,10.88888888888889
37,2026-04-20,0,4,0,14,12.0,10.0,11.714285714285714,11.642857142857142,10.899082568807339
37,2026-04-21,1,4,0,11,14.0,10.0,12.285714285714286,11.785714285714286,10.927272727272728
37,2026-04-22,2,4,0,12,11.0,13.0,12.428571428571429,11.928571428571429,10.927927927927929
37,2026-04-23,3,4,0,8,12.0,12.0,12.285714285714286,12.071428571428571,10.9375
37,2026-04-24,4,4,0,12,8.0,10.0,11.714285714285714,11.785714285714286,10.91150442477876
37,2026-04-25,5,4,1,12,12.0,15.0,12.0,11.714285714285714,10.921052631578947
37,2026-04-26,6,4,1,10,12.0,12.0,11.571428571428571,11.642857142857142,10.930434782608696
37,2026-04-27,0,4,0,13,10.0,14.0,11.285714285714286,11.5,10.922413793103448
37,2026-04-28,1,4,0,14,13.0,11.0,11.142857142857142,11.714285714285714,10.94017094017094
37,2026-04-29,2,4,0,12,14.0,12.0,11.571428571428571,12.0,10.966101694915254
37,2026-04-30,3,4,0,16,12.0,8.0,11.571428571428571,11.928571428571429,10.974789915966387
38,2026-01-15,3,1,0,3,4.0,4.0,1.7142857142857142,1.0,1.0
38,2026-01-16,4,1,0,0,3.0,0.0,1.5714285714285714,1.2142857142857142,1.1333333333333333
38,2026-01-17,5,1,1,2,0.0,0.0,1.5714285714285714,1.2142857142857142,1.0625
38,2026-01-18,6,1,1,0,2.0,0.0,1.8571428571428572,1.3571428571428572,1.1176470588235294
38,2026-01-19,0,1,0,0,0.0,1.0,1.8571428571428572,1.2857142857142858,1.0555555555555556
38,2026-01-20,1,1,0,0,0.0,3.0,1.7142857142857142,1.2142857142857142,1.0
38,2026-01-21,2,1,0,0,0.0,4.0,1.2857142857142858,1.2142857142857142,0.95
38,2026-01-22,3,1,0,0,0.0,3.0,0.7142857142857143,1.2142857142857142,0.9047619047619048
38,2026-01-23,4,1,0,0,0.0,0.0,0.2857142857142857,0.9285714285714286,0.8636363636363636
38,2026-01-24,5,1,1,2,0.0,2.0,0.2857142857142857,0.9285714285714286,0.8260869565217391
38,2026-01-25,6,1,1,0,2.0,0.0,0.2857142857142857,1.0714285714285714,0.875
38,2026-01-26,0,1,0,0,0.0,0.0,0.2857142857142857,1.0714285714285714,0.84
38,2026-01-27,1,1,0,0,0.0,0.0,0.2857142857142857,1.0,0.8076923076923077
38,2026-01-28,2,1,0,3,0.0,0.0,0.2857142857142857,0.7857142857142857,0.7777777777777778
38,2026-01-29,3,1,0,0,3.0,0.0,0.7142857142857143,0.7142857142857143,0.8571428571428571
38,2026-01-30,4,1,0,2,0.0,0.0,0.7142857142857143,0.5,0.8275862068965517
38,2026-01-31,5,1,1,3,2.0,2.0,1.0,0.6428571428571429,0.8666666666666667
38,2026-02-01,6,2,1,3,3.0,0.0,1.1428571428571428,0.7142857142857143,0.9354838709677419
38,2026-02-02,0,2,0,2,3.0,0.0,1.5714285714285714,0.9285714285714286,1.0
38,2026-02-03,1,2,0,2,2.0,0.0,1.8571428571428572,1.0714285714285714,1.0303030303030303
38,2026-02-04,2,2,0,0,2.0,3.0,2.142857142857143,1.2142857142857142,1.0588235294117647
38,2026-02-05,3,2,0,0,0.0,0.0,1.7142857142857142,1.2142857142857142,1.0285714285714285
38,2026-02-06,4,2,0,0,0.0,2.0,1.7142857142857142,1.2142857142857142,1.0
38,2026-02-07,5,2,1,0,0.0,3.0,1.4285714285714286,1.2142857142857142,0.972972972972973
38,2026-02-08,6,2,1,0,0.0,3.0,1.0,1.0714285714285714,0.9473684210526315
38,2026-02-09,0,2,0,0,0.0,2.0,0.5714285714285714,1.0714285714285714,0.9230769230769231
38,2026-02-10,1,2,0,0,0.0,2.0,0.2857142857142857,1.0714285714285714,0.9
38,2026-02-11,2,2,0,0,0.0,0.0,0.0,1.0714285714285714,0.8780487804878049
38,2026-02-12,3,2,0,0,0.0,0.0,0.0,0.8571428571428571,0.8571428571428571
38,2026-02-13,4,2,0,0,0.0,0.0,0.0,0.8571428571428571,0.8372093023255814
38,2026-02-14,5,2,1,0,0.0,0.0,0.0,0.7142857142857143,0.8181818181818182
38,2026-02-15,6,2,1,0,0.0,0.0,0.0,0.5,0.8
38,2026-02-16,0,2,0,0,0.0,0.0,0.0,0.2857142857142857,0.782608695652174
38,2026-02-17,1,2,0,4,0.0,0.0,0.0,0.14285714285714285,0.7659574468085106
38,2026-02-18,2,2,0,0,4.0,0.0,0.5714285714285714,0.2857142857142857,0.8333333333333334
38,2026-02-19,3,2,0,0,0.0,0.0,0.5714285714285714,0.2857142857142857,0.8163265306122449
38,2026-02-20,4,2,0,0,0.0,0.0,0.5714285714285714,0.2857142857142857,0.8
38,2026-02-21,5,2,1,0,0.0,0.0,0.5714285714285714,0.2857142857142857,0.7843137254901961
38,2026-02-22,6,2,1,2,0.0,0.0,0.5714285714285714,0.2857142857142857,0.7692307692307693
38,2026-02-23,0,2,0,0,2.0,0.0,0.8571428571428571,0.42857142857142855,0.7924528301886793
38,2026-02-24,1,2,0,4,0.0,4.0,0.8571428571428571,0.42857142857142855,0.7777777777777778
38,2026-02-25,2,2,0,0,4.0,0.0,0.8571428571428571,0.7142857142857143,0.8363636363636363
38,2026-02-26,3,2,0,0,0.0,0.0,0.8571428571428571,0.7142857142857143,0.8214285714285714
38,2026-02-27,4,2,0,0,0.0,0.0,0.8571428571428571,0.7142857142857143,0.8070175438596491
38,2026-02-28,5,2,1,0,0.0,0.0,0.8571428571428571,0.7142857142857143,0.7931034482758621
38,2026-03-01,6,3,1,0,0.0,2.0,0.8571428571428571,0.7142857142857143,0.7796610169491526
38,2026-03-02,0,3,0,3,0.0,0.0,0.5714285714285714,0.7142857142857143,0.7666666666666667
38,2026-03-03,1,3,0,0,3.0,4.0,1.0,0.9285714285714286,0.8032786885245902
38,2026-03-04,2,3,0,0,0.0,0.0,0.42857142857142855,0.6428571428571429,0.7903225806451613
38,2026-03-05,3,3,0,0,0.0,0.0,0.42857142857142855,0.6428571428571429,0.7777777777777778
38,2026-03-06,4,3,0,2,0.0,0.0,0.42857142857142855,0.6428571428571429,0.765625
38,2026-03-07,5,3,1,0,2.0,0.0,0.7142857142857143,0.7857142857142857,0.7846153846153846
38,2026-03-08,6,3,1,0,0.0,0.0,0.7142857142857143,0.7857142857142857,0.7727272727272727
38,2026-03-09,0,3,0,0,0.0,3.0,0.7142857142857143,0.6428571428571429,0.7611940298507462
38,2026-03-10,1,3,0,0,0.0,0.0,0.2857142857142857,0.6428571428571429,0.75
38,2026-03-11,2,3,0,1,0.0,0.0,0.2857142857142857,0.35714285714285715,0.7391304347826086
38,2026-03-12,3,3,0,0,1.0,0.0,0.42857142857142855,0.42857142857142855,0.7428571428571429
38,2026-03-13,4,3,0,0,0.0,2.0,0.42857142857142855,0.42857142857142855,0.7323943661971831
38,2026-03-14,5,3,1,0,0.0,0.0,0.14285714285714285,0.42857142857142855,0.7222222222222222
38,2026-03-15,6,3,1,0,0.0,0.0,0.14285714285714285,0.42857142857142855,0.7123287671232876
38,2026-03-16,0,3,0,0,0.0,0.0,0.14285714285714285,0.42857142857142855,0.7027027027027027
38,2026-03-17,1,3,0,0,0.0,0.0,0.14285714285714285,0.21428571428571427,0.6933333333333334
38,2026-03-18,2,3,0,1,0.0,1.0,0.14285714285714285,0.21428571428571427,0.6842105263157895
38,2026-03-19,3,3,0,0,1.0,0.0,0.14285714285714285,0.2857142857142857,0.6883116883116883
38,2026-03-20,4,3,0,0,0.0,0.0,0.14285714285714285,0.2857142857142857,0.6794871794871795
38,2026-03-21,5,3,1,0,0.0,0.0,0.14285714285714285,0.14285714285714285,0.6708860759493671
38,2026-03-22,6,3,1,1,0.0,0.0,0.14285714285714285,0.14285714285714285,0.6625
38,2026-03-23,0,3,0,4,1.0,0.0,0.2857142857142857,0.21428571428571427,0.6666666666666666
38,2026-03-24,1,3,0,0,4.0,0.0,0.8571428571428571,0.5,0.7073170731707317
38,2026-03-25,2,3,0,2,0.0,1.0,0.8571428571428571,0.5,0.6987951807228916
38,2026-03-26,3,3,0,0,2.0,0.0,1.0,0.5714285714285714,0.7142857142857143
38,2026-03-27,4,3,0,0,0.0,0.0,1.0,0.5714285714285714,0.7058823529411765
38,2026-03-28,5,3,1,0,0.0,0.0,1.0,0.5714285714285714,0.6976744186046512
38,2026-03-29,6,3,1,0,0.0,1.0,1.0,0.5714285714285714,0.6896551724137931
38,2026-03-30,0,3,0,2,0.0,4.0,0.8571428571428571,0.5714285714285714,0.6818181818181818
38,2026-03-31,1,3,0,3,2.0,0.0,0.5714285714285714,0.7142857142857143,0.6966292134831461
38,2026-04-01,2,4,0,0,3.0,2.0,1.0,0.9285714285714286,0.7222222222222222
38,2026-04-02,3,4,0,0,0.0,0.0,0.7142857142857143,0.8571428571428571,0.7142857142857143
38,2026-04-03,4,4,0,0,0.0,0.0,0.7142857142857143,0.8571428571428571,0.7065217391304348
38,2026-04-04,5,4,1,0,0.0,0.0,0.7142857142857143,0.8571428571428571,0.6989247311827957
38,2026-04-05,6,4,1,1,0.0,0.0,0.7142857142857143,0.8571428571428571,0.6914893617021277
38,2026-04-06,0,4,0,1,1.0,2.0,0.8571428571428571,0.8571428571428571,0.6947368421052632
38,2026-04-07,1,4,0,1,1.0,3.0,0.7142857142857143,0.6428571428571429,0.6979166666666666
38,2026-04-08,2,4,0,0,1.0,0.0,0.42857142857142855,0.7142857142857143,0.7010309278350515
38,2026-04-09,3,4,0,0,0.0,0.0,0.42857142857142855,0.5714285714285714,0.6938775510204082
38,2026-04-10,4,4,0,0,0.0,0.0,0.42857142857142855,0.5714285714285714,0.6868686868686869
38,2026-04-11,5,4,1,0,0.0,0.0,0.42857142857142855,0.5714285714285714,0.68
38,2026-04-12,6,4,1,2,0.0,1.0,0.42857142857142855,0.5714285714285714,0.6732673267326733
38,2026-04-13,0,4,0,0,2.0,1.0,0.5714285714285714,0.7142857142857143,0.6862745098039216
38,2026-04-14,1,4,0,0,0.0,1.0,0.42857142857142855,0.5714285714285714,0.6796116504854369
38,2026-04-15,2,4,0,0,0.0,0.0,0.2857142857142857,0.35714285714285715,0.6730769230769231
38,2026-04-16,3,4,0,4,0.0,0.0,0.2857142857142857,0.35714285714285715,0.6666666666666666
38,2026-04-17,4,4,0,0,4.0,0.0,0.8571428571428571,0.6428571428571429,0.6981132075471698
38,2026-04-18,5,4,1,0,0.0,0.0,0.8571428571428571,0.6428571428571429,0.6915887850467289
38,2026-04-19,6,4,1,0,0.0,2.0,0.8571428571428571,0.6428571428571429,0.6851851851851852
38,2026-04-20,0,4,0,3,0.0,0.0,0.5714285714285714,0.5714285714285714,0.6788990825688074
38,2026-04-21,1,4,0,0,3.0,0.0,1.0,0.7142857142857143,0.7
38,2026-04-22,2,4,0,0,0.0,0.0,1.0,0.6428571428571429,0.6936936936936937
38,2026-04-23,3,4,0,4,0.0,4.0,1.0,0.6428571428571429,0.6875
38,2026-04-24,4,4,0,0,4.0,0.0,1.0,0.9285714285714286,0.7168141592920354
38,2026-04-25,5,4,1,3,0.0,0.0,1.0,0.9285714285714286,0.7105263157894737
38,2026-04-26,6,4,1,1,3.0,0.0,1.4285714285714286,1.1428571428571428,0.7304347826086957
38,2026-04-27,0,4,0,0,1.0,3.0,1.5714285714285714,1.0714285714285714,0.7327586206896551
38,2026-04-28,1,4,0,0,0.0,0.0,1.1428571428571428,1.0714285714285714,0.7264957264957265
38,2026-04-29,2,4,0,4,0.0,0.0,1.1428571428571428,1.0714285714285714,0.7203389830508474
38,2026-04-30,3,4,0,0,4.0,4.0,1.7142857142857142,1.3571428571428572,0.7478991596638656
39,2026-01-15,3,1,0,0,0.0,0.0,1.1428571428571428,0.9285714285714286,0.9285714285714286
39,2026-01-16,4,1,0,0,0.0,0.0,1.1428571428571428,0.7857142857142857,0.8666666666666667
39,2026-01-17,5,1,1,0,0.0,2.0,1.1428571428571428,0.5714285714285714,0.8125
39,2026-01-18,6,1,1,0,0.0,4.0,0.8571428571428571,0.5714285714285714,0.7647058823529411
39,2026-01-19,0,1,0,1,0.0,2.0,0.2857142857142857,0.5714285714285714,0.7222222222222222
39,2026-01-20,1,1,0,2,1.0,0.0,0.14285714285714285,0.6428571428571429,0.7368421052631579
39,2026-01-21,2,1,0,0,2.0,0.0,0.42857142857142855,0.7857142857142857,0.8
39,2026-01-22,3,1,0,3,0.0,0.0,0.42857142857142855,0.7857142857142857,0.7619047619047619
39,2026-01-23,4,1,0,0,3.0,0.0,0.8571428571428571,1.0,0.8636363636363636
39,2026-01-24,5,1,1,4,0.0,0.0,0.8571428571428571,1.0,0.8260869565217391
39,2026-01-25,6,1,1,0,4.0,0.0,1.4285714285714286,1.1428571428571428,0.9583333333333334
39,2026-01-26,0,1,0,0,0.0,1.0,1.4285714285714286,0.8571428571428571,0.92
39,2026-01-27,1,1,0,0,0.0,2.0,1.2857142857142858,0.7142857142857143,0.8846153846153846
39,2026-01-28,2,1,0,0,0.0,0.0,1.0,0.7142857142857143,0.8518518518518519
39,2026-01-29,3,1,0,1,0.0,3.0,1.0,0.7142857142857143,0.8214285714285714
39,2026-01-30,4,1,0,1,1.0,0.0,0.7142857142857143,0.7857142857142857,0.8275862068965517
39,2026-01-31,5,1,1,0,1.0,4.0,0.8571428571428571,0.8571428571428571,0.8333333333333334
39,2026-02-01,6,2,1,1,0.0,0.0,0.2857142857142857,0.8571428571428571,0.8064516129032258
39,2026-02-02,0,2,0,0,1.0,0.0,0.42857142857142855,0.9285714285714286,0.8125
39,2026-02-03,1,2,0,0,0.0,0.0,0.42857142857142855,0.8571428571428571,0.7878787878787878
39,2026-02-04,2,2,0,0,0.0,0.0,0.42857142857142855,0.7142857142857143,0.7647058823529411
39,2026-02-05,3,2,0,2,0.0,1.0,0.42857142857142855,0.7142857142857143,0.7428571428571429
39,2026-02-06,4,2,0,0,2.0,1.0,0.5714285714285714,0.6428571428571429,0.7777777777777778
39,2026-02-07,5,2,1,3,0.0,0.0,0.42857142857142855,0.6428571428571429,0.7567567567567568
39,2026-02-08,6,2,1,0,3.0,1.0,0.8571428571428571,0.5714285714285714,0.8157894736842105
39,2026-02-09,0,2,0,0,0.0,0.0,0.7142857142857143,0.5714285714285714,0.7948717948717948
39,2026-02-10,1,2,0,0,0.0,0.0,0.7142857142857143,0.5714285714285714,0.775
39,2026-02-11,2,2,0,0,0.0,0.0,0.7142857142857143,0.5714285714285714,0.7560975609756098
39,2026-02-12,3,2,0,4,0.0,2.0,0.7142857142857143,0.5714285714285714,0.7380952380952381
39,2026-02-13,4,2,0,3,4.0,0.0,1.0,0.7857142857142857,0.813953488372093
39,2026-02-14,5,2,1,1,3.0,3.0,1.4285714285714286,0.9285714285714286,0.8636363636363636
39,2026-02-15,6,2,1,0,1.0,0.0,1.1428571428571428,1.0,0.8666666666666667
39,2026-02-16,0,2,0,4,0.0,0.0,1.1428571428571428,0.9285714285714286,0.8478260869565217
39,2026-02-17,1,2,0,0,4.0,0.0,1.7142857142857142,1.2142857142857142,0.9148936170212766
39,2026-02-18,2,2,0,1,0.0,0.0,1.7142857142857142,1.2142857142857142,0.8958333333333334
39,2026-02-19,3,2,0,0,1.0,4.0,1.8571428571428572,1.2857142857142858,0.8979591836734694
39,2026-02-20,4,2,0,0,0.0,3.0,1.2857142857142858,1.1428571428571428,0.88
39,2026-02-21,5,2,1,0,0.0,1.0,0.8571428571428571,1.1428571428571428,0.8627450980392157
39,2026-02-22,6,2,1,0,0.0,0.0,0.7142857142857143,0.9285714285714286,0.8461538461538461
39,2026-02-23,0,2,0,0,0.0,4.0,0.7142857142857143,0.9285714285714286,0.8301886792452831
39,2026-02-24,1,2,0,0,0.0,0.0,0.14285714285714285,0.9285714285714286,0.8148148148148148
39,2026-02-25,2,2,0,4,0.0,1.0,0.14285714285714285,0.9285714285714286,0.8
39,2026-02-26,3,2,0,0,4.0,0.0,0.5714285714285714,1.2142857142857142,0.8571428571428571
39,2026-02-27,4,2,0,2,0.0,0.0,0.5714285714285714,0.9285714285714286,0.8421052631578947
39,2026-02-28,5,2,1,0,2.0,0.0,0.8571428571428571,0.8571428571428571,0.8620689655172413
39,2026-03-01,6,3,1,0,0.0,0.0,0.8571428571428571,0.7857142857142857,0.847457627118644
39,2026-03-02,0,3,0,0,0.0,0.0,0.8571428571428571,0.7857142857142857,0.8333333333333334
39,2026-03-03,1,3,0,0,0.0,0.0,0.8571428571428571,0.5,0.819672131147541
39,2026-03-04,2,3,0,0,0.0,4.0,0.8571428571428571,0.5,0.8064516129032258
39,2026-03-05,3,3,0,0,0.0,0.0,0.2857142857142857,0.42857142857142855,0.7936507936507936
39,2026-03-06,4,3,0,0,0.0,2.0,0.2857142857142857,0.42857142857142855,0.78125
39,2026-03-07,5,3,1,0,0.0,0.0,0.0,0.42857142857142855,0.7692307692307693
39,2026-03-08,6,3,1,4,0.0,0.0,0.0,0.42857142857142855,0.7575757575757576
39,2026-03-09,0,3,0,0,4.0,0.0,0.5714285714285714,0.7142857142857143,0.8059701492537313
39,2026-03-10,1,3,0,4,0.0,0.0,0.5714285714285714,0.7142857142857143,0.7941176470588235
39,2026-03-11,2,3,0,1,4.0,0.0,1.1428571428571428,1.0,0.8405797101449275
39,2026-03-12,3,3,0,0,1.0,0.0,1.2857142857142858,0.7857142857142857,0.8428571428571429
39,2026-03-13,4,3,0,0,0.0,0.0,1.2857142857142858,0.7857142857142857,0.8309859154929577
39,2026-03-14,5,3,1,3,0.0,0.0,1.2857142857142858,0.6428571428571429,0.8194444444444444
39,2026-03-15,6,3,1,0,3.0,4.0,1.7142857142857142,0.8571428571428571,0.8493150684931506
39,2026-03-16,0,3,0,0,0.0,0.0,1.1428571428571428,0.8571428571428571,0.8378378378378378
39,2026-03-17,1,3,0,0,0.0,4.0,1.1428571428571428,0.8571428571428571,0.8266666666666667
39,2026-03-18,2,3,0,0,0.0,1.0,0.5714285714285714,0.8571428571428571,0.8157894736842105
39,2026-03-19,3,3,0,3,0.0,0.0,0.42857142857142855,0.8571428571428571,0.8051948051948052
39,2026-03-20,4,3,0,0,3.0,0.0,0.8571428571428571,1.0714285714285714,0.8333333333333334
39,2026-03-21,5,3,1,3,0.0,3.0,0.8571428571428571,1.0714285714285714,0.8227848101265823
39,2026-03-22,6,3,1,0,3.0,0.0,0.8571428571428571,1.2857142857142858,0.85
39,2026-03-23,0,3,0,0,0.0,0.0,0.8571428571428571,1.0,0.8395061728395061
39,2026-03-24,1,3,0,0,0.0,0.0,0.8571428571428571,1.0,0.8292682926829268
39,2026-03-25,2,3,0,0,0.0,0.0,0.8571428571428571,0.7142857142857143,0.8192771084337349
39,2026-03-26,3,3,0,0,0.0,3.0,0.8571428571428571,0.6428571428571429,0.8095238095238095
39,2026-03-27,4,3,0,1,0.0,0.0,0.42857142857142855,0.6428571428571429,0.8
39,2026-03-28,5,3,1,0,1.0,3.0,0.5714285714285714,0.7142857142857143,0.8023255813953488
39,2026-03-29,6,3,1,0,0.0,0.0,0.14285714285714285,0.5,0.7931034482758621
39,2026-03-30,0,3,0,0,0.0,0.0,0.14285714285714285,0.5,0.7840909090909091
39,2026-03-31,1,3,0,2,0.0,0.0,0.14285714285714285,0.5,0.7752808988764045
39,2026-04-01,2,4,0,0,2.0,0.0,0.42857142857142855,0.6428571428571429,0.7888888888888889
39,2026-04-02,3,4,0,0,0.0,0.0,0.42857142857142855,0.6428571428571429,0.7802197802197802
39,2026-04-03,4,4,0,0,0.0,1.0,0.42857142857142855,0.42857142857142855,0.7717391304347826
39,2026-04-04,5,4,1,0,0.0,0.0,0.2857142857142857,0.42857142857142855,0.7634408602150538
39,2026-04-05,6,4,1,3,0.0,0.0,0.2857142857142857,0.21428571428571427,0.7553191489361702
39,2026-04-06,0,4,0,4,3.0,0.0,0.7142857142857143,0.42857142857142855,0.7789473684210526
39,2026-04-07,1,4,0,4,4.0,2.0,1.2857142857142858,0.7142857142857143,0.8125
39,2026-04-08,2,4,0,2,4.0,0.0,1.5714285714285714,1.0,0.845360824742268
39,2026-04-09,3,4,0,0,2.0,0.0,1.8571428571428572,1.1428571428571428,0.8571428571428571
39,2026-04-10,4,4,0,4,0.0,0.0,1.8571428571428572,1.1428571428571428,0.8484848484848485
39,2026-04-11,5,4,1,4,4.0,0.0,2.4285714285714284,1.3571428571428572,0.88
39,2026-04-12,6,4,1,0,4.0,3.0,3.0,1.6428571428571428,0.9108910891089109
39,2026-04-13,0,4,0,0,0.0,4.0,2.5714285714285716,1.6428571428571428,0.9019607843137255
39,2026-04-14,1,4,0,0,0.0,4.0,2.0,1.6428571428571428,0.8932038834951457
39,2026-04-15,2,4,0,0,0.0,2.0,1.4285714285714286,1.5,0.8846153846153846
39,2026-04-16,3,4,0,0,0.0,0.0,1.1428571428571428,1.5,0.8761904761904762
39,2026-04-17,4,4,0,1,0.0,4.0,1.1428571428571428,1.5,0.8679245283018868
39,2026-04-18,5,4,1,0,1.0,4.0,0.7142857142857143,1.5714285714285714,0.8691588785046729
39,2026-04-19,6,4,1,0,0.0,0.0,0.14285714285714285,1.5714285714285714,0.8611111111111112
39,2026-04-20,0,4,0,0,0.0,0.0,0.14285714285714285,1.3571428571428572,0.8532110091743119
39,2026-04-21,1,4,0,4,0.0,0.0,0.14285714285714285,1.0714285714285714,0.8454545454545455
39,2026-04-22,2,4,0,0,4.0,0.0,0.7142857142857143,1.0714285714285714,0.8738738738738738
39,2026-04-23,3,4,0,0,0.0,0.0,0.7142857142857143,0.9285714285714286,0.8660714285714286
39,2026-04-24,4,4,0,0,0.0,1.0,0.7142857142857143,0.9285714285714286,0.8584070796460177
39,2026-04-25,5,4,1,0,0.0,0.0,0.5714285714285714,0.6428571428571429,0.8508771929824561
39,2026-04-26,6,4,1,0,0.0,0.0,0.5714285714285714,0.35714285714285715,0.8434782608695652
39,2026-04-27,0,4,0,0,0.0,0.0,0.5714285714285714,0.35714285714285715,0.8362068965517241
39,2026-04-28,1,4,0,0,0.0,4.0,0.5714285714285714,0.35714285714285715,0.8290598290598291
39,2026-04-29,2,4,0,3,0.0,0.0,0.0,0.35714285714285715,0.8220338983050848
39,2026-04-30,3,4,0,3,3.0,0.0,0.42857142857142855,0.5714285714285714,0.8403361344537815
40,2026-01-15,3,1,0,17,17.0,28.0,19.857142857142858,20.071428571428573,20.071428571428573
40,2026-01-16,4,1,0,22,17.0,16.0,18.285714285714285,19.857142857142858,19.866666666666667
40,2026-01-17,5,1,1,24,22.0,28.0,19.142857142857142,19.928571428571427,20.0
40,2026-01-18,6,1,1,21,24.0,19.0,18.571428571428573,20.5,20.235294117647058
40,2026-01-19,0,1,0,26,21.0,16.0,18.857142857142858,20.285714285714285,20.27777777777778
40,2026-01-20,1,1,0,15,26.0,15.0,20.285714285714285,20.928571428571427,20.57894736842105
40,2026-01-21,2,1,0,22,15.0,17.0,20.285714285714285,20.285714285714285,20.3
40,2026-01-22,3,1,0,20,22.0,17.0,21.0,20.428571428571427,20.38095238095238
40,2026-01-23,4,1,0,13,20.0,22.0,21.428571428571427,19.857142857142858,20.363636363636363
40,2026-01-24,5,1,1,16,13.0,24.0,20.142857142857142,19.642857142857142,20.043478260869566
40,2026-01-25,6,1,1,18,16.0,21.0,19.0,18.785714285714285,19.875
40,2026-01-26,0,1,0,24,18.0,26.0,18.571428571428573,18.714285714285715,19.8
40,2026-01-27,1,1,0,18,24.0,15.0,18.285714285714285,19.285714285714285,19.96153846153846
40,2026-01-28,2,1,0,24,18.0,22.0,18.714285714285715,19.5,19.88888888888889
40,2026-01-29,3,1,0,22,24.0,20.0,19.0,20.0,20.035714285714285
40,2026-01-30,4,1,0,22,22.0,13.0,19.285714285714285,20.357142857142858,20.103448275862068
40,2026-01-31,5,1,1,19,22.0,16.0,20.571428571428573,20.357142857142858,20.166666666666668
40,2026-02-01,6,2,1,25,19.0,18.0,21.0,20.0,20.129032258064516
40,2026-02-02,0,2,0,19,25.0,24.0,22.0,20.285714285714285,20.28125
40,2026-02-03,1,2,0,20,19.0,18.0,21.285714285714285,19.785714285714285,20.242424242424242
40,2026-02-04,2,2,0,19,20.0,24.0,21.571428571428573,20.142857142857142,20.235294117647058
40,2026-02-05,3,2,0,24,19.0,22.0,20.857142857142858,19.928571428571427,20.2
40,2026-02-06,4,2,0,21,24.0,22.0,21.142857142857142,20.214285714285715,20.305555555555557
40,2026-02-07,5,2,1,20,21.0,19.0,21.0,20.785714285714285,20.324324324324323
40,2026-02-08,6,2,1,23,20.0,25.0,21.142857142857142,21.071428571428573,20.31578947368421
40,2026-02-09,0,2,0,23,23.0,19.0,20.857142857142858,21.428571428571427,20.384615384615383
40,2026-02-10,1,2,0,18,23.0,20.0,21.428571428571427,21.357142857142858,20.45
40,2026-02-11,2,2,0,24,18.0,19.0,21.142857142857142,21.357142857142858,20.390243902439025
40,2026-02-12,3,2,0,21,24.0,24.0,21.857142857142858,21.357142857142858,20.476190476190474
40,2026-02-13,4,2,0,20,21.0,21.0,21.428571428571427,21.285714285714285,20.488372093023255
40,2026-02-14,5,2,1,28,20.0,20.0,21.285714285714285,21.142857142857142,20.477272727272727
40,2026-02-15,6,2,1,22,28.0,23.0,22.428571428571427,21.785714285714285,20.644444444444446
40,2026-02-16,0,2,0,17,22.0,23.0,22.285714285714285,21.571428571428573,20.67391304347826
40,2026-02-17,1,2,0,29,17.0,18.0,21.428571428571427,21.428571428571427,20.595744680851062
40,2026-02-18,2,2,0,24,29.0,24.0,23.0,22.071428571428573,20.770833333333332
40,2026-02-19,3,2,0,25,24.0,21.0,23.0,22.428571428571427,20.836734693877553
40,2026-02-20,4,2,0,20,25.0,20.0,23.571428571428573,22.5,20.92
40,2026-02-21,5,2,1,24,20.0,28.0,23.571428571428573,22.428571428571427,20.901960784313726
40,2026-02-22,6,2,1,18,24.0,22.0,23.0,22.714285714285715,20.96153846153846
40,2026-02-23,0,2,0,21,18.0,17.0,22.428571428571427,22.357142857142858,20.90566037735849
40,2026-02-24,1,2,0,20,21.0,29.0,23.0,22.214285714285715,20.90740740740741
40,2026-02-25,2,2,0,19,20.0,24.0,21.714285714285715,22.357142857142858,20.89090909090909
40,2026-02-26,3,2,0,19,19.0,25.0,21.0,22.0,20.857142857142858
40,2026-02-27,4,2,0,18,19.0,20.0,20.142857142857142,21.857142857142858,20.82456140350877
40,2026-02-28,5,2,1,32,18.0,24.0,19.857142857142858,21.714285714285715,20.775862068965516
40,2026-03-01,6,3,1,28,32.0,18.0,21.0,22.0,20.966101694915253
40,2026-03-02,0,3,0,20,28.0,21.0,22.428571428571427,22.428571428571427,21.083333333333332
40,2026-03-03,1,3,0,17,20.0,20.0,22.285714285714285,22.642857142857142,21.065573770491802
40,2026-03-04,2,3,0,20,17.0,19.0,21.857142857142858,21.785714285714285,21.0
40,2026-03-05,3,3,0,29,20.0,19.0,22.0,21.5,20.984126984126984
40,2026-03-06,4,3,0,24,29.0,18.0,23.428571428571427,21.785714285714285,21.109375
40,2026-03-07,5,3,1,31,24.0,32.0,24.285714285714285,22.071428571428573,21.153846153846153
40,2026-03-08,6,3,1,24,31.0,28.0,24.142857142857142,22.571428571428573,21.303030303030305
40,2026-03-09,0,3,0,18,24.0,20.0,23.571428571428573,23.0,21.34328358208955
40,2026-03-10,1,3,0,27,18.0,17.0,23.285714285714285,22.785714285714285,21.294117647058822
40,2026-03-11,2,3,0,23,27.0,20.0,24.714285714285715,23.285714285714285,21.3768115942029
40,2026-03-12,3,3,0,22,23.0,29.0,25.142857142857142,23.571428571428573,21.4
40,2026-03-13,4,3,0,24,22.0,24.0,24.142857142857142,23.785714285714285,21.408450704225352
40,2026-03-14,5,3,1,22,24.0,31.0,24.142857142857142,24.214285714285715,21.444444444444443
40,2026-03-15,6,3,1,20,22.0,24.0,22.857142857142858,23.5,21.45205479452055
40,2026-03-16,0,3,0,18,20.0,18.0,22.285714285714285,22.928571428571427,21.43243243243243
40,2026-03-17,1,3,0,28,18.0,27.0,22.285714285714285,22.785714285714285,21.386666666666667
40,2026-03-18,2,3,0,24,28.0,23.0,22.428571428571427,23.571428571428573,21.473684210526315
40,2026-03-19,3,3,0,22,24.0,22.0,22.571428571428573,23.857142857142858,21.506493506493506
40,2026-03-20,4,3,0,20,22.0,24.0,22.571428571428573,23.357142857142858,21.512820512820515
40,2026-03-21,5,3,1,36,20.0,22.0,22.0,23.071428571428573,21.49367088607595
40,2026-03-22,6,3,1,26,36.0,20.0,24.0,23.428571428571427,21.675
40,2026-03-23,0,3,0,19,26.0,18.0,24.857142857142858,23.571428571428573,21.728395061728396
40,2026-03-24,1,3,0,27,19.0,28.0,25.0,23.642857142857142,21.695121951219512
40,2026-03-25,2,3,0,27,27.0,24.0,24.857142857142858,23.642857142857142,21.759036144578314
40,2026-03-26,3,3,0,19,27.0,22.0,25.285714285714285,23.928571428571427,21.821428571428573
40,2026-03-27,4,3,0,25,19.0,20.0,24.857142857142858,23.714285714285715,21.788235294117648
40,2026-03-28,5,3,1,33,25.0,36.0,25.571428571428573,23.785714285714285,21.825581395348838
40,2026-03-29,6,3,1,29,33.0,26.0,25.142857142857142,24.571428571428573,21.95402298850575
40,2026-03-30,0,3,0,20,29.0,19.0,25.571428571428573,25.214285714285715,22.03409090909091
40,2026-03-31,1,3,0,25,20.0,27.0,25.714285714285715,25.357142857142858,22.01123595505618
40,2026-04-01,2,4,0,24,25.0,27.0,25.428571428571427,25.142857142857142,22.044444444444444
40,2026-04-02,3,4,0,26,24.0,19.0,25.0,25.142857142857142,22.065934065934066
40,2026-04-03,4,4,0,23,26.0,25.0,26.0,25.428571428571427,22.108695652173914
40,2026-04-04,5,4,1,26,23.0,33.0,25.714285714285715,25.642857142857142,22.118279569892472
40,2026-04-05,6,4,1,32,26.0,29.0,24.714285714285715,24.928571428571427,22.159574468085108
40,2026-04-06,0,4,0,21,32.0,20.0,25.142857142857142,25.357142857142858,22.263157894736842
40,2026-04-07,1,4,0,20,21.0,25.0,25.285714285714285,25.5,22.25
40,2026-04-08,2,4,0,25,20.0,24.0,24.571428571428573,25.0,22.22680412371134
40,2026-04-09,3,4,0,21,25.0,26.0,24.714285714285715,24.857142857142858,22.255102040816325
40,2026-04-10,4,4,0,19,21.0,23.0,24.0,25.0,22.242424242424242
40,2026-04-11,5,4,1,26,19.0,26.0,23.428571428571427,24.571428571428573,22.21
40,2026-04-12,6,4,1,28,26.0,32.0,23.428571428571427,24.071428571428573,22.247524752475247
40,2026-04-13,0,4,0,24,28.0,21.0,22.857142857142858,24.0,22.30392156862745
40,2026-04-14,1,4,0,31,24.0,20.0,23.285714285714285,24.285714285714285,22.320388349514563
40,2026-04-15,2,4,0,19,31.0,25.0,24.857142857142858,24.714285714285715,22.403846153846153
40,2026-04-16,3,4,0,33,19.0,21.0,24.0,24.357142857142858,22.37142857142857
40,2026-04-17,4,4,0,31,33.0,19.0,25.714285714285715,24.857142857142858,22.471698113207548
40,2026-04-18,5,4,1,30,31.0,26.0,27.428571428571427,25.428571428571427,22.55140186915888
40,2026-04-19,6,4,1,24,30.0,28.0,28.0,25.714285714285715,22.62037037037037
40,2026-04-20,0,4,0,32,24.0,24.0,27.428571428571427,25.142857142857142,22.63302752293578
40,2026-04-21,1,4,0,23,32.0,31.0,28.571428571428573,25.928571428571427,22.71818181818182
40,2026-04-22,2,4,0,25,23.0,19.0,27.428571428571427,26.142857142857142,22.72072072072072
40,2026-04-23,3,4,0,31,25.0,33.0,28.285714285714285,26.142857142857142,22.741071428571427
40,2026-04-24,4,4,0,26,31.0,31.0,28.0,26.857142857142858,22.8141592920354
40,2026-04-25,5,4,1,29,26.0,30.0,27.285714285714285,27.357142857142858,22.842105263157894
40,2026-04-26,6,4,1,26,29.0,24.0,27.142857142857142,27.571428571428573,22.895652173913042
40,2026-04-27,0,4,0,19,26.0,32.0,27.428571428571427,27.428571428571427,22.92241379310345
40,2026-04-28,1,4,0,24,19.0,23.0,25.571428571428573,27.071428571428573,22.88888888888889
40,2026-04-29,2,4,0,23,24.0,25.0,25.714285714285715,26.571428571428573,22.89830508474576
40,2026-04-30,3,4,0,21,23.0,31.0,25.428571428571427,26.857142857142858,22.899159663865547
41,2026-01-15,3,1,0,17,18.0,20.0,19.0,18.071428571428573,18.071428571428573
41,2026-01-16,4,1,0,18,17.0,21.0,18.571428571428573,18.5,18.0
41,2026-01-17,5,1,1,25,18.0,22.0,18.142857142857142,18.571428571428573,18.0
41,2026-01-18,6,1,1,22,25.0,18.0,18.571428571428573,18.928571428571427,18.41176470588235
41,2026-01-19,0,1,0,16,22.0,20.0,19.142857142857142,19.357142857142858,18.61111111111111
41,2026-01-20,1,1,0,12,16.0,14.0,18.571428571428573,19.071428571428573,18.473684210526315
41,2026-01-21,2,1,0,15,12.0,18.0,18.285714285714285,18.642857142857142,18.15
41,2026-01-22,3,1,0,20,15.0,17.0,17.857142857142858,18.428571428571427,18.0
41,2026-01-23,4,1,0,10,20.0,18.0,18.285714285714285,18.428571428571427,18.09090909090909
41,2026-01-24,5,1,1,17,10.0,25.0,17.142857142857142,17.642857142857142,17.73913043478261
41,2026-01-25,6,1,1,28,17.0,22.0,16.0,17.285714285714285,17.708333333333332
41,2026-01-26,0,1,0,16,28.0,16.0,16.857142857142858,18.0,18.12
41,2026-01-27,1,1,0,17,16.0,12.0,16.857142857142858,17.714285714285715,18.03846153846154
41,2026-01-28,2,1,0,19,17.0,15.0,17.571428571428573,17.928571428571427,18.0
41,2026-01-29,3,1,0,17,19.0,20.0,18.142857142857142,18.0,18.035714285714285
41,2026-01-30,4,1,0,19,17.0,10.0,17.714285714285715,18.0,18.0
41,2026-01-31,5,1,1,24,19.0,17.0,19.0,18.071428571428573,18.033333333333335
41,2026-02-01,6,2,1,26,24.0,28.0,20.0,18.0,18.225806451612904
41,2026-02-02,0,2,0,14,26.0,16.0,19.714285714285715,18.285714285714285,18.46875
41,2026-02-03,1,2,0,20,14.0,17.0,19.428571428571427,18.142857142857142,18.333333333333332
41,2026-02-04,2,2,0,18,20.0,19.0,19.857142857142858,18.714285714285715,18.38235294117647
41,2026-02-05,3,2,0,17,18.0,17.0,19.714285714285715,18.928571428571427,18.37142857142857
41,2026-02-06,4,2,0,20,17.0,19.0,19.714285714285715,18.714285714285715,18.333333333333332
41,2026-02-07,5,2,1,19,20.0,24.0,19.857142857142858,19.428571428571427,18.37837837837838
41,2026-02-08,6,2,1,22,19.0,26.0,19.142857142857142,19.571428571428573,18.394736842105264
41,2026-02-09,0,2,0,19,22.0,14.0,18.571428571428573,19.142857142857142,18.487179487179485
41,2026-02-10,1,2,0,17,19.0,20.0,19.285714285714285,19.357142857142858,18.5
41,2026-02-11,2,2,0,16,17.0,18.0,18.857142857142858,19.357142857142858,18.463414634146343
41,2026-02-12,3,2,0,17,16.0,17.0,18.571428571428573,19.142857142857142,18.404761904761905
41,2026-02-13,4,2,0,20,17.0,20.0,18.571428571428573,19.142857142857142,18.372093023255815
41,2026-02-14,5,2,1,19,20.0,19.0,18.571428571428573,19.214285714285715,18.40909090909091
41,2026-02-15,6,2,1,28,19.0,22.0,18.571428571428573,18.857142857142858,18.42222222222222
41,2026-02-16,0,2,0,22,28.0,19.0,19.428571428571427,19.0,18.630434782608695
41,2026-02-17,1,2,0,19,22.0,17.0,19.857142857142858,19.571428571428573,18.70212765957447
41,2026-02-18,2,2,0,13,19.0,16.0,20.142857142857142,19.5,18.708333333333332
41,2026-02-19,3,2,0,20,13.0,17.0,19.714285714285715,19.142857142857142,18.591836734693878
41,2026-02-20,4,2,0,19,20.0,20.0,20.142857142857142,19.357142857142858,18.62
41,2026-02-21,5,2,1,19,19.0,19.0,20.0,19.285714285714285,18.627450980392158
41,2026-02-22,6,2,1,17,19.0,28.0,20.0,19.285714285714285,18.634615384615383
41,2026-02-23,0,2,0,21,17.0,22.0,18.428571428571427,18.928571428571427,18.60377358490566
41,2026-02-24,1,2,0,21,21.0,19.0,18.285714285714285,19.071428571428573,18.64814814814815
41,2026-02-25,2,2,0,15,21.0,13.0,18.571428571428573,19.357142857142858,18.69090909090909
41,2026-02-26,3,2,0,14,15.0,20.0,18.857142857142858,19.285714285714285,18.625
41,2026-02-27,4,2,0,17,14.0,19.0,18.0,19.071428571428573,18.54385964912281
41,2026-02-28,5,2,1,22,17.0,19.0,17.714285714285715,18.857142857142858,18.517241379310345
41,2026-03-01,6,3,1,29,22.0,17.0,18.142857142857142,19.071428571428573,18.576271186440678
41,2026-03-02,0,3,0,7,29.0,21.0,19.857142857142858,19.142857142857142,18.75
41,2026-03-03,1,3,0,20,7.0,21.0,17.857142857142858,18.071428571428573,18.557377049180328
41,2026-03-04,2,3,0,17,20.0,15.0,17.714285714285715,18.142857142857142,18.580645161290324
41,2026-03-05,3,3,0,26,17.0,14.0,18.0,18.428571428571427,18.555555555555557
41,2026-03-06,4,3,0,19,26.0,17.0,19.714285714285715,18.857142857142858,18.671875
41,2026-03-07,5,3,1,26,19.0,22.0,20.0,18.857142857142858,18.676923076923078
41,2026-03-08,6,3,1,20,26.0,29.0,20.571428571428573,19.357142857142858,18.78787878787879
41,2026-03-09,0,3,0,20,20.0,7.0,19.285714285714285,19.571428571428573,18.80597014925373
41,2026-03-10,1,3,0,19,20.0,20.0,21.142857142857142,19.5,18.823529411764707
41,2026-03-11,2,3,0,24,19.0,17.0,21.0,19.357142857142858,18.82608695652174
41,2026-03-12,3,3,0,21,24.0,26.0,22.0,20.0,18.9
41,2026-03-13,4,3,0,19,21.0,19.0,21.285714285714285,20.5,18.929577464788732
41,2026-03-14,5,3,1,28,19.0,26.0,21.285714285714285,20.642857142857142,18.930555555555557
41,2026-03-15,6,3,1,26,28.0,20.0,21.571428571428573,21.071428571428573,19.054794520547944
41,2026-03-16,0,3,0,19,26.0,20.0,22.428571428571427,20.857142857142858,19.14864864864865
41,2026-03-17,1,3,0,17,19.0,19.0,22.285714285714285,21.714285714285715,19.14666666666667
41,2026-03-18,2,3,0,29,17.0,24.0,22.0,21.5,19.11842105263158
41,2026-03-19,3,3,0,15,29.0,21.0,22.714285714285715,22.357142857142858,19.246753246753247
41,2026-03-20,4,3,0,21,15.0,19.0,21.857142857142858,21.571428571428573,19.192307692307693
41,2026-03-21,5,3,1,28,21.0,28.0,22.142857142857142,21.714285714285715,19.21518987341772
41,2026-03-22,6,3,1,20,28.0,26.0,22.142857142857142,21.857142857142858,19.325
41,2026-03-23,0,3,0,19,20.0,19.0,21.285714285714285,21.857142857142858,19.333333333333332
41,2026-03-24,1,3,0,20,19.0,17.0,21.285714285714285,21.785714285714285,19.329268292682926
41,2026-03-25,2,3,0,19,20.0,29.0,21.714285714285715,21.857142857142858,19.337349397590362
41,2026-03-26,3,3,0,18,19.0,15.0,20.285714285714285,21.5,19.333333333333332
41,2026-03-27,4,3,0,21,18.0,21.0,20.714285714285715,21.285714285714285,19.31764705882353
41,2026-03-28,5,3,1,23,21.0,28.0,20.714285714285715,21.428571428571427,19.337209302325583
41,2026-03-29,6,3,1,23,23.0,20.0,20.0,21.071428571428573,19.379310344827587
41,2026-03-30,0,3,0,15,23.0,19.0,20.428571428571427,20.857142857142858,19.420454545454547
41,2026-03-31,1,3,0,16,15.0,20.0,19.857142857142858,20.571428571428573,19.370786516853933
41,2026-04-01,2,4,0,19,16.0,19.0,19.285714285714285,20.5,19.333333333333332
41,2026-04-02,3,4,0,16,19.0,18.0,19.285714285714285,19.785714285714285,19.32967032967033
41,2026-04-03,4,4,0,25,16.0,21.0,19.0,19.857142857142858,19.293478260869566
41,2026-04-04,5,4,1,30,25.0,23.0,19.571428571428573,20.142857142857142,19.35483870967742
41,2026-04-05,6,4,1,18,30.0,23.0,20.571428571428573,20.285714285714285,19.46808510638298
41,2026-04-06,0,4,0,23,18.0,15.0,19.857142857142858,20.142857142857142,19.45263157894737
41,2026-04-07,1,4,0,18,23.0,16.0,21.0,20.428571428571427,19.489583333333332
41,2026-04-08,2,4,0,22,18.0,19.0,21.285714285714285,20.285714285714285,19.47422680412371
41,2026-04-09,3,4,0,20,22.0,16.0,21.714285714285715,20.5,19.5
41,2026-04-10,4,4,0,22,20.0,25.0,22.285714285714285,20.642857142857142,19.505050505050505
41,2026-04-11,5,4,1,22,22.0,30.0,21.857142857142858,20.714285714285715,19.53
41,2026-04-12,6,4,1,24,22.0,18.0,20.714285714285715,20.642857142857142,19.554455445544555
41,2026-04-13,0,4,0,20,24.0,23.0,21.571428571428573,20.714285714285715,19.598039215686274
41,2026-04-14,1,4,0,29,20.0,18.0,21.142857142857142,21.071428571428573,19.601941747572816
41,2026-04-15,2,4,0,25,29.0,22.0,22.714285714285715,22.0,19.692307692307693
41,2026-04-16,3,4,0,17,25.0,20.0,23.142857142857142,22.428571428571427,19.742857142857144
41,2026-04-17,4,4,0,25,17.0,22.0,22.714285714285715,22.5,19.71698113207547
41,2026-04-18,5,4,1,26,25.0,22.0,23.142857142857142,22.5,19.766355140186917
41,2026-04-19,6,4,1,28,26.0,24.0,23.714285714285715,22.214285714285715,19.824074074074073
41,2026-04-20,0,4,0,19,28.0,20.0,24.285714285714285,22.928571428571427,19.89908256880734
41,2026-04-21,1,4,0,22,19.0,29.0,24.142857142857142,22.642857142857142,19.89090909090909
41,2026-04-22,2,4,0,21,22.0,25.0,23.142857142857142,22.928571428571427,19.90990990990991
41,2026-04-23,3,4,0,19,21.0,17.0,22.571428571428573,22.857142857142858,19.919642857142858
41,2026-04-24,4,4,0,23,19.0,25.0,22.857142857142858,22.785714285714285,19.911504424778762
41,2026-04-25,5,4,1,20,23.0,26.0,22.571428571428573,22.857142857142858,19.93859649122807
41,2026-04-26,6,4,1,20,20.0,28.0,21.714285714285715,22.714285714285715,19.93913043478261
41,2026-04-27,0,4,0,21,20.0,19.0,20.571428571428573,22.428571428571427,19.939655172413794
41,2026-04-28,1,4,0,19,21.0,22.0,20.857142857142858,22.5,19.94871794871795
41,2026-04-29,2,4,0,22,19.0,21.0,20.428571428571427,21.785714285714285,19.940677966101696
41,2026-04-30,3,4,0,18,22.0,19.0,20.571428571428573,21.571428571428573,19.95798319327731
42,2026-01-15,3,1,0,8,10.0,13.0,12.285714285714286,11.142857142857142,11.142857142857142
42,2026-01-16,4,1,0,11,8.0,12.0,11.571428571428571,11.071428571428571,10.933333333333334
42,2026-01-17,5,1,1,12,11.0,15.0,11.428571428571429,11.357142857142858,10.9375
42,2026-01-18,6,1,1,12,12.0,14.0,11.0,11.285714285714286,11.0
42,2026-01-19,0,1,0,11,12.0,14.0,10.714285714285714,11.714285714285714,11.055555555555555
42,2026-01-20,1,1,0,7,11.0,8.0,10.285714285714286,11.642857142857142,11.052631578947368
42,2026-01-21,2,1,0,10,7.0,10.0,10.142857142857142,11.142857142857142,10.85
42,2026-01-22,3,1,0,15,10.0,8.0,10.142857142857142,11.214285714285714,10.80952380952381
42,2026-01-23,4,1,0,12,15.0,11.0,11.142857142857142,11.357142857142858,11.0
42,2026-01-24,5,1,1,14,12.0,12.0,11.285714285714286,11.357142857142858,11.043478260869565
42,2026-01-25,6,1,1,12,14.0,12.0,11.571428571428571,11.285714285714286,11.166666666666666
42,2026-01-26,0,1,0,9,12.0,11.0,11.571428571428571,11.142857142857142,11.2
42,2026-01-27,1,1,0,10,9.0,7.0,11.285714285714286,10.785714285714286,11.115384615384615
42,2026-01-28,2,1,0,10,10.0,10.0,11.714285714285714,10.928571428571429,11.074074074074074
42,2026-01-29,3,1,0,14,10.0,15.0,11.714285714285714,10.928571428571429,11.035714285714286
42,2026-01-30,4,1,0,11,14.0,12.0,11.571428571428571,11.357142857142858,11.137931034482758
42,2026-01-31,5,1,1,16,11.0,14.0,11.428571428571429,11.357142857142858,11.133333333333333
42,2026-02-01,6,2,1,17,16.0,12.0,11.714285714285714,11.642857142857142,11.290322580645162
42,2026-02-02,0,2,0,10,17.0,9.0,12.428571428571429,12.0,11.46875
42,2026-02-03,1,2,0,10,10.0,10.0,12.571428571428571,11.928571428571429,11.424242424242424
42,2026-02-04,2,2,0,8,10.0,10.0,12.571428571428571,12.142857142857142,11.382352941176471
42,2026-02-05,3,2,0,9,8.0,14.0,12.285714285714286,12.0,11.285714285714286
42,2026-02-06,4,2,0,11,9.0,11.0,11.571428571428571,11.571428571428571,11.222222222222221
42,2026-02-07,5,2,1,12,11.0,16.0,11.571428571428571,11.5,11.216216216216216
42,2026-02-08,6,2,1,13,12.0,17.0,11.0,11.357142857142858,11.236842105263158
42,2026-02-09,0,2,0,9,13.0,10.0,10.428571428571429,11.428571428571429,11.282051282051283
42,2026-02-10,1,2,0,10,9.0,10.0,10.285714285714286,11.428571428571429,11.225
42,2026-02-11,2,2,0,11,10.0,8.0,10.285714285714286,11.428571428571429,11.195121951219512
42,2026-02-12,3,2,0,10,11.0,9.0,10.714285714285714,11.5,11.19047619047619
42,2026-02-13,4,2,0,11,10.0,11.0,10.857142857142858,11.214285714285714,11.162790697674419
42,2026-02-14,5,2,1,13,11.0,12.0,10.857142857142858,11.214285714285714,11.159090909090908
42,2026-02-15,6,2,1,15,13.0,13.0,11.0,11.0,11.2
42,2026-02-16,0,2,0,14,15.0,9.0,11.285714285714286,10.857142857142858,11.282608695652174
42,2026-02-17,1,2,0,11,14.0,10.0,12.0,11.142857142857142,11.340425531914894
42,2026-02-18,2,2,0,13,11.0,11.0,12.142857142857142,11.214285714285714,11.333333333333334
42,2026-02-19,3,2,0,11,13.0,10.0,12.428571428571429,11.571428571428571,11.36734693877551
42,2026-02-20,4,2,0,12,11.0,11.0,12.571428571428571,11.714285714285714,11.36
42,2026-02-21,5,2,1,10,12.0,13.0,12.714285714285714,11.785714285714286,11.372549019607844
42,2026-02-22,6,2,1,14,10.0,15.0,12.285714285714286,11.642857142857142,11.346153846153847
42,2026-02-23,0,2,0,14,14.0,14.0,12.142857142857142,11.714285714285714,11.39622641509434
42,2026-02-24,1,2,0,10,14.0,11.0,12.142857142857142,12.071428571428571,11.444444444444445
42,2026-02-25,2,2,0,11,10.0,13.0,12.0,12.071428571428571,11.418181818181818
42,2026-02-26,3,2,0,11,11.0,11.0,11.714285714285714,12.071428571428571,11.410714285714286
42,2026-02-27,4,2,0,10,11.0,12.0,11.714285714285714,12.142857142857142,11.403508771929825
42,2026-02-28,5,2,1,16,10.0,10.0,11.428571428571429,12.071428571428571,11.379310344827585
42,2026-03-01,6,3,1,12,16.0,14.0,12.285714285714286,12.285714285714286,11.457627118644067
42,2026-03-02,0,3,0,11,12.0,14.0,12.0,12.071428571428571,11.466666666666667
42,2026-03-03,1,3,0,12,11.0,10.0,11.571428571428571,11.857142857142858,11.459016393442623
42,2026-03-04,2,3,0,8,12.0,11.0,11.857142857142858,11.928571428571429,11.46774193548387
42,2026-03-05,3,3,0,11,8.0,11.0,11.428571428571429,11.571428571428571,11.412698412698413
42,2026-03-06,4,3,0,12,11.0,10.0,11.428571428571429,11.571428571428571,11.40625
42,2026-03-07,5,3,1,13,12.0,16.0,11.714285714285714,11.571428571428571,11.415384615384616
42,2026-03-08,6,3,1,10,13.0,12.0,11.285714285714286,11.785714285714286,11.43939393939394
42,2026-03-09,0,3,0,11,10.0,11.0,11.0,11.5,11.417910447761194
42,2026-03-10,1,3,0,10,11.0,12.0,11.0,11.285714285714286,11.411764705882353
42,2026-03-11,2,3,0,13,10.0,8.0,10.714285714285714,11.285714285714286,11.391304347826088
42,2026-03-12,3,3,0,12,13.0,11.0,11.428571428571429,11.428571428571429,11.414285714285715
42,2026-03-13,4,3,0,12,12.0,12.0,11.571428571428571,11.5,11.422535211267606
42,2026-03-14,5,3,1,10,12.0,13.0,11.571428571428571,11.642857142857142,11.430555555555555
42,2026-03-15,6,3,1,13,10.0,10.0,11.142857142857142,11.214285714285714,11.41095890410959
42,2026-03-16,0,3,0,16,13.0,11.0,11.571428571428571,11.285714285714286,11.432432432432432
42,2026-03-17,1,3,0,15,16.0,10.0,12.285714285714286,11.642857142857142,11.493333333333334
42,2026-03-18,2,3,0,14,15.0,13.0,13.0,11.857142857142858,11.539473684210526
42,2026-03-19,3,3,0,13,14.0,12.0,13.142857142857142,12.285714285714286,11.571428571428571
42,2026-03-20,4,3,0,11,13.0,12.0,13.285714285714286,12.428571428571429,11.58974358974359
42,2026-03-21,5,3,1,12,11.0,10.0,13.142857142857142,12.357142857142858,11.582278481012658
42,2026-03-22,6,3,1,15,12.0,13.0,13.428571428571429,12.285714285714286,11.5875
42,2026-03-23,0,3,0,14,15.0,16.0,13.714285714285714,12.642857142857142,11.62962962962963
42,2026-03-24,1,3,0,16,14.0,15.0,13.428571428571429,12.857142857142858,11.658536585365853
42,2026-03-25,2,3,0,15,16.0,14.0,13.571428571428571,13.285714285714286,11.710843373493976
42,2026-03-26,3,3,0,15,15.0,13.0,13.714285714285714,13.428571428571429,11.75
42,2026-03-27,4,3,0,10,15.0,11.0,14.0,13.642857142857142,11.788235294117648
42,2026-03-28,5,3,1,13,10.0,12.0,13.857142857142858,13.5,11.767441860465116
42,2026-03-29,6,3,1,13,13.0,15.0,14.0,13.714285714285714,11.781609195402298
42,2026-03-30,0,3,0,15,13.0,14.0,13.714285714285714,13.714285714285714,11.795454545454545
42,2026-03-31,1,3,0,13,15.0,16.0,13.857142857142858,13.642857142857142,11.831460674157304
42,2026-04-01,2,4,0,13,13.0,15.0,13.428571428571429,13.5,11.844444444444445
42,2026-04-02,3,4,0,11,13.0,15.0,13.142857142857142,13.428571428571429,11.857142857142858
42,2026-04-03,4,4,0,12,11.0,10.0,12.571428571428571,13.285714285714286,11.847826086956522
42,2026-04-04,5,4,1,16,12.0,13.0,12.857142857142858,13.357142857142858,11.849462365591398
42,2026-04-05,6,4,1,17,16.0,13.0,13.285714285714286,13.642857142857142,11.893617021276595
42,2026-04-06,0,4,0,12,17.0,15.0,13.857142857142858,13.785714285714286,11.947368421052632
42,2026-04-07,1,4,0,10,12.0,13.0,13.428571428571429,13.642857142857142,11.947916666666666
42,2026-04-08,2,4,0,14,10.0,13.0,13.0,13.214285714285714,11.927835051546392
42,2026-04-09,3,4,0,9,14.0,11.0,13.142857142857142,13.142857142857142,11.948979591836734
42,2026-04-10,4,4,0,9,9.0,12.0,12.857142857142858,12.714285714285714,11.919191919191919
42,2026-04-11,5,4,1,17,9.0,16.0,12.428571428571429,12.642857142857142,11.89
42,2026-04-12,6,4,1,16,17.0,17.0,12.571428571428571,12.928571428571429,11.94059405940594
42,2026-04-13,0,4,0,15,16.0,12.0,12.428571428571429,13.142857142857142,11.980392156862745
42,2026-04-14,1,4,0,12,15.0,10.0,12.857142857142858,13.142857142857142,12.009708737864077
42,2026-04-15,2,4,0,13,12.0,14.0,13.142857142857142,13.071428571428571,12.009615384615385
42,2026-04-16,3,4,0,11,13.0,9.0,13.0,13.071428571428571,12.019047619047619
42,2026-04-17,4,4,0,13,11.0,9.0,13.285714285714286,13.071428571428571,12.00943396226415
42,2026-04-18,5,4,1,15,13.0,17.0,13.857142857142858,13.142857142857142,12.018691588785046
42,2026-04-19,6,4,1,12,15.0,16.0,13.571428571428571,13.071428571428571,12.046296296296296
42,2026-04-20,0,4,0,14,12.0,15.0,13.0,12.714285714285714,12.045871559633028
42,2026-04-21,1,4,0,14,14.0,12.0,12.857142857142858,12.857142857142858,12.063636363636364
42,2026-04-22,2,4,0,12,14.0,13.0,13.142857142857142,13.142857142857142,12.08108108108108
42,2026-04-23,3,4,0,15,12.0,11.0,13.0,13.0,12.080357142857142
42,2026-04-24,4,4,0,13,15.0,13.0,13.571428571428571,13.428571428571429,12.106194690265486
42,2026-04-25,5,4,1,17,13.0,15.0,13.571428571428571,13.714285714285714,12.114035087719298
42,2026-04-26,6,4,1,19,17.0,12.0,13.857142857142858,13.714285714285714,12.156521739130435
42,2026-04-27,0,4,0,19,19.0,14.0,14.857142857142858,13.928571428571429,12.21551724137931
42,2026-04-28,1,4,0,10,19.0,14.0,15.571428571428571,14.214285714285714,12.273504273504274
42,2026-04-29,2,4,0,13,10.0,12.0,15.0,14.071428571428571,12.254237288135593
42,2026-04-30,3,4,0,14,13.0,15.0,15.142857142857142,14.071428571428571,12.260504201680673
43,2026-01-15,3,1,0,12,9.0,12.0,11.428571428571429,10.857142857142858,10.857142857142858
43,2026-01-16,4,1,0,13,12.0,14.0,11.428571428571429,11.071428571428571,10.933333333333334
43,2026-01-17,5,1,1,10,13.0,10.0,11.285714285714286,10.928571428571429,11.0625
43,2026-01-18,6,1,1,12,10.0,12.0,11.285714285714286,11.214285714285714,11.0
43,2026-01-19,0,1,0,14,12.0,13.0,11.285714285714286,11.142857142857142,11.055555555555555
43,2026-01-20,1,1,0,15,14.0,10.0,11.428571428571429,11.357142857142858,11.210526315789474
43,2026-01-21,2,1,0,11,15.0,9.0,12.142857142857142,11.857142857142858,11.4
43,2026-01-22,3,1,0,13,11.0,12.0,12.428571428571429,11.928571428571429,11.380952380952381
43,2026-01-23,4,1,0,6,13.0,13.0,12.571428571428571,12.0,11.454545454545455
43,2026-01-24,5,1,1,12,6.0,10.0,11.571428571428571,11.428571428571429,11.217391304347826
43,2026-01-25,6,1,1,12,12.0,12.0,11.857142857142858,11.571428571428571,11.25
43,2026-01-26,0,1,0,8,12.0,14.0,11.857142857142858,11.571428571428571,11.28
43,2026-01-27,1,1,0,9,8.0,15.0,11.0,11.214285714285714,11.153846153846153
43,2026-01-28,2,1,0,7,9.0,11.0,10.142857142857142,11.142857142857142,11.074074074074074
43,2026-01-29,3,1,0,11,7.0,13.0,9.571428571428571,11.0,10.928571428571429
43,2026-01-30,4,1,0,14,11.0,6.0,9.285714285714286,10.928571428571429,10.931034482758621
43,2026-01-31,5,1,1,15,14.0,12.0,10.428571428571429,11.0,11.033333333333333
43,2026-02-01,6,2,1,14,15.0,12.0,10.857142857142858,11.357142857142858,11.161290322580646
43,2026-02-02,0,2,0,9,14.0,8.0,11.142857142857142,11.5,11.25
43,2026-02-03,1,2,0,9,9.0,9.0,11.285714285714286,11.142857142857142,11.181818181818182
43,2026-02-04,2,2,0,9,9.0,7.0,11.285714285714286,10.714285714285714,11.117647058823529
43,2026-02-05,3,2,0,13,9.0,11.0,11.571428571428571,10.571428571428571,11.057142857142857
43,2026-02-06,4,2,0,12,13.0,14.0,11.857142857142858,10.571428571428571,11.11111111111111
43,2026-02-07,5,2,1,11,12.0,15.0,11.571428571428571,11.0,11.135135135135135
43,2026-02-08,6,2,1,13,11.0,14.0,11.0,10.928571428571429,11.131578947368421
43,2026-02-09,0,2,0,8,13.0,9.0,10.857142857142858,11.0,11.179487179487179
43,2026-02-10,1,2,0,11,8.0,9.0,10.714285714285714,11.0,11.1
43,2026-02-11,2,2,0,14,11.0,9.0,11.0,11.142857142857142,11.097560975609756
43,2026-02-12,3,2,0,10,14.0,13.0,11.714285714285714,11.642857142857142,11.166666666666666
43,2026-02-13,4,2,0,9,10.0,12.0,11.285714285714286,11.571428571428571,11.13953488372093
43,2026-02-14,5,2,1,15,9.0,11.0,10.857142857142858,11.214285714285714,11.090909090909092
43,2026-02-15,6,2,1,14,15.0,13.0,11.428571428571429,11.214285714285714,11.177777777777777
43,2026-02-16,0,2,0,12,14.0,8.0,11.571428571428571,11.214285714285714,11.23913043478261
43,2026-02-17,1,2,0,11,12.0,11.0,12.142857142857142,11.428571428571429,11.25531914893617
43,2026-02-18,2,2,0,9,11.0,14.0,12.142857142857142,11.571428571428571,11.25
43,2026-02-19,3,2,0,13,9.0,10.0,11.428571428571429,11.571428571428571,11.204081632653061
43,2026-02-20,4,2,0,10,13.0,9.0,11.857142857142858,11.571428571428571,11.24
43,2026-02-21,5,2,1,17,10.0,15.0,12.0,11.428571428571429,11.215686274509803
43,2026-02-22,6,2,1,10,17.0,14.0,12.285714285714286,11.857142857142858,11.326923076923077
43,2026-02-23,0,2,0,11,10.0,12.0,11.714285714285714,11.642857142857142,11.30188679245283
43,2026-02-24,1,2,0,12,11.0,11.0,11.571428571428571,11.857142857142858,11.296296296296296
43,2026-02-25,2,2,0,13,12.0,9.0,11.714285714285714,11.928571428571429,11.309090909090909
43,2026-02-26,3,2,0,12,13.0,13.0,12.285714285714286,11.857142857142858,11.339285714285714
43,2026-02-27,4,2,0,9,12.0,10.0,12.142857142857142,12.0,11.350877192982455
43,2026-02-28,5,2,1,14,9.0,17.0,12.0,12.0,11.310344827586206
43,2026-03-01,6,3,1,16,14.0,10.0,11.571428571428571,11.928571428571429,11.35593220338983
43,2026-03-02,0,3,0,12,16.0,11.0,12.428571428571429,12.071428571428571,11.433333333333334
43,2026-03-03,1,3,0,13,12.0,12.0,12.571428571428571,12.071428571428571,11.442622950819672
43,2026-03-04,2,3,0,14,13.0,13.0,12.714285714285714,12.214285714285714,11.46774193548387
43,2026-03-05,3,3,0,15,14.0,12.0,12.857142857142858,12.571428571428571,11.507936507936508
43,2026-03-06,4,3,0,10,15.0,9.0,13.285714285714286,12.714285714285714,11.5625
43,2026-03-07,5,3,1,12,10.0,14.0,13.428571428571429,12.714285714285714,11.538461538461538
43,2026-03-08,6,3,1,14,12.0,16.0,13.142857142857142,12.357142857142858,11.545454545454545
43,2026-03-09,0,3,0,16,14.0,12.0,12.857142857142858,12.642857142857142,11.582089552238806
43,2026-03-10,1,3,0,12,16.0,13.0,13.428571428571429,13.0,11.647058823529411
43,2026-03-11,2,3,0,15,12.0,14.0,13.285714285714286,13.0,11.652173913043478
43,2026-03-12,3,3,0,13,15.0,15.0,13.428571428571429,13.142857142857142,11.7
43,2026-03-13,4,3,0,15,13.0,10.0,13.142857142857142,13.214285714285714,11.71830985915493
43,2026-03-14,5,3,1,14,15.0,12.0,13.857142857142858,13.642857142857142,11.76388888888889
43,2026-03-15,6,3,1,16,14.0,14.0,14.142857142857142,13.642857142857142,11.794520547945206
43,2026-03-16,0,3,0,13,16.0,16.0,14.428571428571429,13.642857142857142,11.85135135135135
43,2026-03-17,1,3,0,13,13.0,12.0,14.0,13.714285714285714,11.866666666666667
43,2026-03-18,2,3,0,13,13.0,15.0,14.142857142857142,13.714285714285714,11.881578947368421
43,2026-03-19,3,3,0,10,13.0,13.0,13.857142857142858,13.642857142857142,11.896103896103897
43,2026-03-20,4,3,0,11,10.0,15.0,13.428571428571429,13.285714285714286,11.871794871794872
43,2026-03-21,5,3,1,16,11.0,14.0,12.857142857142858,13.357142857142858,11.860759493670885
43,2026-03-22,6,3,1,14,16.0,16.0,13.142857142857142,13.642857142857142,11.9125
43,2026-03-23,0,3,0,17,14.0,13.0,12.857142857142858,13.642857142857142,11.938271604938272
43,2026-03-24,1,3,0,13,17.0,13.0,13.428571428571429,13.714285714285714,12.0
43,2026-03-25,2,3,0,13,13.0,13.0,13.428571428571429,13.785714285714286,12.012048192771084
43,2026-03-26,3,3,0,16,13.0,10.0,13.428571428571429,13.642857142857142,12.023809523809524
43,2026-03-27,4,3,0,15,16.0,11.0,14.285714285714286,13.857142857142858,12.070588235294117
43,2026-03-28,5,3,1,17,15.0,16.0,14.857142857142858,13.857142857142858,12.104651162790697
43,2026-03-29,6,3,1,12,17.0,14.0,15.0,14.071428571428571,12.160919540229886
43,2026-03-30,0,3,0,10,12.0,17.0,14.714285714285714,13.785714285714286,12.159090909090908
43,2026-03-31,1,3,0,11,10.0,13.0,13.714285714285714,13.571428571428571,12.134831460674157
43,2026-04-01,2,4,0,11,11.0,13.0,13.428571428571429,13.428571428571429,12.122222222222222
43,2026-04-02,3,4,0,12,11.0,16.0,13.142857142857142,13.285714285714286,12.10989010989011
43,2026-04-03,4,4,0,10,12.0,15.0,12.571428571428571,13.428571428571429,12.108695652173912
43,2026-04-04,5,4,1,16,10.0,17.0,11.857142857142858,13.357142857142858,12.086021505376344
43,2026-04-05,6,4,1,14,16.0,12.0,11.714285714285714,13.357142857142858,12.127659574468085
43,2026-04-06,0,4,0,12,14.0,10.0,12.0,13.357142857142858,12.147368421052631
43,2026-04-07,1,4,0,15,12.0,11.0,12.285714285714286,13.0,12.145833333333334
43,2026-04-08,2,4,0,10,15.0,11.0,12.857142857142858,13.142857142857142,12.175257731958762
43,2026-04-09,3,4,0,13,10.0,12.0,12.714285714285714,12.928571428571429,12.153061224489797
43,2026-04-10,4,4,0,12,13.0,10.0,12.857142857142858,12.714285714285714,12.16161616161616
43,2026-04-11,5,4,1,14,12.0,16.0,13.142857142857142,12.5,12.16
43,2026-04-12,6,4,1,10,14.0,14.0,12.857142857142858,12.285714285714286,12.178217821782178
43,2026-04-13,0,4,0,15,10.0,12.0,12.285714285714286,12.142857142857142,12.156862745098039
43,2026-04-14,1,4,0,13,15.0,15.0,12.714285714285714,12.5,12.184466019417476
43,2026-04-15,2,4,0,15,13.0,10.0,12.428571428571429,12.642857142857142,12.192307692307692
43,2026-04-16,3,4,0,10,15.0,13.0,13.142857142857142,12.928571428571429,12.219047619047618
43,2026-04-17,4,4,0,12,10.0,12.0,12.714285714285714,12.785714285714286,12.19811320754717
43,2026-04-18,5,4,1,9,12.0,14.0,12.714285714285714,12.928571428571429,12.19626168224299
43,2026-04-19,6,4,1,22,9.0,10.0,12.0,12.428571428571429,12.166666666666666
43,2026-04-20,0,4,0,16,22.0,15.0,13.714285714285714,13.0,12.256880733944953
43,2026-04-21,1,4,0,10,16.0,13.0,13.857142857142858,13.285714285714286,12.290909090909091
43,2026-04-22,2,4,0,10,10.0,15.0,13.428571428571429,12.928571428571429,12.27027027027027
43,2026-04-23,3,4,0,12,10.0,10.0,12.714285714285714,12.928571428571429,12.25
43,2026-04-24,4,4,0,12,12.0,12.0,13.0,12.857142857142858,12.247787610619469
43,2026-04-25,5,4,1,13,12.0,9.0,13.0,12.857142857142858,12.24561403508772
43,2026-04-26,6,4,1,14,13.0,22.0,13.571428571428571,12.785714285714286,12.252173913043478
43,2026-04-27,0,4,0,14,14.0,16.0,12.428571428571429,13.071428571428571,12.267241379310345
43,2026-04-28,1,4,0,17,14.0,10.0,12.142857142857142,13.0,12.282051282051283
43,2026-04-29,2,4,0,12,17.0,10.0,13.142857142857142,13.285714285714286,12.322033898305085
43,2026-04-30,3,4,0,16,12.0,12.0,13.428571428571429,13.071428571428571,12.319327731092438
44,2026-01-15,3,1,0,2,3.0,3.0,3.142857142857143,3.0,3.0
44,2026-01-16,4,1,0,3,2.0,3.0,3.0,2.857142857142857,2.933333333333333
44,2026-01-17,5,1,1,3,3.0,4.0,3.0,2.9285714285714284,2.9375
44,2026-01-18,6,1,1,4,3.0,4.0,2.857142857142857,2.857142857142857,2.9411764705882355
44,2026-01-19,0,1,0,2,4.0,2.0,2.857142857142857,2.9285714285714284,3.0
44,2026-01-20,1,1,0,3,2.0,3.0,2.857142857142857,2.9285714285714284,2.9473684210526314
44,2026-01-21,2,1,0,4,3.0,3.0,2.857142857142857,3.0,2.95
44,2026-01-22,3,1,0,3,4.0,2.0,3.0,3.0714285714285716,3.0
44,2026-01-23,4,1,0,3,3.0,3.0,3.142857142857143,3.0714285714285716,3.0
44,2026-01-24,5,1,1,4,3.0,3.0,3.142857142857143,3.0714285714285716,3.0
44,2026-01-25,6,1,1,4,4.0,4.0,3.2857142857142856,3.0714285714285716,3.0416666666666665
44,2026-01-26,0,1,0,3,4.0,2.0,3.2857142857142856,3.0714285714285716,3.08
44,2026-01-27,1,1,0,2,3.0,3.0,3.4285714285714284,3.142857142857143,3.076923076923077
44,2026-01-28,2,1,0,2,2.0,4.0,3.2857142857142856,3.0714285714285716,3.037037037037037
44,2026-01-29,3,1,0,3,2.0,3.0,3.0,3.0,3.0
44,2026-01-30,4,1,0,3,3.0,3.0,3.0,3.0714285714285716,3.0
44,2026-01-31,5,1,1,4,3.0,4.0,3.0,3.0714285714285716,3.0
44,2026-02-01,6,2,1,4,4.0,4.0,3.0,3.142857142857143,3.032258064516129
44,2026-02-02,0,2,0,3,4.0,3.0,3.0,3.142857142857143,3.0625
44,2026-02-03,1,2,0,3,3.0,2.0,3.0,3.2142857142857144,3.0606060606060606
44,2026-02-04,2,2,0,4,3.0,2.0,3.142857142857143,3.2142857142857144,3.0588235294117645
44,2026-02-05,3,2,0,3,4.0,3.0,3.4285714285714284,3.2142857142857144,3.085714285714286
44,2026-02-06,4,2,0,3,3.0,3.0,3.4285714285714284,3.2142857142857144,3.0833333333333335
44,2026-02-07,5,2,1,4,3.0,4.0,3.4285714285714284,3.2142857142857144,3.081081081081081
44,2026-02-08,6,2,1,3,4.0,4.0,3.4285714285714284,3.2142857142857144,3.1052631578947367
44,2026-02-09,0,2,0,4,3.0,3.0,3.2857142857142856,3.142857142857143,3.1025641025641026
44,2026-02-10,1,2,0,2,4.0,3.0,3.4285714285714284,3.2142857142857144,3.125
44,2026-02-11,2,2,0,2,2.0,4.0,3.2857142857142856,3.2142857142857144,3.097560975609756
44,2026-02-12,3,2,0,4,2.0,3.0,3.0,3.2142857142857144,3.0714285714285716
44,2026-02-13,4,2,0,4,4.0,3.0,3.142857142857143,3.2857142857142856,3.0930232558139537
44,2026-02-14,5,2,1,5,4.0,4.0,3.2857142857142856,3.357142857142857,3.1136363636363638
44,2026-02-15,6,2,1,4,5.0,3.0,3.4285714285714284,3.4285714285714284,3.1555555555555554
44,2026-02-16,0,2,0,4,4.0,4.0,3.5714285714285716,3.4285714285714284,3.1739130434782608
44,2026-02-17,1,2,0,4,4.0,2.0,3.5714285714285716,3.5,3.1914893617021276
44,2026-02-18,2,2,0,4,4.0,2.0,3.857142857142857,3.5714285714285716,3.2083333333333335
44,2026-02-19,3,2,0,2,4.0,4.0,4.142857142857143,3.5714285714285716,3.2244897959183674
44,2026-02-20,4,2,0,3,2.0,4.0,3.857142857142857,3.5,3.2
44,2026-02-21,5,2,1,4,3.0,5.0,3.7142857142857144,3.5,3.196078431372549
44,2026-02-22,6,2,1,4,4.0,4.0,3.5714285714285716,3.5,3.2115384615384617
44,2026-02-23,0,2,0,4,4.0,4.0,3.5714285714285716,3.5714285714285716,3.2264150943396226
44,2026-02-24,1,2,0,3,4.0,4.0,3.5714285714285716,3.5714285714285716,3.240740740740741
44,2026-02-25,2,2,0,3,3.0,4.0,3.4285714285714284,3.642857142857143,3.2363636363636363
44,2026-02-26,3,2,0,4,3.0,2.0,3.2857142857142856,3.7142857142857144,3.232142857142857
44,2026-02-27,4,2,0,4,4.0,3.0,3.5714285714285716,3.7142857142857144,3.245614035087719
44,2026-02-28,5,2,1,4,4.0,4.0,3.7142857142857144,3.7142857142857144,3.2586206896551726
44,2026-03-01,6,3,1,3,4.0,4.0,3.7142857142857144,3.642857142857143,3.2711864406779663
44,2026-03-02,0,3,0,4,3.0,4.0,3.5714285714285716,3.5714285714285716,3.2666666666666666
44,2026-03-03,1,3,0,4,4.0,3.0,3.5714285714285716,3.5714285714285716,3.278688524590164
44,2026-03-04,2,3,0,3,4.0,3.0,3.7142857142857144,3.5714285714285716,3.2903225806451615
44,2026-03-05,3,3,0,3,3.0,4.0,3.7142857142857144,3.5,3.2857142857142856
44,2026-03-06,4,3,0,3,3.0,4.0,3.5714285714285716,3.5714285714285716,3.28125
44,2026-03-07,5,3,1,5,3.0,4.0,3.4285714285714284,3.5714285714285716,3.276923076923077
44,2026-03-08,6,3,1,5,5.0,3.0,3.5714285714285716,3.642857142857143,3.303030303030303
44,2026-03-09,0,3,0,4,5.0,4.0,3.857142857142857,3.7142857142857144,3.328358208955224
44,2026-03-10,1,3,0,4,4.0,4.0,3.857142857142857,3.7142857142857144,3.338235294117647
44,2026-03-11,2,3,0,3,4.0,3.0,3.857142857142857,3.7857142857142856,3.347826086956522
44,2026-03-12,3,3,0,3,3.0,3.0,3.857142857142857,3.7857142857142856,3.342857142857143
44,2026-03-13,4,3,0,4,3.0,3.0,3.857142857142857,3.7142857142857144,3.3380281690140845
44,2026-03-14,5,3,1,5,4.0,5.0,4.0,3.7142857142857144,3.3472222222222223
44,2026-03-15,6,3,1,4,5.0,5.0,4.0,3.7857142857142856,3.3698630136986303
44,2026-03-16,0,3,0,5,4.0,4.0,3.857142857142857,3.857142857142857,3.3783783783783785
44,2026-03-17,1,3,0,4,5.0,4.0,4.0,3.9285714285714284,3.4
44,2026-03-18,2,3,0,4,4.0,3.0,4.0,3.9285714285714284,3.4078947368421053
44,2026-03-19,3,3,0,3,4.0,3.0,4.142857142857143,4.0,3.4155844155844157
44,2026-03-20,4,3,0,4,3.0,4.0,4.142857142857143,4.0,3.41025641025641
44,2026-03-21,5,3,1,5,4.0,5.0,4.142857142857143,4.071428571428571,3.4177215189873418
44,2026-03-22,6,3,1,5,5.0,4.0,4.142857142857143,4.071428571428571,3.4375
44,2026-03-23,0,3,0,4,5.0,5.0,4.285714285714286,4.071428571428571,3.45679012345679
44,2026-03-24,1,3,0,5,4.0,4.0,4.142857142857143,4.071428571428571,3.4634146341463414
44,2026-03-25,2,3,0,4,5.0,4.0,4.285714285714286,4.142857142857143,3.4819277108433737
44,2026-03-26,3,3,0,4,4.0,3.0,4.285714285714286,4.214285714285714,3.488095238095238
44,2026-03-27,4,3,0,4,4.0,4.0,4.428571428571429,4.285714285714286,3.4941176470588236
44,2026-03-28,5,3,1,6,4.0,5.0,4.428571428571429,4.285714285714286,3.5
44,2026-03-29,6,3,1,4,6.0,5.0,4.571428571428571,4.357142857142857,3.528735632183908
44,2026-03-30,0,3,0,4,4.0,4.0,4.428571428571429,4.357142857142857,3.534090909090909
44,2026-03-31,1,3,0,5,4.0,5.0,4.428571428571429,4.285714285714286,3.539325842696629
44,2026-04-01,2,4,0,4,5.0,4.0,4.428571428571429,4.357142857142857,3.5555555555555554
44,2026-04-02,3,4,0,4,4.0,4.0,4.428571428571429,4.357142857142857,3.5604395604395602
44,2026-04-03,4,4,0,5,4.0,4.0,4.428571428571429,4.428571428571429,3.5652173913043477
44,2026-04-04,5,4,1,5,5.0,6.0,4.571428571428571,4.5,3.5806451612903225
44,2026-04-05,6,4,1,6,5.0,4.0,4.428571428571429,4.5,3.595744680851064
44,2026-04-06,0,4,0,4,6.0,4.0,4.714285714285714,4.571428571428571,3.6210526315789475
44,2026-04-07,1,4,0,4,4.0,5.0,4.714285714285714,4.571428571428571,3.625
44,2026-04-08,2,4,0,3,4.0,4.0,4.571428571428571,4.5,3.6288659793814433
44,2026-04-09,3,4,0,5,3.0,4.0,4.428571428571429,4.428571428571429,3.622448979591837
44,2026-04-10,4,4,0,3,5.0,5.0,4.571428571428571,4.5,3.6363636363636362
44,2026-04-11,5,4,1,4,3.0,5.0,4.285714285714286,4.428571428571429,3.63
44,2026-04-12,6,4,1,5,4.0,6.0,4.142857142857143,4.285714285714286,3.633663366336634
44,2026-04-13,0,4,0,4,5.0,4.0,4.0,4.357142857142857,3.6470588235294117
44,2026-04-14,1,4,0,3,4.0,4.0,4.0,4.357142857142857,3.650485436893204
44,2026-04-15,2,4,0,3,3.0,3.0,3.857142857142857,4.214285714285714,3.644230769230769
44,2026-04-16,3,4,0,5,3.0,5.0,3.857142857142857,4.142857142857143,3.638095238095238
44,2026-04-17,4,4,0,4,5.0,3.0,3.857142857142857,4.214285714285714,3.650943396226415
44,2026-04-18,5,4,1,6,4.0,4.0,4.0,4.142857142857143,3.6542056074766354
44,2026-04-19,6,4,1,7,6.0,5.0,4.285714285714286,4.214285714285714,3.675925925925926
44,2026-04-20,0,4,0,3,7.0,4.0,4.571428571428571,4.285714285714286,3.706422018348624
44,2026-04-21,1,4,0,5,3.0,3.0,4.428571428571429,4.214285714285714,3.7
44,2026-04-22,2,4,0,5,5.0,3.0,4.714285714285714,4.285714285714286,3.7117117117117115
44,2026-04-23,3,4,0,4,5.0,5.0,5.0,4.428571428571429,3.7232142857142856
44,2026-04-24,4,4,0,5,4.0,4.0,4.857142857142857,4.357142857142857,3.725663716814159
44,2026-04-25,5,4,1,4,5.0,6.0,5.0,4.5,3.736842105263158
44,2026-04-26,6,4,1,5,4.0,7.0,4.714285714285714,4.5,3.739130434782609
44,2026-04-27,0,4,0,4,5.0,3.0,4.428571428571429,4.5,3.75
44,2026-04-28,1,4,0,3,4.0,5.0,4.571428571428571,4.5,3.752136752136752
44,2026-04-29,2,4,0,4,3.0,5.0,4.285714285714286,4.5,3.7457627118644066
44,2026-04-30,3,4,0,4,4.0,4.0,4.142857142857143,4.571428571428571,3.7478991596638656
45,2026-01-15,3,1,0,3,5.0,3.0,3.4285714285714284,3.2857142857142856,3.2857142857142856
45,2026-01-16,4,1,0,2,3.0,2.0,3.4285714285714284,3.2857142857142856,3.2666666666666666
45,2026-01-17,5,1,1,4,2.0,4.0,3.4285714285714284,3.2142857142857144,3.1875
45,2026-01-18,6,1,1,4,4.0,4.0,3.4285714285714284,3.2857142857142856,3.235294117647059
45,2026-01-19,0,1,0,2,4.0,4.0,3.4285714285714284,3.357142857142857,3.2777777777777777
45,2026-01-20,1,1,0,2,2.0,2.0,3.142857142857143,3.2142857142857144,3.210526315789474
45,2026-01-21,2,1,0,3,2.0,5.0,3.142857142857143,3.142857142857143,3.15
45,2026-01-22,3,1,0,2,3.0,3.0,2.857142857142857,3.142857142857143,3.142857142857143
45,2026-01-23,4,1,0,3,2.0,2.0,2.7142857142857144,3.0714285714285716,3.090909090909091
45,2026-01-24,5,1,1,3,3.0,4.0,2.857142857142857,3.142857142857143,3.0869565217391304
45,2026-01-25,6,1,1,4,3.0,4.0,2.7142857142857144,3.0714285714285716,3.0833333333333335
45,2026-01-26,0,1,0,4,4.0,2.0,2.7142857142857144,3.0714285714285716,3.12
45,2026-01-27,1,1,0,3,4.0,2.0,3.0,3.0714285714285716,3.1538461538461537
45,2026-01-28,2,1,0,3,3.0,3.0,3.142857142857143,3.142857142857143,3.1481481481481484
45,2026-01-29,3,1,0,4,3.0,2.0,3.142857142857143,3.0,3.142857142857143
45,2026-01-30,4,1,0,3,4.0,3.0,3.4285714285714284,3.0714285714285716,3.1724137931034484
45,2026-01-31,5,1,1,4,3.0,3.0,3.4285714285714284,3.142857142857143,3.1666666666666665
45,2026-02-01,6,2,1,3,4.0,4.0,3.5714285714285716,3.142857142857143,3.193548387096774
45,2026-02-02,0,2,0,2,3.0,4.0,3.4285714285714284,3.0714285714285716,3.1875
45,2026-02-03,1,2,0,4,2.0,3.0,3.142857142857143,3.0714285714285716,3.1515151515151514
45,2026-02-04,2,2,0,4,4.0,3.0,3.2857142857142856,3.2142857142857144,3.176470588235294
45,2026-02-05,3,2,0,3,4.0,4.0,3.4285714285714284,3.2857142857142856,3.2
45,2026-02-06,4,2,0,5,3.0,3.0,3.2857142857142856,3.357142857142857,3.1944444444444446
45,2026-02-07,5,2,1,5,5.0,4.0,3.5714285714285716,3.5,3.2432432432432434
45,2026-02-08,6,2,1,4,5.0,3.0,3.7142857142857144,3.642857142857143,3.289473684210526
45,2026-02-09,0,2,0,3,4.0,2.0,3.857142857142857,3.642857142857143,3.3076923076923075
45,2026-02-10,1,2,0,3,3.0,4.0,4.0,3.5714285714285716,3.3
45,2026-02-11,2,2,0,4,3.0,4.0,3.857142857142857,3.5714285714285716,3.292682926829268
45,2026-02-12,3,2,0,3,4.0,3.0,3.857142857142857,3.642857142857143,3.3095238095238093
45,2026-02-13,4,2,0,3,3.0,5.0,3.857142857142857,3.5714285714285716,3.302325581395349
45,2026-02-14,5,2,1,3,3.0,5.0,3.5714285714285716,3.5714285714285716,3.2954545454545454
45,2026-02-15,6,2,1,3,3.0,4.0,3.2857142857142856,3.5,3.2888888888888888
45,2026-02-16,0,2,0,3,3.0,3.0,3.142857142857143,3.5,3.282608695652174
45,2026-02-17,1,2,0,3,3.0,3.0,3.142857142857143,3.5714285714285716,3.276595744680851
45,2026-02-18,2,2,0,3,3.0,4.0,3.142857142857143,3.5,3.2708333333333335
45,2026-02-19,3,2,0,3,3.0,3.0,3.0,3.4285714285714284,3.2653061224489797
45,2026-02-20,4,2,0,4,3.0,3.0,3.0,3.4285714285714284,3.26
45,2026-02-21,5,2,1,3,4.0,3.0,3.142857142857143,3.357142857142857,3.2745098039215685
45,2026-02-22,6,2,1,3,3.0,3.0,3.142857142857143,3.2142857142857144,3.269230769230769
45,2026-02-23,0,2,0,4,3.0,3.0,3.142857142857143,3.142857142857143,3.2641509433962264
45,2026-02-24,1,2,0,3,4.0,3.0,3.2857142857142856,3.2142857142857144,3.2777777777777777
45,2026-02-25,2,2,0,3,3.0,3.0,3.2857142857142856,3.2142857142857144,3.272727272727273
45,2026-02-26,3,2,0,3,3.0,3.0,3.2857142857142856,3.142857142857143,3.267857142857143
45,2026-02-27,4,2,0,5,3.0,4.0,3.2857142857142856,3.142857142857143,3.263157894736842
45,2026-02-28,5,2,1,4,5.0,3.0,3.4285714285714284,3.2857142857142856,3.293103448275862
45,2026-03-01,6,3,1,4,4.0,3.0,3.5714285714285716,3.357142857142857,3.305084745762712
45,2026-03-02,0,3,0,4,4.0,4.0,3.7142857142857144,3.4285714285714284,3.316666666666667
45,2026-03-03,1,3,0,4,4.0,3.0,3.7142857142857144,3.5,3.3278688524590163
45,2026-03-04,2,3,0,4,4.0,3.0,3.857142857142857,3.5714285714285716,3.338709677419355
45,2026-03-05,3,3,0,5,4.0,3.0,4.0,3.642857142857143,3.3492063492063493
45,2026-03-06,4,3,0,5,5.0,5.0,4.285714285714286,3.7857142857142856,3.375
45,2026-03-07,5,3,1,5,5.0,4.0,4.285714285714286,3.857142857142857,3.4
45,2026-03-08,6,3,1,4,5.0,4.0,4.428571428571429,4.0,3.4242424242424243
45,2026-03-09,0,3,0,5,4.0,4.0,4.428571428571429,4.071428571428571,3.4328358208955225
45,2026-03-10,1,3,0,4,5.0,4.0,4.571428571428571,4.142857142857143,3.4558823529411766
45,2026-03-11,2,3,0,5,4.0,4.0,4.571428571428571,4.214285714285714,3.463768115942029
45,2026-03-12,3,3,0,3,5.0,5.0,4.714285714285714,4.357142857142857,3.4857142857142858
45,2026-03-13,4,3,0,3,3.0,5.0,4.428571428571429,4.357142857142857,3.4788732394366195
45,2026-03-14,5,3,1,5,3.0,5.0,4.142857142857143,4.214285714285714,3.4722222222222223
45,2026-03-15,6,3,1,5,5.0,4.0,4.142857142857143,4.285714285714286,3.493150684931507
45,2026-03-16,0,3,0,4,5.0,5.0,4.285714285714286,4.357142857142857,3.5135135135135136
45,2026-03-17,1,3,0,4,4.0,4.0,4.142857142857143,4.357142857142857,3.52
45,2026-03-18,2,3,0,2,4.0,5.0,4.142857142857143,4.357142857142857,3.526315789473684
45,2026-03-19,3,3,0,5,2.0,3.0,3.7142857142857144,4.214285714285714,3.5064935064935066
45,2026-03-20,4,3,0,4,5.0,3.0,4.0,4.214285714285714,3.5256410256410255
45,2026-03-21,5,3,1,5,4.0,5.0,4.142857142857143,4.142857142857143,3.5316455696202533
45,2026-03-22,6,3,1,5,5.0,5.0,4.142857142857143,4.142857142857143,3.55
45,2026-03-23,0,3,0,3,5.0,4.0,4.142857142857143,4.214285714285714,3.567901234567901
45,2026-03-24,1,3,0,4,3.0,4.0,4.0,4.071428571428571,3.5609756097560976
45,2026-03-25,2,3,0,4,4.0,2.0,4.0,4.071428571428571,3.566265060240964
45,2026-03-26,3,3,0,4,4.0,5.0,4.285714285714286,4.0,3.5714285714285716
45,2026-03-27,4,3,0,3,4.0,4.0,4.142857142857143,4.071428571428571,3.5764705882352943
45,2026-03-28,5,3,1,4,3.0,5.0,4.0,4.071428571428571,3.5697674418604652
45,2026-03-29,6,3,1,5,4.0,5.0,3.857142857142857,4.0,3.574712643678161
45,2026-03-30,0,3,0,2,5.0,3.0,3.857142857142857,4.0,3.590909090909091
45,2026-03-31,1,3,0,3,2.0,4.0,3.7142857142857144,3.857142857142857,3.5730337078651684
45,2026-04-01,2,4,0,4,3.0,4.0,3.5714285714285716,3.7857142857142856,3.566666666666667
45,2026-04-02,3,4,0,4,4.0,4.0,3.5714285714285716,3.9285714285714284,3.5714285714285716
45,2026-04-03,4,4,0,4,4.0,3.0,3.5714285714285716,3.857142857142857,3.5760869565217392
45,2026-04-04,5,4,1,4,4.0,4.0,3.7142857142857144,3.857142857142857,3.5806451612903225
45,2026-04-05,6,4,1,4,4.0,5.0,3.7142857142857144,3.7857142857142856,3.5851063829787235
45,2026-04-06,0,4,0,4,4.0,2.0,3.5714285714285716,3.7142857142857144,3.5894736842105264
45,2026-04-07,1,4,0,3,4.0,3.0,3.857142857142857,3.7857142857142856,3.59375
45,2026-04-08,2,4,0,4,3.0,4.0,3.857142857142857,3.7142857142857144,3.5876288659793816
45,2026-04-09,3,4,0,4,4.0,4.0,3.857142857142857,3.7142857142857144,3.5918367346938775
45,2026-04-10,4,4,0,4,4.0,4.0,3.857142857142857,3.7142857142857144,3.595959595959596
45,2026-04-11,5,4,1,4,4.0,4.0,3.857142857142857,3.7857142857142856,3.6
45,2026-04-12,6,4,1,5,4.0,4.0,3.857142857142857,3.7857142857142856,3.603960396039604
45,2026-04-13,0,4,0,4,5.0,4.0,4.0,3.7857142857142856,3.6176470588235294
45,2026-04-14,1,4,0,4,4.0,3.0,4.0,3.9285714285714284,3.621359223300971
45,2026-04-15,2,4,0,3,4.0,4.0,4.142857142857143,4.0,3.625
45,2026-04-16,3,4,0,3,3.0,4.0,4.0,3.9285714285714284,3.619047619047619
45,2026-04-17,4,4,0,2,3.0,4.0,3.857142857142857,3.857142857142857,3.6132075471698113
45,2026-04-18,5,4,1,5,2.0,4.0,3.5714285714285716,3.7142857142857144,3.5981308411214954
45,2026-04-19,6,4,1,3,5.0,5.0,3.7142857142857144,3.7857142857142856,3.611111111111111
45,2026-04-20,0,4,0,5,3.0,4.0,3.4285714285714284,3.7142857142857144,3.6055045871559632
45,2026-04-21,1,4,0,4,5.0,4.0,3.5714285714285716,3.7857142857142856,3.618181818181818
45,2026-04-22,2,4,0,4,4.0,3.0,3.5714285714285716,3.857142857142857,3.6216216216216215
45,2026-04-23,3,4,0,5,4.0,3.0,3.7142857142857144,3.857142857142857,3.625
45,2026-04-24,4,4,0,4,5.0,2.0,4.0,3.9285714285714284,3.6371681415929205
45,2026-04-25,5,4,1,6,4.0,5.0,4.285714285714286,3.9285714285714284,3.6403508771929824
45,2026-04-26,6,4,1,4,6.0,3.0,4.428571428571429,4.071428571428571,3.6608695652173915
45,2026-04-27,0,4,0,4,4.0,5.0,4.571428571428571,4.0,3.663793103448276
45,2026-04-28,1,4,0,3,4.0,4.0,4.428571428571429,4.0,3.6666666666666665
45,2026-04-29,2,4,0,4,3.0,4.0,4.285714285714286,3.9285714285714284,3.6610169491525424
45,2026-04-30,3,4,0,4,4.0,5.0,4.285714285714286,4.0,3.6638655462184873
46,2026-01-15,3,1,0,17,14.0,17.0,17.428571428571427,17.0,17.0
46,2026-01-16,4,1,0,21,17.0,20.0,17.428571428571427,17.357142857142858,17.0
46,2026-01-17,5,1,1,18,21.0,18.0,17.571428571428573,17.571428571428573,17.25
46,2026-01-18,6,1,1,21,18.0,23.0,17.571428571428573,17.214285714285715,17.294117647058822
46,2026-01-19,0,1,0,17,21.0,13.0,17.285714285714285,17.428571428571427,17.5
46,2026-01-20,1,1,0,17,17.0,17.0,17.857142857142858,17.285714285714285,17.473684210526315
46,2026-01-21,2,1,0,15,17.0,14.0,17.857142857142858,17.428571428571427,17.45
46,2026-01-22,3,1,0,19,15.0,17.0,18.0,17.714285714285715,17.333333333333332
46,2026-01-23,4,1,0,16,19.0,21.0,18.285714285714285,17.857142857142858,17.40909090909091
46,2026-01-24,5,1,1,18,16.0,18.0,17.571428571428573,17.571428571428573,17.347826086956523
46,2026-01-25,6,1,1,22,18.0,21.0,17.571428571428573,17.571428571428573,17.375
46,2026-01-26,0,1,0,18,22.0,17.0,17.714285714285715,17.5,17.56
46,2026-01-27,1,1,0,17,18.0,17.0,17.857142857142858,17.857142857142858,17.576923076923077
46,2026-01-28,2,1,0,10,17.0,15.0,17.857142857142858,17.857142857142858,17.555555555555557
46,2026-01-29,3,1,0,18,10.0,19.0,17.142857142857142,17.571428571428573,17.285714285714285
46,2026-01-30,4,1,0,17,18.0,16.0,17.0,17.642857142857142,17.310344827586206
46,2026-01-31,5,1,1,16,17.0,18.0,17.142857142857142,17.357142857142858,17.3
46,2026-02-01,6,2,1,21,16.0,22.0,16.857142857142858,17.214285714285715,17.258064516129032
46,2026-02-02,0,2,0,15,21.0,18.0,16.714285714285715,17.214285714285715,17.375
46,2026-02-03,1,2,0,12,15.0,17.0,16.285714285714285,17.071428571428573,17.303030303030305
46,2026-02-04,2,2,0,21,12.0,10.0,15.571428571428571,16.714285714285715,17.147058823529413
46,2026-02-05,3,2,0,20,21.0,18.0,17.142857142857142,17.142857142857142,17.257142857142856
46,2026-02-06,4,2,0,15,20.0,17.0,17.428571428571427,17.214285714285715,17.333333333333332
46,2026-02-07,5,2,1,18,15.0,16.0,17.142857142857142,17.142857142857142,17.27027027027027
46,2026-02-08,6,2,1,22,18.0,21.0,17.428571428571427,17.142857142857142,17.289473684210527
46,2026-02-09,0,2,0,19,22.0,15.0,17.571428571428573,17.142857142857142,17.41025641025641
46,2026-02-10,1,2,0,12,19.0,12.0,18.142857142857142,17.214285714285715,17.45
46,2026-02-11,2,2,0,15,12.0,21.0,18.142857142857142,16.857142857142858,17.317073170731707
46,2026-02-12,3,2,0,17,15.0,20.0,17.285714285714285,17.214285714285715,17.261904761904763
46,2026-02-13,4,2,0,16,17.0,15.0,16.857142857142858,17.142857142857142,17.25581395348837
46,2026-02-14,5,2,1,28,16.0,18.0,17.0,17.071428571428573,17.227272727272727
46,2026-02-15,6,2,1,29,28.0,22.0,18.428571428571427,17.928571428571427,17.466666666666665
46,2026-02-16,0,2,0,15,29.0,19.0,19.428571428571427,18.5,17.717391304347824
46,2026-02-17,1,2,0,18,15.0,12.0,18.857142857142858,18.5,17.659574468085108
46,2026-02-18,2,2,0,22,18.0,15.0,19.714285714285715,18.928571428571427,17.666666666666668
46,2026-02-19,3,2,0,18,22.0,17.0,20.714285714285715,19.0,17.755102040816325
46,2026-02-20,4,2,0,17,18.0,16.0,20.857142857142858,18.857142857142858,17.76
46,2026-02-21,5,2,1,21,17.0,28.0,21.0,19.0,17.745098039215687
46,2026-02-22,6,2,1,23,21.0,29.0,20.0,19.214285714285715,17.807692307692307
46,2026-02-23,0,2,0,20,23.0,15.0,19.142857142857142,19.285714285714285,17.90566037735849
46,2026-02-24,1,2,0,13,20.0,18.0,19.857142857142858,19.357142857142858,17.944444444444443
46,2026-02-25,2,2,0,21,13.0,22.0,19.142857142857142,19.428571428571427,17.854545454545455
46,2026-02-26,3,2,0,17,21.0,18.0,19.0,19.857142857142858,17.910714285714285
46,2026-02-27,4,2,0,22,17.0,17.0,18.857142857142858,19.857142857142858,17.894736842105264
46,2026-02-28,5,2,1,21,22.0,21.0,19.571428571428573,20.285714285714285,17.96551724137931
46,2026-03-01,6,3,1,26,21.0,23.0,19.571428571428573,19.785714285714285,18.016949152542374
46,2026-03-02,0,3,0,19,26.0,20.0,20.0,19.571428571428573,18.15
46,2026-03-03,1,3,0,19,19.0,13.0,19.857142857142858,19.857142857142858,18.16393442622951
46,2026-03-04,2,3,0,19,19.0,21.0,20.714285714285715,19.928571428571427,18.177419354838708
46,2026-03-05,3,3,0,18,19.0,17.0,20.428571428571427,19.714285714285715,18.19047619047619
46,2026-03-06,4,3,0,17,18.0,22.0,20.571428571428573,19.714285714285715,18.1875
46,2026-03-07,5,3,1,26,17.0,21.0,19.857142857142858,19.714285714285715,18.16923076923077
46,2026-03-08,6,3,1,23,26.0,26.0,20.571428571428573,20.071428571428573,18.28787878787879
46,2026-03-09,0,3,0,20,23.0,19.0,20.142857142857142,20.071428571428573,18.35820895522388
46,2026-03-10,1,3,0,22,20.0,19.0,20.285714285714285,20.071428571428573,18.38235294117647
46,2026-03-11,2,3,0,24,22.0,19.0,20.714285714285715,20.714285714285715,18.434782608695652
46,2026-03-12,3,3,0,16,24.0,18.0,21.428571428571427,20.928571428571427,18.514285714285716
46,2026-03-13,4,3,0,23,16.0,17.0,21.142857142857142,20.857142857142858,18.47887323943662
46,2026-03-14,5,3,1,30,23.0,26.0,22.0,20.928571428571427,18.541666666666668
46,2026-03-15,6,3,1,17,30.0,23.0,22.571428571428573,21.571428571428573,18.698630136986303
46,2026-03-16,0,3,0,15,17.0,20.0,21.714285714285715,20.928571428571427,18.675675675675677
46,2026-03-17,1,3,0,20,15.0,22.0,21.0,20.642857142857142,18.626666666666665
46,2026-03-18,2,3,0,23,20.0,24.0,20.714285714285715,20.714285714285715,18.644736842105264
46,2026-03-19,3,3,0,25,23.0,16.0,20.571428571428573,21.0,18.7012987012987
46,2026-03-20,4,3,0,21,25.0,23.0,21.857142857142858,21.5,18.78205128205128
46,2026-03-21,5,3,1,25,21.0,30.0,21.571428571428573,21.785714285714285,18.810126582278482
46,2026-03-22,6,3,1,19,25.0,17.0,20.857142857142858,21.714285714285715,18.8875
46,2026-03-23,0,3,0,20,19.0,15.0,21.142857142857142,21.428571428571427,18.88888888888889
46,2026-03-24,1,3,0,20,20.0,20.0,21.857142857142858,21.428571428571427,18.902439024390244
46,2026-03-25,2,3,0,19,20.0,23.0,21.857142857142858,21.285714285714285,18.91566265060241
46,2026-03-26,3,3,0,15,19.0,25.0,21.285714285714285,20.928571428571427,18.916666666666668
46,2026-03-27,4,3,0,19,15.0,21.0,19.857142857142858,20.857142857142858,18.870588235294118
46,2026-03-28,5,3,1,27,19.0,25.0,19.571428571428573,20.571428571428573,18.872093023255815
46,2026-03-29,6,3,1,31,27.0,19.0,19.857142857142858,20.357142857142858,18.96551724137931
46,2026-03-30,0,3,0,18,31.0,20.0,21.571428571428573,21.357142857142858,19.102272727272727
46,2026-03-31,1,3,0,22,18.0,20.0,21.285714285714285,21.571428571428573,19.089887640449437
46,2026-04-01,2,4,0,23,22.0,19.0,21.571428571428573,21.714285714285715,19.122222222222224
46,2026-04-02,3,4,0,20,23.0,15.0,22.142857142857142,21.714285714285715,19.164835164835164
46,2026-04-03,4,4,0,18,20.0,19.0,22.857142857142858,21.357142857142858,19.17391304347826
46,2026-04-04,5,4,1,26,18.0,27.0,22.714285714285715,21.142857142857142,19.161290322580644
46,2026-04-05,6,4,1,24,26.0,31.0,22.571428571428573,21.214285714285715,19.23404255319149
46,2026-04-06,0,4,0,17,24.0,18.0,21.571428571428573,21.571428571428573,19.28421052631579
46,2026-04-07,1,4,0,18,17.0,22.0,21.428571428571427,21.357142857142858,19.260416666666668
46,2026-04-08,2,4,0,19,18.0,23.0,20.857142857142858,21.214285714285715,19.24742268041237
46,2026-04-09,3,4,0,25,19.0,20.0,20.285714285714285,21.214285714285715,19.244897959183675
46,2026-04-10,4,4,0,18,25.0,18.0,21.0,21.928571428571427,19.303030303030305
46,2026-04-11,5,4,1,12,18.0,26.0,21.0,21.857142857142858,19.29
46,2026-04-12,6,4,1,22,12.0,24.0,19.0,20.785714285714285,19.217821782178216
46,2026-04-13,0,4,0,24,22.0,17.0,18.714285714285715,20.142857142857142,19.245098039215687
46,2026-04-14,1,4,0,19,24.0,18.0,19.714285714285715,20.571428571428573,19.29126213592233
46,2026-04-15,2,4,0,19,19.0,19.0,19.857142857142858,20.357142857142858,19.28846153846154
46,2026-04-16,3,4,0,18,19.0,25.0,19.857142857142858,20.071428571428573,19.285714285714285
46,2026-04-17,4,4,0,19,18.0,18.0,18.857142857142858,19.928571428571427,19.27358490566038
46,2026-04-18,5,4,1,25,19.0,12.0,19.0,20.0,19.27102803738318
46,2026-04-19,6,4,1,32,25.0,22.0,20.857142857142858,19.928571428571427,19.324074074074073
46,2026-04-20,0,4,0,18,32.0,24.0,22.285714285714285,20.5,19.440366972477065
46,2026-04-21,1,4,0,19,18.0,19.0,21.428571428571427,20.571428571428573,19.427272727272726
46,2026-04-22,2,4,0,15,19.0,19.0,21.428571428571427,20.642857142857142,19.423423423423422
46,2026-04-23,3,4,0,24,15.0,18.0,20.857142857142858,20.357142857142858,19.383928571428573
46,2026-04-24,4,4,0,21,24.0,19.0,21.714285714285715,20.285714285714285,19.424778761061948
46,2026-04-25,5,4,1,21,21.0,25.0,22.0,20.5,19.43859649122807
46,2026-04-26,6,4,1,22,21.0,32.0,21.428571428571427,21.142857142857142,19.452173913043477
46,2026-04-27,0,4,0,18,22.0,18.0,20.0,21.142857142857142,19.474137931034484
46,2026-04-28,1,4,0,26,18.0,19.0,20.0,20.714285714285715,19.46153846153846
46,2026-04-29,2,4,0,26,26.0,15.0,21.0,21.214285714285715,19.516949152542374
46,2026-04-30,3,4,0,19,26.0,24.0,22.571428571428573,21.714285714285715,19.571428571428573
47,2026-01-15,3,1,0,62,66.0,60.0,55.0,57.0,57.0
47,2026-01-16,4,1,0,61,62.0,53.0,55.285714285714285,58.0,57.333333333333336
47,2026-01-17,5,1,1,41,61.0,67.0,56.42857142857143,58.5,57.5625
47,2026-01-18,6,1,1,42,41.0,51.0,52.714285714285715,56.5,56.588235294117645
47,2026-01-19,0,1,0,47,42.0,50.0,51.42857142857143,53.714285714285715,55.77777777777778
47,2026-01-20,1,1,0,51,47.0,38.0,51.0,52.785714285714285,55.31578947368421
47,2026-01-21,2,1,0,65,51.0,66.0,52.857142857142854,52.285714285714285,55.1
47,2026-01-22,3,1,0,43,65.0,62.0,52.714285714285715,53.857142857142854,55.57142857142857
47,2026-01-23,4,1,0,74,43.0,61.0,50.0,52.642857142857146,55.0
47,2026-01-24,5,1,1,64,74.0,41.0,51.857142857142854,54.142857142857146,55.82608695652174
47,2026-01-25,6,1,1,64,64.0,42.0,55.142857142857146,53.92857142857143,56.166666666666664
47,2026-01-26,0,1,0,56,64.0,47.0,58.285714285714285,54.857142857142854,56.48
47,2026-01-27,1,1,0,58,56.0,51.0,59.57142857142857,55.285714285714285,56.46153846153846
47,2026-01-28,2,1,0,60,58.0,65.0,60.57142857142857,56.714285714285715,56.51851851851852
47,2026-01-29,3,1,0,50,60.0,43.0,59.857142857142854,56.285714285714285,56.642857142857146
47,2026-01-30,4,1,0,55,50.0,74.0,60.857142857142854,55.42857142857143,56.41379310344828
47,2026-01-31,5,1,1,60,55.0,64.0,58.142857142857146,55.0,56.36666666666667
47,2026-02-01,6,2,1,64,60.0,64.0,57.57142857142857,56.357142857142854,56.483870967741936
47,2026-02-02,0,2,0,61,64.0,56.0,57.57142857142857,57.92857142857143,56.71875
47,2026-02-03,1,2,0,62,61.0,58.0,58.285714285714285,58.92857142857143,56.84848484848485
47,2026-02-04,2,2,0,65,62.0,60.0,58.857142857142854,59.714285714285715,57.0
47,2026-02-05,3,2,0,34,65.0,50.0,59.57142857142857,59.714285714285715,57.22857142857143
47,2026-02-06,4,2,0,50,34.0,55.0,57.285714285714285,59.07142857142857,56.583333333333336
47,2026-02-07,5,2,1,62,50.0,60.0,56.57142857142857,57.357142857142854,56.4054054054054
47,2026-02-08,6,2,1,69,62.0,64.0,56.857142857142854,57.214285714285715,56.55263157894737
47,2026-02-09,0,2,0,53,69.0,61.0,57.57142857142857,57.57142857142857,56.87179487179487
47,2026-02-10,1,2,0,49,53.0,62.0,56.42857142857143,57.357142857142854,56.775
47,2026-02-11,2,2,0,54,49.0,65.0,54.57142857142857,56.714285714285715,56.58536585365854
47,2026-02-12,3,2,0,62,54.0,34.0,53.0,56.285714285714285,56.523809523809526
47,2026-02-13,4,2,0,51,62.0,50.0,57.0,57.142857142857146,56.651162790697676
47,2026-02-14,5,2,1,68,51.0,62.0,57.142857142857146,56.857142857142854,56.52272727272727
47,2026-02-15,6,2,1,77,68.0,69.0,58.0,57.42857142857143,56.77777777777778
47,2026-02-16,0,2,0,68,77.0,53.0,59.142857142857146,58.357142857142854,57.21739130434783
47,2026-02-17,1,2,0,59,68.0,49.0,61.285714285714285,58.857142857142854,57.4468085106383
47,2026-02-18,2,2,0,58,59.0,54.0,62.714285714285715,58.642857142857146,57.479166666666664
47,2026-02-19,3,2,0,51,58.0,62.0,63.285714285714285,58.142857142857146,57.48979591836735
47,2026-02-20,4,2,0,52,51.0,51.0,61.714285714285715,59.357142857142854,57.36
47,2026-02-21,5,2,1,59,52.0,68.0,61.857142857142854,59.5,57.254901960784316
47,2026-02-22,6,2,1,93,59.0,77.0,60.57142857142857,59.285714285714285,57.28846153846154
47,2026-02-23,0,2,0,72,93.0,68.0,62.857142857142854,61.0,57.9622641509434
47,2026-02-24,1,2,0,55,72.0,59.0,63.42857142857143,62.357142857142854,58.22222222222222
47,2026-02-25,2,2,0,48,55.0,58.0,62.857142857142854,62.785714285714285,58.163636363636364
47,2026-02-26,3,2,0,61,48.0,51.0,61.42857142857143,62.357142857142854,57.982142857142854
47,2026-02-27,4,2,0,59,61.0,52.0,62.857142857142854,62.285714285714285,58.03508771929825
47,2026-02-28,5,2,1,82,59.0,59.0,63.857142857142854,62.857142857142854,58.05172413793103
47,2026-03-01,6,3,1,52,82.0,93.0,67.14285714285714,63.857142857142854,58.45762711864407
47,2026-03-02,0,3,0,74,52.0,72.0,61.285714285714285,62.07142857142857,58.35
47,2026-03-03,1,3,0,61,74.0,55.0,61.57142857142857,62.5,58.60655737704918
47,2026-03-04,2,3,0,65,61.0,48.0,62.42857142857143,62.642857142857146,58.645161290322584
47,2026-03-05,3,3,0,53,65.0,61.0,64.85714285714286,63.142857142857146,58.74603174603175
47,2026-03-06,4,3,0,65,53.0,59.0,63.714285714285715,63.285714285714285,58.65625
47,2026-03-07,5,3,1,71,65.0,82.0,64.57142857142857,64.21428571428571,58.753846153846155
47,2026-03-08,6,3,1,65,71.0,52.0,63.0,65.07142857142857,58.93939393939394
47,2026-03-09,0,3,0,65,65.0,74.0,64.85714285714286,63.07142857142857,59.02985074626866
47,2026-03-10,1,3,0,53,65.0,61.0,63.57142857142857,62.57142857142857,59.11764705882353
47,2026-03-11,2,3,0,45,53.0,65.0,62.42857142857143,62.42857142857143,59.028985507246375
47,2026-03-12,3,3,0,55,45.0,53.0,59.57142857142857,62.214285714285715,58.82857142857143
47,2026-03-13,4,3,0,50,55.0,65.0,59.857142857142854,61.785714285714285,58.774647887323944
47,2026-03-14,5,3,1,92,50.0,71.0,57.714285714285715,61.142857142857146,58.65277777777778
47,2026-03-15,6,3,1,82,92.0,65.0,60.714285714285715,61.857142857142854,59.10958904109589
47,2026-03-16,0,3,0,56,82.0,65.0,63.142857142857146,64.0,59.41891891891892
47,2026-03-17,1,3,0,72,56.0,53.0,61.857142857142854,62.714285714285715,59.373333333333335
47,2026-03-18,2,3,0,60,72.0,45.0,64.57142857142857,63.5,59.53947368421053
47,2026-03-19,3,3,0,73,60.0,55.0,66.71428571428571,63.142857142857146,59.54545454545455
47,2026-03-20,4,3,0,71,73.0,50.0,69.28571428571429,64.57142857142857,59.717948717948715
47,2026-03-21,5,3,1,69,71.0,92.0,72.28571428571429,65.0,59.860759493670884
47,2026-03-22,6,3,1,81,69.0,82.0,69.0,64.85714285714286,59.975
47,2026-03-23,0,3,0,52,81.0,56.0,68.85714285714286,66.0,60.23456790123457
47,2026-03-24,1,3,0,50,52.0,72.0,68.28571428571429,65.07142857142857,60.13414634146341
47,2026-03-25,2,3,0,50,50.0,60.0,65.14285714285714,64.85714285714286,60.01204819277108
47,2026-03-26,3,3,0,52,50.0,73.0,63.714285714285715,65.21428571428571,59.892857142857146
47,2026-03-27,4,3,0,85,52.0,71.0,60.714285714285715,65.0,59.8
47,2026-03-28,5,3,1,69,85.0,69.0,62.714285714285715,67.5,60.093023255813954
47,2026-03-29,6,3,1,82,69.0,81.0,62.714285714285715,65.85714285714286,60.195402298850574
47,2026-03-30,0,3,0,51,82.0,52.0,62.857142857142854,65.85714285714286,60.44318181818182
47,2026-03-31,1,3,0,46,51.0,50.0,62.714285714285715,65.5,60.337078651685395
47,2026-04-01,2,4,0,53,46.0,50.0,62.142857142857146,63.642857142857146,60.17777777777778
47,2026-04-02,3,4,0,55,53.0,52.0,62.57142857142857,63.142857142857146,60.0989010989011
47,2026-04-03,4,4,0,73,55.0,85.0,63.0,61.857142857142854,60.04347826086956
47,2026-04-04,5,4,1,71,73.0,69.0,61.285714285714285,62.0,60.18279569892473
47,2026-04-05,6,4,1,62,71.0,82.0,61.57142857142857,62.142857142857146,60.297872340425535
47,2026-04-06,0,4,0,46,62.0,51.0,58.714285714285715,60.785714285714285,60.31578947368421
47,2026-04-07,1,4,0,59,46.0,46.0,58.0,60.357142857142854,60.166666666666664
47,2026-04-08,2,4,0,48,59.0,53.0,59.857142857142854,61.0,60.154639175257735
47,2026-04-09,3,4,0,59,48.0,55.0,59.142857142857146,60.857142857142854,60.03061224489796
47,2026-04-10,4,4,0,64,59.0,73.0,59.714285714285715,61.357142857142854,60.02020202020202
47,2026-04-11,5,4,1,87,64.0,71.0,58.42857142857143,59.857142857142854,60.06
47,2026-04-12,6,4,1,81,87.0,62.0,60.714285714285715,61.142857142857146,60.32673267326733
47,2026-04-13,0,4,0,67,81.0,46.0,63.42857142857143,61.07142857142857,60.529411764705884
47,2026-04-14,1,4,0,76,67.0,59.0,66.42857142857143,62.214285714285715,60.592233009708735
47,2026-04-15,2,4,0,69,76.0,48.0,68.85714285714286,64.35714285714286,60.74038461538461
47,2026-04-16,3,4,0,69,69.0,59.0,71.85714285714286,65.5,60.819047619047616
47,2026-04-17,4,4,0,56,69.0,64.0,73.28571428571429,66.5,60.89622641509434
47,2026-04-18,5,4,1,71,56.0,87.0,72.14285714285714,65.28571428571429,60.850467289719624
47,2026-04-19,6,4,1,96,71.0,81.0,69.85714285714286,65.28571428571429,60.94444444444444
47,2026-04-20,0,4,0,73,96.0,67.0,72.0,67.71428571428571,61.26605504587156
47,2026-04-21,1,4,0,63,73.0,76.0,72.85714285714286,69.64285714285714,61.372727272727275
47,2026-04-22,2,4,0,58,63.0,69.0,71.0,69.92857142857143,61.387387387387385
47,2026-04-23,3,4,0,65,58.0,69.0,69.42857142857143,70.64285714285714,61.357142857142854
47,2026-04-24,4,4,0,51,65.0,56.0,68.85714285714286,71.07142857142857,61.389380530973455
47,2026-04-25,5,4,1,95,51.0,71.0,68.14285714285714,70.14285714285714,61.29824561403509
47,2026-04-26,6,4,1,82,95.0,96.0,71.57142857142857,70.71428571428571,61.59130434782609
47,2026-04-27,0,4,0,60,82.0,73.0,69.57142857142857,70.78571428571429,61.76724137931034
47,2026-04-28,1,4,0,74,60.0,63.0,67.71428571428571,70.28571428571429,61.75213675213675
47,2026-04-29,2,4,0,77,74.0,58.0,69.28571428571429,70.14285714285714,61.855932203389834
47,2026-04-30,3,4,0,91,77.0,65.0,72.0,70.71428571428571,61.983193277310924
48,2026-01-15,3,1,0,27,35.0,22.0,29.285714285714285,26.285714285714285,26.285714285714285
48,2026-01-16,4,1,0,31,27.0,30.0,30.0,26.214285714285715,26.333333333333332
48,2026-01-17,5,1,1,35,31.0,33.0,30.142857142857142,27.142857142857142,26.625
48,2026-01-18,6,1,1,38,35.0,33.0,30.428571428571427,27.571428571428573,27.11764705882353
48,2026-01-19,0,1,0,33,38.0,23.0,31.142857142857142,28.928571428571427,27.72222222222222
48,2026-01-20,1,1,0,35,33.0,29.0,32.57142857142857,30.071428571428573,28.0
48,2026-01-21,2,1,0,41,35.0,35.0,33.42857142857143,30.785714285714285,28.35
48,2026-01-22,3,1,0,30,41.0,27.0,34.285714285714285,31.785714285714285,28.952380952380953
48,2026-01-23,4,1,0,29,30.0,31.0,34.714285714285715,32.357142857142854,29.0
48,2026-01-24,5,1,1,32,29.0,35.0,34.42857142857143,32.285714285714285,29.0
48,2026-01-25,6,1,1,34,32.0,38.0,34.0,32.214285714285715,29.125
48,2026-01-26,0,1,0,32,34.0,33.0,33.42857142857143,32.285714285714285,29.32
48,2026-01-27,1,1,0,27,32.0,35.0,33.285714285714285,32.92857142857143,29.423076923076923
48,2026-01-28,2,1,0,23,27.0,41.0,32.142857142857146,32.785714285714285,29.333333333333332
48,2026-01-29,3,1,0,21,23.0,30.0,29.571428571428573,31.928571428571427,29.107142857142858
48,2026-01-30,4,1,0,37,21.0,29.0,28.285714285714285,31.5,28.82758620689655
48,2026-01-31,5,1,1,44,37.0,32.0,29.428571428571427,31.928571428571427,29.1
48,2026-02-01,6,2,1,37,44.0,34.0,31.142857142857142,32.57142857142857,29.580645161290324
48,2026-02-02,0,2,0,35,37.0,32.0,31.571428571428573,32.5,29.8125
48,2026-02-03,1,2,0,26,35.0,27.0,32.0,32.642857142857146,29.96969696969697
48,2026-02-04,2,2,0,38,26.0,23.0,31.857142857142858,32.0,29.852941176470587
48,2026-02-05,3,2,0,27,38.0,21.0,34.0,31.785714285714285,30.085714285714285
48,2026-02-06,4,2,0,35,27.0,37.0,34.857142857142854,31.571428571428573,30.0
48,2026-02-07,5,2,1,31,35.0,44.0,34.57142857142857,32.0,30.135135135135137
48,2026-02-08,6,2,1,37,31.0,37.0,32.714285714285715,31.928571428571427,30.157894736842106
48,2026-02-09,0,2,0,23,37.0,35.0,32.714285714285715,32.142857142857146,30.333333333333332
48,2026-02-10,1,2,0,46,23.0,26.0,31.0,31.5,30.15
48,2026-02-11,2,2,0,34,46.0,38.0,33.857142857142854,32.857142857142854,30.536585365853657
48,2026-02-12,3,2,0,30,34.0,27.0,33.285714285714285,33.642857142857146,30.61904761904762
48,2026-02-13,4,2,0,40,30.0,35.0,33.714285714285715,34.285714285714285,30.6046511627907
48,2026-02-14,5,2,1,46,40.0,31.0,34.42857142857143,34.5,30.818181818181817
48,2026-02-15,6,2,1,46,46.0,37.0,36.57142857142857,34.642857142857146,31.155555555555555
48,2026-02-16,0,2,0,32,46.0,23.0,37.857142857142854,35.285714285714285,31.47826086956522
48,2026-02-17,1,2,0,34,32.0,46.0,39.142857142857146,35.07142857142857,31.48936170212766
48,2026-02-18,2,2,0,29,34.0,34.0,37.42857142857143,35.642857142857146,31.541666666666668
48,2026-02-19,3,2,0,37,29.0,30.0,36.714285714285715,35.0,31.489795918367346
48,2026-02-20,4,2,0,29,37.0,40.0,37.714285714285715,35.714285714285715,31.6
48,2026-02-21,5,2,1,44,29.0,46.0,36.142857142857146,35.285714285714285,31.54901960784314
48,2026-02-22,6,2,1,43,44.0,46.0,35.857142857142854,36.214285714285715,31.78846153846154
48,2026-02-23,0,2,0,34,43.0,32.0,35.42857142857143,36.642857142857146,32.0
48,2026-02-24,1,2,0,32,34.0,34.0,35.714285714285715,37.42857142857143,32.03703703703704
48,2026-02-25,2,2,0,27,32.0,29.0,35.42857142857143,36.42857142857143,32.03636363636364
48,2026-02-26,3,2,0,38,27.0,37.0,35.142857142857146,35.92857142857143,31.946428571428573
48,2026-02-27,4,2,0,40,38.0,29.0,35.285714285714285,36.5,32.05263157894737
48,2026-02-28,5,2,1,29,40.0,44.0,36.857142857142854,36.5,32.189655172413794
48,2026-03-01,6,3,1,42,29.0,43.0,34.714285714285715,35.285714285714285,32.13559322033898
48,2026-03-02,0,3,0,37,42.0,34.0,34.57142857142857,35.0,32.3
48,2026-03-03,1,3,0,36,37.0,32.0,35.0,35.357142857142854,32.377049180327866
48,2026-03-04,2,3,0,32,36.0,27.0,35.57142857142857,35.5,32.435483870967744
48,2026-03-05,3,3,0,30,32.0,38.0,36.285714285714285,35.714285714285715,32.42857142857143
48,2026-03-06,4,3,0,28,30.0,40.0,35.142857142857146,35.214285714285715,32.390625
48,2026-03-07,5,3,1,34,28.0,29.0,33.42857142857143,35.142857142857146,32.323076923076925
48,2026-03-08,6,3,1,47,34.0,42.0,34.142857142857146,34.42857142857143,32.34848484848485
48,2026-03-09,0,3,0,33,47.0,37.0,34.857142857142854,34.714285714285715,32.56716417910448
48,2026-03-10,1,3,0,33,33.0,36.0,34.285714285714285,34.642857142857146,32.5735294117647
48,2026-03-11,2,3,0,43,33.0,32.0,33.857142857142854,34.714285714285715,32.57971014492754
48,2026-03-12,3,3,0,43,43.0,30.0,35.42857142857143,35.857142857142854,32.72857142857143
48,2026-03-13,4,3,0,39,43.0,28.0,37.285714285714285,36.214285714285715,32.87323943661972
48,2026-03-14,5,3,1,40,39.0,34.0,38.857142857142854,36.142857142857146,32.958333333333336
48,2026-03-15,6,3,1,32,40.0,47.0,39.714285714285715,36.92857142857143,33.054794520547944
48,2026-03-16,0,3,0,26,32.0,33.0,37.57142857142857,36.214285714285715,33.04054054054054
48,2026-03-17,1,3,0,38,26.0,33.0,36.57142857142857,35.42857142857143,32.946666666666665
48,2026-03-18,2,3,0,34,38.0,43.0,37.285714285714285,35.57142857142857,33.01315789473684
48,2026-03-19,3,3,0,34,34.0,43.0,36.0,35.714285714285715,33.02597402597402
48,2026-03-20,4,3,0,34,34.0,39.0,34.714285714285715,36.0,33.03846153846154
48,2026-03-21,5,3,1,34,34.0,40.0,34.0,36.42857142857143,33.050632911392405
48,2026-03-22,6,3,1,45,34.0,32.0,33.142857142857146,36.42857142857143,33.0625
48,2026-03-23,0,3,0,27,45.0,26.0,35.0,36.285714285714285,33.20987654320987
48,2026-03-24,1,3,0,21,27.0,38.0,35.142857142857146,35.857142857142854,33.13414634146341
48,2026-03-25,2,3,0,27,21.0,34.0,32.714285714285715,35.0,32.98795180722892
48,2026-03-26,3,3,0,39,27.0,34.0,31.714285714285715,33.857142857142854,32.916666666666664
48,2026-03-27,4,3,0,31,39.0,34.0,32.42857142857143,33.57142857142857,32.98823529411764
48,2026-03-28,5,3,1,30,31.0,34.0,32.0,33.0,32.96511627906977
48,2026-03-29,6,3,1,43,30.0,45.0,31.428571428571427,32.285714285714285,32.93103448275862
48,2026-03-30,0,3,0,33,43.0,27.0,31.142857142857142,33.07142857142857,33.04545454545455
48,2026-03-31,1,3,0,34,33.0,21.0,32.0,33.57142857142857,33.04494382022472
48,2026-04-01,2,4,0,26,34.0,27.0,33.857142857142854,33.285714285714285,33.05555555555556
48,2026-04-02,3,4,0,32,26.0,39.0,33.714285714285715,32.714285714285715,32.97802197802198
48,2026-04-03,4,4,0,40,32.0,31.0,32.714285714285715,32.57142857142857,32.96739130434783
48,2026-04-04,5,4,1,52,40.0,30.0,34.0,33.0,33.043010752688176
48,2026-04-05,6,4,1,44,52.0,43.0,37.142857142857146,34.285714285714285,33.244680851063826
48,2026-04-06,0,4,0,36,44.0,33.0,37.285714285714285,34.214285714285715,33.357894736842105
48,2026-04-07,1,4,0,25,36.0,34.0,37.714285714285715,34.857142857142854,33.385416666666664
48,2026-04-08,2,4,0,50,25.0,26.0,36.42857142857143,35.142857142857146,33.29896907216495
48,2026-04-09,3,4,0,20,50.0,32.0,39.857142857142854,36.785714285714285,33.46938775510204
48,2026-04-10,4,4,0,31,20.0,40.0,38.142857142857146,35.42857142857143,33.333333333333336
48,2026-04-11,5,4,1,43,31.0,52.0,36.857142857142854,35.42857142857143,33.31
48,2026-04-12,6,4,1,44,43.0,44.0,35.57142857142857,36.357142857142854,33.40594059405941
48,2026-04-13,0,4,0,38,44.0,36.0,35.57142857142857,36.42857142857143,33.509803921568626
48,2026-04-14,1,4,0,36,38.0,25.0,35.857142857142854,36.785714285714285,33.55339805825243
48,2026-04-15,2,4,0,29,36.0,50.0,37.42857142857143,36.92857142857143,33.57692307692308
48,2026-04-16,3,4,0,38,29.0,20.0,34.42857142857143,37.142857142857146,33.53333333333333
48,2026-04-17,4,4,0,39,38.0,31.0,37.0,37.57142857142857,33.575471698113205
48,2026-04-18,5,4,1,36,39.0,43.0,38.142857142857146,37.5,33.626168224299064
48,2026-04-19,6,4,1,56,36.0,44.0,37.142857142857146,36.357142857142854,33.648148148148145
48,2026-04-20,0,4,0,39,56.0,38.0,38.857142857142854,37.214285714285715,33.85321100917431
48,2026-04-21,1,4,0,34,39.0,36.0,39.0,37.42857142857143,33.9
48,2026-04-22,2,4,0,27,34.0,29.0,38.714285714285715,38.07142857142857,33.9009009009009
48,2026-04-23,3,4,0,44,27.0,38.0,38.42857142857143,36.42857142857143,33.839285714285715
48,2026-04-24,4,4,0,32,44.0,39.0,39.285714285714285,38.142857142857146,33.92920353982301
48,2026-04-25,5,4,1,35,32.0,36.0,38.285714285714285,38.214285714285715,33.91228070175438
48,2026-04-26,6,4,1,49,35.0,56.0,38.142857142857146,37.642857142857146,33.92173913043478
48,2026-04-27,0,4,0,42,49.0,39.0,37.142857142857146,38.0,34.05172413793103
48,2026-04-28,1,4,0,43,42.0,34.0,37.57142857142857,38.285714285714285,34.11965811965812
48,2026-04-29,2,4,0,34,43.0,27.0,38.857142857142854,38.785714285714285,34.19491525423729
48,2026-04-30,3,4,0,44,34.0,44.0,39.857142857142854,39.142857142857146,34.19327731092437
49,2026-01-15,3,1,0,5,7.0,5.0,5.285714285714286,5.785714285714286,5.785714285714286
49,2026-01-16,4,1,0,5,5.0,4.0,5.285714285714286,5.785714285714286,5.733333333333333
49,2026-01-17,5,1,1,5,5.0,6.0,5.428571428571429,5.857142857142857,5.6875
49,2026-01-18,6,1,1,7,5.0,6.0,5.285714285714286,5.714285714285714,5.647058823529412
49,2026-01-19,0,1,0,5,7.0,4.0,5.428571428571429,5.571428571428571,5.722222222222222
49,2026-01-20,1,1,0,6,5.0,5.0,5.571428571428571,5.5,5.684210526315789
49,2026-01-21,2,1,0,5,6.0,7.0,5.714285714285714,5.428571428571429,5.7
49,2026-01-22,3,1,0,6,5.0,5.0,5.428571428571429,5.357142857142857,5.666666666666667
49,2026-01-23,4,1,0,4,6.0,5.0,5.571428571428571,5.428571428571429,5.681818181818182
49,2026-01-24,5,1,1,9,4.0,5.0,5.428571428571429,5.428571428571429,5.608695652173913
49,2026-01-25,6,1,1,6,9.0,7.0,6.0,5.642857142857143,5.75
49,2026-01-26,0,1,0,6,6.0,5.0,5.857142857142857,5.642857142857143,5.76
49,2026-01-27,1,1,0,4,6.0,6.0,6.0,5.785714285714286,5.769230769230769
49,2026-01-28,2,1,0,6,4.0,5.0,5.714285714285714,5.714285714285714,5.703703703703703
49,2026-01-29,3,1,0,5,6.0,6.0,5.857142857142857,5.642857142857143,5.714285714285714
49,2026-01-30,4,1,0,4,5.0,4.0,5.714285714285714,5.642857142857143,5.689655172413793
49,2026-01-31,5,1,1,7,4.0,9.0,5.714285714285714,5.571428571428571,5.633333333333334
49,2026-02-01,6,2,1,6,7.0,6.0,5.428571428571429,5.714285714285714,5.67741935483871
49,2026-02-02,0,2,0,6,6.0,6.0,5.428571428571429,5.642857142857143,5.6875
49,2026-02-03,1,2,0,2,6.0,4.0,5.428571428571429,5.714285714285714,5.696969696969697
49,2026-02-04,2,2,0,4,2.0,6.0,5.142857142857143,5.428571428571429,5.588235294117647
49,2026-02-05,3,2,0,3,4.0,5.0,4.857142857142857,5.357142857142857,5.542857142857143
49,2026-02-06,4,2,0,3,3.0,4.0,4.571428571428571,5.142857142857143,5.472222222222222
49,2026-02-07,5,2,1,6,3.0,7.0,4.428571428571429,5.071428571428571,5.405405405405405
49,2026-02-08,6,2,1,6,6.0,6.0,4.285714285714286,4.857142857142857,5.421052631578948
49,2026-02-09,0,2,0,5,6.0,6.0,4.285714285714286,4.857142857142857,5.435897435897436
49,2026-02-10,1,2,0,5,5.0,2.0,4.142857142857143,4.785714285714286,5.425
49,2026-02-11,2,2,0,7,5.0,4.0,4.571428571428571,4.857142857142857,5.414634146341464
49,2026-02-12,3,2,0,8,7.0,3.0,5.0,4.928571428571429,5.4523809523809526
49,2026-02-13,4,2,0,5,8.0,3.0,5.714285714285714,5.142857142857143,5.511627906976744
49,2026-02-14,5,2,1,6,5.0,6.0,6.0,5.214285714285714,5.5
49,2026-02-15,6,2,1,5,6.0,6.0,6.0,5.142857142857143,5.511111111111111
49,2026-02-16,0,2,0,7,5.0,5.0,5.857142857142857,5.071428571428571,5.5
49,2026-02-17,1,2,0,6,7.0,5.0,6.142857142857143,5.142857142857143,5.531914893617022
49,2026-02-18,2,2,0,6,6.0,7.0,6.285714285714286,5.428571428571429,5.541666666666667
49,2026-02-19,3,2,0,6,6.0,8.0,6.142857142857143,5.571428571428571,5.551020408163265
49,2026-02-20,4,2,0,7,6.0,5.0,5.857142857142857,5.785714285714286,5.56
49,2026-02-21,5,2,1,7,7.0,6.0,6.142857142857143,6.071428571428571,5.588235294117647
49,2026-02-22,6,2,1,8,7.0,5.0,6.285714285714286,6.142857142857143,5.615384615384615
49,2026-02-23,0,2,0,8,8.0,7.0,6.714285714285714,6.285714285714286,5.660377358490566
49,2026-02-24,1,2,0,5,8.0,6.0,6.857142857142857,6.5,5.703703703703703
49,2026-02-25,2,2,0,6,5.0,6.0,6.714285714285714,6.5,5.6909090909090905
49,2026-02-26,3,2,0,6,6.0,6.0,6.714285714285714,6.428571428571429,5.696428571428571
49,2026-02-27,4,2,0,5,6.0,7.0,6.714285714285714,6.285714285714286,5.701754385964913
49,2026-02-28,5,2,1,6,5.0,7.0,6.428571428571429,6.285714285714286,5.689655172413793
49,2026-03-01,6,3,1,6,6.0,8.0,6.285714285714286,6.285714285714286,5.694915254237288
49,2026-03-02,0,3,0,6,6.0,8.0,6.0,6.357142857142857,5.7
49,2026-03-03,1,3,0,7,6.0,5.0,5.714285714285714,6.285714285714286,5.704918032786885
49,2026-03-04,2,3,0,7,7.0,6.0,6.0,6.357142857142857,5.725806451612903
49,2026-03-05,3,3,0,5,7.0,6.0,6.142857142857143,6.428571428571429,5.746031746031746
49,2026-03-06,4,3,0,6,5.0,5.0,6.0,6.357142857142857,5.734375
49,2026-03-07,5,3,1,8,6.0,6.0,6.142857142857143,6.285714285714286,5.7384615384615385
49,2026-03-08,6,3,1,7,8.0,6.0,6.428571428571429,6.357142857142857,5.7727272727272725
49,2026-03-09,0,3,0,6,7.0,6.0,6.571428571428571,6.285714285714286,5.791044776119403
49,2026-03-10,1,3,0,6,6.0,7.0,6.571428571428571,6.142857142857143,5.794117647058823
49,2026-03-11,2,3,0,5,6.0,7.0,6.428571428571429,6.214285714285714,5.797101449275362
49,2026-03-12,3,3,0,4,5.0,5.0,6.142857142857143,6.142857142857143,5.785714285714286
49,2026-03-13,4,3,0,5,4.0,6.0,6.0,6.0,5.76056338028169
49,2026-03-14,5,3,1,7,5.0,8.0,5.857142857142857,6.0,5.75
49,2026-03-15,6,3,1,8,7.0,7.0,5.714285714285714,6.071428571428571,5.767123287671233
49,2026-03-16,0,3,0,5,8.0,6.0,5.857142857142857,6.214285714285714,5.797297297297297
49,2026-03-17,1,3,0,6,5.0,6.0,5.714285714285714,6.142857142857143,5.786666666666667
49,2026-03-18,2,3,0,5,6.0,5.0,5.714285714285714,6.071428571428571,5.7894736842105265
49,2026-03-19,3,3,0,7,5.0,4.0,5.714285714285714,5.928571428571429,5.779220779220779
49,2026-03-20,4,3,0,8,7.0,5.0,6.142857142857143,6.071428571428571,5.794871794871795
49,2026-03-21,5,3,1,7,8.0,7.0,6.571428571428571,6.214285714285714,5.822784810126582
49,2026-03-22,6,3,1,10,7.0,8.0,6.571428571428571,6.142857142857143,5.8375
49,2026-03-23,0,3,0,9,10.0,5.0,6.857142857142857,6.357142857142857,5.888888888888889
49,2026-03-24,1,3,0,6,9.0,6.0,7.428571428571429,6.571428571428571,5.926829268292683
49,2026-03-25,2,3,0,6,6.0,5.0,7.428571428571429,6.571428571428571,5.927710843373494
49,2026-03-26,3,3,0,9,6.0,7.0,7.571428571428571,6.642857142857143,5.928571428571429
49,2026-03-27,4,3,0,6,9.0,8.0,7.857142857142857,7.0,5.964705882352941
49,2026-03-28,5,3,1,8,6.0,7.0,7.571428571428571,7.071428571428571,5.965116279069767
49,2026-03-29,6,3,1,8,8.0,10.0,7.714285714285714,7.142857142857143,5.988505747126437
49,2026-03-30,0,3,0,6,8.0,9.0,7.428571428571429,7.142857142857143,6.011363636363637
49,2026-03-31,1,3,0,6,6.0,6.0,7.0,7.214285714285714,6.01123595505618
49,2026-04-01,2,4,0,4,6.0,6.0,7.0,7.214285714285714,6.011111111111111
49,2026-04-02,3,4,0,4,4.0,9.0,6.714285714285714,7.142857142857143,5.989010989010989
49,2026-04-03,4,4,0,7,4.0,6.0,6.0,6.928571428571429,5.967391304347826
49,2026-04-04,5,4,1,7,7.0,8.0,6.142857142857143,6.857142857142857,5.978494623655914
49,2026-04-05,6,4,1,9,7.0,8.0,6.0,6.857142857142857,5.98936170212766
49,2026-04-06,0,4,0,7,9.0,6.0,6.142857142857143,6.785714285714286,6.021052631578947
49,2026-04-07,1,4,0,7,7.0,6.0,6.285714285714286,6.642857142857143,6.03125
49,2026-04-08,2,4,0,6,7.0,4.0,6.428571428571429,6.714285714285714,6.041237113402062
49,2026-04-09,3,4,0,6,6.0,4.0,6.714285714285714,6.714285714285714,6.040816326530612
49,2026-04-10,4,4,0,8,6.0,7.0,7.0,6.5,6.040404040404041
49,2026-04-11,5,4,1,8,8.0,7.0,7.142857142857143,6.642857142857143,6.06
49,2026-04-12,6,4,1,6,8.0,9.0,7.285714285714286,6.642857142857143,6.079207920792079
49,2026-04-13,0,4,0,7,6.0,7.0,6.857142857142857,6.5,6.078431372549019
49,2026-04-14,1,4,0,8,7.0,7.0,6.857142857142857,6.571428571428571,6.087378640776699
49,2026-04-15,2,4,0,6,8.0,6.0,7.0,6.714285714285714,6.105769230769231
49,2026-04-16,3,4,0,7,6.0,6.0,7.0,6.857142857142857,6.104761904761904
49,2026-04-17,4,4,0,9,7.0,8.0,7.142857142857143,7.071428571428571,6.113207547169812
49,2026-04-18,5,4,1,8,9.0,8.0,7.285714285714286,7.214285714285714,6.140186915887851
49,2026-04-19,6,4,1,7,8.0,6.0,7.285714285714286,7.285714285714286,6.157407407407407
49,2026-04-20,0,4,0,7,7.0,7.0,7.428571428571429,7.142857142857143,6.165137614678899
49,2026-04-21,1,4,0,6,7.0,8.0,7.428571428571429,7.142857142857143,6.172727272727273
49,2026-04-22,2,4,0,6,6.0,6.0,7.142857142857143,7.071428571428571,6.171171171171171
49,2026-04-23,3,4,0,7,6.0,7.0,7.142857142857143,7.071428571428571,6.169642857142857
49,2026-04-24,4,4,0,6,7.0,9.0,7.142857142857143,7.142857142857143,6.176991150442478
49,2026-04-25,5,4,1,6,6.0,8.0,6.714285714285714,7.0,6.175438596491228
49,2026-04-26,6,4,1,7,6.0,7.0,6.428571428571429,6.857142857142857,6.173913043478261
49,2026-04-27,0,4,0,8,7.0,7.0,6.428571428571429,6.928571428571429,6.181034482758621
49,2026-04-28,1,4,0,7,8.0,6.0,6.571428571428571,7.0,6.196581196581197
49,2026-04-29,2,4,0,6,7.0,6.0,6.714285714285714,6.928571428571429,6.203389830508475
49,2026-04-30,3,4,0,8,6.0,7.0,6.714285714285714,6.928571428571429,6.201680672268908
50,2026-01-15,3,1,0,16,17.0,13.0,19.714285714285715,19.071428571428573,19.071428571428573
50,2026-01-16,4,1,0,15,16.0,16.0,20.142857142857142,19.5,18.866666666666667
50,2026-01-17,5,1,1,23,15.0,21.0,20.0,19.214285714285715,18.625
50,2026-01-18,6,1,1,24,23.0,24.0,20.285714285714285,19.428571428571427,18.88235294117647
50,2026-01-19,0,1,0,15,24.0,25.0,20.285714285714285,19.428571428571427,19.166666666666668
50,2026-01-20,1,1,0,18,15.0,22.0,18.857142857142858,19.285714285714285,18.94736842105263
50,2026-01-21,2,1,0,15,18.0,17.0,18.285714285714285,19.285714285714285,18.9
50,2026-01-22,3,1,0,14,15.0,16.0,18.0,18.857142857142858,18.714285714285715
50,2026-01-23,4,1,0,22,14.0,15.0,17.714285714285715,18.928571428571427,18.5
50,2026-01-24,5,1,1,23,22.0,23.0,18.714285714285715,19.357142857142858,18.652173913043477
50,2026-01-25,6,1,1,20,23.0,24.0,18.714285714285715,19.5,18.833333333333332
50,2026-01-26,0,1,0,15,20.0,15.0,18.142857142857142,19.214285714285715,18.88
50,2026-01-27,1,1,0,16,15.0,18.0,18.142857142857142,18.5,18.73076923076923
50,2026-01-28,2,1,0,18,16.0,15.0,17.857142857142858,18.071428571428573,18.62962962962963
50,2026-01-29,3,1,0,20,18.0,14.0,18.285714285714285,18.142857142857142,18.607142857142858
50,2026-01-30,4,1,0,16,20.0,22.0,19.142857142857142,18.428571428571427,18.655172413793103
50,2026-01-31,5,1,1,30,16.0,23.0,18.285714285714285,18.5,18.566666666666666
50,2026-02-01,6,2,1,17,30.0,20.0,19.285714285714285,19.0,18.93548387096774
50,2026-02-02,0,2,0,13,17.0,15.0,18.857142857142858,18.5,18.875
50,2026-02-03,1,2,0,19,13.0,16.0,18.571428571428573,18.357142857142858,18.696969696969695
50,2026-02-04,2,2,0,15,19.0,18.0,19.0,18.428571428571427,18.705882352941178
50,2026-02-05,3,2,0,17,15.0,20.0,18.571428571428573,18.428571428571427,18.6
50,2026-02-06,4,2,0,11,17.0,16.0,18.142857142857142,18.642857142857142,18.555555555555557
50,2026-02-07,5,2,1,19,11.0,30.0,17.428571428571427,17.857142857142858,18.35135135135135
50,2026-02-08,6,2,1,27,19.0,17.0,15.857142857142858,17.571428571428573,18.36842105263158
50,2026-02-09,0,2,0,22,27.0,13.0,17.285714285714285,18.071428571428573,18.58974358974359
50,2026-02-10,1,2,0,20,22.0,19.0,18.571428571428573,18.571428571428573,18.675
50,2026-02-11,2,2,0,21,20.0,15.0,18.714285714285715,18.857142857142858,18.70731707317073
50,2026-02-12,3,2,0,14,21.0,17.0,19.571428571428573,19.071428571428573,18.761904761904763
50,2026-02-13,4,2,0,17,14.0,11.0,19.142857142857142,18.642857142857142,18.651162790697676
50,2026-02-14,5,2,1,23,17.0,19.0,20.0,18.714285714285715,18.613636363636363
50,2026-02-15,6,2,1,18,23.0,27.0,20.571428571428573,18.214285714285715,18.711111111111112
50,2026-02-16,0,2,0,16,18.0,22.0,19.285714285714285,18.285714285714285,18.695652173913043
50,2026-02-17,1,2,0,19,16.0,20.0,18.428571428571427,18.5,18.638297872340427
50,2026-02-18,2,2,0,25,19.0,21.0,18.285714285714285,18.5,18.645833333333332
50,2026-02-19,3,2,0,17,25.0,14.0,18.857142857142858,19.214285714285715,18.775510204081634
50,2026-02-20,4,2,0,14,17.0,17.0,19.285714285714285,19.214285714285715,18.74
50,2026-02-21,5,2,1,20,14.0,23.0,18.857142857142858,19.428571428571427,18.647058823529413
50,2026-02-22,6,2,1,20,20.0,18.0,18.428571428571427,19.5,18.673076923076923
50,2026-02-23,0,2,0,18,20.0,16.0,18.714285714285715,19.0,18.69811320754717
50,2026-02-24,1,2,0,24,18.0,19.0,19.0,18.714285714285715,18.685185185185187
50,2026-02-25,2,2,0,18,24.0,25.0,19.714285714285715,19.0,18.78181818181818
50,2026-02-26,3,2,0,19,18.0,17.0,18.714285714285715,18.785714285714285,18.767857142857142
50,2026-02-27,4,2,0,21,19.0,14.0,19.0,19.142857142857142,18.771929824561404
50,2026-02-28,5,2,1,26,21.0,20.0,20.0,19.428571428571427,18.810344827586206
50,2026-03-01,6,3,1,24,26.0,20.0,20.857142857142858,19.642857142857142,18.93220338983051
50,2026-03-02,0,3,0,19,24.0,18.0,21.428571428571427,20.071428571428573,19.016666666666666
50,2026-03-03,1,3,0,18,19.0,24.0,21.571428571428573,20.285714285714285,19.016393442622952
50,2026-03-04,2,3,0,21,18.0,18.0,20.714285714285715,20.214285714285715,19.0
50,2026-03-05,3,3,0,19,21.0,19.0,21.142857142857142,19.928571428571427,19.03174603174603
50,2026-03-06,4,3,0,19,19.0,21.0,21.142857142857142,20.071428571428573,19.03125
50,2026-03-07,5,3,1,20,19.0,26.0,20.857142857142858,20.428571428571427,19.03076923076923
50,2026-03-08,6,3,1,21,20.0,24.0,20.0,20.428571428571427,19.045454545454547
50,2026-03-09,0,3,0,24,21.0,19.0,19.571428571428573,20.5,19.074626865671643
50,2026-03-10,1,3,0,14,24.0,18.0,20.285714285714285,20.928571428571427,19.147058823529413
50,2026-03-11,2,3,0,17,14.0,21.0,19.714285714285715,20.214285714285715,19.07246376811594
50,2026-03-12,3,3,0,18,17.0,19.0,19.142857142857142,20.142857142857142,19.042857142857144
50,2026-03-13,4,3,0,23,18.0,19.0,19.0,20.071428571428573,19.028169014084508
50,2026-03-14,5,3,1,28,23.0,20.0,19.571428571428573,20.214285714285715,19.083333333333332
50,2026-03-15,6,3,1,20,28.0,21.0,20.714285714285715,20.357142857142858,19.205479452054796
50,2026-03-16,0,3,0,22,20.0,24.0,20.571428571428573,20.071428571428573,19.216216216216218
50,2026-03-17,1,3,0,20,22.0,14.0,20.285714285714285,20.285714285714285,19.253333333333334
50,2026-03-18,2,3,0,20,20.0,17.0,21.142857142857142,20.428571428571427,19.263157894736842
50,2026-03-19,3,3,0,25,20.0,18.0,21.571428571428573,20.357142857142858,19.272727272727273
50,2026-03-20,4,3,0,12,25.0,23.0,22.571428571428573,20.785714285714285,19.346153846153847
50,2026-03-21,5,3,1,30,12.0,28.0,21.0,20.285714285714285,19.253164556962027
50,2026-03-22,6,3,1,32,30.0,20.0,21.285714285714285,21.0,19.3875
50,2026-03-23,0,3,0,22,32.0,22.0,23.0,21.785714285714285,19.54320987654321
50,2026-03-24,1,3,0,20,22.0,20.0,23.0,21.642857142857142,19.573170731707318
50,2026-03-25,2,3,0,23,20.0,20.0,23.0,22.071428571428573,19.57831325301205
50,2026-03-26,3,3,0,20,23.0,25.0,23.428571428571427,22.5,19.61904761904762
50,2026-03-27,4,3,0,19,20.0,12.0,22.714285714285715,22.642857142857142,19.623529411764707
50,2026-03-28,5,3,1,26,19.0,30.0,23.714285714285715,22.357142857142858,19.61627906976744
50,2026-03-29,6,3,1,25,26.0,32.0,23.142857142857142,22.214285714285715,19.689655172413794
50,2026-03-30,0,3,0,21,25.0,22.0,22.142857142857142,22.571428571428573,19.75
50,2026-03-31,1,3,0,22,21.0,20.0,22.0,22.5,19.764044943820224
50,2026-04-01,2,4,0,20,22.0,23.0,22.285714285714285,22.642857142857142,19.788888888888888
50,2026-04-02,3,4,0,17,20.0,20.0,21.857142857142858,22.642857142857142,19.791208791208792
50,2026-04-03,4,4,0,22,17.0,19.0,21.428571428571427,22.071428571428573,19.76086956521739
50,2026-04-04,5,4,1,33,22.0,26.0,21.857142857142858,22.785714285714285,19.78494623655914
50,2026-04-05,6,4,1,28,33.0,25.0,22.857142857142858,23.0,19.925531914893618
50,2026-04-06,0,4,0,24,28.0,21.0,23.285714285714285,22.714285714285715,20.010526315789473
50,2026-04-07,1,4,0,19,24.0,22.0,23.714285714285715,22.857142857142858,20.052083333333332
50,2026-04-08,2,4,0,20,19.0,20.0,23.285714285714285,22.785714285714285,20.04123711340206
50,2026-04-09,3,4,0,24,20.0,17.0,23.285714285714285,22.571428571428573,20.040816326530614
50,2026-04-10,4,4,0,12,24.0,22.0,24.285714285714285,22.857142857142858,20.08080808080808
50,2026-04-11,5,4,1,28,12.0,33.0,22.857142857142858,22.357142857142858,20.0
50,2026-04-12,6,4,1,26,28.0,28.0,22.142857142857142,22.5,20.07920792079208
50,2026-04-13,0,4,0,24,26.0,24.0,21.857142857142858,22.571428571428573,20.137254901960784
50,2026-04-14,1,4,0,16,24.0,19.0,21.857142857142858,22.785714285714285,20.174757281553397
50,2026-04-15,2,4,0,29,16.0,20.0,21.428571428571427,22.357142857142858,20.134615384615383
50,2026-04-16,3,4,0,19,29.0,24.0,22.714285714285715,23.0,20.21904761904762
50,2026-04-17,4,4,0,24,19.0,12.0,22.0,23.142857142857142,20.20754716981132
50,2026-04-18,5,4,1,21,24.0,28.0,23.714285714285715,23.285714285714285,20.242990654205606
50,2026-04-19,6,4,1,20,21.0,26.0,22.714285714285715,22.428571428571427,20.25
50,2026-04-20,0,4,0,23,20.0,24.0,21.857142857142858,21.857142857142858,20.24770642201835
50,2026-04-21,1,4,0,24,23.0,16.0,21.714285714285715,21.785714285714285,20.272727272727273
50,2026-04-22,2,4,0,16,24.0,29.0,22.857142857142858,22.142857142857142,20.306306306306308
50,2026-04-23,3,4,0,20,16.0,19.0,21.0,21.857142857142858,20.267857142857142
50,2026-04-24,4,4,0,15,20.0,24.0,21.142857142857142,21.571428571428573,20.265486725663717
50,2026-04-25,5,4,1,24,15.0,21.0,19.857142857142858,21.785714285714285,20.219298245614034
50,2026-04-26,6,4,1,23,24.0,20.0,20.285714285714285,21.5,20.252173913043478
50,2026-04-27,0,4,0,18,23.0,23.0,20.714285714285715,21.285714285714285,20.275862068965516
50,2026-04-28,1,4,0,28,18.0,24.0,20.0,20.857142857142858,20.256410256410255
50,2026-04-29,2,4,0,27,28.0,16.0,20.571428571428573,21.714285714285715,20.322033898305083
50,2026-04-30,3,4,0,17,27.0,20.0,22.142857142857142,21.571428571428573,20.3781512605042
51,2026-01-15,3,1,0,18,14.0,15.0,16.857142857142858,17.857142857142858,17.857142857142858
51,2026-01-16,4,1,0,17,18.0,12.0,17.285714285714285,18.142857142857142,17.866666666666667
51,2026-01-17,5,1,1,23,17.0,19.0,18.0,17.785714285714285,17.8125
51,2026-01-18,6,1,1,19,23.0,18.0,18.571428571428573,18.214285714285715,18.11764705882353
51,2026-01-19,0,1,0,19,19.0,21.0,18.714285714285715,17.857142857142858,18.166666666666668
51,2026-01-20,1,1,0,19,19.0,19.0,18.428571428571427,18.0,18.210526315789473
51,2026-01-21,2,1,0,21,19.0,14.0,18.428571428571427,18.214285714285715,18.25
51,2026-01-22,3,1,0,17,21.0,18.0,19.428571428571427,18.142857142857142,18.38095238095238
51,2026-01-23,4,1,0,22,17.0,17.0,19.285714285714285,18.285714285714285,18.318181818181817
51,2026-01-24,5,1,1,21,22.0,23.0,20.0,19.0,18.47826086956522
51,2026-01-25,6,1,1,28,21.0,19.0,19.714285714285715,19.142857142857142,18.583333333333332
51,2026-01-26,0,1,0,20,28.0,19.0,21.0,19.857142857142858,18.96
51,2026-01-27,1,1,0,16,20.0,19.0,21.142857142857142,19.785714285714285,19.0
51,2026-01-28,2,1,0,21,16.0,21.0,20.714285714285715,19.571428571428573,18.88888888888889
51,2026-01-29,3,1,0,15,21.0,17.0,20.714285714285715,20.071428571428573,18.964285714285715
51,2026-01-30,4,1,0,21,15.0,22.0,20.428571428571427,19.857142857142858,18.82758620689655
51,2026-01-31,5,1,1,25,21.0,21.0,20.285714285714285,20.142857142857142,18.9
51,2026-02-01,6,2,1,22,25.0,28.0,20.857142857142858,20.285714285714285,19.096774193548388
51,2026-02-02,0,2,0,18,22.0,20.0,20.0,20.5,19.1875
51,2026-02-03,1,2,0,15,18.0,16.0,19.714285714285715,20.428571428571427,19.151515151515152
51,2026-02-04,2,2,0,22,15.0,21.0,19.571428571428573,20.142857142857142,19.029411764705884
51,2026-02-05,3,2,0,14,22.0,15.0,19.714285714285715,20.214285714285715,19.114285714285714
51,2026-02-06,4,2,0,20,14.0,21.0,19.571428571428573,20.0,18.97222222222222
51,2026-02-07,5,2,1,24,20.0,25.0,19.428571428571427,19.857142857142858,19.0
51,2026-02-08,6,2,1,24,24.0,22.0,19.285714285714285,20.071428571428573,19.13157894736842
51,2026-02-09,0,2,0,19,24.0,18.0,19.571428571428573,19.785714285714285,19.256410256410255
51,2026-02-10,1,2,0,17,19.0,15.0,19.714285714285715,19.714285714285715,19.25
51,2026-02-11,2,2,0,20,17.0,22.0,20.0,19.785714285714285,19.195121951219512
51,2026-02-12,3,2,0,18,20.0,14.0,19.714285714285715,19.714285714285715,19.214285714285715
51,2026-02-13,4,2,0,20,18.0,20.0,20.285714285714285,19.928571428571427,19.186046511627907
51,2026-02-14,5,2,1,21,20.0,24.0,20.285714285714285,19.857142857142858,19.204545454545453
51,2026-02-15,6,2,1,14,21.0,24.0,19.857142857142858,19.571428571428573,19.244444444444444
51,2026-02-16,0,2,0,14,14.0,19.0,18.428571428571427,19.0,19.130434782608695
51,2026-02-17,1,2,0,22,14.0,17.0,17.714285714285715,18.714285714285715,19.02127659574468
51,2026-02-18,2,2,0,19,22.0,20.0,18.428571428571427,19.214285714285715,19.083333333333332
51,2026-02-19,3,2,0,16,19.0,18.0,18.285714285714285,19.0,19.081632653061224
51,2026-02-20,4,2,0,20,16.0,20.0,18.0,19.142857142857142,19.02
51,2026-02-21,5,2,1,29,20.0,21.0,18.0,19.142857142857142,19.03921568627451
51,2026-02-22,6,2,1,23,29.0,14.0,19.142857142857142,19.5,19.23076923076923
51,2026-02-23,0,2,0,25,23.0,14.0,20.428571428571427,19.428571428571427,19.30188679245283
51,2026-02-24,1,2,0,23,25.0,22.0,22.0,19.857142857142858,19.40740740740741
51,2026-02-25,2,2,0,20,23.0,19.0,22.142857142857142,20.285714285714285,19.472727272727273
51,2026-02-26,3,2,0,19,20.0,16.0,22.285714285714285,20.285714285714285,19.482142857142858
51,2026-02-27,4,2,0,21,19.0,20.0,22.714285714285715,20.357142857142858,19.473684210526315
51,2026-02-28,5,2,1,24,21.0,29.0,22.857142857142858,20.428571428571427,19.5
51,2026-03-01,6,3,1,23,24.0,23.0,22.142857142857142,20.642857142857142,19.576271186440678
51,2026-03-02,0,3,0,24,23.0,25.0,22.142857142857142,21.285714285714285,19.633333333333333
51,2026-03-03,1,3,0,24,24.0,23.0,22.0,22.0,19.704918032786885
51,2026-03-04,2,3,0,26,24.0,20.0,22.142857142857142,22.142857142857142,19.774193548387096
51,2026-03-05,3,3,0,17,26.0,19.0,23.0,22.642857142857142,19.873015873015873
51,2026-03-06,4,3,0,12,17.0,21.0,22.714285714285715,22.714285714285715,19.828125
51,2026-03-07,5,3,1,29,12.0,24.0,21.428571428571427,22.142857142857142,19.70769230769231
51,2026-03-08,6,3,1,21,29.0,23.0,22.142857142857142,22.142857142857142,19.848484848484848
51,2026-03-09,0,3,0,20,21.0,24.0,21.857142857142858,22.0,19.865671641791046
51,2026-03-10,1,3,0,26,20.0,24.0,21.285714285714285,21.642857142857142,19.86764705882353
51,2026-03-11,2,3,0,23,26.0,26.0,21.571428571428573,21.857142857142858,19.956521739130434
51,2026-03-12,3,3,0,15,23.0,17.0,21.142857142857142,22.071428571428573,20.0
51,2026-03-13,4,3,0,19,15.0,12.0,20.857142857142858,21.785714285714285,19.929577464788732
51,2026-03-14,5,3,1,27,19.0,29.0,21.857142857142858,21.642857142857142,19.916666666666668
51,2026-03-15,6,3,1,26,27.0,21.0,21.571428571428573,21.857142857142858,20.013698630136986
51,2026-03-16,0,3,0,28,26.0,20.0,22.285714285714285,22.071428571428573,20.094594594594593
51,2026-03-17,1,3,0,16,28.0,26.0,23.428571428571427,22.357142857142858,20.2
51,2026-03-18,2,3,0,27,16.0,23.0,22.0,21.785714285714285,20.144736842105264
51,2026-03-19,3,3,0,20,27.0,15.0,22.571428571428573,21.857142857142858,20.233766233766232
51,2026-03-20,4,3,0,21,20.0,19.0,23.285714285714285,22.071428571428573,20.23076923076923
51,2026-03-21,5,3,1,28,21.0,27.0,23.571428571428573,22.714285714285715,20.240506329113924
51,2026-03-22,6,3,1,25,28.0,26.0,23.714285714285715,22.642857142857142,20.3375
51,2026-03-23,0,3,0,19,25.0,28.0,23.571428571428573,22.928571428571427,20.395061728395063
51,2026-03-24,1,3,0,30,19.0,16.0,22.285714285714285,22.857142857142858,20.378048780487806
51,2026-03-25,2,3,0,24,30.0,27.0,24.285714285714285,23.142857142857142,20.49397590361446
51,2026-03-26,3,3,0,23,24.0,20.0,23.857142857142858,23.214285714285715,20.535714285714285
51,2026-03-27,4,3,0,26,23.0,21.0,24.285714285714285,23.785714285714285,20.564705882352943
51,2026-03-28,5,3,1,21,26.0,28.0,25.0,24.285714285714285,20.627906976744185
51,2026-03-29,6,3,1,26,21.0,25.0,24.0,23.857142857142858,20.632183908045977
51,2026-03-30,0,3,0,23,26.0,19.0,24.142857142857142,23.857142857142858,20.693181818181817
51,2026-03-31,1,3,0,22,23.0,30.0,24.714285714285715,23.5,20.719101123595507
51,2026-04-01,2,4,0,19,22.0,24.0,23.571428571428573,23.928571428571427,20.733333333333334
51,2026-04-02,3,4,0,24,19.0,23.0,22.857142857142858,23.357142857142858,20.714285714285715
51,2026-04-03,4,4,0,17,24.0,26.0,23.0,23.642857142857142,20.75
51,2026-04-04,5,4,1,22,17.0,21.0,21.714285714285715,23.357142857142858,20.70967741935484
51,2026-04-05,6,4,1,24,22.0,26.0,21.857142857142858,22.928571428571427,20.72340425531915
51,2026-04-06,0,4,0,28,24.0,23.0,21.571428571428573,22.857142857142858,20.757894736842104
51,2026-04-07,1,4,0,21,28.0,22.0,22.285714285714285,23.5,20.833333333333332
51,2026-04-08,2,4,0,18,21.0,19.0,22.142857142857142,22.857142857142858,20.835051546391753
51,2026-04-09,3,4,0,25,18.0,24.0,22.0,22.428571428571427,20.806122448979593
51,2026-04-10,4,4,0,28,25.0,17.0,22.142857142857142,22.571428571428573,20.848484848484848
51,2026-04-11,5,4,1,20,28.0,22.0,23.714285714285715,22.714285714285715,20.92
51,2026-04-12,6,4,1,23,20.0,24.0,23.428571428571427,22.642857142857142,20.91089108910891
51,2026-04-13,0,4,0,25,23.0,28.0,23.285714285714285,22.428571428571427,20.931372549019606
51,2026-04-14,1,4,0,29,25.0,21.0,22.857142857142858,22.571428571428573,20.97087378640777
51,2026-04-15,2,4,0,22,29.0,18.0,24.0,23.071428571428573,21.048076923076923
51,2026-04-16,3,4,0,18,22.0,25.0,24.571428571428573,23.285714285714285,21.057142857142857
51,2026-04-17,4,4,0,22,18.0,28.0,23.571428571428573,22.857142857142858,21.028301886792452
51,2026-04-18,5,4,1,32,22.0,20.0,22.714285714285715,23.214285714285715,21.037383177570092
51,2026-04-19,6,4,1,27,32.0,23.0,24.428571428571427,23.928571428571427,21.13888888888889
51,2026-04-20,0,4,0,22,27.0,25.0,25.0,24.142857142857142,21.192660550458715
51,2026-04-21,1,4,0,26,22.0,29.0,24.571428571428573,23.714285714285715,21.2
51,2026-04-22,2,4,0,30,26.0,22.0,24.142857142857142,24.071428571428573,21.243243243243242
51,2026-04-23,3,4,0,22,30.0,18.0,25.285714285714285,24.928571428571427,21.321428571428573
51,2026-04-24,4,4,0,21,22.0,22.0,25.857142857142858,24.714285714285715,21.327433628318584
51,2026-04-25,5,4,1,20,21.0,32.0,25.714285714285715,24.214285714285715,21.32456140350877
51,2026-04-26,6,4,1,26,20.0,27.0,24.0,24.214285714285715,21.31304347826087
51,2026-04-27,0,4,0,18,26.0,22.0,23.857142857142858,24.428571428571427,21.353448275862068
51,2026-04-28,1,4,0,22,18.0,26.0,23.285714285714285,23.928571428571427,21.324786324786324
51,2026-04-29,2,4,0,22,22.0,30.0,22.714285714285715,23.428571428571427,21.33050847457627
51,2026-04-30,3,4,0,19,22.0,22.0,21.571428571428573,23.428571428571427,21.33613445378151
52,2026-01-15,3,1,0,4,4.0,4.0,4.285714285714286,4.285714285714286,4.285714285714286
52,2026-01-16,4,1,0,6,4.0,4.0,4.285714285714286,4.357142857142857,4.266666666666667
52,2026-01-17,5,1,1,6,6.0,3.0,4.571428571428571,4.5,4.375
52,2026-01-18,6,1,1,4,6.0,5.0,5.0,4.642857142857143,4.470588235294118
52,2026-01-19,0,1,0,6,4.0,5.0,4.857142857142857,4.571428571428571,4.444444444444445
52,2026-01-20,1,1,0,3,6.0,5.0,5.0,4.642857142857143,4.526315789473684
52,2026-01-21,2,1,0,5,3.0,4.0,4.714285714285714,4.5,4.45
52,2026-01-22,3,1,0,6,5.0,4.0,4.857142857142857,4.571428571428571,4.476190476190476
52,2026-01-23,4,1,0,3,6.0,6.0,5.142857142857143,4.714285714285714,4.545454545454546
52,2026-01-24,5,1,1,6,3.0,6.0,4.714285714285714,4.642857142857143,4.478260869565218
52,2026-01-25,6,1,1,5,6.0,4.0,4.714285714285714,4.857142857142857,4.541666666666667
52,2026-01-26,0,1,0,4,5.0,6.0,4.857142857142857,4.857142857142857,4.56
52,2026-01-27,1,1,0,4,4.0,3.0,4.571428571428571,4.785714285714286,4.538461538461538
52,2026-01-28,2,1,0,5,4.0,5.0,4.714285714285714,4.714285714285714,4.518518518518518
52,2026-01-29,3,1,0,5,5.0,6.0,4.714285714285714,4.785714285714286,4.535714285714286
52,2026-01-30,4,1,0,4,5.0,3.0,4.571428571428571,4.857142857142857,4.551724137931035
52,2026-01-31,5,1,1,5,4.0,6.0,4.714285714285714,4.714285714285714,4.533333333333333
52,2026-02-01,6,2,1,7,5.0,5.0,4.571428571428571,4.642857142857143,4.548387096774194
52,2026-02-02,0,2,0,4,7.0,4.0,4.857142857142857,4.857142857142857,4.625
52,2026-02-03,1,2,0,5,4.0,4.0,4.857142857142857,4.714285714285714,4.606060606060606
52,2026-02-04,2,2,0,4,5.0,5.0,5.0,4.857142857142857,4.617647058823529
52,2026-02-05,3,2,0,5,4.0,5.0,4.857142857142857,4.785714285714286,4.6
52,2026-02-06,4,2,0,5,5.0,4.0,4.857142857142857,4.714285714285714,4.611111111111111
52,2026-02-07,5,2,1,6,5.0,5.0,5.0,4.857142857142857,4.621621621621622
52,2026-02-08,6,2,1,4,6.0,7.0,5.142857142857143,4.857142857142857,4.657894736842105
52,2026-02-09,0,2,0,3,4.0,4.0,4.714285714285714,4.785714285714286,4.641025641025641
52,2026-02-10,1,2,0,4,3.0,5.0,4.571428571428571,4.714285714285714,4.6
52,2026-02-11,2,2,0,5,4.0,4.0,4.428571428571429,4.714285714285714,4.585365853658536
52,2026-02-12,3,2,0,5,5.0,5.0,4.571428571428571,4.714285714285714,4.595238095238095
52,2026-02-13,4,2,0,6,5.0,5.0,4.571428571428571,4.714285714285714,4.604651162790698
52,2026-02-14,5,2,1,4,6.0,6.0,4.714285714285714,4.857142857142857,4.636363636363637
52,2026-02-15,6,2,1,4,4.0,4.0,4.428571428571429,4.785714285714286,4.622222222222222
52,2026-02-16,0,2,0,5,4.0,3.0,4.428571428571429,4.571428571428571,4.608695652173913
52,2026-02-17,1,2,0,4,5.0,4.0,4.714285714285714,4.642857142857143,4.617021276595745
52,2026-02-18,2,2,0,4,4.0,5.0,4.714285714285714,4.571428571428571,4.604166666666667
52,2026-02-19,3,2,0,7,4.0,5.0,4.571428571428571,4.571428571428571,4.591836734693878
52,2026-02-20,4,2,0,5,7.0,6.0,4.857142857142857,4.714285714285714,4.64
52,2026-02-21,5,2,1,6,5.0,4.0,4.714285714285714,4.714285714285714,4.647058823529412
52,2026-02-22,6,2,1,7,6.0,4.0,5.0,4.714285714285714,4.673076923076923
52,2026-02-23,0,2,0,5,7.0,5.0,5.428571428571429,4.928571428571429,4.716981132075472
52,2026-02-24,1,2,0,5,5.0,4.0,5.428571428571429,5.071428571428571,4.722222222222222
52,2026-02-25,2,2,0,5,5.0,4.0,5.571428571428571,5.142857142857143,4.7272727272727275
52,2026-02-26,3,2,0,5,5.0,7.0,5.714285714285714,5.142857142857143,4.732142857142857
52,2026-02-27,4,2,0,4,5.0,5.0,5.428571428571429,5.142857142857143,4.7368421052631575
52,2026-02-28,5,2,1,6,4.0,6.0,5.285714285714286,5.0,4.724137931034483
52,2026-03-01,6,3,1,6,6.0,7.0,5.285714285714286,5.142857142857143,4.745762711864407
52,2026-03-02,0,3,0,4,6.0,5.0,5.142857142857143,5.285714285714286,4.766666666666667
52,2026-03-03,1,3,0,5,4.0,5.0,5.0,5.214285714285714,4.754098360655738
52,2026-03-04,2,3,0,4,5.0,5.0,5.0,5.285714285714286,4.758064516129032
52,2026-03-05,3,3,0,6,4.0,5.0,4.857142857142857,5.285714285714286,4.746031746031746
52,2026-03-06,4,3,0,5,6.0,4.0,5.0,5.214285714285714,4.765625
52,2026-03-07,5,3,1,5,5.0,6.0,5.142857142857143,5.214285714285714,4.769230769230769
52,2026-03-08,6,3,1,6,5.0,6.0,5.0,5.142857142857143,4.7727272727272725
52,2026-03-09,0,3,0,5,6.0,4.0,5.0,5.071428571428571,4.791044776119403
52,2026-03-10,1,3,0,6,5.0,5.0,5.142857142857143,5.071428571428571,4.794117647058823
52,2026-03-11,2,3,0,4,6.0,4.0,5.285714285714286,5.142857142857143,4.811594202898551
52,2026-03-12,3,3,0,5,4.0,6.0,5.285714285714286,5.071428571428571,4.8
52,2026-03-13,4,3,0,5,5.0,5.0,5.142857142857143,5.071428571428571,4.802816901408451
52,2026-03-14,5,3,1,6,5.0,5.0,5.142857142857143,5.142857142857143,4.805555555555555
52,2026-03-15,6,3,1,6,6.0,6.0,5.285714285714286,5.142857142857143,4.821917808219178
52,2026-03-16,0,3,0,5,6.0,5.0,5.285714285714286,5.142857142857143,4.837837837837838
52,2026-03-17,1,3,0,5,5.0,6.0,5.285714285714286,5.214285714285714,4.84
52,2026-03-18,2,3,0,5,5.0,4.0,5.142857142857143,5.214285714285714,4.842105263157895
52,2026-03-19,3,3,0,5,5.0,5.0,5.285714285714286,5.285714285714286,4.8441558441558445
52,2026-03-20,4,3,0,6,5.0,5.0,5.285714285714286,5.214285714285714,4.846153846153846
52,2026-03-21,5,3,1,6,6.0,6.0,5.428571428571429,5.285714285714286,4.860759493670886
52,2026-03-22,6,3,1,5,6.0,6.0,5.428571428571429,5.357142857142857,4.875
52,2026-03-23,0,3,0,4,5.0,5.0,5.285714285714286,5.285714285714286,4.8765432098765435
52,2026-03-24,1,3,0,7,4.0,5.0,5.142857142857143,5.214285714285714,4.865853658536586
52,2026-03-25,2,3,0,6,7.0,5.0,5.428571428571429,5.285714285714286,4.891566265060241
52,2026-03-26,3,3,0,4,6.0,5.0,5.571428571428571,5.428571428571429,4.904761904761905
52,2026-03-27,4,3,0,3,4.0,6.0,5.428571428571429,5.357142857142857,4.894117647058824
52,2026-03-28,5,3,1,5,3.0,6.0,5.0,5.214285714285714,4.872093023255814
52,2026-03-29,6,3,1,7,5.0,5.0,4.857142857142857,5.142857142857143,4.873563218390805
52,2026-03-30,0,3,0,4,7.0,4.0,5.142857142857143,5.214285714285714,4.8977272727272725
52,2026-03-31,1,3,0,4,4.0,7.0,5.142857142857143,5.142857142857143,4.887640449438202
52,2026-04-01,2,4,0,6,4.0,6.0,4.714285714285714,5.071428571428571,4.877777777777778
52,2026-04-02,3,4,0,5,6.0,4.0,4.714285714285714,5.142857142857143,4.8901098901098905
52,2026-04-03,4,4,0,5,5.0,3.0,4.857142857142857,5.142857142857143,4.891304347826087
52,2026-04-04,5,4,1,5,5.0,5.0,5.142857142857143,5.071428571428571,4.89247311827957
52,2026-04-05,6,4,1,6,5.0,7.0,5.142857142857143,5.0,4.8936170212765955
52,2026-04-06,0,4,0,6,6.0,4.0,5.0,5.071428571428571,4.905263157894737
52,2026-04-07,1,4,0,5,6.0,4.0,5.285714285714286,5.214285714285714,4.916666666666667
52,2026-04-08,2,4,0,3,5.0,6.0,5.428571428571429,5.071428571428571,4.917525773195877
52,2026-04-09,3,4,0,4,3.0,5.0,5.0,4.857142857142857,4.8979591836734695
52,2026-04-10,4,4,0,4,4.0,5.0,4.857142857142857,4.857142857142857,4.888888888888889
52,2026-04-11,5,4,1,7,4.0,5.0,4.714285714285714,4.928571428571429,4.88
52,2026-04-12,6,4,1,6,7.0,6.0,5.0,5.071428571428571,4.900990099009901
52,2026-04-13,0,4,0,4,6.0,6.0,5.0,5.0,4.911764705882353
52,2026-04-14,1,4,0,6,4.0,5.0,4.714285714285714,5.0,4.902912621359223
52,2026-04-15,2,4,0,5,6.0,3.0,4.857142857142857,5.142857142857143,4.913461538461538
52,2026-04-16,3,4,0,7,5.0,4.0,5.142857142857143,5.071428571428571,4.914285714285715
52,2026-04-17,4,4,0,3,7.0,4.0,5.571428571428571,5.214285714285714,4.933962264150943
52,2026-04-18,5,4,1,7,3.0,7.0,5.428571428571429,5.071428571428571,4.91588785046729
52,2026-04-19,6,4,1,6,7.0,6.0,5.428571428571429,5.214285714285714,4.935185185185185
52,2026-04-20,0,4,0,4,6.0,4.0,5.428571428571429,5.214285714285714,4.944954128440367
52,2026-04-21,1,4,0,4,4.0,6.0,5.428571428571429,5.071428571428571,4.9363636363636365
52,2026-04-22,2,4,0,5,4.0,5.0,5.142857142857143,5.0,4.927927927927928
52,2026-04-23,3,4,0,7,5.0,7.0,5.142857142857143,5.142857142857143,4.928571428571429
52,2026-04-24,4,4,0,3,7.0,3.0,5.142857142857143,5.357142857142857,4.946902654867257
52,2026-04-25,5,4,1,7,3.0,7.0,5.142857142857143,5.285714285714286,4.9298245614035086
52,2026-04-26,6,4,1,5,7.0,6.0,5.142857142857143,5.285714285714286,4.947826086956522
52,2026-04-27,0,4,0,6,5.0,4.0,5.0,5.214285714285714,4.948275862068965
52,2026-04-28,1,4,0,4,6.0,4.0,5.285714285714286,5.357142857142857,4.957264957264957
52,2026-04-29,2,4,0,5,4.0,5.0,5.285714285714286,5.214285714285714,4.9491525423728815
52,2026-04-30,3,4,0,6,5.0,7.0,5.285714285714286,5.214285714285714,4.949579831932773
53,2026-01-15,3,1,0,7,6.0,6.0,6.857142857142857,6.785714285714286,6.785714285714286
53,2026-01-16,4,1,0,7,7.0,5.0,7.0,6.785714285714286,6.8
53,2026-01-17,5,1,1,9,7.0,9.0,7.285714285714286,6.928571428571429,6.8125
53,2026-01-18,6,1,1,7,9.0,7.0,7.285714285714286,7.071428571428571,6.9411764705882355
53,2026-01-19,0,1,0,6,7.0,7.0,7.285714285714286,7.142857142857143,6.944444444444445
53,2026-01-20,1,1,0,7,6.0,8.0,7.142857142857143,7.142857142857143,6.894736842105263
53,2026-01-21,2,1,0,8,7.0,6.0,7.0,7.071428571428571,6.9
53,2026-01-22,3,1,0,7,8.0,7.0,7.285714285714286,7.071428571428571,6.9523809523809526
53,2026-01-23,4,1,0,6,7.0,7.0,7.285714285714286,7.142857142857143,6.954545454545454
53,2026-01-24,5,1,1,8,6.0,9.0,7.142857142857143,7.214285714285714,6.913043478260869
53,2026-01-25,6,1,1,4,8.0,7.0,7.0,7.142857142857143,6.958333333333333
53,2026-01-26,0,1,0,7,4.0,6.0,6.571428571428571,6.928571428571429,6.84
53,2026-01-27,1,1,0,7,7.0,7.0,6.714285714285714,6.928571428571429,6.846153846153846
53,2026-01-28,2,1,0,5,7.0,8.0,6.714285714285714,6.857142857142857,6.851851851851852
53,2026-01-29,3,1,0,9,5.0,7.0,6.285714285714286,6.785714285714286,6.785714285714286
53,2026-01-30,4,1,0,6,9.0,6.0,6.571428571428571,6.928571428571429,6.862068965517241
53,2026-01-31,5,1,1,10,6.0,8.0,6.571428571428571,6.857142857142857,6.833333333333333
53,2026-02-01,6,2,1,8,10.0,4.0,6.857142857142857,6.928571428571429,6.935483870967742
53,2026-02-02,0,2,0,5,8.0,7.0,7.428571428571429,7.0,6.96875
53,2026-02-03,1,2,0,7,5.0,7.0,7.142857142857143,6.928571428571429,6.909090909090909
53,2026-02-04,2,2,0,7,7.0,5.0,7.142857142857143,6.928571428571429,6.911764705882353
53,2026-02-05,3,2,0,8,7.0,9.0,7.428571428571429,6.857142857142857,6.914285714285715
53,2026-02-06,4,2,0,5,8.0,6.0,7.285714285714286,6.928571428571429,6.944444444444445
53,2026-02-07,5,2,1,9,5.0,10.0,7.142857142857143,6.857142857142857,6.891891891891892
53,2026-02-08,6,2,1,9,9.0,8.0,7.0,6.928571428571429,6.947368421052632
53,2026-02-09,0,2,0,5,9.0,5.0,7.142857142857143,7.285714285714286,7.0
53,2026-02-10,1,2,0,8,5.0,7.0,7.142857142857143,7.142857142857143,6.95
53,2026-02-11,2,2,0,7,8.0,7.0,7.285714285714286,7.214285714285714,6.975609756097561
53,2026-02-12,3,2,0,8,7.0,8.0,7.285714285714286,7.357142857142857,6.976190476190476
53,2026-02-13,4,2,0,8,8.0,5.0,7.285714285714286,7.285714285714286,7.0
53,2026-02-14,5,2,1,8,8.0,9.0,7.714285714285714,7.428571428571429,7.0227272727272725
53,2026-02-15,6,2,1,7,8.0,9.0,7.571428571428571,7.285714285714286,7.044444444444444
53,2026-02-16,0,2,0,7,7.0,5.0,7.285714285714286,7.214285714285714,7.043478260869565
53,2026-02-17,1,2,0,6,7.0,8.0,7.571428571428571,7.357142857142857,7.042553191489362
53,2026-02-18,2,2,0,7,6.0,7.0,7.285714285714286,7.285714285714286,7.020833333333333
53,2026-02-19,3,2,0,5,7.0,8.0,7.285714285714286,7.285714285714286,7.020408163265306
53,2026-02-20,4,2,0,7,5.0,8.0,6.857142857142857,7.071428571428571,6.98
53,2026-02-21,5,2,1,7,7.0,8.0,6.714285714285714,7.214285714285714,6.980392156862745
53,2026-02-22,6,2,1,6,7.0,7.0,6.571428571428571,7.071428571428571,6.980769230769231
53,2026-02-23,0,2,0,7,6.0,7.0,6.428571428571429,6.857142857142857,6.962264150943396
53,2026-02-24,1,2,0,8,7.0,6.0,6.428571428571429,7.0,6.962962962962963
53,2026-02-25,2,2,0,8,8.0,7.0,6.714285714285714,7.0,6.9818181818181815
53,2026-02-26,3,2,0,8,8.0,5.0,6.857142857142857,7.071428571428571,7.0
53,2026-02-27,4,2,0,7,8.0,7.0,7.285714285714286,7.071428571428571,7.017543859649122
53,2026-02-28,5,2,1,10,7.0,7.0,7.285714285714286,7.0,7.017241379310345
53,2026-03-01,6,3,1,9,10.0,6.0,7.714285714285714,7.142857142857143,7.067796610169491
53,2026-03-02,0,3,0,8,9.0,7.0,8.142857142857142,7.285714285714286,7.1
53,2026-03-03,1,3,0,7,8.0,8.0,8.285714285714286,7.357142857142857,7.114754098360656
53,2026-03-04,2,3,0,6,7.0,8.0,8.142857142857142,7.428571428571429,7.112903225806452
53,2026-03-05,3,3,0,8,6.0,8.0,7.857142857142857,7.357142857142857,7.095238095238095
53,2026-03-06,4,3,0,9,8.0,7.0,7.857142857142857,7.571428571428571,7.109375
53,2026-03-07,5,3,1,7,9.0,10.0,8.142857142857142,7.714285714285714,7.138461538461539
53,2026-03-08,6,3,1,8,7.0,9.0,7.714285714285714,7.714285714285714,7.136363636363637
53,2026-03-09,0,3,0,7,8.0,8.0,7.571428571428571,7.857142857142857,7.149253731343284
53,2026-03-10,1,3,0,7,7.0,7.0,7.428571428571429,7.857142857142857,7.147058823529412
53,2026-03-11,2,3,0,8,7.0,6.0,7.428571428571429,7.785714285714286,7.144927536231884
53,2026-03-12,3,3,0,11,8.0,8.0,7.714285714285714,7.785714285714286,7.1571428571428575
53,2026-03-13,4,3,0,9,11.0,9.0,8.142857142857142,8.0,7.211267605633803
53,2026-03-14,5,3,1,11,9.0,7.0,8.142857142857142,8.142857142857142,7.236111111111111
53,2026-03-15,6,3,1,10,11.0,8.0,8.714285714285714,8.214285714285714,7.287671232876712
53,2026-03-16,0,3,0,6,10.0,7.0,9.0,8.285714285714286,7.324324324324325
53,2026-03-17,1,3,0,5,6.0,7.0,8.857142857142858,8.142857142857142,7.306666666666667
53,2026-03-18,2,3,0,6,5.0,8.0,8.571428571428571,8.0,7.276315789473684
53,2026-03-19,3,3,0,8,6.0,11.0,8.285714285714286,8.0,7.259740259740259
53,2026-03-20,4,3,0,7,8.0,9.0,7.857142857142857,8.0,7.269230769230769
53,2026-03-21,5,3,1,10,7.0,11.0,7.571428571428571,7.857142857142857,7.265822784810126
53,2026-03-22,6,3,1,9,10.0,10.0,7.428571428571429,8.071428571428571,7.3
53,2026-03-23,0,3,0,8,9.0,6.0,7.285714285714286,8.142857142857142,7.320987654320987
53,2026-03-24,1,3,0,5,8.0,5.0,7.571428571428571,8.214285714285714,7.329268292682927
53,2026-03-25,2,3,0,10,5.0,6.0,7.571428571428571,8.071428571428571,7.301204819277109
53,2026-03-26,3,3,0,6,10.0,8.0,8.142857142857142,8.214285714285714,7.333333333333333
53,2026-03-27,4,3,0,7,6.0,7.0,7.857142857142857,7.857142857142857,7.317647058823529
53,2026-03-28,5,3,1,8,7.0,10.0,7.857142857142857,7.714285714285714,7.313953488372093
53,2026-03-29,6,3,1,7,8.0,9.0,7.571428571428571,7.5,7.32183908045977
53,2026-03-30,0,3,0,11,7.0,8.0,7.285714285714286,7.285714285714286,7.318181818181818
53,2026-03-31,1,3,0,6,11.0,5.0,7.714285714285714,7.642857142857143,7.359550561797753
53,2026-04-01,2,4,0,6,6.0,10.0,7.857142857142857,7.714285714285714,7.344444444444444
53,2026-04-02,3,4,0,10,6.0,6.0,7.285714285714286,7.714285714285714,7.329670329670329
53,2026-04-03,4,4,0,5,10.0,7.0,7.857142857142857,7.857142857142857,7.358695652173913
53,2026-04-04,5,4,1,8,5.0,8.0,7.571428571428571,7.714285714285714,7.333333333333333
53,2026-04-05,6,4,1,11,8.0,7.0,7.571428571428571,7.571428571428571,7.340425531914893
53,2026-04-06,0,4,0,9,11.0,11.0,8.142857142857142,7.714285714285714,7.378947368421053
53,2026-04-07,1,4,0,7,9.0,6.0,7.857142857142857,7.785714285714286,7.395833333333333
53,2026-04-08,2,4,0,10,7.0,6.0,8.0,7.928571428571429,7.391752577319588
53,2026-04-09,3,4,0,8,10.0,10.0,8.571428571428571,7.928571428571429,7.418367346938775
53,2026-04-10,4,4,0,8,8.0,5.0,8.285714285714286,8.071428571428571,7.424242424242424
53,2026-04-11,5,4,1,10,8.0,8.0,8.714285714285714,8.142857142857142,7.43
53,2026-04-12,6,4,1,13,10.0,11.0,9.0,8.285714285714286,7.455445544554456
53,2026-04-13,0,4,0,7,13.0,9.0,9.285714285714286,8.714285714285714,7.509803921568627
53,2026-04-14,1,4,0,9,7.0,7.0,9.0,8.428571428571429,7.504854368932039
53,2026-04-15,2,4,0,4,9.0,10.0,9.285714285714286,8.642857142857142,7.519230769230769
53,2026-04-16,3,4,0,7,4.0,8.0,8.428571428571429,8.5,7.485714285714286
53,2026-04-17,4,4,0,9,7.0,8.0,8.285714285714286,8.285714285714286,7.481132075471698
53,2026-04-18,5,4,1,10,9.0,10.0,8.428571428571429,8.571428571428571,7.4953271028037385
53,2026-04-19,6,4,1,10,10.0,13.0,8.428571428571429,8.714285714285714,7.518518518518518
53,2026-04-20,0,4,0,4,10.0,7.0,8.0,8.642857142857142,7.541284403669724
53,2026-04-21,1,4,0,8,4.0,9.0,7.571428571428571,8.285714285714286,7.509090909090909
53,2026-04-22,2,4,0,10,8.0,4.0,7.428571428571429,8.357142857142858,7.513513513513513
53,2026-04-23,3,4,0,10,10.0,7.0,8.285714285714286,8.357142857142858,7.535714285714286
53,2026-04-24,4,4,0,8,10.0,9.0,8.714285714285714,8.5,7.557522123893805
53,2026-04-25,5,4,1,9,8.0,10.0,8.571428571428571,8.5,7.56140350877193
53,2026-04-26,6,4,1,7,9.0,10.0,8.428571428571429,8.428571428571429,7.573913043478261
53,2026-04-27,0,4,0,8,7.0,4.0,8.0,8.0,7.568965517241379
53,2026-04-28,1,4,0,8,8.0,8.0,8.571428571428571,8.071428571428571,7.572649572649572
53,2026-04-29,2,4,0,8,8.0,10.0,8.571428571428571,8.0,7.576271186440678
53,2026-04-30,3,4,0,6,8.0,10.0,8.285714285714286,8.285714285714286,7.579831932773109
54,2026-01-15,3,1,0,0,0.0,2.0,0.2857142857142857,0.35714285714285715,0.35714285714285715
54,2026-01-16,4,1,0,1,0.0,0.0,0.0,0.35714285714285715,0.3333333333333333
54,2026-01-17,5,1,1,0,1.0,0.0,0.14285714285714285,0.42857142857142855,0.375
54,2026-01-18,6,1,1,0,0.0,0.0,0.14285714285714285,0.42857142857142855,0.35294117647058826
54,2026-01-19,0,1,0,0,0.0,0.0,0.14285714285714285,0.42857142857142855,0.3333333333333333
54,2026-01-20,1,1,0,0,0.0,0.0,0.14285714285714285,0.42857142857142855,0.3157894736842105
54,2026-01-21,2,1,0,0,0.0,0.0,0.14285714285714285,0.2857142857142857,0.3
54,2026-01-22,3,1,0,0,0.0,0.0,0.14285714285714285,0.21428571428571427,0.2857142857142857
54,2026-01-23,4,1,0,3,0.0,1.0,0.14285714285714285,0.07142857142857142,0.2727272727272727
54,2026-01-24,5,1,1,0,3.0,0.0,0.42857142857142855,0.2857142857142857,0.391304347826087
54,2026-01-25,6,1,1,0,0.0,0.0,0.42857142857142855,0.2857142857142857,0.375
54,2026-01-26,0,1,0,0,0.0,0.0,0.42857142857142855,0.2857142857142857,0.36
54,2026-01-27,1,1,0,1,0.0,0.0,0.42857142857142855,0.2857142857142857,0.34615384615384615
54,2026-01-28,2,1,0,0,1.0,0.0,0.5714285714285714,0.35714285714285715,0.37037037037037035
54,2026-01-29,3,1,0,0,0.0,0.0,0.5714285714285714,0.35714285714285715,0.35714285714285715
54,2026-01-30,4,1,0,0,0.0,3.0,0.5714285714285714,0.35714285714285715,0.3448275862068966
54,2026-01-31,5,1,1,0,0.0,0.0,0.14285714285714285,0.2857142857142857,0.3333333333333333
54,2026-02-01,6,2,1,1,0.0,0.0,0.14285714285714285,0.2857142857142857,0.3225806451612903
54,2026-02-02,0,2,0,4,1.0,0.0,0.2857142857142857,0.35714285714285715,0.34375
54,2026-02-03,1,2,0,4,4.0,1.0,0.8571428571428571,0.6428571428571429,0.45454545454545453
54,2026-02-04,2,2,0,0,4.0,0.0,1.2857142857142858,0.9285714285714286,0.5588235294117647
54,2026-02-05,3,2,0,4,0.0,0.0,1.2857142857142858,0.9285714285714286,0.5428571428571428
54,2026-02-06,4,2,0,3,4.0,0.0,1.8571428571428572,1.2142857142857142,0.6388888888888888
54,2026-02-07,5,2,1,0,3.0,0.0,2.2857142857142856,1.2142857142857142,0.7027027027027027
54,2026-02-08,6,2,1,1,0.0,1.0,2.2857142857142856,1.2142857142857142,0.6842105263157895
54,2026-02-09,0,2,0,0,1.0,4.0,2.2857142857142856,1.2857142857142858,0.6923076923076923
54,2026-02-10,1,2,0,2,0.0,4.0,1.7142857142857142,1.2857142857142858,0.675
54,2026-02-11,2,2,0,0,2.0,0.0,1.4285714285714286,1.3571428571428572,0.7073170731707317
54,2026-02-12,3,2,0,0,0.0,4.0,1.4285714285714286,1.3571428571428572,0.6904761904761905
54,2026-02-13,4,2,0,3,0.0,3.0,0.8571428571428571,1.3571428571428572,0.6744186046511628
54,2026-02-14,5,2,1,0,3.0,0.0,0.8571428571428571,1.5714285714285714,0.7272727272727273
54,2026-02-15,6,2,1,0,0.0,1.0,0.8571428571428571,1.5714285714285714,0.7111111111111111
54,2026-02-16,0,2,0,0,0.0,0.0,0.7142857142857143,1.5,0.6956521739130435
54,2026-02-17,1,2,0,1,0.0,2.0,0.7142857142857143,1.2142857142857142,0.6808510638297872
54,2026-02-18,2,2,0,0,1.0,0.0,0.5714285714285714,1.0,0.6875
54,2026-02-19,3,2,0,0,0.0,0.0,0.5714285714285714,1.0,0.673469387755102
54,2026-02-20,4,2,0,2,0.0,3.0,0.5714285714285714,0.7142857142857143,0.66
54,2026-02-21,5,2,1,0,2.0,0.0,0.42857142857142855,0.6428571428571429,0.6862745098039216
54,2026-02-22,6,2,1,0,0.0,0.0,0.42857142857142855,0.6428571428571429,0.6730769230769231
54,2026-02-23,0,2,0,0,0.0,0.0,0.42857142857142855,0.5714285714285714,0.660377358490566
54,2026-02-24,1,2,0,0,0.0,1.0,0.42857142857142855,0.5714285714285714,0.6481481481481481
54,2026-02-25,2,2,0,2,0.0,0.0,0.2857142857142857,0.42857142857142855,0.6363636363636364
54,2026-02-26,3,2,0,0,2.0,0.0,0.5714285714285714,0.5714285714285714,0.6607142857142857
54,2026-02-27,4,2,0,0,0.0,2.0,0.5714285714285714,0.5714285714285714,0.6491228070175439
54,2026-02-28,5,2,1,2,0.0,0.0,0.2857142857142857,0.35714285714285715,0.6379310344827587
54,2026-03-01,6,3,1,0,2.0,0.0,0.5714285714285714,0.5,0.6610169491525424
54,2026-03-02,0,3,0,3,0.0,0.0,0.5714285714285714,0.5,0.65
54,2026-03-03,1,3,0,0,3.0,0.0,1.0,0.7142857142857143,0.6885245901639344
54,2026-03-04,2,3,0,4,0.0,2.0,1.0,0.6428571428571429,0.6774193548387096
54,2026-03-05,3,3,0,0,4.0,0.0,1.2857142857142858,0.9285714285714286,0.7301587301587301
54,2026-03-06,4,3,0,0,0.0,0.0,1.2857142857142858,0.9285714285714286,0.71875
54,2026-03-07,5,3,1,4,0.0,2.0,1.2857142857142858,0.7857142857142857,0.7076923076923077
54,2026-03-08,6,3,1,0,4.0,0.0,1.5714285714285714,1.0714285714285714,0.7575757575757576
54,2026-03-09,0,3,0,0,0.0,3.0,1.5714285714285714,1.0714285714285714,0.746268656716418
54,2026-03-10,1,3,0,0,0.0,0.0,1.1428571428571428,1.0714285714285714,0.7352941176470589
54,2026-03-11,2,3,0,0,0.0,4.0,1.1428571428571428,1.0714285714285714,0.7246376811594203
54,2026-03-12,3,3,0,0,0.0,0.0,0.5714285714285714,0.9285714285714286,0.7142857142857143
54,2026-03-13,4,3,0,0,0.0,0.0,0.5714285714285714,0.9285714285714286,0.704225352112676
54,2026-03-14,5,3,1,0,0.0,4.0,0.5714285714285714,0.9285714285714286,0.6944444444444444
54,2026-03-15,6,3,1,0,0.0,0.0,0.0,0.7857142857142857,0.684931506849315
54,2026-03-16,0,3,0,0,0.0,0.0,0.0,0.7857142857142857,0.6756756756756757
54,2026-03-17,1,3,0,0,0.0,0.0,0.0,0.5714285714285714,0.6666666666666666
54,2026-03-18,2,3,0,0,0.0,0.0,0.0,0.5714285714285714,0.6578947368421053
54,2026-03-19,3,3,0,0,0.0,0.0,0.0,0.2857142857142857,0.6493506493506493
54,2026-03-20,4,3,0,2,0.0,0.0,0.0,0.2857142857142857,0.6410256410256411
54,2026-03-21,5,3,1,1,2.0,0.0,0.2857142857142857,0.42857142857142855,0.6582278481012658
54,2026-03-22,6,3,1,3,1.0,0.0,0.42857142857142855,0.21428571428571427,0.6625
54,2026-03-23,0,3,0,4,3.0,0.0,0.8571428571428571,0.42857142857142855,0.691358024691358
54,2026-03-24,1,3,0,0,4.0,0.0,1.4285714285714286,0.7142857142857143,0.7317073170731707
54,2026-03-25,2,3,0,0,0.0,0.0,1.4285714285714286,0.7142857142857143,0.7228915662650602
54,2026-03-26,3,3,0,0,0.0,0.0,1.4285714285714286,0.7142857142857143,0.7142857142857143
54,2026-03-27,4,3,0,0,0.0,2.0,1.4285714285714286,0.7142857142857143,0.7058823529411765
54,2026-03-28,5,3,1,0,0.0,1.0,1.1428571428571428,0.7142857142857143,0.6976744186046512
54,2026-03-29,6,3,1,0,0.0,3.0,1.0,0.7142857142857143,0.6896551724137931
54,2026-03-30,0,3,0,0,0.0,4.0,0.5714285714285714,0.7142857142857143,0.6818181818181818
54,2026-03-31,1,3,0,4,0.0,0.0,0.0,0.7142857142857143,0.6741573033707865
54,2026-04-01,2,4,0,0,4.0,0.0,0.5714285714285714,1.0,0.7111111111111111
54,2026-04-02,3,4,0,0,0.0,0.0,0.5714285714285714,1.0,0.7032967032967034
54,2026-04-03,4,4,0,0,0.0,0.0,0.5714285714285714,1.0,0.6956521739130435
54,2026-04-04,5,4,1,0,0.0,0.0,0.5714285714285714,0.8571428571428571,0.6881720430107527
54,2026-04-05,6,4,1,0,0.0,0.0,0.5714285714285714,0.7857142857142857,0.6808510638297872
54,2026-04-06,0,4,0,0,0.0,0.0,0.5714285714285714,0.5714285714285714,0.6736842105263158
54,2026-04-07,1,4,0,0,0.0,4.0,0.5714285714285714,0.2857142857142857,0.6666666666666666
54,2026-04-08,2,4,0,0,0.0,0.0,0.0,0.2857142857142857,0.6597938144329897
54,2026-04-09,3,4,0,4,0.0,0.0,0.0,0.2857142857142857,0.6530612244897959
54,2026-04-10,4,4,0,0,4.0,0.0,0.5714285714285714,0.5714285714285714,0.6868686868686869
54,2026-04-11,5,4,1,0,0.0,0.0,0.5714285714285714,0.5714285714285714,0.68
54,2026-04-12,6,4,1,0,0.0,0.0,0.5714285714285714,0.5714285714285714,0.6732673267326733
54,2026-04-13,0,4,0,0,0.0,0.0,0.5714285714285714,0.5714285714285714,0.6666666666666666
54,2026-04-14,1,4,0,0,0.0,0.0,0.5714285714285714,0.5714285714285714,0.6601941747572816
54,2026-04-15,2,4,0,0,0.0,0.0,0.5714285714285714,0.2857142857142857,0.6538461538461539
54,2026-04-16,3,4,0,0,0.0,4.0,0.5714285714285714,0.2857142857142857,0.6476190476190476
54,2026-04-17,4,4,0,0,0.0,0.0,0.0,0.2857142857142857,0.6415094339622641
54,2026-04-18,5,4,1,0,0.0,0.0,0.0,0.2857142857142857,0.6355140186915887
54,2026-04-19,6,4,1,0,0.0,0.0,0.0,0.2857142857142857,0.6296296296296297
54,2026-04-20,0,4,0,3,0.0,0.0,0.0,0.2857142857142857,0.6238532110091743
54,2026-04-21,1,4,0,0,3.0,0.0,0.42857142857142855,0.5,0.6454545454545455
54,2026-04-22,2,4,0,0,0.0,0.0,0.42857142857142855,0.5,0.6396396396396397
54,2026-04-23,3,4,0,4,0.0,0.0,0.42857142857142855,0.5,0.6339285714285714
54,2026-04-24,4,4,0,1,4.0,0.0,1.0,0.5,0.6637168141592921
54,2026-04-25,5,4,1,3,1.0,0.0,1.1428571428571428,0.5714285714285714,0.6666666666666666
54,2026-04-26,6,4,1,0,3.0,0.0,1.5714285714285714,0.7857142857142857,0.6869565217391305
54,2026-04-27,0,4,0,2,0.0,3.0,1.5714285714285714,0.7857142857142857,0.6810344827586207
54,2026-04-28,1,4,0,0,2.0,0.0,1.4285714285714286,0.9285714285714286,0.6923076923076923
54,2026-04-29,2,4,0,4,0.0,0.0,1.4285714285714286,0.9285714285714286,0.6864406779661016
54,2026-04-30,3,4,0,1,4.0,4.0,2.0,1.2142857142857142,0.7142857142857143
55,2026-01-15,3,1,0,8,9.0,7.0,7.142857142857143,7.071428571428571,7.071428571428571
55,2026-01-16,4,1,0,6,8.0,5.0,7.285714285714286,7.214285714285714,7.133333333333334
55,2026-01-17,5,1,1,5,6.0,7.0,7.428571428571429,7.285714285714286,7.0625
55,2026-01-18,6,1,1,6,5.0,8.0,7.142857142857143,7.0,6.9411764705882355
55,2026-01-19,0,1,0,6,6.0,7.0,6.857142857142857,7.0,6.888888888888889
55,2026-01-20,1,1,0,6,6.0,7.0,6.714285714285714,7.0,6.842105263157895
55,2026-01-21,2,1,0,8,6.0,9.0,6.571428571428571,6.857142857142857,6.8
55,2026-01-22,3,1,0,7,8.0,8.0,6.428571428571429,6.785714285714286,6.857142857142857
55,2026-01-23,4,1,0,7,7.0,6.0,6.285714285714286,6.785714285714286,6.863636363636363
55,2026-01-24,5,1,1,7,7.0,5.0,6.428571428571429,6.928571428571429,6.869565217391305
55,2026-01-25,6,1,1,8,7.0,6.0,6.714285714285714,6.928571428571429,6.875
55,2026-01-26,0,1,0,5,8.0,6.0,7.0,6.928571428571429,6.92
55,2026-01-27,1,1,0,4,5.0,6.0,6.857142857142857,6.785714285714286,6.846153846153846
55,2026-01-28,2,1,0,7,4.0,8.0,6.571428571428571,6.571428571428571,6.7407407407407405
55,2026-01-29,3,1,0,8,7.0,7.0,6.428571428571429,6.428571428571429,6.75
55,2026-01-30,4,1,0,7,8.0,7.0,6.571428571428571,6.428571428571429,6.793103448275862
55,2026-01-31,5,1,1,8,7.0,7.0,6.571428571428571,6.5,6.8
55,2026-02-01,6,2,1,11,8.0,8.0,6.714285714285714,6.714285714285714,6.838709677419355
55,2026-02-02,0,2,0,7,11.0,5.0,7.142857142857143,7.071428571428571,6.96875
55,2026-02-03,1,2,0,5,7.0,4.0,7.428571428571429,7.142857142857143,6.96969696969697
55,2026-02-04,2,2,0,7,5.0,7.0,7.571428571428571,7.071428571428571,6.911764705882353
55,2026-02-05,3,2,0,4,7.0,8.0,7.571428571428571,7.0,6.914285714285715
55,2026-02-06,4,2,0,8,4.0,7.0,7.0,6.785714285714286,6.833333333333333
55,2026-02-07,5,2,1,7,8.0,8.0,7.142857142857143,6.857142857142857,6.864864864864865
55,2026-02-08,6,2,1,9,7.0,11.0,7.0,6.857142857142857,6.868421052631579
55,2026-02-09,0,2,0,7,9.0,7.0,6.714285714285714,6.928571428571429,6.923076923076923
55,2026-02-10,1,2,0,6,7.0,5.0,6.714285714285714,7.071428571428571,6.925
55,2026-02-11,2,2,0,5,6.0,7.0,6.857142857142857,7.214285714285714,6.902439024390244
55,2026-02-12,3,2,0,7,5.0,4.0,6.571428571428571,7.071428571428571,6.857142857142857
55,2026-02-13,4,2,0,7,7.0,8.0,7.0,7.0,6.8604651162790695
55,2026-02-14,5,2,1,7,7.0,7.0,6.857142857142857,7.0,6.863636363636363
55,2026-02-15,6,2,1,8,7.0,9.0,6.857142857142857,6.928571428571429,6.866666666666666
55,2026-02-16,0,2,0,6,8.0,7.0,6.714285714285714,6.714285714285714,6.891304347826087
55,2026-02-17,1,2,0,9,6.0,6.0,6.571428571428571,6.642857142857143,6.872340425531915
55,2026-02-18,2,2,0,5,9.0,5.0,7.0,6.928571428571429,6.916666666666667
55,2026-02-19,3,2,0,9,5.0,7.0,7.0,6.785714285714286,6.877551020408164
55,2026-02-20,4,2,0,7,9.0,7.0,7.285714285714286,7.142857142857143,6.92
55,2026-02-21,5,2,1,9,7.0,7.0,7.285714285714286,7.071428571428571,6.921568627450981
55,2026-02-22,6,2,1,7,9.0,8.0,7.571428571428571,7.214285714285714,6.961538461538462
55,2026-02-23,0,2,0,6,7.0,6.0,7.428571428571429,7.071428571428571,6.962264150943396
55,2026-02-24,1,2,0,6,6.0,9.0,7.428571428571429,7.0,6.944444444444445
55,2026-02-25,2,2,0,11,6.0,5.0,7.0,7.0,6.927272727272728
55,2026-02-26,3,2,0,6,11.0,9.0,7.857142857142857,7.428571428571429,7.0
55,2026-02-27,4,2,0,8,6.0,7.0,7.428571428571429,7.357142857142857,6.982456140350878
55,2026-02-28,5,2,1,11,8.0,9.0,7.571428571428571,7.428571428571429,7.0
55,2026-03-01,6,3,1,8,11.0,7.0,7.857142857142857,7.714285714285714,7.067796610169491
55,2026-03-02,0,3,0,7,8.0,6.0,8.0,7.714285714285714,7.083333333333333
55,2026-03-03,1,3,0,6,7.0,6.0,8.142857142857142,7.785714285714286,7.081967213114754
55,2026-03-04,2,3,0,6,6.0,11.0,8.142857142857142,7.571428571428571,7.064516129032258
55,2026-03-05,3,3,0,10,6.0,6.0,7.428571428571429,7.642857142857143,7.0476190476190474
55,2026-03-06,4,3,0,8,10.0,8.0,8.0,7.714285714285714,7.09375
55,2026-03-07,5,3,1,10,8.0,11.0,8.0,7.785714285714286,7.107692307692307
55,2026-03-08,6,3,1,7,10.0,8.0,7.857142857142857,7.857142857142857,7.151515151515151
55,2026-03-09,0,3,0,5,7.0,7.0,7.714285714285714,7.857142857142857,7.149253731343284
55,2026-03-10,1,3,0,9,5.0,6.0,7.428571428571429,7.785714285714286,7.117647058823529
55,2026-03-11,2,3,0,8,9.0,6.0,7.857142857142857,8.0,7.144927536231884
55,2026-03-12,3,3,0,8,8.0,10.0,8.142857142857142,7.785714285714286,7.1571428571428575
55,2026-03-13,4,3,0,9,8.0,8.0,7.857142857142857,7.928571428571429,7.169014084507042
55,2026-03-14,5,3,1,8,9.0,10.0,8.0,8.0,7.194444444444445
55,2026-03-15,6,3,1,10,8.0,7.0,7.714285714285714,7.785714285714286,7.205479452054795
55,2026-03-16,0,3,0,8,10.0,5.0,8.142857142857142,7.928571428571429,7.243243243243243
55,2026-03-17,1,3,0,9,8.0,9.0,8.571428571428571,8.0,7.253333333333333
55,2026-03-18,2,3,0,8,9.0,8.0,8.571428571428571,8.214285714285714,7.276315789473684
55,2026-03-19,3,3,0,6,8.0,8.0,8.571428571428571,8.357142857142858,7.285714285714286
55,2026-03-20,4,3,0,6,6.0,9.0,8.285714285714286,8.071428571428571,7.269230769230769
55,2026-03-21,5,3,1,10,6.0,8.0,7.857142857142857,7.928571428571429,7.253164556962025
55,2026-03-22,6,3,1,9,10.0,10.0,8.142857142857142,7.928571428571429,7.2875
55,2026-03-23,0,3,0,9,9.0,8.0,8.0,8.071428571428571,7.308641975308642
55,2026-03-24,1,3,0,10,9.0,9.0,8.142857142857142,8.357142857142858,7.329268292682927
55,2026-03-25,2,3,0,11,10.0,8.0,8.285714285714286,8.428571428571429,7.36144578313253
55,2026-03-26,3,3,0,9,11.0,6.0,8.714285714285714,8.642857142857142,7.404761904761905
55,2026-03-27,4,3,0,7,9.0,6.0,9.142857142857142,8.714285714285714,7.423529411764706
55,2026-03-28,5,3,1,9,7.0,10.0,9.285714285714286,8.571428571428571,7.4186046511627906
55,2026-03-29,6,3,1,9,9.0,9.0,9.142857142857142,8.642857142857142,7.436781609195402
55,2026-03-30,0,3,0,10,9.0,9.0,9.142857142857142,8.571428571428571,7.454545454545454
55,2026-03-31,1,3,0,9,10.0,10.0,9.285714285714286,8.714285714285714,7.48314606741573
55,2026-04-01,2,4,0,8,9.0,11.0,9.142857142857142,8.714285714285714,7.5
55,2026-04-02,3,4,0,8,8.0,9.0,8.714285714285714,8.714285714285714,7.5054945054945055
55,2026-04-03,4,4,0,6,8.0,7.0,8.571428571428571,8.857142857142858,7.510869565217392
55,2026-04-04,5,4,1,6,6.0,9.0,8.428571428571429,8.857142857142858,7.494623655913978
55,2026-04-05,6,4,1,11,6.0,9.0,8.0,8.571428571428571,7.4787234042553195
55,2026-04-06,0,4,0,7,11.0,10.0,8.285714285714286,8.714285714285714,7.515789473684211
55,2026-04-07,1,4,0,8,7.0,9.0,7.857142857142857,8.571428571428571,7.510416666666667
55,2026-04-08,2,4,0,9,8.0,8.0,7.714285714285714,8.428571428571429,7.515463917525773
55,2026-04-09,3,4,0,7,9.0,8.0,7.857142857142857,8.285714285714286,7.530612244897959
55,2026-04-10,4,4,0,6,7.0,6.0,7.714285714285714,8.142857142857142,7.525252525252525
55,2026-04-11,5,4,1,7,6.0,6.0,7.714285714285714,8.071428571428571,7.51
55,2026-04-12,6,4,1,12,7.0,11.0,7.857142857142857,7.928571428571429,7.5049504950495045
55,2026-04-13,0,4,0,9,12.0,7.0,8.0,8.142857142857142,7.549019607843137
55,2026-04-14,1,4,0,8,9.0,8.0,8.285714285714286,8.071428571428571,7.563106796116505
55,2026-04-15,2,4,0,8,8.0,9.0,8.285714285714286,8.0,7.5673076923076925
55,2026-04-16,3,4,0,10,8.0,7.0,8.142857142857142,8.0,7.571428571428571
55,2026-04-17,4,4,0,7,10.0,6.0,8.571428571428571,8.142857142857142,7.59433962264151
55,2026-04-18,5,4,1,8,7.0,7.0,8.714285714285714,8.214285714285714,7.588785046728972
55,2026-04-19,6,4,1,11,8.0,12.0,8.857142857142858,8.357142857142858,7.592592592592593
55,2026-04-20,0,4,0,5,11.0,9.0,8.714285714285714,8.357142857142858,7.623853211009174
55,2026-04-21,1,4,0,6,5.0,8.0,8.142857142857142,8.214285714285714,7.6
55,2026-04-22,2,4,0,8,6.0,8.0,7.857142857142857,8.071428571428571,7.585585585585585
55,2026-04-23,3,4,0,7,8.0,10.0,7.857142857142857,8.0,7.589285714285714
55,2026-04-24,4,4,0,7,7.0,7.0,7.428571428571429,8.0,7.584070796460177
55,2026-04-25,5,4,1,9,7.0,8.0,7.428571428571429,8.071428571428571,7.578947368421052
55,2026-04-26,6,4,1,10,9.0,11.0,7.571428571428571,8.214285714285714,7.591304347826087
55,2026-04-27,0,4,0,9,10.0,5.0,7.428571428571429,8.071428571428571,7.612068965517241
55,2026-04-28,1,4,0,9,9.0,6.0,8.0,8.071428571428571,7.6239316239316235
55,2026-04-29,2,4,0,9,9.0,8.0,8.428571428571429,8.142857142857142,7.635593220338983
55,2026-04-30,3,4,0,9,9.0,7.0,8.571428571428571,8.214285714285714,7.647058823529412
56,2026-01-15,3,1,0,8,9.0,6.0,8.285714285714286,8.0,8.0
56,2026-01-16,4,1,0,6,8.0,9.0,8.571428571428571,7.857142857142857,8.0
56,2026-01-17,5,1,1,10,6.0,9.0,8.142857142857142,7.857142857142857,7.875
56,2026-01-18,6,1,1,9,10.0,11.0,8.285714285714286,7.928571428571429,8.0
56,2026-01-19,0,1,0,10,9.0,6.0,8.0,8.071428571428571,8.055555555555555
56,2026-01-20,1,1,0,9,10.0,8.0,8.571428571428571,8.214285714285714,8.157894736842104
56,2026-01-21,2,1,0,7,9.0,9.0,8.714285714285714,8.357142857142858,8.2
56,2026-01-22,3,1,0,6,7.0,8.0,8.428571428571429,8.357142857142858,8.142857142857142
56,2026-01-23,4,1,0,9,6.0,6.0,8.142857142857142,8.357142857142858,8.045454545454545
56,2026-01-24,5,1,1,8,9.0,10.0,8.571428571428571,8.357142857142858,8.08695652173913
56,2026-01-25,6,1,1,8,8.0,9.0,8.285714285714286,8.285714285714286,8.083333333333334
56,2026-01-26,0,1,0,7,8.0,10.0,8.142857142857142,8.071428571428571,8.08
56,2026-01-27,1,1,0,7,7.0,9.0,7.714285714285714,8.142857142857142,8.038461538461538
56,2026-01-28,2,1,0,9,7.0,7.0,7.428571428571429,8.071428571428571,8.0
56,2026-01-29,3,1,0,8,9.0,6.0,7.714285714285714,8.071428571428571,8.035714285714286
56,2026-01-30,4,1,0,9,8.0,9.0,8.0,8.071428571428571,8.03448275862069
56,2026-01-31,5,1,1,8,9.0,8.0,8.0,8.285714285714286,8.066666666666666
56,2026-02-01,6,2,1,7,8.0,8.0,8.0,8.142857142857142,8.064516129032258
56,2026-02-02,0,2,0,5,7.0,7.0,7.857142857142857,8.0,8.03125
56,2026-02-03,1,2,0,7,5.0,7.0,7.571428571428571,7.642857142857143,7.9393939393939394
56,2026-02-04,2,2,0,10,7.0,9.0,7.571428571428571,7.5,7.911764705882353
56,2026-02-05,3,2,0,6,10.0,8.0,7.714285714285714,7.714285714285714,7.9714285714285715
56,2026-02-06,4,2,0,9,6.0,9.0,7.428571428571429,7.714285714285714,7.916666666666667
56,2026-02-07,5,2,1,9,9.0,8.0,7.428571428571429,7.714285714285714,7.945945945945946
56,2026-02-08,6,2,1,10,9.0,7.0,7.571428571428571,7.785714285714286,7.973684210526316
56,2026-02-09,0,2,0,8,10.0,5.0,8.0,7.928571428571429,8.025641025641026
56,2026-02-10,1,2,0,9,8.0,7.0,8.428571428571429,8.0,8.025
56,2026-02-11,2,2,0,9,9.0,10.0,8.714285714285714,8.142857142857142,8.048780487804878
56,2026-02-12,3,2,0,8,9.0,6.0,8.571428571428571,8.142857142857142,8.071428571428571
56,2026-02-13,4,2,0,10,8.0,9.0,8.857142857142858,8.142857142857142,8.069767441860465
56,2026-02-14,5,2,1,9,10.0,9.0,9.0,8.214285714285714,8.113636363636363
56,2026-02-15,6,2,1,11,9.0,10.0,9.0,8.285714285714286,8.133333333333333
56,2026-02-16,0,2,0,6,11.0,8.0,9.142857142857142,8.571428571428571,8.195652173913043
56,2026-02-17,1,2,0,9,6.0,9.0,8.857142857142858,8.642857142857142,8.148936170212766
56,2026-02-18,2,2,0,8,9.0,9.0,8.857142857142858,8.785714285714286,8.166666666666666
56,2026-02-19,3,2,0,7,8.0,8.0,8.714285714285714,8.642857142857142,8.16326530612245
56,2026-02-20,4,2,0,7,7.0,10.0,8.571428571428571,8.714285714285714,8.14
56,2026-02-21,5,2,1,11,7.0,9.0,8.142857142857142,8.571428571428571,8.117647058823529
56,2026-02-22,6,2,1,9,11.0,11.0,8.428571428571429,8.714285714285714,8.173076923076923
56,2026-02-23,0,2,0,8,9.0,6.0,8.142857142857142,8.642857142857142,8.18867924528302
56,2026-02-24,1,2,0,7,8.0,9.0,8.428571428571429,8.642857142857142,8.185185185185185
56,2026-02-25,2,2,0,7,7.0,8.0,8.142857142857142,8.5,8.163636363636364
56,2026-02-26,3,2,0,9,7.0,7.0,8.0,8.357142857142858,8.142857142857142
56,2026-02-27,4,2,0,7,9.0,7.0,8.285714285714286,8.428571428571429,8.157894736842104
56,2026-02-28,5,2,1,9,7.0,11.0,8.285714285714286,8.214285714285714,8.137931034482758
56,2026-03-01,6,3,1,12,9.0,9.0,8.0,8.214285714285714,8.152542372881356
56,2026-03-02,0,3,0,10,12.0,8.0,8.428571428571429,8.285714285714286,8.216666666666667
56,2026-03-03,1,3,0,12,10.0,7.0,8.714285714285714,8.571428571428571,8.245901639344263
56,2026-03-04,2,3,0,8,12.0,7.0,9.428571428571429,8.785714285714286,8.306451612903226
56,2026-03-05,3,3,0,12,8.0,9.0,9.571428571428571,8.785714285714286,8.301587301587302
56,2026-03-06,4,3,0,8,12.0,7.0,10.0,9.142857142857142,8.359375
56,2026-03-07,5,3,1,12,8.0,9.0,10.142857142857142,9.214285714285714,8.353846153846154
56,2026-03-08,6,3,1,9,12.0,12.0,10.571428571428571,9.285714285714286,8.409090909090908
56,2026-03-09,0,3,0,11,9.0,10.0,10.142857142857142,9.285714285714286,8.417910447761194
56,2026-03-10,1,3,0,11,11.0,12.0,10.285714285714286,9.5,8.455882352941176
56,2026-03-11,2,3,0,7,11.0,8.0,10.142857142857142,9.785714285714286,8.492753623188406
56,2026-03-12,3,3,0,7,7.0,12.0,10.0,9.785714285714286,8.471428571428572
56,2026-03-13,4,3,0,8,7.0,8.0,9.285714285714286,9.642857142857142,8.450704225352112
56,2026-03-14,5,3,1,11,8.0,12.0,9.285714285714286,9.714285714285714,8.444444444444445
56,2026-03-15,6,3,1,8,11.0,9.0,9.142857142857142,9.857142857142858,8.479452054794521
56,2026-03-16,0,3,0,10,8.0,11.0,9.0,9.571428571428571,8.472972972972974
56,2026-03-17,1,3,0,7,10.0,11.0,8.857142857142858,9.571428571428571,8.493333333333334
56,2026-03-18,2,3,0,8,7.0,7.0,8.285714285714286,9.214285714285714,8.473684210526315
56,2026-03-19,3,3,0,10,8.0,7.0,8.428571428571429,9.214285714285714,8.467532467532468
56,2026-03-20,4,3,0,10,10.0,8.0,8.857142857142858,9.071428571428571,8.487179487179487
56,2026-03-21,5,3,1,7,10.0,11.0,9.142857142857142,9.214285714285714,8.50632911392405
56,2026-03-22,6,3,1,8,7.0,8.0,8.571428571428571,8.857142857142858,8.4875
56,2026-03-23,0,3,0,10,8.0,10.0,8.571428571428571,8.785714285714286,8.481481481481481
56,2026-03-24,1,3,0,5,10.0,7.0,8.571428571428571,8.714285714285714,8.5
56,2026-03-25,2,3,0,8,5.0,8.0,8.285714285714286,8.285714285714286,8.457831325301205
56,2026-03-26,3,3,0,8,8.0,10.0,8.285714285714286,8.357142857142858,8.452380952380953
56,2026-03-27,4,3,0,8,8.0,10.0,8.0,8.428571428571429,8.447058823529412
56,2026-03-28,5,3,1,10,8.0,7.0,7.714285714285714,8.428571428571429,8.44186046511628
56,2026-03-29,6,3,1,10,10.0,8.0,8.142857142857142,8.357142857142858,8.459770114942529
56,2026-03-30,0,3,0,9,10.0,10.0,8.428571428571429,8.5,8.477272727272727
56,2026-03-31,1,3,0,10,9.0,5.0,8.285714285714286,8.428571428571429,8.48314606741573
56,2026-04-01,2,4,0,7,10.0,8.0,9.0,8.642857142857142,8.5
56,2026-04-02,3,4,0,9,7.0,8.0,8.857142857142858,8.571428571428571,8.483516483516484
56,2026-04-03,4,4,0,8,9.0,8.0,9.0,8.5,8.48913043478261
56,2026-04-04,5,4,1,12,8.0,10.0,9.0,8.357142857142858,8.483870967741936
56,2026-04-05,6,4,1,11,12.0,10.0,9.285714285714286,8.714285714285714,8.52127659574468
56,2026-04-06,0,4,0,8,11.0,9.0,9.428571428571429,8.928571428571429,8.547368421052632
56,2026-04-07,1,4,0,8,8.0,10.0,9.285714285714286,8.785714285714286,8.541666666666666
56,2026-04-08,2,4,0,8,8.0,7.0,9.0,9.0,8.536082474226804
56,2026-04-09,3,4,0,13,8.0,9.0,9.142857142857142,9.0,8.53061224489796
56,2026-04-10,4,4,0,9,13.0,8.0,9.714285714285714,9.357142857142858,8.575757575757576
56,2026-04-11,5,4,1,8,9.0,12.0,9.857142857142858,9.428571428571429,8.58
56,2026-04-12,6,4,1,10,8.0,11.0,9.285714285714286,9.285714285714286,8.574257425742575
56,2026-04-13,0,4,0,5,10.0,8.0,9.142857142857142,9.285714285714286,8.588235294117647
56,2026-04-14,1,4,0,9,5.0,8.0,8.714285714285714,9.0,8.553398058252426
56,2026-04-15,2,4,0,9,9.0,8.0,8.857142857142858,8.928571428571429,8.557692307692308
56,2026-04-16,3,4,0,8,9.0,13.0,9.0,9.071428571428571,8.561904761904762
56,2026-04-17,4,4,0,8,8.0,9.0,8.285714285714286,9.0,8.556603773584905
56,2026-04-18,5,4,1,11,8.0,8.0,8.142857142857142,9.0,8.551401869158878
56,2026-04-19,6,4,1,10,11.0,10.0,8.571428571428571,8.928571428571429,8.574074074074074
56,2026-04-20,0,4,0,10,10.0,5.0,8.571428571428571,8.857142857142858,8.587155963302752
56,2026-04-21,1,4,0,9,10.0,9.0,9.285714285714286,9.0,8.6
56,2026-04-22,2,4,0,9,9.0,9.0,9.285714285714286,9.071428571428571,8.603603603603604
56,2026-04-23,3,4,0,9,9.0,8.0,9.285714285714286,9.142857142857142,8.607142857142858
56,2026-04-24,4,4,0,9,9.0,8.0,9.428571428571429,8.857142857142858,8.610619469026549
56,2026-04-25,5,4,1,12,9.0,11.0,9.571428571428571,8.857142857142858,8.614035087719298
56,2026-04-26,6,4,1,9,12.0,10.0,9.714285714285714,9.142857142857142,8.643478260869566
56,2026-04-27,0,4,0,9,9.0,10.0,9.571428571428571,9.071428571428571,8.64655172413793
56,2026-04-28,1,4,0,10,9.0,9.0,9.428571428571429,9.357142857142858,8.649572649572649
56,2026-04-29,2,4,0,8,10.0,9.0,9.571428571428571,9.428571428571429,8.661016949152541
56,2026-04-30,3,4,0,11,8.0,9.0,9.428571428571429,9.357142857142858,8.655462184873949
57,2026-01-15,3,1,0,34,31.0,45.0,33.142857142857146,32.785714285714285,32.785714285714285
57,2026-01-16,4,1,0,42,34.0,29.0,31.571428571428573,32.785714285714285,32.86666666666667
57,2026-01-17,5,1,1,38,42.0,32.0,33.42857142857143,34.357142857142854,33.4375
57,2026-01-18,6,1,1,33,38.0,29.0,34.285714285714285,34.642857142857146,33.705882352941174
57,2026-01-19,0,1,0,36,33.0,40.0,34.857142857142854,34.07142857142857,33.666666666666664
57,2026-01-20,1,1,0,36,36.0,26.0,34.285714285714285,34.642857142857146,33.78947368421053
57,2026-01-21,2,1,0,35,36.0,31.0,35.714285714285715,34.214285714285715,33.9
57,2026-01-22,3,1,0,30,35.0,34.0,36.285714285714285,34.714285714285715,33.95238095238095
57,2026-01-23,4,1,0,34,30.0,42.0,35.714285714285715,33.642857142857146,33.77272727272727
57,2026-01-24,5,1,1,42,34.0,38.0,34.57142857142857,34.0,33.78260869565217
57,2026-01-25,6,1,1,43,42.0,33.0,35.142857142857146,34.714285714285715,34.125
57,2026-01-26,0,1,0,33,43.0,36.0,36.57142857142857,35.714285714285715,34.48
57,2026-01-27,1,1,0,34,33.0,36.0,36.142857142857146,35.214285714285715,34.42307692307692
57,2026-01-28,2,1,0,41,34.0,35.0,35.857142857142854,35.785714285714285,34.407407407407405
57,2026-01-29,3,1,0,43,41.0,30.0,36.714285714285715,36.5,34.642857142857146
57,2026-01-30,4,1,0,39,43.0,34.0,38.57142857142857,37.142857142857146,34.93103448275862
57,2026-01-31,5,1,1,40,39.0,42.0,39.285714285714285,36.92857142857143,35.06666666666667
57,2026-02-01,6,2,1,36,40.0,43.0,39.0,37.07142857142857,35.225806451612904
57,2026-02-02,0,2,0,20,36.0,33.0,38.0,37.285714285714285,35.25
57,2026-02-03,1,2,0,35,20.0,34.0,36.142857142857146,36.142857142857146,34.78787878787879
57,2026-02-04,2,2,0,38,35.0,41.0,36.285714285714285,36.07142857142857,34.794117647058826
57,2026-02-05,3,2,0,40,38.0,43.0,35.857142857142854,36.285714285714285,34.885714285714286
57,2026-02-06,4,2,0,24,40.0,39.0,35.42857142857143,37.0,35.02777777777778
57,2026-02-07,5,2,1,51,24.0,40.0,33.285714285714285,36.285714285714285,34.729729729729726
57,2026-02-08,6,2,1,45,51.0,36.0,34.857142857142854,36.92857142857143,35.1578947368421
57,2026-02-09,0,2,0,39,45.0,20.0,36.142857142857146,37.07142857142857,35.41025641025641
57,2026-02-10,1,2,0,41,39.0,35.0,38.857142857142854,37.5,35.5
57,2026-02-11,2,2,0,32,41.0,38.0,39.714285714285715,38.0,35.63414634146341
57,2026-02-12,3,2,0,22,32.0,40.0,38.857142857142854,37.357142857142854,35.54761904761905
57,2026-02-13,4,2,0,38,22.0,24.0,36.285714285714285,35.857142857142854,35.23255813953488
57,2026-02-14,5,2,1,30,38.0,51.0,38.285714285714285,35.785714285714285,35.29545454545455
57,2026-02-15,6,2,1,41,30.0,45.0,35.285714285714285,35.07142857142857,35.17777777777778
57,2026-02-16,0,2,0,32,41.0,39.0,34.714285714285715,35.42857142857143,35.30434782608695
57,2026-02-17,1,2,0,36,32.0,41.0,33.714285714285715,36.285714285714285,35.234042553191486
57,2026-02-18,2,2,0,27,36.0,32.0,33.0,36.357142857142854,35.25
57,2026-02-19,3,2,0,27,27.0,22.0,32.285714285714285,35.57142857142857,35.08163265306123
57,2026-02-20,4,2,0,49,27.0,38.0,33.0,34.642857142857146,34.92
57,2026-02-21,5,2,1,41,49.0,30.0,34.57142857142857,36.42857142857143,35.19607843137255
57,2026-02-22,6,2,1,38,41.0,41.0,36.142857142857146,35.714285714285715,35.30769230769231
57,2026-02-23,0,2,0,43,38.0,32.0,35.714285714285715,35.214285714285715,35.35849056603774
57,2026-02-24,1,2,0,42,43.0,36.0,37.285714285714285,35.5,35.5
57,2026-02-25,2,2,0,40,42.0,27.0,38.142857142857146,35.57142857142857,35.61818181818182
57,2026-02-26,3,2,0,34,40.0,27.0,40.0,36.142857142857146,35.69642857142857
57,2026-02-27,4,2,0,46,34.0,49.0,41.0,37.0,35.666666666666664
57,2026-02-28,5,2,1,38,46.0,41.0,40.57142857142857,37.57142857142857,35.8448275862069
57,2026-03-01,6,3,1,33,38.0,38.0,40.142857142857146,38.142857142857146,35.88135593220339
57,2026-03-02,0,3,0,46,33.0,43.0,39.42857142857143,37.57142857142857,35.833333333333336
57,2026-03-03,1,3,0,40,46.0,42.0,39.857142857142854,38.57142857142857,36.0
57,2026-03-04,2,3,0,37,40.0,40.0,39.57142857142857,38.857142857142854,36.064516129032256
57,2026-03-05,3,3,0,49,37.0,34.0,39.142857142857146,39.57142857142857,36.07936507936508
57,2026-03-06,4,3,0,30,49.0,46.0,41.285714285714285,41.142857142857146,36.28125
57,2026-03-07,5,3,1,31,30.0,38.0,39.0,39.785714285714285,36.184615384615384
57,2026-03-08,6,3,1,41,31.0,33.0,38.0,39.07142857142857,36.10606060606061
57,2026-03-09,0,3,0,44,41.0,46.0,39.142857142857146,39.285714285714285,36.17910447761194
57,2026-03-10,1,3,0,45,44.0,40.0,38.857142857142854,39.357142857142854,36.294117647058826
57,2026-03-11,2,3,0,33,45.0,37.0,39.57142857142857,39.57142857142857,36.42028985507246
57,2026-03-12,3,3,0,30,33.0,49.0,39.0,39.07142857142857,36.371428571428574
57,2026-03-13,4,3,0,29,30.0,30.0,36.285714285714285,38.785714285714285,36.28169014084507
57,2026-03-14,5,3,1,44,29.0,31.0,36.142857142857146,37.57142857142857,36.18055555555556
57,2026-03-15,6,3,1,51,44.0,41.0,38.0,38.0,36.28767123287671
57,2026-03-16,0,3,0,43,51.0,44.0,39.42857142857143,39.285714285714285,36.486486486486484
57,2026-03-17,1,3,0,43,43.0,45.0,39.285714285714285,39.07142857142857,36.57333333333333
57,2026-03-18,2,3,0,46,43.0,33.0,39.0,39.285714285714285,36.6578947368421
57,2026-03-19,3,3,0,43,46.0,30.0,40.857142857142854,39.92857142857143,36.77922077922078
57,2026-03-20,4,3,0,27,43.0,29.0,42.714285714285715,39.5,36.85897435897436
57,2026-03-21,5,3,1,41,27.0,44.0,42.42857142857143,39.285714285714285,36.734177215189874
57,2026-03-22,6,3,1,47,41.0,51.0,42.0,40.0,36.7875
57,2026-03-23,0,3,0,35,47.0,43.0,41.42857142857143,40.42857142857143,36.91358024691358
57,2026-03-24,1,3,0,38,35.0,43.0,40.285714285714285,39.785714285714285,36.890243902439025
57,2026-03-25,2,3,0,33,38.0,46.0,39.57142857142857,39.285714285714285,36.903614457831324
57,2026-03-26,3,3,0,27,33.0,43.0,37.714285714285715,39.285714285714285,36.857142857142854
57,2026-03-27,4,3,0,48,27.0,27.0,35.42857142857143,39.07142857142857,36.741176470588236
57,2026-03-28,5,3,1,50,48.0,41.0,38.42857142857143,40.42857142857143,36.872093023255815
57,2026-03-29,6,3,1,48,50.0,47.0,39.714285714285715,40.857142857142854,37.02298850574713
57,2026-03-30,0,3,0,41,48.0,35.0,39.857142857142854,40.642857142857146,37.14772727272727
57,2026-03-31,1,3,0,47,41.0,38.0,40.714285714285715,40.5,37.19101123595506
57,2026-04-01,2,4,0,47,47.0,33.0,42.0,40.785714285714285,37.3
57,2026-04-02,3,4,0,39,47.0,27.0,44.0,40.857142857142854,37.40659340659341
57,2026-04-03,4,4,0,41,39.0,48.0,45.714285714285715,40.57142857142857,37.42391304347826
57,2026-04-04,5,4,1,58,41.0,50.0,44.714285714285715,41.57142857142857,37.46236559139785
57,2026-04-05,6,4,1,48,58.0,48.0,45.857142857142854,42.785714285714285,37.680851063829785
57,2026-04-06,0,4,0,46,48.0,41.0,45.857142857142854,42.857142857142854,37.78947368421053
57,2026-04-07,1,4,0,31,46.0,47.0,46.57142857142857,43.642857142857146,37.875
57,2026-04-08,2,4,0,40,31.0,47.0,44.285714285714285,43.142857142857146,37.8041237113402
57,2026-04-09,3,4,0,31,40.0,39.0,43.285714285714285,43.642857142857146,37.826530612244895
57,2026-04-10,4,4,0,34,31.0,41.0,42.142857142857146,43.92857142857143,37.75757575757576
57,2026-04-11,5,4,1,34,34.0,58.0,41.142857142857146,42.92857142857143,37.72
57,2026-04-12,6,4,1,54,34.0,48.0,37.714285714285715,41.785714285714285,37.68316831683168
57,2026-04-13,0,4,0,42,54.0,46.0,38.57142857142857,42.214285714285715,37.84313725490196
57,2026-04-14,1,4,0,41,42.0,31.0,38.0,42.285714285714285,37.883495145631066
57,2026-04-15,2,4,0,41,41.0,40.0,39.42857142857143,41.857142857142854,37.91346153846154
57,2026-04-16,3,4,0,46,41.0,31.0,39.57142857142857,41.42857142857143,37.94285714285714
57,2026-04-17,4,4,0,27,46.0,34.0,41.714285714285715,41.92857142857143,38.0188679245283
57,2026-04-18,5,4,1,45,27.0,34.0,40.714285714285715,40.92857142857143,37.91588785046729
57,2026-04-19,6,4,1,57,45.0,54.0,42.285714285714285,40.0,37.98148148148148
57,2026-04-20,0,4,0,38,57.0,42.0,42.714285714285715,40.642857142857146,38.15596330275229
57,2026-04-21,1,4,0,25,38.0,41.0,42.142857142857146,40.07142857142857,38.154545454545456
57,2026-04-22,2,4,0,41,25.0,41.0,39.857142857142854,39.642857142857146,38.03603603603604
57,2026-04-23,3,4,0,49,41.0,46.0,39.857142857142854,39.714285714285715,38.0625
57,2026-04-24,4,4,0,28,49.0,27.0,40.285714285714285,41.0,38.15929203539823
57,2026-04-25,5,4,1,47,28.0,45.0,40.42857142857143,40.57142857142857,38.07017543859649
57,2026-04-26,6,4,1,46,47.0,57.0,40.714285714285715,41.5,38.14782608695652
57,2026-04-27,0,4,0,40,46.0,38.0,39.142857142857146,40.92857142857143,38.21551724137931
57,2026-04-28,1,4,0,27,40.0,25.0,39.42857142857143,40.785714285714285,38.23076923076923
57,2026-04-29,2,4,0,33,27.0,41.0,39.714285714285715,39.785714285714285,38.13559322033898
57,2026-04-30,3,4,0,47,33.0,49.0,38.57142857142857,39.214285714285715,38.09243697478992
58,2026-01-15,3,1,0,0,0.0,1.0,1.0,1.0,1.0
58,2026-01-16,4,1,0,0,0.0,4.0,0.8571428571428571,1.0,0.9333333333333333
58,2026-01-17,5,1,1,0,0.0,0.0,0.2857142857142857,0.7857142857142857,0.875
58,2026-01-18,6,1,1,0,0.0,0.0,0.2857142857142857,0.7857142857142857,0.8235294117647058
58,2026-01-19,0,1,0,1,0.0,0.0,0.2857142857142857,0.7857142857142857,0.7777777777777778
58,2026-01-20,1,1,0,0,1.0,2.0,0.42857142857142855,0.5714285714285714,0.7894736842105263
58,2026-01-21,2,1,0,0,0.0,0.0,0.14285714285714285,0.5714285714285714,0.75
58,2026-01-22,3,1,0,0,0.0,0.0,0.14285714285714285,0.5714285714285714,0.7142857142857143
58,2026-01-23,4,1,0,0,0.0,0.0,0.14285714285714285,0.5,0.6818181818181818
58,2026-01-24,5,1,1,3,0.0,0.0,0.14285714285714285,0.21428571428571427,0.6521739130434783
58,2026-01-25,6,1,1,0,3.0,0.0,0.5714285714285714,0.42857142857142855,0.75
58,2026-01-26,0,1,0,0,0.0,1.0,0.5714285714285714,0.42857142857142855,0.72
58,2026-01-27,1,1,0,1,0.0,0.0,0.42857142857142855,0.42857142857142855,0.6923076923076923
58,2026-01-28,2,1,0,0,1.0,0.0,0.5714285714285714,0.35714285714285715,0.7037037037037037
58,2026-01-29,3,1,0,0,0.0,0.0,0.5714285714285714,0.35714285714285715,0.6785714285714286
58,2026-01-30,4,1,0,0,0.0,0.0,0.5714285714285714,0.35714285714285715,0.6551724137931034
58,2026-01-31,5,1,1,0,0.0,3.0,0.5714285714285714,0.35714285714285715,0.6333333333333333
58,2026-02-01,6,2,1,0,0.0,0.0,0.14285714285714285,0.35714285714285715,0.6129032258064516
58,2026-02-02,0,2,0,0,0.0,0.0,0.14285714285714285,0.35714285714285715,0.59375
58,2026-02-03,1,2,0,0,0.0,1.0,0.14285714285714285,0.2857142857142857,0.5757575757575758
58,2026-02-04,2,2,0,0,0.0,0.0,0.0,0.2857142857142857,0.5588235294117647
58,2026-02-05,3,2,0,0,0.0,0.0,0.0,0.2857142857142857,0.5428571428571428
58,2026-02-06,4,2,0,0,0.0,0.0,0.0,0.2857142857142857,0.5277777777777778
58,2026-02-07,5,2,1,0,0.0,0.0,0.0,0.2857142857142857,0.5135135135135135
58,2026-02-08,6,2,1,3,0.0,0.0,0.0,0.07142857142857142,0.5
58,2026-02-09,0,2,0,0,3.0,0.0,0.42857142857142855,0.2857142857142857,0.5641025641025641
58,2026-02-10,1,2,0,3,0.0,0.0,0.42857142857142855,0.2857142857142857,0.55
58,2026-02-11,2,2,0,4,3.0,0.0,0.8571428571428571,0.42857142857142855,0.6097560975609756
58,2026-02-12,3,2,0,0,4.0,0.0,1.4285714285714286,0.7142857142857143,0.6904761904761905
58,2026-02-13,4,2,0,0,0.0,0.0,1.4285714285714286,0.7142857142857143,0.6744186046511628
58,2026-02-14,5,2,1,0,0.0,0.0,1.4285714285714286,0.7142857142857143,0.6590909090909091
58,2026-02-15,6,2,1,0,0.0,3.0,1.4285714285714286,0.7142857142857143,0.6444444444444445
58,2026-02-16,0,2,0,0,0.0,0.0,1.0,0.7142857142857143,0.6304347826086957
58,2026-02-17,1,2,0,0,0.0,3.0,1.0,0.7142857142857143,0.6170212765957447
58,2026-02-18,2,2,0,0,0.0,4.0,0.5714285714285714,0.7142857142857143,0.6041666666666666
58,2026-02-19,3,2,0,0,0.0,0.0,0.0,0.7142857142857143,0.5918367346938775
58,2026-02-20,4,2,0,0,0.0,0.0,0.0,0.7142857142857143,0.58
58,2026-02-21,5,2,1,0,0.0,0.0,0.0,0.7142857142857143,0.5686274509803921
58,2026-02-22,6,2,1,0,0.0,0.0,0.0,0.7142857142857143,0.5576923076923077
58,2026-02-23,0,2,0,2,0.0,0.0,0.0,0.5,0.5471698113207547
58,2026-02-24,1,2,0,0,2.0,0.0,0.2857142857142857,0.6428571428571429,0.5740740740740741
58,2026-02-25,2,2,0,0,0.0,0.0,0.2857142857142857,0.42857142857142855,0.5636363636363636
58,2026-02-26,3,2,0,0,0.0,0.0,0.2857142857142857,0.14285714285714285,0.5535714285714286
58,2026-02-27,4,2,0,0,0.0,0.0,0.2857142857142857,0.14285714285714285,0.543859649122807
58,2026-02-28,5,2,1,0,0.0,0.0,0.2857142857142857,0.14285714285714285,0.5344827586206896
58,2026-03-01,6,3,1,0,0.0,0.0,0.2857142857142857,0.14285714285714285,0.5254237288135594
58,2026-03-02,0,3,0,0,0.0,2.0,0.2857142857142857,0.14285714285714285,0.5166666666666667
58,2026-03-03,1,3,0,0,0.0,0.0,0.0,0.14285714285714285,0.5081967213114754
58,2026-03-04,2,3,0,0,0.0,0.0,0.0,0.14285714285714285,0.5
58,2026-03-05,3,3,0,0,0.0,0.0,0.0,0.14285714285714285,0.49206349206349204
58,2026-03-06,4,3,0,2,0.0,0.0,0.0,0.14285714285714285,0.484375
58,2026-03-07,5,3,1,0,2.0,0.0,0.2857142857142857,0.2857142857142857,0.5076923076923077
58,2026-03-08,6,3,1,3,0.0,0.0,0.2857142857142857,0.2857142857142857,0.5
58,2026-03-09,0,3,0,0,3.0,0.0,0.7142857142857143,0.5,0.5373134328358209
58,2026-03-10,1,3,0,0,0.0,0.0,0.7142857142857143,0.35714285714285715,0.5294117647058824
58,2026-03-11,2,3,0,0,0.0,0.0,0.7142857142857143,0.35714285714285715,0.5217391304347826
58,2026-03-12,3,3,0,0,0.0,0.0,0.7142857142857143,0.35714285714285715,0.5142857142857142
58,2026-03-13,4,3,0,0,0.0,2.0,0.7142857142857143,0.35714285714285715,0.5070422535211268
58,2026-03-14,5,3,1,0,0.0,0.0,0.42857142857142855,0.35714285714285715,0.5
58,2026-03-15,6,3,1,0,0.0,3.0,0.42857142857142855,0.35714285714285715,0.4931506849315068
58,2026-03-16,0,3,0,0,0.0,0.0,0.0,0.35714285714285715,0.4864864864864865
58,2026-03-17,1,3,0,3,0.0,0.0,0.0,0.35714285714285715,0.48
58,2026-03-18,2,3,0,0,3.0,0.0,0.42857142857142855,0.5714285714285714,0.5131578947368421
58,2026-03-19,3,3,0,0,0.0,0.0,0.42857142857142855,0.5714285714285714,0.5064935064935064
58,2026-03-20,4,3,0,0,0.0,0.0,0.42857142857142855,0.5714285714285714,0.5
58,2026-03-21,5,3,1,3,0.0,0.0,0.42857142857142855,0.42857142857142855,0.4936708860759494
58,2026-03-22,6,3,1,2,3.0,0.0,0.8571428571428571,0.6428571428571429,0.525
58,2026-03-23,0,3,0,0,2.0,0.0,1.1428571428571428,0.5714285714285714,0.5432098765432098
58,2026-03-24,1,3,0,0,0.0,3.0,1.1428571428571428,0.5714285714285714,0.5365853658536586
58,2026-03-25,2,3,0,0,0.0,0.0,0.7142857142857143,0.5714285714285714,0.5301204819277109
58,2026-03-26,3,3,0,3,0.0,0.0,0.7142857142857143,0.5714285714285714,0.5238095238095238
58,2026-03-27,4,3,0,4,3.0,0.0,1.1428571428571428,0.7857142857142857,0.5529411764705883
58,2026-03-28,5,3,1,0,4.0,3.0,1.7142857142857142,1.0714285714285714,0.5930232558139535
58,2026-03-29,6,3,1,0,0.0,2.0,1.2857142857142858,1.0714285714285714,0.5862068965517241
58,2026-03-30,0,3,0,4,0.0,0.0,1.0,1.0714285714285714,0.5795454545454546
58,2026-03-31,1,3,0,4,4.0,0.0,1.5714285714285714,1.3571428571428572,0.6179775280898876
58,2026-04-01,2,4,0,1,4.0,0.0,2.142857142857143,1.4285714285714286,0.6555555555555556
58,2026-04-02,3,4,0,0,1.0,3.0,2.2857142857142856,1.5,0.6593406593406593
58,2026-04-03,4,4,0,0,0.0,4.0,1.8571428571428572,1.5,0.6521739130434783
58,2026-04-04,5,4,1,0,0.0,0.0,1.2857142857142858,1.5,0.6451612903225806
58,2026-04-05,6,4,1,0,0.0,0.0,1.2857142857142858,1.2857142857142858,0.6382978723404256
58,2026-04-06,0,4,0,0,0.0,4.0,1.2857142857142858,1.1428571428571428,0.631578947368421
58,2026-04-07,1,4,0,0,0.0,4.0,0.7142857142857143,1.1428571428571428,0.625
58,2026-04-08,2,4,0,3,0.0,1.0,0.14285714285714285,1.1428571428571428,0.6185567010309279
58,2026-04-09,3,4,0,2,3.0,0.0,0.42857142857142855,1.3571428571428572,0.6428571428571429
58,2026-04-10,4,4,0,0,2.0,0.0,0.7142857142857143,1.2857142857142858,0.6565656565656566
58,2026-04-11,5,4,1,0,0.0,0.0,0.7142857142857143,1.0,0.65
58,2026-04-12,6,4,1,0,0.0,0.0,0.7142857142857143,1.0,0.6435643564356436
58,2026-04-13,0,4,0,3,0.0,0.0,0.7142857142857143,1.0,0.6372549019607843
58,2026-04-14,1,4,0,0,3.0,0.0,1.1428571428571428,0.9285714285714286,0.6601941747572816
58,2026-04-15,2,4,0,0,0.0,3.0,1.1428571428571428,0.6428571428571429,0.6538461538461539
58,2026-04-16,3,4,0,3,0.0,2.0,0.7142857142857143,0.5714285714285714,0.6476190476190476
58,2026-04-17,4,4,0,0,3.0,0.0,0.8571428571428571,0.7857142857142857,0.6698113207547169
58,2026-04-18,5,4,1,0,0.0,0.0,0.8571428571428571,0.7857142857142857,0.6635514018691588
58,2026-04-19,6,4,1,0,0.0,0.0,0.8571428571428571,0.7857142857142857,0.6574074074074074
58,2026-04-20,0,4,0,0,0.0,3.0,0.8571428571428571,0.7857142857142857,0.6513761467889908
58,2026-04-21,1,4,0,0,0.0,0.0,0.42857142857142855,0.7857142857142857,0.6454545454545455
58,2026-04-22,2,4,0,0,0.0,0.0,0.42857142857142855,0.7857142857142857,0.6396396396396397
58,2026-04-23,3,4,0,0,0.0,3.0,0.42857142857142855,0.5714285714285714,0.6339285714285714
58,2026-04-24,4,4,0,0,0.0,0.0,0.0,0.42857142857142855,0.6283185840707964
58,2026-04-25,5,4,1,2,0.0,0.0,0.0,0.42857142857142855,0.6228070175438597
58,2026-04-26,6,4,1,0,2.0,0.0,0.2857142857142857,0.5714285714285714,0.6347826086956522
58,2026-04-27,0,4,0,4,0.0,0.0,0.2857142857142857,0.5714285714285714,0.6293103448275862
58,2026-04-28,1,4,0,0,4.0,0.0,0.8571428571428571,0.6428571428571429,0.6581196581196581
58,2026-04-29,2,4,0,0,0.0,0.0,0.8571428571428571,0.6428571428571429,0.652542372881356
58,2026-04-30,3,4,0,0,0.0,0.0,0.8571428571428571,0.6428571428571429,0.6470588235294118
59,2026-01-15,3,1,0,4,3.0,3.0,3.142857142857143,3.357142857142857,3.357142857142857
59,2026-01-16,4,1,0,2,4.0,3.0,3.2857142857142856,3.357142857142857,3.4
59,2026-01-17,5,1,1,3,2.0,3.0,3.142857142857143,3.2857142857142856,3.3125
59,2026-01-18,6,1,1,4,3.0,3.0,3.142857142857143,3.2857142857142856,3.2941176470588234
59,2026-01-19,0,1,0,3,4.0,3.0,3.2857142857142856,3.2142857142857144,3.3333333333333335
59,2026-01-20,1,1,0,3,3.0,4.0,3.2857142857142856,3.2142857142857144,3.3157894736842106
59,2026-01-21,2,1,0,4,3.0,3.0,3.142857142857143,3.2142857142857144,3.3
59,2026-01-22,3,1,0,3,4.0,4.0,3.2857142857142856,3.2142857142857144,3.3333333333333335
59,2026-01-23,4,1,0,3,3.0,2.0,3.142857142857143,3.2142857142857144,3.3181818181818183
59,2026-01-24,5,1,1,4,3.0,3.0,3.2857142857142856,3.2142857142857144,3.3043478260869565
59,2026-01-25,6,1,1,3,4.0,4.0,3.4285714285714284,3.2857142857142856,3.3333333333333335
59,2026-01-26,0,1,0,3,3.0,3.0,3.2857142857142856,3.2857142857142856,3.32
59,2026-01-27,1,1,0,3,3.0,3.0,3.2857142857142856,3.2857142857142856,3.3076923076923075
59,2026-01-28,2,1,0,3,3.0,4.0,3.2857142857142856,3.2142857142857144,3.2962962962962963
59,2026-01-29,3,1,0,2,3.0,3.0,3.142857142857143,3.2142857142857144,3.2857142857142856
59,2026-01-30,4,1,0,3,2.0,3.0,3.0,3.0714285714285716,3.2413793103448274
59,2026-01-31,5,1,1,4,3.0,4.0,3.0,3.142857142857143,3.2333333333333334
59,2026-02-01,6,2,1,4,4.0,3.0,3.0,3.2142857142857144,3.2580645161290325
59,2026-02-02,0,2,0,2,4.0,3.0,3.142857142857143,3.2142857142857144,3.28125
59,2026-02-03,1,2,0,3,2.0,3.0,3.0,3.142857142857143,3.242424242424242
59,2026-02-04,2,2,0,3,3.0,3.0,3.0,3.142857142857143,3.235294117647059
59,2026-02-05,3,2,0,5,3.0,2.0,3.0,3.0714285714285716,3.2285714285714286
59,2026-02-06,4,2,0,5,5.0,3.0,3.4285714285714284,3.2142857142857144,3.2777777777777777
59,2026-02-07,5,2,1,4,5.0,4.0,3.7142857142857144,3.357142857142857,3.324324324324324
59,2026-02-08,6,2,1,4,4.0,4.0,3.7142857142857144,3.357142857142857,3.3421052631578947
59,2026-02-09,0,2,0,3,4.0,2.0,3.7142857142857144,3.4285714285714284,3.358974358974359
59,2026-02-10,1,2,0,3,3.0,3.0,3.857142857142857,3.4285714285714284,3.35
59,2026-02-11,2,2,0,3,3.0,3.0,3.857142857142857,3.4285714285714284,3.341463414634146
59,2026-02-12,3,2,0,4,3.0,5.0,3.857142857142857,3.4285714285714284,3.3333333333333335
59,2026-02-13,4,2,0,4,4.0,5.0,3.7142857142857144,3.5714285714285716,3.3488372093023258
59,2026-02-14,5,2,1,3,4.0,4.0,3.5714285714285716,3.642857142857143,3.3636363636363638
59,2026-02-15,6,2,1,4,3.0,4.0,3.4285714285714284,3.5714285714285716,3.3555555555555556
59,2026-02-16,0,2,0,4,4.0,3.0,3.4285714285714284,3.5714285714285716,3.369565217391304
59,2026-02-17,1,2,0,3,4.0,3.0,3.5714285714285716,3.7142857142857144,3.382978723404255
59,2026-02-18,2,2,0,4,3.0,3.0,3.5714285714285716,3.7142857142857144,3.375
59,2026-02-19,3,2,0,4,4.0,4.0,3.7142857142857144,3.7857142857142856,3.3877551020408165
59,2026-02-20,4,2,0,4,4.0,4.0,3.7142857142857144,3.7142857142857144,3.4
59,2026-02-21,5,2,1,4,4.0,3.0,3.7142857142857144,3.642857142857143,3.411764705882353
59,2026-02-22,6,2,1,3,4.0,4.0,3.857142857142857,3.642857142857143,3.423076923076923
59,2026-02-23,0,2,0,3,3.0,4.0,3.7142857142857144,3.5714285714285716,3.4150943396226414
59,2026-02-24,1,2,0,4,3.0,3.0,3.5714285714285716,3.5714285714285716,3.4074074074074074
59,2026-02-25,2,2,0,3,4.0,4.0,3.7142857142857144,3.642857142857143,3.418181818181818
59,2026-02-26,3,2,0,3,3.0,4.0,3.5714285714285716,3.642857142857143,3.4107142857142856
59,2026-02-27,4,2,0,5,3.0,4.0,3.4285714285714284,3.5714285714285716,3.4035087719298245
59,2026-02-28,5,2,1,3,5.0,4.0,3.5714285714285716,3.642857142857143,3.4310344827586206
59,2026-03-01,6,3,1,3,3.0,3.0,3.4285714285714284,3.642857142857143,3.4237288135593222
59,2026-03-02,0,3,0,5,3.0,3.0,3.4285714285714284,3.5714285714285716,3.4166666666666665
59,2026-03-03,1,3,0,4,5.0,4.0,3.7142857142857144,3.642857142857143,3.442622950819672
59,2026-03-04,2,3,0,4,4.0,3.0,3.7142857142857144,3.7142857142857144,3.4516129032258065
59,2026-03-05,3,3,0,4,4.0,3.0,3.857142857142857,3.7142857142857144,3.4603174603174605
59,2026-03-06,4,3,0,3,4.0,5.0,4.0,3.7142857142857144,3.46875
59,2026-03-07,5,3,1,5,3.0,3.0,3.7142857142857144,3.642857142857143,3.4615384615384617
59,2026-03-08,6,3,1,4,5.0,3.0,4.0,3.7142857142857144,3.484848484848485
59,2026-03-09,0,3,0,5,4.0,5.0,4.142857142857143,3.7857142857142856,3.4925373134328357
59,2026-03-10,1,3,0,3,5.0,4.0,4.142857142857143,3.9285714285714284,3.514705882352941
59,2026-03-11,2,3,0,3,3.0,4.0,4.0,3.857142857142857,3.5072463768115942
59,2026-03-12,3,3,0,3,3.0,4.0,3.857142857142857,3.857142857142857,3.5
59,2026-03-13,4,3,0,4,3.0,3.0,3.7142857142857144,3.857142857142857,3.492957746478873
59,2026-03-14,5,3,1,4,4.0,5.0,3.857142857142857,3.7857142857142856,3.5
59,2026-03-15,6,3,1,4,4.0,4.0,3.7142857142857144,3.857142857142857,3.506849315068493
59,2026-03-16,0,3,0,3,4.0,5.0,3.7142857142857144,3.9285714285714284,3.5135135135135136
59,2026-03-17,1,3,0,3,3.0,3.0,3.4285714285714284,3.7857142857142856,3.506666666666667
59,2026-03-18,2,3,0,4,3.0,3.0,3.4285714285714284,3.7142857142857144,3.5
59,2026-03-19,3,3,0,4,4.0,3.0,3.5714285714285716,3.7142857142857144,3.5064935064935066
59,2026-03-20,4,3,0,3,4.0,4.0,3.7142857142857144,3.7142857142857144,3.5128205128205128
59,2026-03-21,5,3,1,4,3.0,4.0,3.5714285714285716,3.7142857142857144,3.5063291139240507
59,2026-03-22,6,3,1,3,4.0,4.0,3.5714285714285716,3.642857142857143,3.5125
59,2026-03-23,0,3,0,4,3.0,3.0,3.4285714285714284,3.5714285714285716,3.506172839506173
59,2026-03-24,1,3,0,3,4.0,3.0,3.5714285714285716,3.5,3.5121951219512195
59,2026-03-25,2,3,0,4,3.0,4.0,3.5714285714285716,3.5,3.5060240963855422
59,2026-03-26,3,3,0,3,4.0,4.0,3.5714285714285716,3.5714285714285716,3.511904761904762
59,2026-03-27,4,3,0,5,3.0,3.0,3.4285714285714284,3.5714285714285716,3.5058823529411764
59,2026-03-28,5,3,1,6,5.0,4.0,3.7142857142857144,3.642857142857143,3.5232558139534884
59,2026-03-29,6,3,1,5,6.0,3.0,4.0,3.7857142857142856,3.5517241379310347
59,2026-03-30,0,3,0,5,5.0,4.0,4.285714285714286,3.857142857142857,3.5681818181818183
59,2026-03-31,1,3,0,4,5.0,3.0,4.428571428571429,4.0,3.5842696629213484
59,2026-04-01,2,4,0,5,4.0,4.0,4.571428571428571,4.071428571428571,3.588888888888889
59,2026-04-02,3,4,0,4,5.0,3.0,4.714285714285714,4.142857142857143,3.6043956043956045
59,2026-04-03,4,4,0,4,4.0,5.0,4.857142857142857,4.142857142857143,3.608695652173913
59,2026-04-04,5,4,1,4,4.0,6.0,4.714285714285714,4.214285714285714,3.6129032258064515
59,2026-04-05,6,4,1,6,4.0,5.0,4.428571428571429,4.214285714285714,3.617021276595745
59,2026-04-06,0,4,0,4,6.0,5.0,4.571428571428571,4.428571428571429,3.642105263157895
59,2026-04-07,1,4,0,5,4.0,4.0,4.428571428571429,4.428571428571429,3.6458333333333335
59,2026-04-08,2,4,0,4,5.0,5.0,4.571428571428571,4.571428571428571,3.6597938144329896
59,2026-04-09,3,4,0,2,4.0,4.0,4.428571428571429,4.571428571428571,3.663265306122449
59,2026-04-10,4,4,0,4,2.0,4.0,4.142857142857143,4.5,3.6464646464646466
59,2026-04-11,5,4,1,5,4.0,4.0,4.142857142857143,4.428571428571429,3.65
59,2026-04-12,6,4,1,6,5.0,6.0,4.285714285714286,4.357142857142857,3.6633663366336635
59,2026-04-13,0,4,0,6,6.0,4.0,4.285714285714286,4.428571428571429,3.6862745098039214
59,2026-04-14,1,4,0,4,6.0,5.0,4.571428571428571,4.5,3.70873786407767
59,2026-04-15,2,4,0,5,4.0,4.0,4.428571428571429,4.5,3.7115384615384617
59,2026-04-16,3,4,0,4,5.0,2.0,4.571428571428571,4.5,3.723809523809524
59,2026-04-17,4,4,0,5,4.0,4.0,4.857142857142857,4.5,3.7264150943396226
59,2026-04-18,5,4,1,4,5.0,5.0,5.0,4.571428571428571,3.7383177570093458
59,2026-04-19,6,4,1,5,4.0,6.0,4.857142857142857,4.571428571428571,3.740740740740741
59,2026-04-20,0,4,0,4,5.0,6.0,4.714285714285714,4.5,3.7522935779816513
59,2026-04-21,1,4,0,4,4.0,4.0,4.428571428571429,4.5,3.7545454545454544
59,2026-04-22,2,4,0,4,4.0,5.0,4.428571428571429,4.428571428571429,3.7567567567567566
59,2026-04-23,3,4,0,3,4.0,4.0,4.285714285714286,4.428571428571429,3.7589285714285716
59,2026-04-24,4,4,0,2,3.0,5.0,4.142857142857143,4.5,3.752212389380531
59,2026-04-25,5,4,1,5,2.0,4.0,3.7142857142857144,4.357142857142857,3.736842105263158
59,2026-04-26,6,4,1,6,5.0,5.0,3.857142857142857,4.357142857142857,3.747826086956522
59,2026-04-27,0,4,0,4,6.0,4.0,4.0,4.357142857142857,3.7672413793103448
59,2026-04-28,1,4,0,4,4.0,4.0,4.0,4.214285714285714,3.769230769230769
59,2026-04-29,2,4,0,4,4.0,4.0,4.0,4.214285714285714,3.7711864406779663
59,2026-04-30,3,4,0,3,4.0,3.0,4.0,4.142857142857143,3.773109243697479
60,2026-01-15,3,1,0,1,0.0,0.0,0.0,0.0,0.0
60,2026-01-16,4,1,0,0,1.0,0.0,0.14285714285714285,0.07142857142857142,0.06666666666666667
60,2026-01-17,5,1,1,3,0.0,0.0,0.14285714285714285,0.07142857142857142,0.0625
60,2026-01-18,6,1,1,4,3.0,0.0,0.5714285714285714,0.2857142857142857,0.23529411764705882
60,2026-01-19,0,1,0,0,4.0,0.0,1.1428571428571428,0.5714285714285714,0.4444444444444444
60,2026-01-20,1,1,0,2,0.0,0.0,1.1428571428571428,0.5714285714285714,0.42105263157894735
60,2026-01-21,2,1,0,0,2.0,0.0,1.4285714285714286,0.7142857142857143,0.5
60,2026-01-22,3,1,0,4,0.0,1.0,1.4285714285714286,0.7142857142857143,0.47619047619047616
60,2026-01-23,4,1,0,3,4.0,0.0,1.8571428571428572,1.0,0.6363636363636364
60,2026-01-24,5,1,1,1,3.0,3.0,2.2857142857142856,1.2142857142857142,0.7391304347826086
60,2026-01-25,6,1,1,0,1.0,4.0,2.0,1.2857142857142858,0.75
60,2026-01-26,0,1,0,0,0.0,0.0,1.4285714285714286,1.2857142857142858,0.72
60,2026-01-27,1,1,0,0,0.0,2.0,1.4285714285714286,1.2857142857142858,0.6923076923076923
60,2026-01-28,2,1,0,2,0.0,0.0,1.1428571428571428,1.2857142857142858,0.6666666666666666
60,2026-01-29,3,1,0,0,2.0,4.0,1.4285714285714286,1.4285714285714286,0.7142857142857143
60,2026-01-30,4,1,0,1,0.0,3.0,0.8571428571428571,1.3571428571428572,0.6896551724137931
60,2026-01-31,5,1,1,0,1.0,1.0,0.5714285714285714,1.4285714285714286,0.7
60,2026-02-01,6,2,1,0,0.0,0.0,0.42857142857142855,1.2142857142857142,0.6774193548387096
60,2026-02-02,0,2,0,0,0.0,0.0,0.42857142857142855,0.9285714285714286,0.65625
60,2026-02-03,1,2,0,1,0.0,0.0,0.42857142857142855,0.9285714285714286,0.6363636363636364
60,2026-02-04,2,2,0,0,1.0,2.0,0.5714285714285714,0.8571428571428571,0.6470588235294118
60,2026-02-05,3,2,0,4,0.0,0.0,0.2857142857142857,0.8571428571428571,0.6285714285714286
60,2026-02-06,4,2,0,0,4.0,1.0,0.8571428571428571,0.8571428571428571,0.7222222222222222
60,2026-02-07,5,2,1,3,0.0,0.0,0.7142857142857143,0.6428571428571429,0.7027027027027027
60,2026-02-08,6,2,1,2,3.0,0.0,1.1428571428571428,0.7857142857142857,0.7631578947368421
60,2026-02-09,0,2,0,0,2.0,0.0,1.4285714285714286,0.9285714285714286,0.7948717948717948
60,2026-02-10,1,2,0,0,0.0,1.0,1.4285714285714286,0.9285714285714286,0.775
60,2026-02-11,2,2,0,0,0.0,0.0,1.2857142857142858,0.9285714285714286,0.7560975609756098
60,2026-02-12,3,2,0,0,0.0,4.0,1.2857142857142858,0.7857142857142857,0.7380952380952381
60,2026-02-13,4,2,0,0,0.0,0.0,0.7142857142857143,0.7857142857142857,0.7209302325581395
60,2026-02-14,5,2,1,3,0.0,3.0,0.7142857142857143,0.7142857142857143,0.7045454545454546
60,2026-02-15,6,2,1,4,3.0,2.0,0.7142857142857143,0.9285714285714286,0.7555555555555555
60,2026-02-16,0,2,0,0,4.0,0.0,1.0,1.2142857142857142,0.8260869565217391
60,2026-02-17,1,2,0,0,0.0,0.0,1.0,1.2142857142857142,0.8085106382978723
60,2026-02-18,2,2,0,0,0.0,0.0,1.0,1.1428571428571428,0.7916666666666666
60,2026-02-19,3,2,0,1,0.0,0.0,1.0,1.1428571428571428,0.7755102040816326
60,2026-02-20,4,2,0,0,1.0,0.0,1.1428571428571428,0.9285714285714286,0.78
60,2026-02-21,5,2,1,0,0.0,3.0,1.1428571428571428,0.9285714285714286,0.7647058823529411
60,2026-02-22,6,2,1,0,0.0,4.0,0.7142857142857143,0.7142857142857143,0.75
60,2026-02-23,0,2,0,0,0.0,0.0,0.14285714285714285,0.5714285714285714,0.7358490566037735
60,2026-02-24,1,2,0,0,0.0,0.0,0.14285714285714285,0.5714285714285714,0.7222222222222222
60,2026-02-25,2,2,0,0,0.0,0.0,0.14285714285714285,0.5714285714285714,0.7090909090909091
60,2026-02-26,3,2,0,1,0.0,1.0,0.14285714285714285,0.5714285714285714,0.6964285714285714
60,2026-02-27,4,2,0,0,1.0,0.0,0.14285714285714285,0.6428571428571429,0.7017543859649122
60,2026-02-28,5,2,1,0,0.0,0.0,0.14285714285714285,0.6428571428571429,0.6896551724137931
60,2026-03-01,6,3,1,4,0.0,0.0,0.14285714285714285,0.42857142857142855,0.6779661016949152
60,2026-03-02,0,3,0,0,4.0,0.0,0.7142857142857143,0.42857142857142855,0.7333333333333333
60,2026-03-03,1,3,0,4,0.0,0.0,0.7142857142857143,0.42857142857142855,0.7213114754098361
60,2026-03-04,2,3,0,2,4.0,0.0,1.2857142857142858,0.7142857142857143,0.7741935483870968
60,2026-03-05,3,3,0,0,2.0,1.0,1.5714285714285714,0.8571428571428571,0.7936507936507936
60,2026-03-06,4,3,0,0,0.0,0.0,1.4285714285714286,0.7857142857142857,0.78125
60,2026-03-07,5,3,1,0,0.0,0.0,1.4285714285714286,0.7857142857142857,0.7692307692307693
60,2026-03-08,6,3,1,0,0.0,4.0,1.4285714285714286,0.7857142857142857,0.7575757575757576
60,2026-03-09,0,3,0,0,0.0,0.0,0.8571428571428571,0.7857142857142857,0.746268656716418
60,2026-03-10,1,3,0,0,0.0,4.0,0.8571428571428571,0.7857142857142857,0.7352941176470589
60,2026-03-11,2,3,0,2,0.0,2.0,0.2857142857142857,0.7857142857142857,0.7246376811594203
60,2026-03-12,3,3,0,0,2.0,0.0,0.2857142857142857,0.9285714285714286,0.7428571428571429
60,2026-03-13,4,3,0,2,0.0,0.0,0.2857142857142857,0.8571428571428571,0.7323943661971831
60,2026-03-14,5,3,1,0,2.0,0.0,0.5714285714285714,1.0,0.75
60,2026-03-15,6,3,1,4,0.0,0.0,0.5714285714285714,1.0,0.7397260273972602
60,2026-03-16,0,3,0,2,4.0,0.0,1.1428571428571428,1.0,0.7837837837837838
60,2026-03-17,1,3,0,0,2.0,0.0,1.4285714285714286,1.1428571428571428,0.8
60,2026-03-18,2,3,0,0,0.0,2.0,1.4285714285714286,0.8571428571428571,0.7894736842105263
60,2026-03-19,3,3,0,0,0.0,0.0,1.1428571428571428,0.7142857142857143,0.7792207792207793
60,2026-03-20,4,3,0,0,0.0,2.0,1.1428571428571428,0.7142857142857143,0.7692307692307693
60,2026-03-21,5,3,1,2,0.0,0.0,0.8571428571428571,0.7142857142857143,0.759493670886076
60,2026-03-22,6,3,1,0,2.0,4.0,1.1428571428571428,0.8571428571428571,0.775
60,2026-03-23,0,3,0,0,0.0,2.0,0.5714285714285714,0.8571428571428571,0.7654320987654321
60,2026-03-24,1,3,0,1,0.0,0.0,0.2857142857142857,0.8571428571428571,0.7560975609756098
60,2026-03-25,2,3,0,0,1.0,0.0,0.42857142857142855,0.9285714285714286,0.7590361445783133
60,2026-03-26,3,3,0,0,0.0,0.0,0.42857142857142855,0.7857142857142857,0.75
60,2026-03-27,4,3,0,0,0.0,0.0,0.42857142857142855,0.7857142857142857,0.7411764705882353
60,2026-03-28,5,3,1,0,0.0,2.0,0.42857142857142855,0.6428571428571429,0.7325581395348837
60,2026-03-29,6,3,1,4,0.0,0.0,0.14285714285714285,0.6428571428571429,0.7241379310344828
60,2026-03-30,0,3,0,0,4.0,0.0,0.7142857142857143,0.6428571428571429,0.7613636363636364
60,2026-03-31,1,3,0,0,0.0,1.0,0.7142857142857143,0.5,0.7528089887640449
60,2026-04-01,2,4,0,0,0.0,0.0,0.5714285714285714,0.5,0.7444444444444445
60,2026-04-02,3,4,0,0,0.0,0.0,0.5714285714285714,0.5,0.7362637362637363
60,2026-04-03,4,4,0,0,0.0,0.0,0.5714285714285714,0.5,0.7282608695652174
60,2026-04-04,5,4,1,0,0.0,0.0,0.5714285714285714,0.5,0.7204301075268817
60,2026-04-05,6,4,1,0,0.0,4.0,0.5714285714285714,0.35714285714285715,0.7127659574468085
60,2026-04-06,0,4,0,3,0.0,0.0,0.0,0.35714285714285715,0.7052631578947368
60,2026-04-07,1,4,0,0,3.0,0.0,0.42857142857142855,0.5714285714285714,0.7291666666666666
60,2026-04-08,2,4,0,1,0.0,0.0,0.42857142857142855,0.5,0.7216494845360825
60,2026-04-09,3,4,0,3,1.0,0.0,0.5714285714285714,0.5714285714285714,0.7244897959183674
60,2026-04-10,4,4,0,0,3.0,0.0,1.0,0.7857142857142857,0.7474747474747475
60,2026-04-11,5,4,1,4,0.0,0.0,1.0,0.7857142857142857,0.74
60,2026-04-12,6,4,1,0,4.0,0.0,1.5714285714285714,1.0714285714285714,0.7722772277227723
60,2026-04-13,0,4,0,0,0.0,3.0,1.5714285714285714,0.7857142857142857,0.7647058823529411
60,2026-04-14,1,4,0,0,0.0,0.0,1.1428571428571428,0.7857142857142857,0.7572815533980582
60,2026-04-15,2,4,0,4,0.0,1.0,1.1428571428571428,0.7857142857142857,0.75
60,2026-04-16,3,4,0,3,4.0,3.0,1.5714285714285714,1.0714285714285714,0.780952380952381
60,2026-04-17,4,4,0,0,3.0,0.0,1.5714285714285714,1.2857142857142858,0.8018867924528302
60,2026-04-18,5,4,1,2,0.0,4.0,1.5714285714285714,1.2857142857142858,0.794392523364486
60,2026-04-19,6,4,1,1,2.0,0.0,1.2857142857142858,1.4285714285714286,0.8055555555555556
60,2026-04-20,0,4,0,0,1.0,0.0,1.4285714285714286,1.5,0.8073394495412844
60,2026-04-21,1,4,0,0,0.0,0.0,1.4285714285714286,1.2857142857142858,0.8
60,2026-04-22,2,4,0,0,0.0,4.0,1.4285714285714286,1.2857142857142858,0.7927927927927928
60,2026-04-23,3,4,0,0,0.0,3.0,0.8571428571428571,1.2142857142857142,0.7857142857142857
60,2026-04-24,4,4,0,0,0.0,0.0,0.42857142857142855,1.0,0.7787610619469026
60,2026-04-25,5,4,1,0,0.0,2.0,0.42857142857142855,1.0,0.7719298245614035
60,2026-04-26,6,4,1,2,0.0,1.0,0.14285714285714285,0.7142857142857143,0.7652173913043478
60,2026-04-27,0,4,0,0,2.0,0.0,0.2857142857142857,0.8571428571428571,0.7758620689655172
60,2026-04-28,1,4,0,0,0.0,0.0,0.2857142857142857,0.8571428571428571,0.7692307692307693
60,2026-04-29,2,4,0,0,0.0,0.0,0.2857142857142857,0.8571428571428571,0.7627118644067796
60,2026-04-30,3,4,0,2,0.0,0.0,0.2857142857142857,0.5714285714285714,0.7563025210084033
61,2026-01-15,3,1,0,3,3.0,4.0,3.4285714285714284,3.2142857142857144,3.2142857142857144
61,2026-01-16,4,1,0,2,3.0,4.0,3.2857142857142856,3.2142857142857144,3.2
61,2026-01-17,5,1,1,4,2.0,3.0,3.0,3.142857142857143,3.125
61,2026-01-18,6,1,1,4,4.0,4.0,3.142857142857143,3.2142857142857144,3.176470588235294
61,2026-01-19,0,1,0,4,4.0,3.0,3.142857142857143,3.2142857142857144,3.2222222222222223
61,2026-01-20,1,1,0,3,4.0,3.0,3.2857142857142856,3.2857142857142856,3.263157894736842
61,2026-01-21,2,1,0,3,3.0,3.0,3.2857142857142856,3.357142857142857,3.25
61,2026-01-22,3,1,0,3,3.0,3.0,3.2857142857142856,3.357142857142857,3.238095238095238
61,2026-01-23,4,1,0,3,3.0,2.0,3.2857142857142856,3.2857142857142856,3.227272727272727
61,2026-01-24,5,1,1,3,3.0,4.0,3.4285714285714284,3.2142857142857144,3.217391304347826
61,2026-01-25,6,1,1,4,3.0,4.0,3.2857142857142856,3.2142857142857144,3.2083333333333335
61,2026-01-26,0,1,0,3,4.0,4.0,3.2857142857142856,3.2142857142857144,3.24
61,2026-01-27,1,1,0,3,3.0,3.0,3.142857142857143,3.2142857142857144,3.230769230769231
61,2026-01-28,2,1,0,1,3.0,3.0,3.142857142857143,3.2142857142857144,3.2222222222222223
61,2026-01-29,3,1,0,3,1.0,3.0,2.857142857142857,3.0714285714285716,3.142857142857143
61,2026-01-30,4,1,0,3,3.0,3.0,2.857142857142857,3.0714285714285716,3.1379310344827585
61,2026-01-31,5,1,1,4,3.0,3.0,2.857142857142857,3.142857142857143,3.1333333333333333
61,2026-02-01,6,2,1,3,4.0,4.0,3.0,3.142857142857143,3.161290322580645
61,2026-02-02,0,2,0,2,3.0,3.0,2.857142857142857,3.0714285714285716,3.15625
61,2026-02-03,1,2,0,2,2.0,3.0,2.7142857142857144,2.9285714285714284,3.121212121212121
61,2026-02-04,2,2,0,2,2.0,1.0,2.5714285714285716,2.857142857142857,3.088235294117647
61,2026-02-05,3,2,0,4,2.0,3.0,2.7142857142857144,2.7857142857142856,3.057142857142857
61,2026-02-06,4,2,0,4,4.0,3.0,2.857142857142857,2.857142857142857,3.0833333333333335
61,2026-02-07,5,2,1,4,4.0,4.0,3.0,2.9285714285714284,3.108108108108108
61,2026-02-08,6,2,1,3,4.0,3.0,3.0,3.0,3.1315789473684212
61,2026-02-09,0,2,0,4,3.0,2.0,3.0,2.9285714285714284,3.128205128205128
61,2026-02-10,1,2,0,5,4.0,2.0,3.2857142857142856,3.0,3.15
61,2026-02-11,2,2,0,3,5.0,2.0,3.7142857142857144,3.142857142857143,3.1951219512195124
61,2026-02-12,3,2,0,3,3.0,4.0,3.857142857142857,3.2857142857142856,3.1904761904761907
61,2026-02-13,4,2,0,4,3.0,4.0,3.7142857142857144,3.2857142857142856,3.186046511627907
61,2026-02-14,5,2,1,4,4.0,4.0,3.7142857142857144,3.357142857142857,3.2045454545454546
61,2026-02-15,6,2,1,5,4.0,3.0,3.7142857142857144,3.357142857142857,3.2222222222222223
61,2026-02-16,0,2,0,2,5.0,4.0,4.0,3.5,3.260869565217391
61,2026-02-17,1,2,0,5,2.0,5.0,3.7142857142857144,3.5,3.234042553191489
61,2026-02-18,2,2,0,3,5.0,3.0,3.7142857142857144,3.7142857142857144,3.2708333333333335
61,2026-02-19,3,2,0,4,3.0,3.0,3.7142857142857144,3.7857142857142856,3.2653061224489797
61,2026-02-20,4,2,0,3,4.0,4.0,3.857142857142857,3.7857142857142856,3.28
61,2026-02-21,5,2,1,3,3.0,4.0,3.7142857142857144,3.7142857142857144,3.2745098039215685
61,2026-02-22,6,2,1,5,3.0,5.0,3.5714285714285716,3.642857142857143,3.269230769230769
61,2026-02-23,0,2,0,3,5.0,2.0,3.5714285714285716,3.7857142857142856,3.30188679245283
61,2026-02-24,1,2,0,5,3.0,5.0,3.7142857142857144,3.7142857142857144,3.2962962962962963
61,2026-02-25,2,2,0,3,5.0,3.0,3.7142857142857144,3.7142857142857144,3.327272727272727
61,2026-02-26,3,2,0,2,3.0,4.0,3.7142857142857144,3.7142857142857144,3.3214285714285716
61,2026-02-27,4,2,0,3,2.0,3.0,3.4285714285714284,3.642857142857143,3.2982456140350878
61,2026-02-28,5,2,1,4,3.0,3.0,3.4285714285714284,3.5714285714285716,3.293103448275862
61,2026-03-01,6,3,1,5,4.0,5.0,3.5714285714285716,3.5714285714285716,3.305084745762712
61,2026-03-02,0,3,0,5,5.0,3.0,3.5714285714285716,3.5714285714285716,3.3333333333333335
61,2026-03-03,1,3,0,3,5.0,5.0,3.857142857142857,3.7857142857142856,3.360655737704918
61,2026-03-04,2,3,0,2,3.0,3.0,3.5714285714285716,3.642857142857143,3.3548387096774195
61,2026-03-05,3,3,0,3,2.0,2.0,3.4285714285714284,3.5714285714285716,3.3333333333333335
61,2026-03-06,4,3,0,1,3.0,3.0,3.5714285714285716,3.5,3.328125
61,2026-03-07,5,3,1,6,1.0,4.0,3.2857142857142856,3.357142857142857,3.292307692307692
61,2026-03-08,6,3,1,4,6.0,5.0,3.5714285714285716,3.5714285714285716,3.3333333333333335
61,2026-03-09,0,3,0,4,4.0,5.0,3.4285714285714284,3.5,3.343283582089552
61,2026-03-10,1,3,0,4,4.0,3.0,3.2857142857142856,3.5714285714285716,3.3529411764705883
61,2026-03-11,2,3,0,3,4.0,2.0,3.4285714285714284,3.5,3.36231884057971
61,2026-03-12,3,3,0,4,3.0,3.0,3.5714285714285716,3.5,3.357142857142857
61,2026-03-13,4,3,0,4,4.0,1.0,3.7142857142857144,3.642857142857143,3.3661971830985915
61,2026-03-14,5,3,1,3,4.0,6.0,4.142857142857143,3.7142857142857144,3.375
61,2026-03-15,6,3,1,4,3.0,4.0,3.7142857142857144,3.642857142857143,3.3698630136986303
61,2026-03-16,0,3,0,4,4.0,4.0,3.7142857142857144,3.5714285714285716,3.3783783783783785
61,2026-03-17,1,3,0,4,4.0,4.0,3.7142857142857144,3.5,3.3866666666666667
61,2026-03-18,2,3,0,4,4.0,3.0,3.7142857142857144,3.5714285714285716,3.3947368421052633
61,2026-03-19,3,3,0,3,4.0,4.0,3.857142857142857,3.7142857142857144,3.4025974025974026
61,2026-03-20,4,3,0,4,3.0,4.0,3.7142857142857144,3.7142857142857144,3.3974358974358974
61,2026-03-21,5,3,1,5,4.0,3.0,3.7142857142857144,3.9285714285714284,3.4050632911392404
61,2026-03-22,6,3,1,4,5.0,4.0,4.0,3.857142857142857,3.425
61,2026-03-23,0,3,0,3,4.0,4.0,4.0,3.857142857142857,3.432098765432099
61,2026-03-24,1,3,0,4,3.0,4.0,3.857142857142857,3.7857142857142856,3.426829268292683
61,2026-03-25,2,3,0,3,4.0,4.0,3.857142857142857,3.7857142857142856,3.433734939759036
61,2026-03-26,3,3,0,3,3.0,3.0,3.7142857142857144,3.7857142857142856,3.4285714285714284
61,2026-03-27,4,3,0,4,3.0,4.0,3.7142857142857144,3.7142857142857144,3.4235294117647057
61,2026-03-28,5,3,1,3,4.0,5.0,3.7142857142857144,3.7142857142857144,3.4302325581395348
61,2026-03-29,6,3,1,6,3.0,4.0,3.4285714285714284,3.7142857142857144,3.425287356321839
61,2026-03-30,0,3,0,3,6.0,3.0,3.7142857142857144,3.857142857142857,3.4545454545454546
61,2026-03-31,1,3,0,5,3.0,4.0,3.7142857142857144,3.7857142857142856,3.449438202247191
61,2026-04-01,2,4,0,3,5.0,3.0,3.857142857142857,3.857142857142857,3.466666666666667
61,2026-04-02,3,4,0,5,3.0,3.0,3.857142857142857,3.7857142857142856,3.4615384615384617
61,2026-04-03,4,4,0,4,5.0,4.0,4.142857142857143,3.9285714285714284,3.4782608695652173
61,2026-04-04,5,4,1,4,4.0,3.0,4.142857142857143,3.9285714285714284,3.4838709677419355
61,2026-04-05,6,4,1,4,4.0,6.0,4.285714285714286,3.857142857142857,3.4893617021276597
61,2026-04-06,0,4,0,3,4.0,3.0,4.0,3.857142857142857,3.4947368421052634
61,2026-04-07,1,4,0,4,3.0,5.0,4.0,3.857142857142857,3.4895833333333335
61,2026-04-08,2,4,0,4,4.0,3.0,3.857142857142857,3.857142857142857,3.4948453608247423
61,2026-04-09,3,4,0,4,4.0,5.0,4.0,3.9285714285714284,3.5
61,2026-04-10,4,4,0,4,4.0,4.0,3.857142857142857,4.0,3.505050505050505
61,2026-04-11,5,4,1,6,4.0,4.0,3.857142857142857,4.0,3.51
61,2026-04-12,6,4,1,6,6.0,4.0,4.142857142857143,4.214285714285714,3.5346534653465347
61,2026-04-13,0,4,0,5,6.0,3.0,4.428571428571429,4.214285714285714,3.5588235294117645
61,2026-04-14,1,4,0,4,5.0,4.0,4.714285714285714,4.357142857142857,3.5728155339805827
61,2026-04-15,2,4,0,4,4.0,4.0,4.714285714285714,4.285714285714286,3.576923076923077
61,2026-04-16,3,4,0,4,4.0,4.0,4.714285714285714,4.357142857142857,3.580952380952381
61,2026-04-17,4,4,0,4,4.0,4.0,4.714285714285714,4.285714285714286,3.5849056603773586
61,2026-04-18,5,4,1,4,4.0,6.0,4.714285714285714,4.285714285714286,3.588785046728972
61,2026-04-19,6,4,1,6,4.0,6.0,4.428571428571429,4.285714285714286,3.5925925925925926
61,2026-04-20,0,4,0,5,6.0,5.0,4.428571428571429,4.428571428571429,3.614678899082569
61,2026-04-21,1,4,0,5,5.0,4.0,4.428571428571429,4.571428571428571,3.6272727272727274
61,2026-04-22,2,4,0,4,5.0,4.0,4.571428571428571,4.642857142857143,3.6396396396396398
61,2026-04-23,3,4,0,5,4.0,4.0,4.571428571428571,4.642857142857143,3.642857142857143
61,2026-04-24,4,4,0,2,5.0,4.0,4.714285714285714,4.714285714285714,3.6548672566371683
61,2026-04-25,5,4,1,5,2.0,4.0,4.428571428571429,4.571428571428571,3.6403508771929824
61,2026-04-26,6,4,1,5,5.0,6.0,4.571428571428571,4.5,3.652173913043478
61,2026-04-27,0,4,0,5,5.0,5.0,4.428571428571429,4.428571428571429,3.663793103448276
61,2026-04-28,1,4,0,4,5.0,5.0,4.428571428571429,4.428571428571429,3.675213675213675
61,2026-04-29,2,4,0,5,4.0,4.0,4.285714285714286,4.428571428571429,3.6779661016949152
61,2026-04-30,3,4,0,4,5.0,5.0,4.428571428571429,4.5,3.689075630252101
62,2026-01-15,3,1,0,3,3.0,3.0,3.2857142857142856,3.2142857142857144,3.2142857142857144
62,2026-01-16,4,1,0,4,3.0,3.0,3.2857142857142856,3.142857142857143,3.2
62,2026-01-17,5,1,1,4,4.0,4.0,3.4285714285714284,3.2857142857142856,3.25
62,2026-01-18,6,1,1,4,4.0,4.0,3.4285714285714284,3.2857142857142856,3.2941176470588234
62,2026-01-19,0,1,0,3,4.0,3.0,3.4285714285714284,3.357142857142857,3.3333333333333335
62,2026-01-20,1,1,0,4,3.0,3.0,3.4285714285714284,3.4285714285714284,3.3157894736842106
62,2026-01-21,2,1,0,4,4.0,3.0,3.5714285714285716,3.5,3.35
62,2026-01-22,3,1,0,4,4.0,3.0,3.7142857142857144,3.5,3.380952380952381
62,2026-01-23,4,1,0,3,4.0,4.0,3.857142857142857,3.5714285714285716,3.409090909090909
62,2026-01-24,5,1,1,4,3.0,4.0,3.7142857142857144,3.5714285714285716,3.391304347826087
62,2026-01-25,6,1,1,4,4.0,4.0,3.7142857142857144,3.5714285714285716,3.4166666666666665
62,2026-01-26,0,1,0,4,4.0,3.0,3.7142857142857144,3.5714285714285716,3.44
62,2026-01-27,1,1,0,3,4.0,4.0,3.857142857142857,3.642857142857143,3.4615384615384617
62,2026-01-28,2,1,0,3,3.0,4.0,3.7142857142857144,3.642857142857143,3.4444444444444446
62,2026-01-29,3,1,0,4,3.0,4.0,3.5714285714285716,3.642857142857143,3.4285714285714284
62,2026-01-30,4,1,0,3,4.0,3.0,3.5714285714285716,3.7142857142857144,3.4482758620689653
62,2026-01-31,5,1,1,4,3.0,4.0,3.5714285714285716,3.642857142857143,3.433333333333333
62,2026-02-01,6,2,1,4,4.0,4.0,3.5714285714285716,3.642857142857143,3.4516129032258065
62,2026-02-02,0,2,0,4,4.0,4.0,3.5714285714285716,3.642857142857143,3.46875
62,2026-02-03,1,2,0,3,4.0,3.0,3.5714285714285716,3.7142857142857144,3.484848484848485
62,2026-02-04,2,2,0,3,3.0,3.0,3.5714285714285716,3.642857142857143,3.4705882352941178
62,2026-02-05,3,2,0,4,3.0,4.0,3.5714285714285716,3.5714285714285716,3.4571428571428573
62,2026-02-06,4,2,0,3,4.0,3.0,3.5714285714285716,3.5714285714285716,3.4722222222222223
62,2026-02-07,5,2,1,4,3.0,4.0,3.5714285714285716,3.5714285714285716,3.4594594594594597
62,2026-02-08,6,2,1,4,4.0,4.0,3.5714285714285716,3.5714285714285716,3.473684210526316
62,2026-02-09,0,2,0,4,4.0,4.0,3.5714285714285716,3.5714285714285716,3.4871794871794872
62,2026-02-10,1,2,0,4,4.0,3.0,3.5714285714285716,3.5714285714285716,3.5
62,2026-02-11,2,2,0,3,4.0,3.0,3.7142857142857144,3.642857142857143,3.5121951219512195
62,2026-02-12,3,2,0,3,3.0,4.0,3.7142857142857144,3.642857142857143,3.5
62,2026-02-13,4,2,0,3,3.0,3.0,3.5714285714285716,3.5714285714285716,3.488372093023256
62,2026-02-14,5,2,1,3,3.0,4.0,3.5714285714285716,3.5714285714285716,3.477272727272727
62,2026-02-15,6,2,1,3,3.0,4.0,3.4285714285714284,3.5,3.466666666666667
62,2026-02-16,0,2,0,3,3.0,4.0,3.2857142857142856,3.4285714285714284,3.4565217391304346
62,2026-02-17,1,2,0,3,3.0,4.0,3.142857142857143,3.357142857142857,3.4468085106382977
62,2026-02-18,2,2,0,3,3.0,3.0,3.0,3.357142857142857,3.4375
62,2026-02-19,3,2,0,3,3.0,3.0,3.0,3.357142857142857,3.4285714285714284
62,2026-02-20,4,2,0,4,3.0,3.0,3.0,3.2857142857142856,3.42
62,2026-02-21,5,2,1,4,4.0,3.0,3.142857142857143,3.357142857142857,3.4313725490196076
62,2026-02-22,6,2,1,4,4.0,3.0,3.2857142857142856,3.357142857142857,3.4423076923076925
62,2026-02-23,0,2,0,3,4.0,3.0,3.4285714285714284,3.357142857142857,3.452830188679245
62,2026-02-24,1,2,0,2,3.0,3.0,3.4285714285714284,3.2857142857142856,3.4444444444444446
62,2026-02-25,2,2,0,3,2.0,3.0,3.2857142857142856,3.142857142857143,3.418181818181818
62,2026-02-26,3,2,0,2,3.0,3.0,3.2857142857142856,3.142857142857143,3.4107142857142856
62,2026-02-27,4,2,0,3,2.0,4.0,3.142857142857143,3.0714285714285716,3.3859649122807016
62,2026-02-28,5,2,1,4,3.0,4.0,3.0,3.0714285714285716,3.3793103448275863
62,2026-03-01,6,3,1,4,4.0,4.0,3.0,3.142857142857143,3.389830508474576
62,2026-03-02,0,3,0,4,4.0,3.0,3.0,3.2142857142857144,3.4
62,2026-03-03,1,3,0,3,4.0,2.0,3.142857142857143,3.2857142857142856,3.4098360655737703
62,2026-03-04,2,3,0,4,3.0,3.0,3.2857142857142856,3.2857142857142856,3.403225806451613
62,2026-03-05,3,3,0,3,4.0,2.0,3.4285714285714284,3.357142857142857,3.4126984126984126
62,2026-03-06,4,3,0,4,3.0,3.0,3.5714285714285716,3.357142857142857,3.40625
62,2026-03-07,5,3,1,5,4.0,4.0,3.7142857142857144,3.357142857142857,3.4153846153846152
62,2026-03-08,6,3,1,4,5.0,4.0,3.857142857142857,3.4285714285714284,3.4393939393939394
62,2026-03-09,0,3,0,4,4.0,4.0,3.857142857142857,3.4285714285714284,3.4477611940298507
62,2026-03-10,1,3,0,4,4.0,3.0,3.857142857142857,3.5,3.4558823529411766
62,2026-03-11,2,3,0,4,4.0,4.0,4.0,3.642857142857143,3.463768115942029
62,2026-03-12,3,3,0,3,4.0,3.0,4.0,3.7142857142857144,3.4714285714285715
62,2026-03-13,4,3,0,4,3.0,4.0,4.0,3.7857142857142856,3.464788732394366
62,2026-03-14,5,3,1,4,4.0,5.0,4.0,3.857142857142857,3.4722222222222223
62,2026-03-15,6,3,1,3,4.0,4.0,3.857142857142857,3.857142857142857,3.4794520547945207
62,2026-03-16,0,3,0,3,3.0,4.0,3.7142857142857144,3.7857142857142856,3.472972972972973
62,2026-03-17,1,3,0,3,3.0,4.0,3.5714285714285716,3.7142857142857144,3.466666666666667
62,2026-03-18,2,3,0,5,3.0,4.0,3.4285714285714284,3.7142857142857144,3.460526315789474
62,2026-03-19,3,3,0,4,5.0,3.0,3.5714285714285716,3.7857142857142856,3.4805194805194803
62,2026-03-20,4,3,0,4,4.0,4.0,3.7142857142857144,3.857142857142857,3.4871794871794872
62,2026-03-21,5,3,1,5,4.0,4.0,3.7142857142857144,3.857142857142857,3.4936708860759493
62,2026-03-22,6,3,1,4,5.0,3.0,3.857142857142857,3.857142857142857,3.5125
62,2026-03-23,0,3,0,3,4.0,3.0,4.0,3.857142857142857,3.5185185185185186
62,2026-03-24,1,3,0,3,3.0,3.0,4.0,3.7857142857142856,3.5121951219512195
62,2026-03-25,2,3,0,4,3.0,5.0,4.0,3.7142857142857144,3.5060240963855422
62,2026-03-26,3,3,0,3,4.0,4.0,3.857142857142857,3.7142857142857144,3.511904761904762
62,2026-03-27,4,3,0,5,3.0,4.0,3.7142857142857144,3.7142857142857144,3.5058823529411764
62,2026-03-28,5,3,1,6,5.0,5.0,3.857142857142857,3.7857142857142856,3.5232558139534884
62,2026-03-29,6,3,1,4,6.0,4.0,4.0,3.9285714285714284,3.5517241379310347
62,2026-03-30,0,3,0,3,4.0,3.0,4.0,4.0,3.5568181818181817
62,2026-03-31,1,3,0,4,3.0,3.0,4.0,4.0,3.550561797752809
62,2026-04-01,2,4,0,4,4.0,4.0,4.142857142857143,4.071428571428571,3.5555555555555554
62,2026-04-02,3,4,0,4,4.0,3.0,4.142857142857143,4.0,3.5604395604395602
62,2026-04-03,4,4,0,3,4.0,5.0,4.285714285714286,4.0,3.5652173913043477
62,2026-04-04,5,4,1,4,3.0,6.0,4.0,3.9285714285714284,3.5591397849462365
62,2026-04-05,6,4,1,6,4.0,4.0,3.7142857142857144,3.857142857142857,3.5638297872340425
62,2026-04-06,0,4,0,4,6.0,3.0,4.0,4.0,3.5894736842105264
62,2026-04-07,1,4,0,4,4.0,4.0,4.142857142857143,4.071428571428571,3.59375
62,2026-04-08,2,4,0,4,4.0,4.0,4.142857142857143,4.142857142857143,3.597938144329897
62,2026-04-09,3,4,0,4,4.0,4.0,4.142857142857143,4.142857142857143,3.6020408163265305
62,2026-04-10,4,4,0,4,4.0,3.0,4.142857142857143,4.214285714285714,3.606060606060606
62,2026-04-11,5,4,1,4,4.0,4.0,4.285714285714286,4.142857142857143,3.61
62,2026-04-12,6,4,1,5,4.0,6.0,4.285714285714286,4.0,3.613861386138614
62,2026-04-13,0,4,0,5,5.0,4.0,4.142857142857143,4.071428571428571,3.627450980392157
62,2026-04-14,1,4,0,4,5.0,4.0,4.285714285714286,4.214285714285714,3.6407766990291264
62,2026-04-15,2,4,0,4,4.0,4.0,4.285714285714286,4.214285714285714,3.644230769230769
62,2026-04-16,3,4,0,4,4.0,4.0,4.285714285714286,4.214285714285714,3.6476190476190475
62,2026-04-17,4,4,0,4,4.0,4.0,4.285714285714286,4.214285714285714,3.650943396226415
62,2026-04-18,5,4,1,4,4.0,4.0,4.285714285714286,4.285714285714286,3.6542056074766354
62,2026-04-19,6,4,1,5,4.0,5.0,4.285714285714286,4.285714285714286,3.6574074074074074
62,2026-04-20,0,4,0,4,5.0,5.0,4.285714285714286,4.214285714285714,3.669724770642202
62,2026-04-21,1,4,0,4,4.0,4.0,4.142857142857143,4.214285714285714,3.672727272727273
62,2026-04-22,2,4,0,3,4.0,4.0,4.142857142857143,4.214285714285714,3.675675675675676
62,2026-04-23,3,4,0,3,3.0,4.0,4.0,4.142857142857143,3.669642857142857
62,2026-04-24,4,4,0,5,3.0,4.0,3.857142857142857,4.071428571428571,3.663716814159292
62,2026-04-25,5,4,1,4,5.0,4.0,4.0,4.142857142857143,3.675438596491228
62,2026-04-26,6,4,1,5,4.0,5.0,4.0,4.142857142857143,3.6782608695652175
62,2026-04-27,0,4,0,6,5.0,4.0,4.0,4.142857142857143,3.689655172413793
62,2026-04-28,1,4,0,4,6.0,4.0,4.285714285714286,4.214285714285714,3.7094017094017095
62,2026-04-29,2,4,0,3,4.0,3.0,4.285714285714286,4.214285714285714,3.711864406779661
62,2026-04-30,3,4,0,3,3.0,3.0,4.285714285714286,4.142857142857143,3.7058823529411766
63,2026-01-15,3,1,0,14,21.0,17.0,17.571428571428573,17.285714285714285,17.285714285714285
63,2026-01-16,4,1,0,20,14.0,15.0,17.142857142857142,17.142857142857142,17.066666666666666
63,2026-01-17,5,1,1,19,20.0,20.0,17.857142857142858,17.642857142857142,17.25
63,2026-01-18,6,1,1,25,19.0,20.0,17.714285714285715,17.571428571428573,17.352941176470587
63,2026-01-19,0,1,0,23,25.0,12.0,18.428571428571427,17.571428571428573,17.77777777777778
63,2026-01-20,1,1,0,15,23.0,18.0,20.0,18.142857142857142,18.05263157894737
63,2026-01-21,2,1,0,15,15.0,21.0,19.571428571428573,18.357142857142858,17.9
63,2026-01-22,3,1,0,16,15.0,14.0,18.714285714285715,18.142857142857142,17.761904761904763
63,2026-01-23,4,1,0,17,16.0,20.0,19.0,18.071428571428573,17.681818181818183
63,2026-01-24,5,1,1,19,17.0,19.0,18.571428571428573,18.214285714285715,17.652173913043477
63,2026-01-25,6,1,1,20,19.0,25.0,18.571428571428573,18.142857142857142,17.708333333333332
63,2026-01-26,0,1,0,21,20.0,23.0,17.857142857142858,18.142857142857142,17.8
63,2026-01-27,1,1,0,19,21.0,15.0,17.571428571428573,18.785714285714285,17.923076923076923
63,2026-01-28,2,1,0,21,19.0,15.0,18.142857142857142,18.857142857142858,17.962962962962962
63,2026-01-29,3,1,0,17,21.0,16.0,19.0,18.857142857142858,18.071428571428573
63,2026-01-30,4,1,0,18,17.0,17.0,19.142857142857142,19.071428571428573,18.03448275862069
63,2026-01-31,5,1,1,16,18.0,19.0,19.285714285714285,18.928571428571427,18.033333333333335
63,2026-02-01,6,2,1,19,16.0,20.0,18.857142857142858,18.714285714285715,17.967741935483872
63,2026-02-02,0,2,0,10,19.0,21.0,18.714285714285715,18.285714285714285,18.0
63,2026-02-03,1,2,0,15,10.0,19.0,17.142857142857142,17.357142857142858,17.757575757575758
63,2026-02-04,2,2,0,20,15.0,21.0,16.571428571428573,17.357142857142858,17.676470588235293
63,2026-02-05,3,2,0,23,20.0,17.0,16.428571428571427,17.714285714285715,17.742857142857144
63,2026-02-06,4,2,0,15,23.0,18.0,17.285714285714285,18.214285714285715,17.88888888888889
63,2026-02-07,5,2,1,26,15.0,16.0,16.857142857142858,18.071428571428573,17.81081081081081
63,2026-02-08,6,2,1,21,26.0,19.0,18.285714285714285,18.571428571428573,18.026315789473685
63,2026-02-09,0,2,0,19,21.0,10.0,18.571428571428573,18.642857142857142,18.102564102564102
63,2026-02-10,1,2,0,22,19.0,15.0,19.857142857142858,18.5,18.125
63,2026-02-11,2,2,0,15,22.0,20.0,20.857142857142858,18.714285714285715,18.21951219512195
63,2026-02-12,3,2,0,20,15.0,23.0,20.142857142857142,18.285714285714285,18.142857142857142
63,2026-02-13,4,2,0,19,20.0,15.0,19.714285714285715,18.5,18.186046511627907
63,2026-02-14,5,2,1,16,19.0,26.0,20.285714285714285,18.571428571428573,18.204545454545453
63,2026-02-15,6,2,1,19,16.0,21.0,18.857142857142858,18.571428571428573,18.155555555555555
63,2026-02-16,0,2,0,21,19.0,19.0,18.571428571428573,18.571428571428573,18.17391304347826
63,2026-02-17,1,2,0,27,21.0,22.0,18.857142857142858,19.357142857142858,18.23404255319149
63,2026-02-18,2,2,0,14,27.0,15.0,19.571428571428573,20.214285714285715,18.416666666666668
63,2026-02-19,3,2,0,15,14.0,20.0,19.428571428571427,19.785714285714285,18.3265306122449
63,2026-02-20,4,2,0,20,15.0,19.0,18.714285714285715,19.214285714285715,18.26
63,2026-02-21,5,2,1,19,20.0,16.0,18.857142857142858,19.571428571428573,18.294117647058822
63,2026-02-22,6,2,1,22,19.0,19.0,19.285714285714285,19.071428571428573,18.307692307692307
63,2026-02-23,0,2,0,20,22.0,21.0,19.714285714285715,19.142857142857142,18.37735849056604
63,2026-02-24,1,2,0,18,20.0,27.0,19.571428571428573,19.214285714285715,18.40740740740741
63,2026-02-25,2,2,0,18,18.0,14.0,18.285714285714285,18.928571428571427,18.4
63,2026-02-26,3,2,0,14,18.0,15.0,18.857142857142858,19.142857142857142,18.392857142857142
63,2026-02-27,4,2,0,24,14.0,20.0,18.714285714285715,18.714285714285715,18.31578947368421
63,2026-02-28,5,2,1,22,24.0,19.0,19.285714285714285,19.071428571428573,18.413793103448278
63,2026-03-01,6,3,1,27,22.0,22.0,19.714285714285715,19.5,18.47457627118644
63,2026-03-02,0,3,0,19,27.0,20.0,20.428571428571427,20.071428571428573,18.616666666666667
63,2026-03-03,1,3,0,24,19.0,18.0,20.285714285714285,19.928571428571427,18.62295081967213
63,2026-03-04,2,3,0,15,24.0,18.0,21.142857142857142,19.714285714285715,18.70967741935484
63,2026-03-05,3,3,0,15,15.0,14.0,20.714285714285715,19.785714285714285,18.650793650793652
63,2026-03-06,4,3,0,21,15.0,24.0,20.857142857142858,19.785714285714285,18.59375
63,2026-03-07,5,3,1,20,21.0,22.0,20.428571428571427,19.857142857142858,18.630769230769232
63,2026-03-08,6,3,1,21,20.0,27.0,20.142857142857142,19.928571428571427,18.651515151515152
63,2026-03-09,0,3,0,21,21.0,19.0,19.285714285714285,19.857142857142858,18.686567164179106
63,2026-03-10,1,3,0,21,21.0,24.0,19.571428571428573,19.928571428571427,18.720588235294116
63,2026-03-11,2,3,0,21,21.0,15.0,19.142857142857142,20.142857142857142,18.753623188405797
63,2026-03-12,3,3,0,20,21.0,15.0,20.0,20.357142857142858,18.785714285714285
63,2026-03-13,4,3,0,11,20.0,21.0,20.714285714285715,20.785714285714285,18.802816901408452
63,2026-03-14,5,3,1,24,11.0,20.0,19.285714285714285,19.857142857142858,18.694444444444443
63,2026-03-15,6,3,1,32,24.0,21.0,19.857142857142858,20.0,18.767123287671232
63,2026-03-16,0,3,0,25,32.0,21.0,21.428571428571427,20.357142857142858,18.945945945945947
63,2026-03-17,1,3,0,23,25.0,21.0,22.0,20.785714285714285,19.026666666666667
63,2026-03-18,2,3,0,23,23.0,21.0,22.285714285714285,20.714285714285715,19.07894736842105
63,2026-03-19,3,3,0,27,23.0,20.0,22.571428571428573,21.285714285714285,19.12987012987013
63,2026-03-20,4,3,0,24,27.0,11.0,23.571428571428573,22.142857142857142,19.23076923076923
63,2026-03-21,5,3,1,21,24.0,24.0,25.428571428571427,22.357142857142858,19.29113924050633
63,2026-03-22,6,3,1,27,21.0,32.0,25.0,22.428571428571427,19.3125
63,2026-03-23,0,3,0,17,27.0,25.0,24.285714285714285,22.857142857142858,19.40740740740741
63,2026-03-24,1,3,0,21,17.0,23.0,23.142857142857142,22.571428571428573,19.378048780487806
63,2026-03-25,2,3,0,25,21.0,23.0,22.857142857142858,22.571428571428573,19.397590361445783
63,2026-03-26,3,3,0,21,25.0,27.0,23.142857142857142,22.857142857142858,19.464285714285715
63,2026-03-27,4,3,0,24,21.0,24.0,22.285714285714285,22.928571428571427,19.48235294117647
63,2026-03-28,5,3,1,21,24.0,21.0,22.285714285714285,23.857142857142858,19.53488372093023
63,2026-03-29,6,3,1,26,21.0,27.0,22.285714285714285,23.642857142857142,19.551724137931036
63,2026-03-30,0,3,0,20,26.0,17.0,22.142857142857142,23.214285714285715,19.625
63,2026-03-31,1,3,0,17,20.0,21.0,22.571428571428573,22.857142857142858,19.629213483146067
63,2026-04-01,2,4,0,17,17.0,25.0,22.0,22.428571428571427,19.6
63,2026-04-02,3,4,0,24,17.0,21.0,20.857142857142858,22.0,19.571428571428573
63,2026-04-03,4,4,0,26,24.0,24.0,21.285714285714285,21.785714285714285,19.619565217391305
63,2026-04-04,5,4,1,27,26.0,21.0,21.571428571428573,21.928571428571427,19.688172043010752
63,2026-04-05,6,4,1,27,27.0,26.0,22.428571428571427,22.357142857142858,19.76595744680851
63,2026-04-06,0,4,0,20,27.0,20.0,22.571428571428573,22.357142857142858,19.842105263157894
63,2026-04-07,1,4,0,26,20.0,17.0,22.571428571428573,22.571428571428573,19.84375
63,2026-04-08,2,4,0,23,26.0,17.0,23.857142857142858,22.928571428571427,19.90721649484536
63,2026-04-09,3,4,0,17,23.0,24.0,24.714285714285715,22.785714285714285,19.93877551020408
63,2026-04-10,4,4,0,21,17.0,26.0,23.714285714285715,22.5,19.90909090909091
63,2026-04-11,5,4,1,23,21.0,27.0,23.0,22.285714285714285,19.92
63,2026-04-12,6,4,1,31,23.0,27.0,22.428571428571427,22.428571428571427,19.95049504950495
63,2026-04-13,0,4,0,22,31.0,20.0,23.0,22.785714285714285,20.058823529411764
63,2026-04-14,1,4,0,28,22.0,26.0,23.285714285714285,22.928571428571427,20.07766990291262
63,2026-04-15,2,4,0,20,28.0,23.0,23.571428571428573,23.714285714285715,20.153846153846153
63,2026-04-16,3,4,0,17,20.0,17.0,23.142857142857142,23.928571428571427,20.152380952380952
63,2026-04-17,4,4,0,23,17.0,21.0,23.142857142857142,23.428571428571427,20.12264150943396
63,2026-04-18,5,4,1,25,23.0,23.0,23.428571428571427,23.214285714285715,20.149532710280372
63,2026-04-19,6,4,1,35,25.0,31.0,23.714285714285715,23.071428571428573,20.194444444444443
63,2026-04-20,0,4,0,28,35.0,22.0,24.285714285714285,23.642857142857142,20.3302752293578
63,2026-04-21,1,4,0,25,28.0,28.0,25.142857142857142,24.214285714285715,20.4
63,2026-04-22,2,4,0,23,25.0,20.0,24.714285714285715,24.142857142857142,20.44144144144144
63,2026-04-23,3,4,0,25,23.0,17.0,25.142857142857142,24.142857142857142,20.464285714285715
63,2026-04-24,4,4,0,19,25.0,23.0,26.285714285714285,24.714285714285715,20.504424778761063
63,2026-04-25,5,4,1,32,19.0,25.0,25.714285714285715,24.571428571428573,20.49122807017544
63,2026-04-26,6,4,1,30,32.0,35.0,26.714285714285715,25.214285714285715,20.591304347826085
63,2026-04-27,0,4,0,18,30.0,28.0,26.0,25.142857142857142,20.67241379310345
63,2026-04-28,1,4,0,22,18.0,25.0,24.571428571428573,24.857142857142858,20.64957264957265
63,2026-04-29,2,4,0,30,22.0,23.0,24.142857142857142,24.428571428571427,20.661016949152543
63,2026-04-30,3,4,0,25,30.0,25.0,25.142857142857142,25.142857142857142,20.73949579831933
64,2026-01-15,3,1,0,10,16.0,15.0,16.571428571428573,16.0,16.0
64,2026-01-16,4,1,0,16,10.0,13.0,15.857142857142858,15.714285714285714,15.6
64,2026-01-17,5,1,1,18,16.0,21.0,16.285714285714285,15.785714285714286,15.625
64,2026-01-18,6,1,1,20,18.0,23.0,15.857142857142858,15.857142857142858,15.764705882352942
64,2026-01-19,0,1,0,18,20.0,11.0,15.428571428571429,15.857142857142858,16.0
64,2026-01-20,1,1,0,11,18.0,17.0,16.428571428571427,16.357142857142858,16.105263157894736
64,2026-01-21,2,1,0,11,11.0,16.0,15.571428571428571,15.857142857142858,15.85
64,2026-01-22,3,1,0,14,11.0,10.0,14.857142857142858,15.714285714285714,15.619047619047619
64,2026-01-23,4,1,0,15,14.0,16.0,15.428571428571429,15.642857142857142,15.545454545454545
64,2026-01-24,5,1,1,19,15.0,18.0,15.285714285714286,15.785714285714286,15.521739130434783
64,2026-01-25,6,1,1,11,19.0,20.0,15.428571428571429,15.642857142857142,15.666666666666666
64,2026-01-26,0,1,0,16,11.0,18.0,14.142857142857142,14.785714285714286,15.48
64,2026-01-27,1,1,0,18,16.0,11.0,13.857142857142858,15.142857142857142,15.5
64,2026-01-28,2,1,0,15,18.0,11.0,14.857142857142858,15.214285714285714,15.592592592592593
64,2026-01-29,3,1,0,14,15.0,14.0,15.428571428571429,15.142857142857142,15.571428571428571
64,2026-01-30,4,1,0,20,14.0,15.0,15.428571428571429,15.428571428571429,15.517241379310345
64,2026-01-31,5,1,1,22,20.0,19.0,16.142857142857142,15.714285714285714,15.666666666666666
64,2026-02-01,6,2,1,21,22.0,11.0,16.571428571428573,16.0,15.870967741935484
64,2026-02-02,0,2,0,16,21.0,16.0,18.0,16.071428571428573,16.03125
64,2026-02-03,1,2,0,14,16.0,18.0,18.0,15.928571428571429,16.03030303030303
64,2026-02-04,2,2,0,19,14.0,15.0,17.428571428571427,16.142857142857142,15.970588235294118
64,2026-02-05,3,2,0,12,19.0,14.0,18.0,16.714285714285715,16.057142857142857
64,2026-02-06,4,2,0,13,12.0,20.0,17.714285714285715,16.571428571428573,15.944444444444445
64,2026-02-07,5,2,1,21,13.0,22.0,16.714285714285715,16.428571428571427,15.864864864864865
64,2026-02-08,6,2,1,20,21.0,21.0,16.571428571428573,16.571428571428573,16.0
64,2026-02-09,0,2,0,19,20.0,16.0,16.428571428571427,17.214285714285715,16.102564102564102
64,2026-02-10,1,2,0,17,19.0,14.0,16.857142857142858,17.428571428571427,16.175
64,2026-02-11,2,2,0,16,17.0,19.0,17.285714285714285,17.357142857142858,16.195121951219512
64,2026-02-12,3,2,0,16,16.0,12.0,16.857142857142858,17.428571428571427,16.19047619047619
64,2026-02-13,4,2,0,19,16.0,13.0,17.428571428571427,17.571428571428573,16.186046511627907
64,2026-02-14,5,2,1,22,19.0,21.0,18.285714285714285,17.5,16.25
64,2026-02-15,6,2,1,19,22.0,20.0,18.428571428571427,17.5,16.377777777777776
64,2026-02-16,0,2,0,16,19.0,19.0,18.285714285714285,17.357142857142858,16.434782608695652
64,2026-02-17,1,2,0,17,16.0,17.0,17.857142857142858,17.357142857142858,16.425531914893618
64,2026-02-18,2,2,0,17,17.0,16.0,17.857142857142858,17.571428571428573,16.4375
64,2026-02-19,3,2,0,20,17.0,16.0,18.0,17.428571428571427,16.448979591836736
64,2026-02-20,4,2,0,15,20.0,19.0,18.571428571428573,18.0,16.52
64,2026-02-21,5,2,1,21,15.0,22.0,18.0,18.142857142857142,16.49019607843137
64,2026-02-22,6,2,1,22,21.0,19.0,17.857142857142858,18.142857142857142,16.576923076923077
64,2026-02-23,0,2,0,19,22.0,16.0,18.285714285714285,18.285714285714285,16.67924528301887
64,2026-02-24,1,2,0,19,19.0,17.0,18.714285714285715,18.285714285714285,16.72222222222222
64,2026-02-25,2,2,0,24,19.0,17.0,19.0,18.428571428571427,16.763636363636362
64,2026-02-26,3,2,0,19,24.0,20.0,20.0,19.0,16.892857142857142
64,2026-02-27,4,2,0,16,19.0,15.0,19.857142857142858,19.214285714285715,16.92982456140351
64,2026-02-28,5,2,1,26,16.0,21.0,20.0,19.0,16.913793103448278
64,2026-03-01,6,3,1,23,26.0,22.0,20.714285714285715,19.285714285714285,17.06779661016949
64,2026-03-02,0,3,0,21,23.0,19.0,20.857142857142858,19.571428571428573,17.166666666666668
64,2026-03-03,1,3,0,15,21.0,19.0,21.142857142857142,19.928571428571427,17.229508196721312
64,2026-03-04,2,3,0,17,15.0,24.0,20.571428571428573,19.785714285714285,17.193548387096776
64,2026-03-05,3,3,0,17,17.0,19.0,19.571428571428573,19.785714285714285,17.19047619047619
64,2026-03-06,4,3,0,17,17.0,16.0,19.285714285714285,19.571428571428573,17.1875
64,2026-03-07,5,3,1,25,17.0,26.0,19.428571428571427,19.714285714285715,17.184615384615384
64,2026-03-08,6,3,1,20,25.0,23.0,19.285714285714285,20.0,17.303030303030305
64,2026-03-09,0,3,0,17,20.0,21.0,18.857142857142858,19.857142857142858,17.34328358208955
64,2026-03-10,1,3,0,20,17.0,15.0,18.285714285714285,19.714285714285715,17.33823529411765
64,2026-03-11,2,3,0,20,20.0,17.0,19.0,19.785714285714285,17.3768115942029
64,2026-03-12,3,3,0,19,20.0,17.0,19.428571428571427,19.5,17.414285714285715
64,2026-03-13,4,3,0,19,19.0,17.0,19.714285714285715,19.5,17.43661971830986
64,2026-03-14,5,3,1,22,19.0,25.0,20.0,19.714285714285715,17.458333333333332
64,2026-03-15,6,3,1,21,22.0,20.0,19.571428571428573,19.428571428571427,17.52054794520548
64,2026-03-16,0,3,0,19,21.0,17.0,19.714285714285715,19.285714285714285,17.56756756756757
64,2026-03-17,1,3,0,19,19.0,20.0,20.0,19.142857142857142,17.586666666666666
64,2026-03-18,2,3,0,22,19.0,20.0,19.857142857142858,19.428571428571427,17.605263157894736
64,2026-03-19,3,3,0,15,22.0,19.0,20.142857142857142,19.785714285714285,17.662337662337663
64,2026-03-20,4,3,0,15,15.0,19.0,19.571428571428573,19.642857142857142,17.628205128205128
64,2026-03-21,5,3,1,14,15.0,22.0,19.0,19.5,17.59493670886076
64,2026-03-22,6,3,1,17,14.0,21.0,17.857142857142858,18.714285714285715,17.55
64,2026-03-23,0,3,0,22,17.0,19.0,17.285714285714285,18.5,17.54320987654321
64,2026-03-24,1,3,0,15,22.0,19.0,17.714285714285715,18.857142857142858,17.597560975609756
64,2026-03-25,2,3,0,18,15.0,22.0,17.142857142857142,18.5,17.566265060240966
64,2026-03-26,3,3,0,24,18.0,15.0,16.571428571428573,18.357142857142858,17.571428571428573
64,2026-03-27,4,3,0,21,24.0,15.0,17.857142857142858,18.714285714285715,17.647058823529413
64,2026-03-28,5,3,1,25,21.0,14.0,18.714285714285715,18.857142857142858,17.686046511627907
64,2026-03-29,6,3,1,21,25.0,17.0,20.285714285714285,19.071428571428573,17.770114942528735
64,2026-03-30,0,3,0,14,21.0,22.0,20.857142857142858,19.071428571428573,17.806818181818183
64,2026-03-31,1,3,0,18,14.0,15.0,19.714285714285715,18.714285714285715,17.764044943820224
64,2026-04-01,2,4,0,18,18.0,18.0,20.142857142857142,18.642857142857142,17.766666666666666
64,2026-04-02,3,4,0,17,18.0,24.0,20.142857142857142,18.357142857142858,17.76923076923077
64,2026-04-03,4,4,0,23,17.0,21.0,19.142857142857142,18.5,17.76086956521739
64,2026-04-04,5,4,1,21,23.0,25.0,19.428571428571427,19.071428571428573,17.817204301075268
64,2026-04-05,6,4,1,25,21.0,21.0,18.857142857142858,19.571428571428573,17.851063829787233
64,2026-04-06,0,4,0,18,25.0,14.0,19.428571428571427,20.142857142857142,17.926315789473684
64,2026-04-07,1,4,0,22,18.0,18.0,20.0,19.857142857142858,17.927083333333332
64,2026-04-08,2,4,0,22,22.0,18.0,20.571428571428573,20.357142857142858,17.969072164948454
64,2026-04-09,3,4,0,21,22.0,17.0,21.142857142857142,20.642857142857142,18.010204081632654
64,2026-04-10,4,4,0,22,21.0,23.0,21.714285714285715,20.428571428571427,18.04040404040404
64,2026-04-11,5,4,1,20,22.0,21.0,21.571428571428573,20.5,18.08
64,2026-04-12,6,4,1,24,20.0,25.0,21.428571428571427,20.142857142857142,18.099009900990097
64,2026-04-13,0,4,0,17,24.0,18.0,21.285714285714285,20.357142857142858,18.15686274509804
64,2026-04-14,1,4,0,21,17.0,22.0,21.142857142857142,20.571428571428573,18.145631067961165
64,2026-04-15,2,4,0,19,21.0,22.0,21.0,20.785714285714285,18.173076923076923
64,2026-04-16,3,4,0,18,19.0,21.0,20.571428571428573,20.857142857142858,18.18095238095238
64,2026-04-17,4,4,0,15,18.0,22.0,20.142857142857142,20.928571428571427,18.17924528301887
64,2026-04-18,5,4,1,28,15.0,20.0,19.142857142857142,20.357142857142858,18.149532710280372
64,2026-04-19,6,4,1,29,28.0,24.0,20.285714285714285,20.857142857142858,18.24074074074074
64,2026-04-20,0,4,0,25,29.0,17.0,21.0,21.142857142857142,18.339449541284402
64,2026-04-21,1,4,0,19,25.0,21.0,22.142857142857142,21.642857142857142,18.4
64,2026-04-22,2,4,0,19,19.0,19.0,21.857142857142858,21.428571428571427,18.405405405405407
64,2026-04-23,3,4,0,20,19.0,18.0,21.857142857142858,21.214285714285715,18.410714285714285
64,2026-04-24,4,4,0,25,20.0,15.0,22.142857142857142,21.142857142857142,18.424778761061948
64,2026-04-25,5,4,1,25,25.0,28.0,23.571428571428573,21.357142857142858,18.482456140350877
64,2026-04-26,6,4,1,20,25.0,29.0,23.142857142857142,21.714285714285715,18.53913043478261
64,2026-04-27,0,4,0,20,20.0,25.0,21.857142857142858,21.428571428571427,18.551724137931036
64,2026-04-28,1,4,0,20,20.0,19.0,21.142857142857142,21.642857142857142,18.564102564102566
64,2026-04-29,2,4,0,20,20.0,19.0,21.285714285714285,21.571428571428573,18.576271186440678
64,2026-04-30,3,4,0,21,20.0,20.0,21.428571428571427,21.642857142857142,18.58823529411765
65,2026-01-15,3,1,0,25,24.0,19.0,21.0,21.928571428571427,21.928571428571427
65,2026-01-16,4,1,0,21,25.0,22.0,21.857142857142858,22.071428571428573,22.133333333333333
65,2026-01-17,5,1,1,31,21.0,23.0,21.714285714285715,22.285714285714285,22.0625
65,2026-01-18,6,1,1,19,31.0,21.0,22.857142857142858,22.571428571428573,22.58823529411765
65,2026-01-19,0,1,0,22,19.0,22.0,22.571428571428573,21.857142857142858,22.38888888888889
65,2026-01-20,1,1,0,21,22.0,16.0,22.571428571428573,22.0,22.36842105263158
65,2026-01-21,2,1,0,25,21.0,24.0,23.285714285714285,21.785714285714285,22.3
65,2026-01-22,3,1,0,28,25.0,25.0,23.428571428571427,22.214285714285715,22.428571428571427
65,2026-01-23,4,1,0,23,28.0,21.0,23.857142857142858,22.857142857142858,22.681818181818183
65,2026-01-24,5,1,1,31,23.0,31.0,24.142857142857142,22.928571428571427,22.695652173913043
65,2026-01-25,6,1,1,29,31.0,19.0,24.142857142857142,23.5,23.041666666666668
65,2026-01-26,0,1,0,21,29.0,22.0,25.571428571428573,24.071428571428573,23.28
65,2026-01-27,1,1,0,12,21.0,21.0,25.428571428571427,24.0,23.192307692307693
65,2026-01-28,2,1,0,18,12.0,25.0,24.142857142857142,23.714285714285715,22.77777777777778
65,2026-01-29,3,1,0,21,18.0,28.0,23.142857142857142,23.285714285714285,22.607142857142858
65,2026-01-30,4,1,0,20,21.0,23.0,22.142857142857142,23.0,22.551724137931036
65,2026-01-31,5,1,1,20,20.0,31.0,21.714285714285715,22.928571428571427,22.466666666666665
65,2026-02-01,6,2,1,30,20.0,29.0,20.142857142857142,22.142857142857142,22.387096774193548
65,2026-02-02,0,2,0,26,30.0,21.0,20.285714285714285,22.928571428571427,22.625
65,2026-02-03,1,2,0,17,26.0,12.0,21.0,23.214285714285715,22.727272727272727
65,2026-02-04,2,2,0,19,17.0,18.0,21.714285714285715,22.928571428571427,22.558823529411764
65,2026-02-05,3,2,0,12,19.0,21.0,21.857142857142858,22.5,22.457142857142856
65,2026-02-06,4,2,0,19,12.0,20.0,20.571428571428573,21.357142857142858,22.166666666666668
65,2026-02-07,5,2,1,23,19.0,20.0,20.428571428571427,21.071428571428573,22.08108108108108
65,2026-02-08,6,2,1,17,23.0,30.0,20.857142857142858,20.5,22.105263157894736
65,2026-02-09,0,2,0,24,17.0,26.0,19.0,19.642857142857142,21.974358974358974
65,2026-02-10,1,2,0,26,24.0,17.0,18.714285714285715,19.857142857142858,22.025
65,2026-02-11,2,2,0,17,26.0,19.0,20.0,20.857142857142858,22.121951219512194
65,2026-02-12,3,2,0,24,17.0,12.0,19.714285714285715,20.785714285714285,22.0
65,2026-02-13,4,2,0,27,24.0,19.0,21.428571428571427,21.0,22.046511627906977
65,2026-02-14,5,2,1,18,27.0,23.0,22.571428571428573,21.5,22.15909090909091
65,2026-02-15,6,2,1,22,18.0,17.0,21.857142857142858,21.357142857142858,22.066666666666666
65,2026-02-16,0,2,0,20,22.0,24.0,22.571428571428573,20.785714285714285,22.065217391304348
65,2026-02-17,1,2,0,28,20.0,26.0,22.0,20.357142857142858,22.02127659574468
65,2026-02-18,2,2,0,13,28.0,17.0,22.285714285714285,21.142857142857142,22.145833333333332
65,2026-02-19,3,2,0,32,13.0,24.0,21.714285714285715,20.714285714285715,21.959183673469386
65,2026-02-20,4,2,0,25,32.0,27.0,22.857142857142858,22.142857142857142,22.16
65,2026-02-21,5,2,1,33,25.0,18.0,22.571428571428573,22.571428571428573,22.215686274509803
65,2026-02-22,6,2,1,28,33.0,22.0,24.714285714285715,23.285714285714285,22.423076923076923
65,2026-02-23,0,2,0,23,28.0,20.0,25.571428571428573,24.071428571428573,22.528301886792452
65,2026-02-24,1,2,0,23,23.0,28.0,26.0,24.0,22.537037037037038
65,2026-02-25,2,2,0,18,23.0,13.0,25.285714285714285,23.785714285714285,22.545454545454547
65,2026-02-26,3,2,0,21,18.0,32.0,26.0,23.857142857142858,22.464285714285715
65,2026-02-27,4,2,0,25,21.0,25.0,24.428571428571427,23.642857142857142,22.43859649122807
65,2026-02-28,5,2,1,27,25.0,33.0,24.428571428571427,23.5,22.482758620689655
65,2026-03-01,6,3,1,27,27.0,28.0,23.571428571428573,24.142857142857142,22.559322033898304
65,2026-03-02,0,3,0,26,27.0,23.0,23.428571428571427,24.5,22.633333333333333
65,2026-03-03,1,3,0,31,26.0,23.0,23.857142857142858,24.928571428571427,22.688524590163933
65,2026-03-04,2,3,0,28,31.0,18.0,25.0,25.142857142857142,22.822580645161292
65,2026-03-05,3,3,0,16,28.0,21.0,26.428571428571427,26.214285714285715,22.904761904761905
65,2026-03-06,4,3,0,33,16.0,25.0,25.714285714285715,25.071428571428573,22.796875
65,2026-03-07,5,3,1,31,33.0,27.0,26.857142857142858,25.642857142857142,22.953846153846154
65,2026-03-08,6,3,1,31,31.0,27.0,27.428571428571427,25.5,23.075757575757574
65,2026-03-09,0,3,0,20,31.0,26.0,28.0,25.714285714285715,23.19402985074627
65,2026-03-10,1,3,0,27,20.0,31.0,27.142857142857142,25.5,23.147058823529413
65,2026-03-11,2,3,0,27,27.0,28.0,26.571428571428573,25.785714285714285,23.202898550724637
65,2026-03-12,3,3,0,21,27.0,16.0,26.428571428571427,26.428571428571427,23.257142857142856
65,2026-03-13,4,3,0,30,21.0,33.0,27.142857142857142,26.428571428571427,23.225352112676056
65,2026-03-14,5,3,1,20,30.0,31.0,26.714285714285715,26.785714285714285,23.319444444444443
65,2026-03-15,6,3,1,33,20.0,31.0,25.142857142857142,26.285714285714285,23.273972602739725
65,2026-03-16,0,3,0,21,33.0,20.0,25.428571428571427,26.714285714285715,23.405405405405407
65,2026-03-17,1,3,0,33,21.0,27.0,25.571428571428573,26.357142857142858,23.373333333333335
65,2026-03-18,2,3,0,26,33.0,27.0,26.428571428571427,26.5,23.5
65,2026-03-19,3,3,0,27,26.0,21.0,26.285714285714285,26.357142857142858,23.532467532467532
65,2026-03-20,4,3,0,28,27.0,30.0,27.142857142857142,27.142857142857142,23.576923076923077
65,2026-03-21,5,3,1,26,28.0,20.0,26.857142857142858,26.785714285714285,23.632911392405063
65,2026-03-22,6,3,1,40,26.0,33.0,27.714285714285715,26.428571428571427,23.6625
65,2026-03-23,0,3,0,22,40.0,21.0,28.714285714285715,27.071428571428573,23.864197530864196
65,2026-03-24,1,3,0,25,22.0,33.0,28.857142857142858,27.214285714285715,23.841463414634145
65,2026-03-25,2,3,0,29,25.0,26.0,27.714285714285715,27.071428571428573,23.85542168674699
65,2026-03-26,3,3,0,25,29.0,27.0,28.142857142857142,27.214285714285715,23.916666666666668
65,2026-03-27,4,3,0,24,25.0,28.0,27.857142857142858,27.5,23.929411764705883
65,2026-03-28,5,3,1,23,24.0,26.0,27.285714285714285,27.071428571428573,23.930232558139537
65,2026-03-29,6,3,1,35,23.0,40.0,26.857142857142858,27.285714285714285,23.919540229885058
65,2026-03-30,0,3,0,28,35.0,22.0,26.142857142857142,27.428571428571427,24.045454545454547
65,2026-03-31,1,3,0,28,28.0,25.0,27.0,27.928571428571427,24.089887640449437
65,2026-04-01,2,4,0,17,28.0,29.0,27.428571428571427,27.571428571428573,24.133333333333333
65,2026-04-02,3,4,0,20,17.0,25.0,25.714285714285715,26.928571428571427,24.054945054945055
65,2026-04-03,4,4,0,29,20.0,24.0,25.0,26.428571428571427,24.01086956521739
65,2026-04-04,5,4,1,27,29.0,23.0,25.714285714285715,26.5,24.06451612903226
65,2026-04-05,6,4,1,36,27.0,35.0,26.285714285714285,26.571428571428573,24.095744680851062
65,2026-04-06,0,4,0,24,36.0,28.0,26.428571428571427,26.285714285714285,24.221052631578946
65,2026-04-07,1,4,0,33,24.0,28.0,25.857142857142858,26.428571428571427,24.21875
65,2026-04-08,2,4,0,28,33.0,17.0,26.571428571428573,27.0,24.309278350515463
65,2026-04-09,3,4,0,31,28.0,20.0,28.142857142857142,26.928571428571427,24.346938775510203
65,2026-04-10,4,4,0,34,31.0,29.0,29.714285714285715,27.357142857142858,24.414141414141415
65,2026-04-11,5,4,1,20,34.0,27.0,30.428571428571427,28.071428571428573,24.51
65,2026-04-12,6,4,1,24,20.0,36.0,29.428571428571427,27.857142857142858,24.465346534653467
65,2026-04-13,0,4,0,22,24.0,24.0,27.714285714285715,27.071428571428573,24.46078431372549
65,2026-04-14,1,4,0,30,22.0,33.0,27.428571428571427,26.642857142857142,24.436893203883496
65,2026-04-15,2,4,0,25,30.0,28.0,27.0,26.785714285714285,24.490384615384617
65,2026-04-16,3,4,0,29,25.0,31.0,26.571428571428573,27.357142857142858,24.495238095238093
65,2026-04-17,4,4,0,31,29.0,34.0,26.285714285714285,28.0,24.537735849056602
65,2026-04-18,5,4,1,25,31.0,20.0,25.857142857142858,28.142857142857142,24.598130841121495
65,2026-04-19,6,4,1,29,25.0,24.0,26.571428571428573,28.0,24.60185185185185
65,2026-04-20,0,4,0,22,29.0,22.0,27.285714285714285,27.5,24.642201834862384
65,2026-04-21,1,4,0,27,22.0,30.0,27.285714285714285,27.357142857142858,24.618181818181817
65,2026-04-22,2,4,0,26,27.0,25.0,26.857142857142858,26.928571428571427,24.63963963963964
65,2026-04-23,3,4,0,23,26.0,29.0,27.0,26.785714285714285,24.651785714285715
65,2026-04-24,4,4,0,22,23.0,31.0,26.142857142857142,26.214285714285715,24.63716814159292
65,2026-04-25,5,4,1,38,22.0,25.0,24.857142857142858,25.357142857142858,24.614035087719298
65,2026-04-26,6,4,1,37,38.0,29.0,26.714285714285715,26.642857142857142,24.730434782608697
65,2026-04-27,0,4,0,21,37.0,22.0,27.857142857142858,27.571428571428573,24.836206896551722
65,2026-04-28,1,4,0,28,21.0,27.0,27.714285714285715,27.5,24.803418803418804
65,2026-04-29,2,4,0,26,28.0,26.0,27.857142857142858,27.357142857142858,24.83050847457627
65,2026-04-30,3,4,0,22,26.0,23.0,27.857142857142858,27.428571428571427,24.840336134453782
66,2026-01-15,3,1,0,2,2.0,3.0,3.2857142857142856,3.2142857142857144,3.2142857142857144
66,2026-01-16,4,1,0,3,2.0,4.0,3.142857142857143,3.0714285714285716,3.1333333333333333
66,2026-01-17,5,1,1,4,3.0,3.0,3.0,3.0714285714285716,3.125
66,2026-01-18,6,1,1,3,4.0,5.0,3.142857142857143,3.0714285714285716,3.176470588235294
66,2026-01-19,0,1,0,3,3.0,3.0,2.857142857142857,3.0714285714285716,3.1666666666666665
66,2026-01-20,1,1,0,3,3.0,3.0,2.857142857142857,3.0714285714285716,3.1578947368421053
66,2026-01-21,2,1,0,3,3.0,2.0,2.857142857142857,3.142857142857143,3.15
66,2026-01-22,3,1,0,4,3.0,2.0,3.0,3.142857142857143,3.142857142857143
66,2026-01-23,4,1,0,2,4.0,3.0,3.2857142857142856,3.2142857142857144,3.1818181818181817
66,2026-01-24,5,1,1,3,2.0,4.0,3.142857142857143,3.0714285714285716,3.130434782608696
66,2026-01-25,6,1,1,3,3.0,3.0,3.0,3.0714285714285716,3.125
66,2026-01-26,0,1,0,3,3.0,3.0,3.0,2.9285714285714284,3.12
66,2026-01-27,1,1,0,3,3.0,3.0,3.0,2.9285714285714284,3.1153846153846154
66,2026-01-28,2,1,0,3,3.0,3.0,3.0,2.9285714285714284,3.111111111111111
66,2026-01-29,3,1,0,4,3.0,4.0,3.0,3.0,3.107142857142857
66,2026-01-30,4,1,0,4,4.0,2.0,3.0,3.142857142857143,3.1379310344827585
66,2026-01-31,5,1,1,3,4.0,3.0,3.2857142857142856,3.2142857142857144,3.1666666666666665
66,2026-02-01,6,2,1,4,3.0,3.0,3.2857142857142856,3.142857142857143,3.161290322580645
66,2026-02-02,0,2,0,3,4.0,3.0,3.4285714285714284,3.2142857142857144,3.1875
66,2026-02-03,1,2,0,4,3.0,3.0,3.4285714285714284,3.2142857142857144,3.1818181818181817
66,2026-02-04,2,2,0,3,4.0,3.0,3.5714285714285716,3.2857142857142856,3.2058823529411766
66,2026-02-05,3,2,0,4,3.0,4.0,3.5714285714285716,3.2857142857142856,3.2
66,2026-02-06,4,2,0,3,4.0,4.0,3.5714285714285716,3.2857142857142856,3.2222222222222223
66,2026-02-07,5,2,1,3,3.0,3.0,3.4285714285714284,3.357142857142857,3.2162162162162162
66,2026-02-08,6,2,1,4,3.0,4.0,3.4285714285714284,3.357142857142857,3.210526315789474
66,2026-02-09,0,2,0,5,4.0,3.0,3.4285714285714284,3.4285714285714284,3.230769230769231
66,2026-02-10,1,2,0,4,5.0,4.0,3.7142857142857144,3.5714285714285716,3.275
66,2026-02-11,2,2,0,3,4.0,3.0,3.7142857142857144,3.642857142857143,3.292682926829268
66,2026-02-12,3,2,0,3,3.0,4.0,3.7142857142857144,3.642857142857143,3.2857142857142856
66,2026-02-13,4,2,0,5,3.0,3.0,3.5714285714285716,3.5714285714285716,3.2790697674418605
66,2026-02-14,5,2,1,4,5.0,3.0,3.857142857142857,3.642857142857143,3.3181818181818183
66,2026-02-15,6,2,1,4,4.0,4.0,4.0,3.7142857142857144,3.3333333333333335
66,2026-02-16,0,2,0,3,4.0,5.0,4.0,3.7142857142857144,3.347826086956522
66,2026-02-17,1,2,0,4,3.0,4.0,3.7142857142857144,3.7142857142857144,3.3404255319148937
66,2026-02-18,2,2,0,4,4.0,3.0,3.7142857142857144,3.7142857142857144,3.3541666666666665
66,2026-02-19,3,2,0,4,4.0,3.0,3.857142857142857,3.7857142857142856,3.36734693877551
66,2026-02-20,4,2,0,4,4.0,5.0,4.0,3.7857142857142856,3.38
66,2026-02-21,5,2,1,3,4.0,4.0,3.857142857142857,3.857142857142857,3.392156862745098
66,2026-02-22,6,2,1,5,3.0,4.0,3.7142857142857144,3.857142857142857,3.3846153846153846
66,2026-02-23,0,2,0,3,5.0,3.0,3.857142857142857,3.9285714285714284,3.4150943396226414
66,2026-02-24,1,2,0,4,3.0,4.0,3.857142857142857,3.7857142857142856,3.4074074074074074
66,2026-02-25,2,2,0,4,4.0,4.0,3.857142857142857,3.7857142857142856,3.418181818181818
66,2026-02-26,3,2,0,4,4.0,4.0,3.857142857142857,3.857142857142857,3.4285714285714284
66,2026-02-27,4,2,0,3,4.0,4.0,3.857142857142857,3.9285714285714284,3.43859649122807
66,2026-02-28,5,2,1,3,3.0,3.0,3.7142857142857144,3.7857142857142856,3.4310344827586206
66,2026-03-01,6,3,1,5,3.0,5.0,3.7142857142857144,3.7142857142857144,3.4237288135593222
66,2026-03-02,0,3,0,4,5.0,3.0,3.7142857142857144,3.7857142857142856,3.45
66,2026-03-03,1,3,0,2,4.0,4.0,3.857142857142857,3.857142857142857,3.459016393442623
66,2026-03-04,2,3,0,3,2.0,4.0,3.5714285714285716,3.7142857142857144,3.435483870967742
66,2026-03-05,3,3,0,3,3.0,4.0,3.4285714285714284,3.642857142857143,3.4285714285714284
66,2026-03-06,4,3,0,4,3.0,3.0,3.2857142857142856,3.5714285714285716,3.421875
66,2026-03-07,5,3,1,4,4.0,3.0,3.4285714285714284,3.5714285714285716,3.4307692307692306
66,2026-03-08,6,3,1,5,4.0,5.0,3.5714285714285716,3.642857142857143,3.4393939393939394
66,2026-03-09,0,3,0,5,5.0,4.0,3.5714285714285716,3.642857142857143,3.462686567164179
66,2026-03-10,1,3,0,4,5.0,2.0,3.7142857142857144,3.7857142857142856,3.485294117647059
66,2026-03-11,2,3,0,4,4.0,3.0,4.0,3.7857142857142856,3.4927536231884058
66,2026-03-12,3,3,0,4,4.0,3.0,4.142857142857143,3.7857142857142856,3.5
66,2026-03-13,4,3,0,4,4.0,4.0,4.285714285714286,3.7857142857142856,3.507042253521127
66,2026-03-14,5,3,1,4,4.0,4.0,4.285714285714286,3.857142857142857,3.513888888888889
66,2026-03-15,6,3,1,5,4.0,5.0,4.285714285714286,3.9285714285714284,3.5205479452054793
66,2026-03-16,0,3,0,3,5.0,5.0,4.285714285714286,3.9285714285714284,3.5405405405405403
66,2026-03-17,1,3,0,4,3.0,4.0,4.0,3.857142857142857,3.533333333333333
66,2026-03-18,2,3,0,4,4.0,4.0,4.0,4.0,3.539473684210526
66,2026-03-19,3,3,0,4,4.0,4.0,4.0,4.071428571428571,3.5454545454545454
66,2026-03-20,4,3,0,4,4.0,4.0,4.0,4.142857142857143,3.551282051282051
66,2026-03-21,5,3,1,4,4.0,4.0,4.0,4.142857142857143,3.5569620253164556
66,2026-03-22,6,3,1,5,4.0,5.0,4.0,4.142857142857143,3.5625
66,2026-03-23,0,3,0,4,5.0,3.0,4.0,4.142857142857143,3.580246913580247
66,2026-03-24,1,3,0,4,4.0,4.0,4.142857142857143,4.071428571428571,3.5853658536585367
66,2026-03-25,2,3,0,5,4.0,4.0,4.142857142857143,4.071428571428571,3.5903614457831323
66,2026-03-26,3,3,0,3,5.0,4.0,4.285714285714286,4.142857142857143,3.607142857142857
66,2026-03-27,4,3,0,4,3.0,4.0,4.142857142857143,4.071428571428571,3.6
66,2026-03-28,5,3,1,5,4.0,4.0,4.142857142857143,4.071428571428571,3.604651162790698
66,2026-03-29,6,3,1,5,5.0,5.0,4.285714285714286,4.142857142857143,3.6206896551724137
66,2026-03-30,0,3,0,3,5.0,4.0,4.285714285714286,4.142857142857143,3.6363636363636362
66,2026-03-31,1,3,0,4,3.0,4.0,4.142857142857143,4.142857142857143,3.6292134831460676
66,2026-04-01,2,4,0,5,4.0,5.0,4.142857142857143,4.142857142857143,3.6333333333333333
66,2026-04-02,3,4,0,3,5.0,3.0,4.142857142857143,4.214285714285714,3.6483516483516483
66,2026-04-03,4,4,0,3,3.0,4.0,4.142857142857143,4.142857142857143,3.641304347826087
66,2026-04-04,5,4,1,5,3.0,5.0,4.0,4.071428571428571,3.6344086021505375
66,2026-04-05,6,4,1,5,5.0,5.0,4.0,4.142857142857143,3.648936170212766
66,2026-04-06,0,4,0,3,5.0,3.0,4.0,4.142857142857143,3.663157894736842
66,2026-04-07,1,4,0,4,3.0,4.0,4.0,4.071428571428571,3.65625
66,2026-04-08,2,4,0,4,4.0,5.0,4.0,4.071428571428571,3.6597938144329896
66,2026-04-09,3,4,0,3,4.0,3.0,3.857142857142857,4.0,3.663265306122449
66,2026-04-10,4,4,0,5,3.0,3.0,3.857142857142857,4.0,3.6565656565656566
66,2026-04-11,5,4,1,5,5.0,5.0,4.142857142857143,4.071428571428571,3.67
66,2026-04-12,6,4,1,5,5.0,5.0,4.142857142857143,4.071428571428571,3.6831683168316833
66,2026-04-13,0,4,0,4,5.0,3.0,4.142857142857143,4.071428571428571,3.696078431372549
66,2026-04-14,1,4,0,4,4.0,4.0,4.285714285714286,4.142857142857143,3.6990291262135924
66,2026-04-15,2,4,0,4,4.0,4.0,4.285714285714286,4.142857142857143,3.701923076923077
66,2026-04-16,3,4,0,4,4.0,3.0,4.285714285714286,4.071428571428571,3.704761904761905
66,2026-04-17,4,4,0,4,4.0,5.0,4.428571428571429,4.142857142857143,3.707547169811321
66,2026-04-18,5,4,1,6,4.0,5.0,4.285714285714286,4.214285714285714,3.710280373831776
66,2026-04-19,6,4,1,4,6.0,5.0,4.428571428571429,4.285714285714286,3.7314814814814814
66,2026-04-20,0,4,0,5,4.0,4.0,4.285714285714286,4.214285714285714,3.7339449541284404
66,2026-04-21,1,4,0,4,5.0,4.0,4.428571428571429,4.357142857142857,3.7454545454545456
66,2026-04-22,2,4,0,4,4.0,4.0,4.428571428571429,4.357142857142857,3.7477477477477477
66,2026-04-23,3,4,0,5,4.0,4.0,4.428571428571429,4.357142857142857,3.75
66,2026-04-24,4,4,0,3,5.0,4.0,4.571428571428571,4.5,3.7610619469026547
66,2026-04-25,5,4,1,4,3.0,6.0,4.428571428571429,4.357142857142857,3.754385964912281
66,2026-04-26,6,4,1,5,4.0,4.0,4.142857142857143,4.285714285714286,3.756521739130435
66,2026-04-27,0,4,0,3,5.0,5.0,4.285714285714286,4.285714285714286,3.7672413793103448
66,2026-04-28,1,4,0,5,3.0,4.0,4.0,4.214285714285714,3.7606837606837606
66,2026-04-29,2,4,0,3,5.0,4.0,4.142857142857143,4.285714285714286,3.7711864406779663
66,2026-04-30,3,4,0,4,3.0,5.0,4.0,4.214285714285714,3.764705882352941
67,2026-01-15,3,1,0,5,6.0,4.0,5.428571428571429,5.571428571428571,5.571428571428571
67,2026-01-16,4,1,0,4,5.0,6.0,5.571428571428571,5.642857142857143,5.533333333333333
67,2026-01-17,5,1,1,7,4.0,5.0,5.285714285714286,5.5,5.4375
67,2026-01-18,6,1,1,6,7.0,6.0,5.571428571428571,5.642857142857143,5.529411764705882
67,2026-01-19,0,1,0,4,6.0,6.0,5.571428571428571,5.571428571428571,5.555555555555555
67,2026-01-20,1,1,0,4,4.0,5.0,5.285714285714286,5.428571428571429,5.473684210526316
67,2026-01-21,2,1,0,6,4.0,6.0,5.142857142857143,5.285714285714286,5.4
67,2026-01-22,3,1,0,6,6.0,5.0,5.142857142857143,5.285714285714286,5.428571428571429
67,2026-01-23,4,1,0,5,6.0,4.0,5.285714285714286,5.428571428571429,5.454545454545454
67,2026-01-24,5,1,1,5,5.0,7.0,5.428571428571429,5.357142857142857,5.434782608695652
67,2026-01-25,6,1,1,6,5.0,6.0,5.142857142857143,5.357142857142857,5.416666666666667
67,2026-01-26,0,1,0,6,6.0,4.0,5.142857142857143,5.357142857142857,5.44
67,2026-01-27,1,1,0,7,6.0,4.0,5.428571428571429,5.357142857142857,5.461538461538462
67,2026-01-28,2,1,0,5,7.0,6.0,5.857142857142857,5.5,5.518518518518518
67,2026-01-29,3,1,0,7,5.0,6.0,5.714285714285714,5.428571428571429,5.5
67,2026-01-30,4,1,0,4,7.0,5.0,5.857142857142857,5.571428571428571,5.551724137931035
67,2026-01-31,5,1,1,5,4.0,5.0,5.714285714285714,5.571428571428571,5.5
67,2026-02-01,6,2,1,6,5.0,6.0,5.714285714285714,5.428571428571429,5.483870967741935
67,2026-02-02,0,2,0,5,6.0,6.0,5.714285714285714,5.428571428571429,5.5
67,2026-02-03,1,2,0,5,5.0,7.0,5.571428571428571,5.5,5.484848484848484
67,2026-02-04,2,2,0,5,5.0,5.0,5.285714285714286,5.571428571428571,5.470588235294118
67,2026-02-05,3,2,0,6,5.0,7.0,5.285714285714286,5.5,5.457142857142857
67,2026-02-06,4,2,0,3,6.0,4.0,5.142857142857143,5.5,5.472222222222222
67,2026-02-07,5,2,1,7,3.0,5.0,5.0,5.357142857142857,5.405405405405405
67,2026-02-08,6,2,1,6,7.0,6.0,5.285714285714286,5.5,5.447368421052632
67,2026-02-09,0,2,0,7,6.0,5.0,5.285714285714286,5.5,5.461538461538462
67,2026-02-10,1,2,0,7,7.0,5.0,5.571428571428571,5.571428571428571,5.5
67,2026-02-11,2,2,0,6,7.0,5.0,5.857142857142857,5.571428571428571,5.536585365853658
67,2026-02-12,3,2,0,7,6.0,6.0,6.0,5.642857142857143,5.5476190476190474
67,2026-02-13,4,2,0,5,7.0,3.0,6.142857142857143,5.642857142857143,5.5813953488372094
67,2026-02-14,5,2,1,7,5.0,7.0,6.428571428571429,5.714285714285714,5.568181818181818
67,2026-02-15,6,2,1,7,7.0,6.0,6.428571428571429,5.857142857142857,5.6
67,2026-02-16,0,2,0,4,7.0,7.0,6.571428571428571,5.928571428571429,5.630434782608695
67,2026-02-17,1,2,0,6,4.0,7.0,6.142857142857143,5.857142857142857,5.595744680851064
67,2026-02-18,2,2,0,6,6.0,6.0,6.0,5.928571428571429,5.604166666666667
67,2026-02-19,3,2,0,6,6.0,7.0,6.0,6.0,5.612244897959184
67,2026-02-20,4,2,0,5,6.0,5.0,5.857142857142857,6.0,5.62
67,2026-02-21,5,2,1,8,5.0,7.0,5.857142857142857,6.142857142857143,5.607843137254902
67,2026-02-22,6,2,1,6,8.0,7.0,6.0,6.214285714285714,5.653846153846154
67,2026-02-23,0,2,0,6,6.0,4.0,5.857142857142857,6.214285714285714,5.660377358490566
67,2026-02-24,1,2,0,7,6.0,6.0,6.142857142857143,6.142857142857143,5.666666666666667
67,2026-02-25,2,2,0,5,7.0,6.0,6.285714285714286,6.142857142857143,5.6909090909090905
67,2026-02-26,3,2,0,8,5.0,6.0,6.142857142857143,6.071428571428571,5.678571428571429
67,2026-02-27,4,2,0,8,8.0,5.0,6.428571428571429,6.142857142857143,5.719298245614035
67,2026-02-28,5,2,1,5,8.0,8.0,6.857142857142857,6.357142857142857,5.758620689655173
67,2026-03-01,6,3,1,7,5.0,6.0,6.428571428571429,6.214285714285714,5.745762711864407
67,2026-03-02,0,3,0,6,7.0,6.0,6.571428571428571,6.214285714285714,5.766666666666667
67,2026-03-03,1,3,0,6,6.0,7.0,6.571428571428571,6.357142857142857,5.770491803278689
67,2026-03-04,2,3,0,6,6.0,5.0,6.428571428571429,6.357142857142857,5.774193548387097
67,2026-03-05,3,3,0,5,6.0,8.0,6.571428571428571,6.357142857142857,5.777777777777778
67,2026-03-06,4,3,0,5,5.0,8.0,6.142857142857143,6.285714285714286,5.765625
67,2026-03-07,5,3,1,7,5.0,5.0,5.714285714285714,6.285714285714286,5.753846153846154
67,2026-03-08,6,3,1,8,7.0,7.0,6.0,6.214285714285714,5.7727272727272725
67,2026-03-09,0,3,0,6,8.0,6.0,6.142857142857143,6.357142857142857,5.8059701492537314
67,2026-03-10,1,3,0,7,6.0,6.0,6.142857142857143,6.357142857142857,5.8088235294117645
67,2026-03-11,2,3,0,6,7.0,6.0,6.285714285714286,6.357142857142857,5.826086956521739
67,2026-03-12,3,3,0,5,6.0,5.0,6.285714285714286,6.428571428571429,5.828571428571428
67,2026-03-13,4,3,0,6,5.0,5.0,6.285714285714286,6.214285714285714,5.816901408450704
67,2026-03-14,5,3,1,6,6.0,7.0,6.428571428571429,6.071428571428571,5.819444444444445
67,2026-03-15,6,3,1,9,6.0,8.0,6.285714285714286,6.142857142857143,5.821917808219178
67,2026-03-16,0,3,0,6,9.0,6.0,6.428571428571429,6.285714285714286,5.864864864864865
67,2026-03-17,1,3,0,5,6.0,7.0,6.428571428571429,6.285714285714286,5.866666666666666
67,2026-03-18,2,3,0,7,5.0,6.0,6.142857142857143,6.214285714285714,5.855263157894737
67,2026-03-19,3,3,0,6,7.0,5.0,6.285714285714286,6.285714285714286,5.87012987012987
67,2026-03-20,4,3,0,5,6.0,6.0,6.428571428571429,6.357142857142857,5.871794871794871
67,2026-03-21,5,3,1,6,5.0,6.0,6.285714285714286,6.357142857142857,5.860759493670886
67,2026-03-22,6,3,1,7,6.0,9.0,6.285714285714286,6.285714285714286,5.8625
67,2026-03-23,0,3,0,6,7.0,6.0,6.0,6.214285714285714,5.8765432098765435
67,2026-03-24,1,3,0,5,6.0,5.0,6.0,6.214285714285714,5.878048780487805
67,2026-03-25,2,3,0,6,5.0,7.0,6.0,6.071428571428571,5.867469879518072
67,2026-03-26,3,3,0,5,6.0,6.0,5.857142857142857,6.071428571428571,5.869047619047619
67,2026-03-27,4,3,0,6,5.0,5.0,5.714285714285714,6.071428571428571,5.858823529411764
67,2026-03-28,5,3,1,10,6.0,6.0,5.857142857142857,6.071428571428571,5.8604651162790695
67,2026-03-29,6,3,1,9,10.0,7.0,6.428571428571429,6.357142857142857,5.908045977011494
67,2026-03-30,0,3,0,3,9.0,6.0,6.714285714285714,6.357142857142857,5.943181818181818
67,2026-03-31,1,3,0,7,3.0,5.0,6.285714285714286,6.142857142857143,5.910112359550562
67,2026-04-01,2,4,0,6,7.0,6.0,6.571428571428571,6.285714285714286,5.9222222222222225
67,2026-04-02,3,4,0,5,6.0,5.0,6.571428571428571,6.214285714285714,5.923076923076923
67,2026-04-03,4,4,0,7,5.0,6.0,6.571428571428571,6.142857142857143,5.913043478260869
67,2026-04-04,5,4,1,8,7.0,10.0,6.714285714285714,6.285714285714286,5.924731182795699
67,2026-04-05,6,4,1,7,8.0,9.0,6.428571428571429,6.428571428571429,5.946808510638298
67,2026-04-06,0,4,0,5,7.0,3.0,6.142857142857143,6.428571428571429,5.957894736842105
67,2026-04-07,1,4,0,7,5.0,7.0,6.428571428571429,6.357142857142857,5.947916666666667
67,2026-04-08,2,4,0,8,7.0,6.0,6.428571428571429,6.5,5.958762886597938
67,2026-04-09,3,4,0,7,8.0,5.0,6.714285714285714,6.642857142857143,5.979591836734694
67,2026-04-10,4,4,0,5,7.0,7.0,7.0,6.785714285714286,5.98989898989899
67,2026-04-11,5,4,1,8,5.0,8.0,6.714285714285714,6.714285714285714,5.98
67,2026-04-12,6,4,1,9,8.0,7.0,6.714285714285714,6.571428571428571,6.0
67,2026-04-13,0,4,0,9,9.0,5.0,7.0,6.571428571428571,6.029411764705882
67,2026-04-14,1,4,0,8,9.0,7.0,7.571428571428571,7.0,6.058252427184466
67,2026-04-15,2,4,0,6,8.0,8.0,7.714285714285714,7.071428571428571,6.076923076923077
67,2026-04-16,3,4,0,6,6.0,7.0,7.428571428571429,7.071428571428571,6.076190476190476
67,2026-04-17,4,4,0,6,6.0,5.0,7.285714285714286,7.142857142857143,6.0754716981132075
67,2026-04-18,5,4,1,8,6.0,8.0,7.428571428571429,7.071428571428571,6.074766355140187
67,2026-04-19,6,4,1,8,8.0,9.0,7.428571428571429,7.071428571428571,6.092592592592593
67,2026-04-20,0,4,0,6,8.0,9.0,7.285714285714286,7.142857142857143,6.110091743119266
67,2026-04-21,1,4,0,7,6.0,8.0,6.857142857142857,7.214285714285714,6.109090909090909
67,2026-04-22,2,4,0,8,7.0,6.0,6.714285714285714,7.214285714285714,6.117117117117117
67,2026-04-23,3,4,0,4,8.0,6.0,7.0,7.214285714285714,6.133928571428571
67,2026-04-24,4,4,0,7,4.0,6.0,6.714285714285714,7.0,6.115044247787611
67,2026-04-25,5,4,1,8,7.0,8.0,6.857142857142857,7.142857142857143,6.12280701754386
67,2026-04-26,6,4,1,10,8.0,8.0,6.857142857142857,7.142857142857143,6.139130434782609
67,2026-04-27,0,4,0,6,10.0,6.0,7.142857142857143,7.214285714285714,6.172413793103448
67,2026-04-28,1,4,0,7,6.0,7.0,7.142857142857143,7.0,6.170940170940171
67,2026-04-29,2,4,0,6,7.0,8.0,7.142857142857143,6.928571428571429,6.177966101694915
67,2026-04-30,3,4,0,6,6.0,4.0,6.857142857142857,6.928571428571429,6.176470588235294
68,2026-01-15,3,1,0,35,33.0,29.0,32.714285714285715,32.714285714285715,32.714285714285715
68,2026-01-16,4,1,0,32,35.0,31.0,33.57142857142857,32.714285714285715,32.86666666666667
68,2026-01-17,5,1,1,49,32.0,41.0,33.714285714285715,32.642857142857146,32.8125
68,2026-01-18,6,1,1,37,49.0,36.0,34.857142857142854,33.857142857142854,33.76470588235294
68,2026-01-19,0,1,0,42,37.0,28.0,35.0,33.0,33.94444444444444
68,2026-01-20,1,1,0,31,42.0,31.0,37.0,34.07142857142857,34.36842105263158
68,2026-01-21,2,1,0,36,31.0,33.0,37.0,34.285714285714285,34.2
68,2026-01-22,3,1,0,30,36.0,35.0,37.42857142857143,35.07142857142857,34.285714285714285
68,2026-01-23,4,1,0,32,30.0,32.0,36.714285714285715,35.142857142857146,34.09090909090909
68,2026-01-24,5,1,1,43,32.0,49.0,36.714285714285715,35.214285714285715,34.0
68,2026-01-25,6,1,1,38,43.0,37.0,35.857142857142854,35.357142857142854,34.375
68,2026-01-26,0,1,0,36,38.0,42.0,36.0,35.5,34.52
68,2026-01-27,1,1,0,28,36.0,31.0,35.142857142857146,36.07142857142857,34.57692307692308
68,2026-01-28,2,1,0,23,28.0,36.0,34.714285714285715,35.857142857142854,34.333333333333336
68,2026-01-29,3,1,0,38,23.0,30.0,32.857142857142854,35.142857142857146,33.92857142857143
68,2026-01-30,4,1,0,34,38.0,32.0,34.0,35.357142857142854,34.06896551724138
68,2026-01-31,5,1,1,31,34.0,43.0,34.285714285714285,35.5,34.06666666666667
68,2026-02-01,6,2,1,43,31.0,38.0,32.57142857142857,34.214285714285715,33.96774193548387
68,2026-02-02,0,2,0,34,43.0,36.0,33.285714285714285,34.642857142857146,34.25
68,2026-02-03,1,2,0,30,34.0,28.0,33.0,34.07142857142857,34.24242424242424
68,2026-02-04,2,2,0,40,30.0,23.0,33.285714285714285,34.0,34.11764705882353
68,2026-02-05,3,2,0,32,40.0,38.0,35.714285714285715,34.285714285714285,34.285714285714285
68,2026-02-06,4,2,0,35,32.0,34.0,34.857142857142854,34.42857142857143,34.22222222222222
68,2026-02-07,5,2,1,36,35.0,31.0,35.0,34.642857142857146,34.24324324324324
68,2026-02-08,6,2,1,41,36.0,43.0,35.714285714285715,34.142857142857146,34.28947368421053
68,2026-02-09,0,2,0,25,41.0,34.0,35.42857142857143,34.357142857142854,34.46153846153846
68,2026-02-10,1,2,0,35,25.0,30.0,34.142857142857146,33.57142857142857,34.225
68,2026-02-11,2,2,0,31,35.0,40.0,34.857142857142854,34.07142857142857,34.24390243902439
68,2026-02-12,3,2,0,32,31.0,32.0,33.57142857142857,34.642857142857146,34.166666666666664
68,2026-02-13,4,2,0,35,32.0,35.0,33.57142857142857,34.214285714285715,34.116279069767444
68,2026-02-14,5,2,1,44,35.0,36.0,33.57142857142857,34.285714285714285,34.13636363636363
68,2026-02-15,6,2,1,48,44.0,41.0,34.714285714285715,35.214285714285715,34.355555555555554
68,2026-02-16,0,2,0,36,48.0,25.0,35.714285714285715,35.57142857142857,34.65217391304348
68,2026-02-17,1,2,0,32,36.0,35.0,37.285714285714285,35.714285714285715,34.680851063829785
68,2026-02-18,2,2,0,37,32.0,31.0,36.857142857142854,35.857142857142854,34.625
68,2026-02-19,3,2,0,32,37.0,32.0,37.714285714285715,35.642857142857146,34.673469387755105
68,2026-02-20,4,2,0,36,32.0,35.0,37.714285714285715,35.642857142857146,34.62
68,2026-02-21,5,2,1,43,36.0,44.0,37.857142857142854,35.714285714285715,34.64705882352941
68,2026-02-22,6,2,1,43,43.0,48.0,37.714285714285715,36.214285714285715,34.80769230769231
68,2026-02-23,0,2,0,41,43.0,36.0,37.0,36.357142857142854,34.9622641509434
68,2026-02-24,1,2,0,33,41.0,32.0,37.714285714285715,37.5,35.074074074074076
68,2026-02-25,2,2,0,35,33.0,37.0,37.857142857142854,37.357142857142854,35.03636363636364
68,2026-02-26,3,2,0,30,35.0,32.0,37.57142857142857,37.642857142857146,35.035714285714285
68,2026-02-27,4,2,0,32,30.0,36.0,37.285714285714285,37.5,34.94736842105263
68,2026-02-28,5,2,1,45,32.0,43.0,36.714285714285715,37.285714285714285,34.89655172413793
68,2026-03-01,6,3,1,49,45.0,43.0,37.0,37.357142857142854,35.067796610169495
68,2026-03-02,0,3,0,34,49.0,41.0,37.857142857142854,37.42857142857143,35.3
68,2026-03-03,1,3,0,33,34.0,33.0,36.857142857142854,37.285714285714285,35.278688524590166
68,2026-03-04,2,3,0,44,33.0,35.0,36.857142857142854,37.357142857142854,35.24193548387097
68,2026-03-05,3,3,0,36,44.0,30.0,38.142857142857146,37.857142857142854,35.38095238095238
68,2026-03-06,4,3,0,41,36.0,32.0,39.0,38.142857142857146,35.390625
68,2026-03-07,5,3,1,37,41.0,45.0,40.285714285714285,38.5,35.47692307692308
68,2026-03-08,6,3,1,39,37.0,49.0,39.142857142857146,38.07142857142857,35.5
68,2026-03-09,0,3,0,35,39.0,34.0,37.714285714285715,37.785714285714285,35.55223880597015
68,2026-03-10,1,3,0,39,35.0,33.0,37.857142857142854,37.357142857142854,35.544117647058826
68,2026-03-11,2,3,0,36,39.0,44.0,38.714285714285715,37.785714285714285,35.594202898550726
68,2026-03-12,3,3,0,50,36.0,36.0,37.57142857142857,37.857142857142854,35.6
68,2026-03-13,4,3,0,17,50.0,41.0,39.57142857142857,39.285714285714285,35.80281690140845
68,2026-03-14,5,3,1,56,17.0,37.0,36.142857142857146,38.214285714285715,35.541666666666664
68,2026-03-15,6,3,1,32,56.0,39.0,38.857142857142854,39.0,35.821917808219176
68,2026-03-16,0,3,0,53,32.0,35.0,37.857142857142854,37.785714285714285,35.770270270270274
68,2026-03-17,1,3,0,46,53.0,39.0,40.42857142857143,39.142857142857146,36.0
68,2026-03-18,2,3,0,30,46.0,36.0,41.42857142857143,40.07142857142857,36.13157894736842
68,2026-03-19,3,3,0,45,30.0,50.0,40.57142857142857,39.07142857142857,36.05194805194805
68,2026-03-20,4,3,0,29,45.0,17.0,39.857142857142854,39.714285714285715,36.166666666666664
68,2026-03-21,5,3,1,52,29.0,56.0,41.57142857142857,38.857142857142854,36.075949367088604
68,2026-03-22,6,3,1,44,52.0,32.0,41.0,39.92857142857143,36.275
68,2026-03-23,0,3,0,46,44.0,53.0,42.714285714285715,40.285714285714285,36.370370370370374
68,2026-03-24,1,3,0,43,46.0,46.0,41.714285714285715,41.07142857142857,36.48780487804878
68,2026-03-25,2,3,0,46,43.0,30.0,41.285714285714285,41.357142857142854,36.566265060240966
68,2026-03-26,3,3,0,36,46.0,45.0,43.57142857142857,42.07142857142857,36.67857142857143
68,2026-03-27,4,3,0,36,36.0,29.0,42.285714285714285,41.07142857142857,36.67058823529412
68,2026-03-28,5,3,1,48,36.0,52.0,43.285714285714285,42.42857142857143,36.66279069767442
68,2026-03-29,6,3,1,36,48.0,44.0,42.714285714285715,41.857142857142854,36.793103448275865
68,2026-03-30,0,3,0,28,36.0,46.0,41.57142857142857,42.142857142857146,36.78409090909091
68,2026-03-31,1,3,0,37,28.0,43.0,39.0,40.357142857142854,36.68539325842696
68,2026-04-01,2,4,0,25,37.0,46.0,38.142857142857146,39.714285714285715,36.68888888888889
68,2026-04-02,3,4,0,29,25.0,36.0,35.142857142857146,39.357142857142854,36.56043956043956
68,2026-04-03,4,4,0,46,29.0,36.0,34.142857142857146,38.214285714285715,36.47826086956522
68,2026-04-04,5,4,1,56,46.0,48.0,35.57142857142857,39.42857142857143,36.58064516129032
68,2026-04-05,6,4,1,40,56.0,36.0,36.714285714285715,39.714285714285715,36.787234042553195
68,2026-04-06,0,4,0,36,40.0,28.0,37.285714285714285,39.42857142857143,36.82105263157895
68,2026-04-07,1,4,0,30,36.0,37.0,38.42857142857143,38.714285714285715,36.8125
68,2026-04-08,2,4,0,49,30.0,25.0,37.42857142857143,37.785714285714285,36.74226804123711
68,2026-04-09,3,4,0,40,49.0,29.0,40.857142857142854,38.0,36.86734693877551
68,2026-04-10,4,4,0,35,40.0,46.0,42.42857142857143,38.285714285714285,36.898989898989896
68,2026-04-11,5,4,1,41,35.0,56.0,40.857142857142854,38.214285714285715,36.88
68,2026-04-12,6,4,1,49,41.0,40.0,38.714285714285715,37.714285714285715,36.92079207920792
68,2026-04-13,0,4,0,29,49.0,36.0,40.0,38.642857142857146,37.03921568627451
68,2026-04-14,1,4,0,45,29.0,30.0,39.0,38.714285714285715,36.96116504854369
68,2026-04-15,2,4,0,44,45.0,49.0,41.142857142857146,39.285714285714285,37.03846153846154
68,2026-04-16,3,4,0,51,44.0,40.0,40.42857142857143,40.642857142857146,37.10476190476191
68,2026-04-17,4,4,0,42,51.0,35.0,42.0,42.214285714285715,37.235849056603776
68,2026-04-18,5,4,1,48,42.0,41.0,43.0,41.92857142857143,37.2803738317757
68,2026-04-19,6,4,1,45,48.0,49.0,44.0,41.357142857142854,37.379629629629626
68,2026-04-20,0,4,0,38,45.0,29.0,43.42857142857143,41.714285714285715,37.44954128440367
68,2026-04-21,1,4,0,25,38.0,45.0,44.714285714285715,41.857142857142854,37.45454545454545
68,2026-04-22,2,4,0,41,25.0,44.0,41.857142857142854,41.5,37.34234234234234
68,2026-04-23,3,4,0,46,41.0,51.0,41.42857142857143,40.92857142857143,37.375
68,2026-04-24,4,4,0,42,46.0,42.0,40.714285714285715,41.357142857142854,37.45132743362832
68,2026-04-25,5,4,1,37,42.0,48.0,40.714285714285715,41.857142857142854,37.49122807017544
68,2026-04-26,6,4,1,49,37.0,45.0,39.142857142857146,41.57142857142857,37.48695652173913
68,2026-04-27,0,4,0,44,49.0,38.0,39.714285714285715,41.57142857142857,37.58620689655172
68,2026-04-28,1,4,0,53,44.0,25.0,40.57142857142857,42.642857142857146,37.64102564102564
68,2026-04-29,2,4,0,37,53.0,41.0,44.57142857142857,43.214285714285715,37.771186440677965
68,2026-04-30,3,4,0,37,37.0,46.0,44.0,42.714285714285715,37.76470588235294
69,2026-01-15,3,1,0,5,6.0,4.0,5.142857142857143,5.285714285714286,5.285714285714286
69,2026-01-16,4,1,0,4,5.0,5.0,5.285714285714286,5.357142857142857,5.266666666666667
69,2026-01-17,5,1,1,6,4.0,7.0,5.142857142857143,5.357142857142857,5.1875
69,2026-01-18,6,1,1,6,6.0,6.0,5.0,5.357142857142857,5.235294117647059
69,2026-01-19,0,1,0,5,6.0,3.0,5.0,5.285714285714286,5.277777777777778
69,2026-01-20,1,1,0,7,5.0,5.0,5.285714285714286,5.285714285714286,5.2631578947368425
69,2026-01-21,2,1,0,5,7.0,6.0,5.571428571428571,5.357142857142857,5.35
69,2026-01-22,3,1,0,6,5.0,5.0,5.428571428571429,5.285714285714286,5.333333333333333
69,2026-01-23,4,1,0,5,6.0,4.0,5.571428571428571,5.428571428571429,5.363636363636363
69,2026-01-24,5,1,1,6,5.0,6.0,5.714285714285714,5.428571428571429,5.3478260869565215
69,2026-01-25,6,1,1,6,6.0,6.0,5.714285714285714,5.357142857142857,5.375
69,2026-01-26,0,1,0,6,6.0,5.0,5.714285714285714,5.357142857142857,5.4
69,2026-01-27,1,1,0,6,6.0,7.0,5.857142857142857,5.571428571428571,5.423076923076923
69,2026-01-28,2,1,0,7,6.0,5.0,5.714285714285714,5.642857142857143,5.444444444444445
69,2026-01-29,3,1,0,8,7.0,6.0,6.0,5.714285714285714,5.5
69,2026-01-30,4,1,0,5,8.0,5.0,6.285714285714286,5.928571428571429,5.586206896551724
69,2026-01-31,5,1,1,6,5.0,6.0,6.285714285714286,6.0,5.566666666666666
69,2026-02-01,6,2,1,7,6.0,6.0,6.285714285714286,6.0,5.580645161290323
69,2026-02-02,0,2,0,5,7.0,6.0,6.428571428571429,6.071428571428571,5.625
69,2026-02-03,1,2,0,5,5.0,6.0,6.285714285714286,6.071428571428571,5.606060606060606
69,2026-02-04,2,2,0,7,5.0,7.0,6.142857142857143,5.928571428571429,5.588235294117647
69,2026-02-05,3,2,0,7,7.0,8.0,6.142857142857143,6.071428571428571,5.628571428571429
69,2026-02-06,4,2,0,5,7.0,5.0,6.0,6.142857142857143,5.666666666666667
69,2026-02-07,5,2,1,6,5.0,6.0,6.0,6.142857142857143,5.648648648648648
69,2026-02-08,6,2,1,8,6.0,7.0,6.0,6.142857142857143,5.657894736842105
69,2026-02-09,0,2,0,7,8.0,5.0,6.142857142857143,6.285714285714286,5.717948717948718
69,2026-02-10,1,2,0,5,7.0,5.0,6.428571428571429,6.357142857142857,5.75
69,2026-02-11,2,2,0,5,5.0,7.0,6.428571428571429,6.285714285714286,5.7317073170731705
69,2026-02-12,3,2,0,7,5.0,7.0,6.142857142857143,6.142857142857143,5.714285714285714
69,2026-02-13,4,2,0,7,7.0,5.0,6.142857142857143,6.071428571428571,5.744186046511628
69,2026-02-14,5,2,1,7,7.0,6.0,6.428571428571429,6.214285714285714,5.7727272727272725
69,2026-02-15,6,2,1,7,7.0,8.0,6.571428571428571,6.285714285714286,5.8
69,2026-02-16,0,2,0,5,7.0,7.0,6.428571428571429,6.285714285714286,5.826086956521739
69,2026-02-17,1,2,0,7,5.0,5.0,6.142857142857143,6.285714285714286,5.808510638297872
69,2026-02-18,2,2,0,5,7.0,5.0,6.428571428571429,6.428571428571429,5.833333333333333
69,2026-02-19,3,2,0,8,5.0,7.0,6.428571428571429,6.285714285714286,5.816326530612245
69,2026-02-20,4,2,0,6,8.0,7.0,6.571428571428571,6.357142857142857,5.86
69,2026-02-21,5,2,1,6,6.0,7.0,6.428571428571429,6.428571428571429,5.862745098039215
69,2026-02-22,6,2,1,6,6.0,7.0,6.285714285714286,6.428571428571429,5.865384615384615
69,2026-02-23,0,2,0,5,6.0,5.0,6.142857142857143,6.285714285714286,5.867924528301887
69,2026-02-24,1,2,0,7,5.0,7.0,6.142857142857143,6.142857142857143,5.851851851851852
69,2026-02-25,2,2,0,6,7.0,5.0,6.142857142857143,6.285714285714286,5.872727272727273
69,2026-02-26,3,2,0,6,6.0,8.0,6.285714285714286,6.357142857142857,5.875
69,2026-02-27,4,2,0,7,6.0,6.0,6.0,6.285714285714286,5.87719298245614
69,2026-02-28,5,2,1,7,7.0,6.0,6.142857142857143,6.285714285714286,5.896551724137931
69,2026-03-01,6,3,1,6,7.0,6.0,6.285714285714286,6.285714285714286,5.915254237288136
69,2026-03-02,0,3,0,3,6.0,5.0,6.285714285714286,6.214285714285714,5.916666666666667
69,2026-03-03,1,3,0,5,3.0,7.0,6.0,6.071428571428571,5.868852459016393
69,2026-03-04,2,3,0,6,5.0,6.0,5.714285714285714,5.928571428571429,5.854838709677419
69,2026-03-05,3,3,0,5,6.0,6.0,5.714285714285714,6.0,5.857142857142857
69,2026-03-06,4,3,0,4,5.0,7.0,5.571428571428571,5.785714285714286,5.84375
69,2026-03-07,5,3,1,8,4.0,7.0,5.142857142857143,5.642857142857143,5.815384615384615
69,2026-03-08,6,3,1,8,8.0,6.0,5.285714285714286,5.785714285714286,5.848484848484849
69,2026-03-09,0,3,0,7,8.0,3.0,5.571428571428571,5.928571428571429,5.880597014925373
69,2026-03-10,1,3,0,8,7.0,5.0,6.142857142857143,6.071428571428571,5.897058823529412
69,2026-03-11,2,3,0,5,8.0,6.0,6.571428571428571,6.142857142857143,5.927536231884058
69,2026-03-12,3,3,0,6,5.0,5.0,6.428571428571429,6.071428571428571,5.914285714285715
69,2026-03-13,4,3,0,6,6.0,4.0,6.571428571428571,6.071428571428571,5.915492957746479
69,2026-03-14,5,3,1,6,6.0,8.0,6.857142857142857,6.0,5.916666666666667
69,2026-03-15,6,3,1,8,6.0,8.0,6.571428571428571,5.928571428571429,5.917808219178082
69,2026-03-16,0,3,0,5,8.0,7.0,6.571428571428571,6.071428571428571,5.945945945945946
69,2026-03-17,1,3,0,6,5.0,8.0,6.285714285714286,6.214285714285714,5.933333333333334
69,2026-03-18,2,3,0,5,6.0,5.0,6.0,6.285714285714286,5.934210526315789
69,2026-03-19,3,3,0,7,5.0,6.0,6.0,6.214285714285714,5.922077922077922
69,2026-03-20,4,3,0,7,7.0,6.0,6.142857142857143,6.357142857142857,5.935897435897436
69,2026-03-21,5,3,1,8,7.0,6.0,6.285714285714286,6.571428571428571,5.949367088607595
69,2026-03-22,6,3,1,6,8.0,8.0,6.571428571428571,6.571428571428571,5.975
69,2026-03-23,0,3,0,7,6.0,5.0,6.285714285714286,6.428571428571429,5.9753086419753085
69,2026-03-24,1,3,0,8,7.0,6.0,6.571428571428571,6.428571428571429,5.987804878048781
69,2026-03-25,2,3,0,9,8.0,5.0,6.857142857142857,6.428571428571429,6.0120481927710845
69,2026-03-26,3,3,0,6,9.0,7.0,7.428571428571429,6.714285714285714,6.0476190476190474
69,2026-03-27,4,3,0,7,6.0,7.0,7.285714285714286,6.714285714285714,6.047058823529412
69,2026-03-28,5,3,1,8,7.0,8.0,7.285714285714286,6.785714285714286,6.058139534883721
69,2026-03-29,6,3,1,6,8.0,6.0,7.285714285714286,6.928571428571429,6.080459770114943
69,2026-03-30,0,3,0,7,6.0,7.0,7.285714285714286,6.785714285714286,6.079545454545454
69,2026-03-31,1,3,0,4,7.0,8.0,7.285714285714286,6.928571428571429,6.089887640449438
69,2026-04-01,2,4,0,7,4.0,9.0,6.714285714285714,6.785714285714286,6.066666666666666
69,2026-04-02,3,4,0,4,7.0,6.0,6.428571428571429,6.928571428571429,6.076923076923077
69,2026-04-03,4,4,0,7,4.0,7.0,6.142857142857143,6.714285714285714,6.054347826086956
69,2026-04-04,5,4,1,6,7.0,8.0,6.142857142857143,6.714285714285714,6.064516129032258
69,2026-04-05,6,4,1,11,6.0,6.0,5.857142857142857,6.571428571428571,6.0638297872340425
69,2026-04-06,0,4,0,6,11.0,7.0,6.571428571428571,6.928571428571429,6.11578947368421
69,2026-04-07,1,4,0,6,6.0,4.0,6.428571428571429,6.857142857142857,6.114583333333333
69,2026-04-08,2,4,0,6,6.0,7.0,6.714285714285714,6.714285714285714,6.11340206185567
69,2026-04-09,3,4,0,8,6.0,4.0,6.571428571428571,6.5,6.112244897959184
69,2026-04-10,4,4,0,7,8.0,7.0,7.142857142857143,6.642857142857143,6.1313131313131315
69,2026-04-11,5,4,1,6,7.0,6.0,7.142857142857143,6.642857142857143,6.14
69,2026-04-12,6,4,1,8,6.0,11.0,7.142857142857143,6.5,6.138613861386139
69,2026-04-13,0,4,0,7,8.0,6.0,6.714285714285714,6.642857142857143,6.1568627450980395
69,2026-04-14,1,4,0,6,7.0,6.0,6.857142857142857,6.642857142857143,6.165048543689321
69,2026-04-15,2,4,0,5,6.0,6.0,6.857142857142857,6.785714285714286,6.163461538461538
69,2026-04-16,3,4,0,6,5.0,8.0,6.714285714285714,6.642857142857143,6.152380952380953
69,2026-04-17,4,4,0,7,6.0,7.0,6.428571428571429,6.785714285714286,6.150943396226415
69,2026-04-18,5,4,1,7,7.0,6.0,6.428571428571429,6.785714285714286,6.158878504672897
69,2026-04-19,6,4,1,8,7.0,8.0,6.571428571428571,6.857142857142857,6.166666666666667
69,2026-04-20,0,4,0,7,8.0,7.0,6.571428571428571,6.642857142857143,6.18348623853211
69,2026-04-21,1,4,0,9,7.0,6.0,6.571428571428571,6.714285714285714,6.1909090909090905
69,2026-04-22,2,4,0,5,9.0,5.0,7.0,6.928571428571429,6.216216216216216
69,2026-04-23,3,4,0,9,5.0,6.0,7.0,6.857142857142857,6.205357142857143
69,2026-04-24,4,4,0,6,9.0,7.0,7.428571428571429,6.928571428571429,6.230088495575221
69,2026-04-25,5,4,1,7,6.0,7.0,7.285714285714286,6.857142857142857,6.228070175438597
69,2026-04-26,6,4,1,8,7.0,8.0,7.285714285714286,6.928571428571429,6.234782608695652
69,2026-04-27,0,4,0,6,8.0,7.0,7.285714285714286,6.928571428571429,6.25
69,2026-04-28,1,4,0,6,6.0,9.0,7.142857142857143,6.857142857142857,6.247863247863248
69,2026-04-29,2,4,0,9,6.0,5.0,6.714285714285714,6.857142857142857,6.245762711864407
69,2026-04-30,3,4,0,7,9.0,9.0,7.285714285714286,7.142857142857143,6.26890756302521
70,2026-01-15,3,1,0,10,11.0,10.0,11.714285714285714,11.5,11.5
70,2026-01-16,4,1,0,16,10.0,10.0,11.714285714285714,11.214285714285714,11.4
70,2026-01-17,5,1,1,16,16.0,11.0,12.571428571428571,11.642857142857142,11.6875
70,2026-01-18,6,1,1,18,16.0,15.0,13.285714285714286,12.0,11.941176470588236
70,2026-01-19,0,1,0,10,18.0,11.0,13.714285714285714,12.571428571428571,12.277777777777779
70,2026-01-20,1,1,0,12,10.0,14.0,13.571428571428571,12.785714285714286,12.157894736842104
70,2026-01-21,2,1,0,11,12.0,11.0,13.285714285714286,12.642857142857142,12.15
70,2026-01-22,3,1,0,10,11.0,10.0,13.285714285714286,12.5,12.095238095238095
70,2026-01-23,4,1,0,11,10.0,16.0,13.285714285714286,12.5,12.0
70,2026-01-24,5,1,1,14,11.0,16.0,12.571428571428571,12.571428571428571,11.956521739130435
70,2026-01-25,6,1,1,11,14.0,18.0,12.285714285714286,12.785714285714286,12.041666666666666
70,2026-01-26,0,1,0,9,11.0,10.0,11.285714285714286,12.5,12.0
70,2026-01-27,1,1,0,9,9.0,12.0,11.142857142857142,12.357142857142858,11.884615384615385
70,2026-01-28,2,1,0,11,9.0,11.0,10.714285714285714,12.0,11.777777777777779
70,2026-01-29,3,1,0,9,11.0,10.0,10.714285714285714,12.0,11.75
70,2026-01-30,4,1,0,17,9.0,11.0,10.571428571428571,11.928571428571429,11.655172413793103
70,2026-01-31,5,1,1,16,17.0,14.0,11.428571428571429,12.0,11.833333333333334
70,2026-02-01,6,2,1,16,16.0,11.0,11.714285714285714,12.0,11.96774193548387
70,2026-02-02,0,2,0,10,16.0,9.0,12.428571428571429,11.857142857142858,12.09375
70,2026-02-03,1,2,0,9,10.0,9.0,12.571428571428571,11.857142857142858,12.030303030303031
70,2026-02-04,2,2,0,13,9.0,11.0,12.571428571428571,11.642857142857142,11.941176470588236
70,2026-02-05,3,2,0,12,13.0,9.0,12.857142857142858,11.785714285714286,11.971428571428572
70,2026-02-06,4,2,0,11,12.0,17.0,13.285714285714286,11.928571428571429,11.972222222222221
70,2026-02-07,5,2,1,15,11.0,16.0,12.428571428571429,11.928571428571429,11.945945945945946
70,2026-02-08,6,2,1,13,15.0,16.0,12.285714285714286,12.0,12.026315789473685
70,2026-02-09,0,2,0,11,13.0,10.0,11.857142857142858,12.142857142857142,12.051282051282051
70,2026-02-10,1,2,0,11,11.0,9.0,12.0,12.285714285714286,12.025
70,2026-02-11,2,2,0,14,11.0,13.0,12.285714285714286,12.428571428571429,12.0
70,2026-02-12,3,2,0,10,14.0,12.0,12.428571428571429,12.642857142857142,12.047619047619047
70,2026-02-13,4,2,0,13,10.0,11.0,12.142857142857142,12.714285714285714,12.0
70,2026-02-14,5,2,1,13,13.0,15.0,12.428571428571429,12.428571428571429,12.022727272727273
70,2026-02-15,6,2,1,17,13.0,13.0,12.142857142857142,12.214285714285714,12.044444444444444
70,2026-02-16,0,2,0,13,17.0,11.0,12.714285714285714,12.285714285714286,12.152173913043478
70,2026-02-17,1,2,0,17,13.0,11.0,13.0,12.5,12.170212765957446
70,2026-02-18,2,2,0,11,17.0,14.0,13.857142857142858,13.071428571428571,12.270833333333334
70,2026-02-19,3,2,0,14,11.0,10.0,13.428571428571429,12.928571428571429,12.244897959183673
70,2026-02-20,4,2,0,11,14.0,13.0,14.0,13.071428571428571,12.28
70,2026-02-21,5,2,1,14,11.0,13.0,13.714285714285714,13.071428571428571,12.254901960784315
70,2026-02-22,6,2,1,17,14.0,17.0,13.857142857142858,13.0,12.288461538461538
70,2026-02-23,0,2,0,15,17.0,13.0,13.857142857142858,13.285714285714286,12.377358490566039
70,2026-02-24,1,2,0,10,15.0,17.0,14.142857142857142,13.571428571428571,12.425925925925926
70,2026-02-25,2,2,0,9,10.0,11.0,13.142857142857142,13.5,12.381818181818181
70,2026-02-26,3,2,0,14,9.0,14.0,12.857142857142858,13.142857142857142,12.321428571428571
70,2026-02-27,4,2,0,18,14.0,11.0,12.857142857142858,13.428571428571429,12.350877192982455
70,2026-02-28,5,2,1,15,18.0,14.0,13.857142857142858,13.785714285714286,12.448275862068966
70,2026-03-01,6,3,1,11,15.0,17.0,14.0,13.928571428571429,12.491525423728813
70,2026-03-02,0,3,0,14,11.0,15.0,13.142857142857142,13.5,12.466666666666667
70,2026-03-03,1,3,0,11,14.0,10.0,13.0,13.571428571428571,12.491803278688524
70,2026-03-04,2,3,0,14,11.0,9.0,13.142857142857142,13.142857142857142,12.46774193548387
70,2026-03-05,3,3,0,16,14.0,14.0,13.857142857142858,13.357142857142858,12.492063492063492
70,2026-03-06,4,3,0,15,16.0,18.0,14.142857142857142,13.5,12.546875
70,2026-03-07,5,3,1,16,15.0,15.0,13.714285714285714,13.785714285714286,12.584615384615384
70,2026-03-08,6,3,1,17,16.0,11.0,13.857142857142858,13.928571428571429,12.636363636363637
70,2026-03-09,0,3,0,14,17.0,14.0,14.714285714285714,13.928571428571429,12.701492537313433
70,2026-03-10,1,3,0,13,14.0,11.0,14.714285714285714,13.857142857142858,12.720588235294118
70,2026-03-11,2,3,0,15,13.0,14.0,15.0,14.071428571428571,12.72463768115942
70,2026-03-12,3,3,0,14,15.0,16.0,15.142857142857142,14.5,12.757142857142858
70,2026-03-13,4,3,0,13,14.0,15.0,14.857142857142858,14.5,12.774647887323944
70,2026-03-14,5,3,1,16,13.0,16.0,14.571428571428571,14.142857142857142,12.777777777777779
70,2026-03-15,6,3,1,13,16.0,17.0,14.571428571428571,14.214285714285714,12.821917808219178
70,2026-03-16,0,3,0,14,13.0,14.0,14.0,14.357142857142858,12.824324324324325
70,2026-03-17,1,3,0,12,14.0,13.0,14.0,14.357142857142858,12.84
70,2026-03-18,2,3,0,15,12.0,15.0,13.857142857142858,14.428571428571429,12.828947368421053
70,2026-03-19,3,3,0,14,15.0,14.0,13.857142857142858,14.5,12.857142857142858
70,2026-03-20,4,3,0,12,14.0,13.0,13.857142857142858,14.357142857142858,12.871794871794872
70,2026-03-21,5,3,1,15,12.0,16.0,13.714285714285714,14.142857142857142,12.860759493670885
70,2026-03-22,6,3,1,19,15.0,13.0,13.571428571428571,14.071428571428571,12.8875
70,2026-03-23,0,3,0,17,19.0,14.0,14.428571428571429,14.214285714285714,12.962962962962964
70,2026-03-24,1,3,0,11,17.0,12.0,14.857142857142858,14.428571428571429,13.012195121951219
70,2026-03-25,2,3,0,14,11.0,15.0,14.714285714285714,14.285714285714286,12.987951807228916
70,2026-03-26,3,3,0,13,14.0,14.0,14.571428571428571,14.214285714285714,13.0
70,2026-03-27,4,3,0,18,13.0,12.0,14.428571428571429,14.142857142857142,13.0
70,2026-03-28,5,3,1,17,18.0,15.0,15.285714285714286,14.5,13.05813953488372
70,2026-03-29,6,3,1,13,17.0,19.0,15.571428571428571,14.571428571428571,13.10344827586207
70,2026-03-30,0,3,0,20,13.0,17.0,14.714285714285714,14.571428571428571,13.102272727272727
70,2026-03-31,1,3,0,12,20.0,11.0,15.142857142857142,15.0,13.179775280898877
70,2026-04-01,2,4,0,14,12.0,14.0,15.285714285714286,15.0,13.166666666666666
70,2026-04-02,3,4,0,19,14.0,13.0,15.285714285714286,14.928571428571429,13.175824175824175
70,2026-04-03,4,4,0,16,19.0,18.0,16.142857142857142,15.285714285714286,13.23913043478261
70,2026-04-04,5,4,1,11,16.0,17.0,15.857142857142858,15.571428571428571,13.268817204301076
70,2026-04-05,6,4,1,17,11.0,13.0,15.0,15.285714285714286,13.24468085106383
70,2026-04-06,0,4,0,12,17.0,20.0,15.571428571428571,15.142857142857142,13.284210526315789
70,2026-04-07,1,4,0,13,12.0,12.0,14.428571428571429,14.785714285714286,13.270833333333334
70,2026-04-08,2,4,0,12,13.0,14.0,14.571428571428571,14.928571428571429,13.268041237113403
70,2026-04-09,3,4,0,17,12.0,19.0,14.285714285714286,14.785714285714286,13.255102040816327
70,2026-04-10,4,4,0,15,17.0,16.0,14.0,15.071428571428571,13.292929292929292
70,2026-04-11,5,4,1,20,15.0,11.0,13.857142857142858,14.857142857142858,13.31
70,2026-04-12,6,4,1,15,20.0,17.0,15.142857142857142,15.071428571428571,13.376237623762377
70,2026-04-13,0,4,0,17,15.0,12.0,14.857142857142858,15.214285714285714,13.392156862745098
70,2026-04-14,1,4,0,16,17.0,13.0,15.571428571428571,15.0,13.427184466019417
70,2026-04-15,2,4,0,14,16.0,12.0,16.0,15.285714285714286,13.451923076923077
70,2026-04-16,3,4,0,11,14.0,17.0,16.285714285714285,15.285714285714286,13.457142857142857
70,2026-04-17,4,4,0,12,11.0,15.0,15.428571428571429,14.714285714285714,13.433962264150944
70,2026-04-18,5,4,1,14,12.0,20.0,15.0,14.428571428571429,13.42056074766355
70,2026-04-19,6,4,1,17,14.0,15.0,14.142857142857142,14.642857142857142,13.425925925925926
70,2026-04-20,0,4,0,18,17.0,17.0,14.428571428571429,14.642857142857142,13.458715596330276
70,2026-04-21,1,4,0,18,18.0,16.0,14.571428571428571,15.071428571428571,13.5
70,2026-04-22,2,4,0,15,18.0,14.0,14.857142857142858,15.428571428571429,13.54054054054054
70,2026-04-23,3,4,0,18,15.0,11.0,15.0,15.642857142857142,13.553571428571429
70,2026-04-24,4,4,0,16,18.0,12.0,16.0,15.714285714285714,13.5929203539823
70,2026-04-25,5,4,1,17,16.0,14.0,16.571428571428573,15.785714285714286,13.614035087719298
70,2026-04-26,6,4,1,18,17.0,17.0,17.0,15.571428571428571,13.643478260869566
70,2026-04-27,0,4,0,11,18.0,18.0,17.142857142857142,15.785714285714286,13.681034482758621
70,2026-04-28,1,4,0,14,11.0,18.0,16.142857142857142,15.357142857142858,13.658119658119658
70,2026-04-29,2,4,0,14,14.0,15.0,15.571428571428571,15.214285714285714,13.661016949152541
70,2026-04-30,3,4,0,11,14.0,18.0,15.428571428571429,15.214285714285714,13.663865546218487
71,2026-01-15,3,1,0,3,3.0,2.0,3.0,3.0,3.0
71,2026-01-16,4,1,0,4,3.0,3.0,3.142857142857143,3.0,3.0
71,2026-01-17,5,1,1,3,4.0,3.0,3.2857142857142856,3.0714285714285716,3.0625
71,2026-01-18,6,1,1,3,3.0,4.0,3.2857142857142856,3.0,3.0588235294117645
71,2026-01-19,0,1,0,3,3.0,3.0,3.142857142857143,3.0,3.0555555555555554
71,2026-01-20,1,1,0,3,3.0,3.0,3.142857142857143,3.0,3.0526315789473686
71,2026-01-21,2,1,0,3,3.0,3.0,3.142857142857143,3.0,3.05
71,2026-01-22,3,1,0,4,3.0,3.0,3.142857142857143,3.0714285714285716,3.0476190476190474
71,2026-01-23,4,1,0,3,4.0,4.0,3.2857142857142856,3.2142857142857144,3.090909090909091
71,2026-01-24,5,1,1,3,3.0,3.0,3.142857142857143,3.2142857142857144,3.0869565217391304
71,2026-01-25,6,1,1,3,3.0,3.0,3.142857142857143,3.2142857142857144,3.0833333333333335
71,2026-01-26,0,1,0,3,3.0,3.0,3.142857142857143,3.142857142857143,3.08
71,2026-01-27,1,1,0,4,3.0,3.0,3.142857142857143,3.142857142857143,3.076923076923077
71,2026-01-28,2,1,0,3,4.0,3.0,3.2857142857142856,3.2142857142857144,3.111111111111111
71,2026-01-29,3,1,0,2,3.0,4.0,3.2857142857142856,3.2142857142857144,3.107142857142857
71,2026-01-30,4,1,0,3,2.0,3.0,3.0,3.142857142857143,3.0689655172413794
71,2026-01-31,5,1,1,4,3.0,3.0,3.0,3.0714285714285716,3.066666666666667
71,2026-02-01,6,2,1,5,4.0,3.0,3.142857142857143,3.142857142857143,3.096774193548387
71,2026-02-02,0,2,0,3,5.0,3.0,3.4285714285714284,3.2857142857142856,3.15625
71,2026-02-03,1,2,0,2,3.0,4.0,3.4285714285714284,3.2857142857142856,3.1515151515151514
71,2026-02-04,2,2,0,3,2.0,3.0,3.142857142857143,3.2142857142857144,3.1176470588235294
71,2026-02-05,3,2,0,4,3.0,2.0,3.142857142857143,3.2142857142857144,3.1142857142857143
71,2026-02-06,4,2,0,4,4.0,3.0,3.4285714285714284,3.2142857142857144,3.138888888888889
71,2026-02-07,5,2,1,4,4.0,4.0,3.5714285714285716,3.2857142857142856,3.1621621621621623
71,2026-02-08,6,2,1,4,4.0,5.0,3.5714285714285716,3.357142857142857,3.1842105263157894
71,2026-02-09,0,2,0,3,4.0,3.0,3.4285714285714284,3.4285714285714284,3.2051282051282053
71,2026-02-10,1,2,0,4,3.0,2.0,3.4285714285714284,3.4285714285714284,3.2
71,2026-02-11,2,2,0,3,4.0,3.0,3.7142857142857144,3.4285714285714284,3.2195121951219514
71,2026-02-12,3,2,0,3,3.0,4.0,3.7142857142857144,3.4285714285714284,3.2142857142857144
71,2026-02-13,4,2,0,3,3.0,4.0,3.5714285714285716,3.5,3.2093023255813953
71,2026-02-14,5,2,1,5,3.0,4.0,3.4285714285714284,3.5,3.2045454545454546
71,2026-02-15,6,2,1,3,5.0,4.0,3.5714285714285716,3.5714285714285716,3.2444444444444445
71,2026-02-16,0,2,0,3,3.0,3.0,3.4285714285714284,3.4285714285714284,3.239130434782609
71,2026-02-17,1,2,0,3,3.0,4.0,3.4285714285714284,3.4285714285714284,3.234042553191489
71,2026-02-18,2,2,0,4,3.0,3.0,3.2857142857142856,3.5,3.2291666666666665
71,2026-02-19,3,2,0,3,4.0,3.0,3.4285714285714284,3.5714285714285716,3.2448979591836733
71,2026-02-20,4,2,0,4,3.0,3.0,3.4285714285714284,3.5,3.24
71,2026-02-21,5,2,1,5,4.0,5.0,3.5714285714285716,3.5,3.2549019607843137
71,2026-02-22,6,2,1,4,5.0,3.0,3.5714285714285716,3.5714285714285716,3.2884615384615383
71,2026-02-23,0,2,0,4,4.0,3.0,3.7142857142857144,3.5714285714285716,3.30188679245283
71,2026-02-24,1,2,0,5,4.0,3.0,3.857142857142857,3.642857142857143,3.314814814814815
71,2026-02-25,2,2,0,4,5.0,4.0,4.142857142857143,3.7142857142857144,3.3454545454545452
71,2026-02-26,3,2,0,2,4.0,3.0,4.142857142857143,3.7857142857142856,3.357142857142857
71,2026-02-27,4,2,0,4,2.0,4.0,4.0,3.7142857142857144,3.3333333333333335
71,2026-02-28,5,2,1,4,4.0,5.0,4.0,3.7857142857142856,3.3448275862068964
71,2026-03-01,6,3,1,4,4.0,4.0,3.857142857142857,3.7142857142857144,3.3559322033898304
71,2026-03-02,0,3,0,3,4.0,4.0,3.857142857142857,3.7857142857142856,3.3666666666666667
71,2026-03-03,1,3,0,3,3.0,5.0,3.7142857142857144,3.7857142857142856,3.360655737704918
71,2026-03-04,2,3,0,3,3.0,4.0,3.4285714285714284,3.7857142857142856,3.3548387096774195
71,2026-03-05,3,3,0,3,3.0,2.0,3.2857142857142856,3.7142857142857144,3.3492063492063493
71,2026-03-06,4,3,0,3,3.0,4.0,3.4285714285714284,3.7142857142857144,3.34375
71,2026-03-07,5,3,1,5,3.0,4.0,3.2857142857142856,3.642857142857143,3.3384615384615386
71,2026-03-08,6,3,1,4,5.0,4.0,3.4285714285714284,3.642857142857143,3.3636363636363638
71,2026-03-09,0,3,0,4,4.0,3.0,3.4285714285714284,3.642857142857143,3.373134328358209
71,2026-03-10,1,3,0,4,4.0,3.0,3.5714285714285716,3.642857142857143,3.3823529411764706
71,2026-03-11,2,3,0,4,4.0,3.0,3.7142857142857144,3.5714285714285716,3.391304347826087
71,2026-03-12,3,3,0,5,4.0,3.0,3.857142857142857,3.5714285714285716,3.4
71,2026-03-13,4,3,0,5,5.0,3.0,4.142857142857143,3.7857142857142856,3.4225352112676055
71,2026-03-14,5,3,1,4,5.0,5.0,4.428571428571429,3.857142857142857,3.4444444444444446
71,2026-03-15,6,3,1,5,4.0,4.0,4.285714285714286,3.857142857142857,3.452054794520548
71,2026-03-16,0,3,0,3,5.0,4.0,4.428571428571429,3.9285714285714284,3.472972972972973
71,2026-03-17,1,3,0,4,3.0,4.0,4.285714285714286,3.9285714285714284,3.466666666666667
71,2026-03-18,2,3,0,4,4.0,4.0,4.285714285714286,4.0,3.473684210526316
71,2026-03-19,3,3,0,5,4.0,5.0,4.285714285714286,4.071428571428571,3.4805194805194803
71,2026-03-20,4,3,0,4,5.0,5.0,4.285714285714286,4.214285714285714,3.5
71,2026-03-21,5,3,1,6,4.0,4.0,4.142857142857143,4.285714285714286,3.5063291139240507
71,2026-03-22,6,3,1,5,6.0,5.0,4.428571428571429,4.357142857142857,3.5375
71,2026-03-23,0,3,0,3,5.0,3.0,4.428571428571429,4.428571428571429,3.5555555555555554
71,2026-03-24,1,3,0,4,3.0,4.0,4.428571428571429,4.357142857142857,3.548780487804878
71,2026-03-25,2,3,0,2,4.0,4.0,4.428571428571429,4.357142857142857,3.5542168674698793
71,2026-03-26,3,3,0,4,2.0,5.0,4.142857142857143,4.214285714285714,3.5357142857142856
71,2026-03-27,4,3,0,4,4.0,4.0,4.0,4.142857142857143,3.541176470588235
71,2026-03-28,5,3,1,5,4.0,6.0,4.0,4.071428571428571,3.546511627906977
71,2026-03-29,6,3,1,4,5.0,5.0,3.857142857142857,4.142857142857143,3.5632183908045976
71,2026-03-30,0,3,0,4,4.0,3.0,3.7142857142857144,4.071428571428571,3.5681818181818183
71,2026-03-31,1,3,0,3,4.0,4.0,3.857142857142857,4.142857142857143,3.5730337078651684
71,2026-04-01,2,4,0,3,3.0,2.0,3.7142857142857144,4.071428571428571,3.566666666666667
71,2026-04-02,3,4,0,5,3.0,4.0,3.857142857142857,4.0,3.5604395604395602
71,2026-04-03,4,4,0,4,5.0,4.0,4.0,4.0,3.5760869565217392
71,2026-04-04,5,4,1,4,4.0,5.0,4.0,4.0,3.5806451612903225
71,2026-04-05,6,4,1,5,4.0,4.0,3.857142857142857,3.857142857142857,3.5851063829787235
71,2026-04-06,0,4,0,4,5.0,4.0,4.0,3.857142857142857,3.6
71,2026-04-07,1,4,0,3,4.0,3.0,4.0,3.9285714285714284,3.6041666666666665
71,2026-04-08,2,4,0,5,3.0,3.0,4.0,3.857142857142857,3.597938144329897
71,2026-04-09,3,4,0,3,5.0,5.0,4.285714285714286,4.071428571428571,3.6122448979591835
71,2026-04-10,4,4,0,3,3.0,4.0,4.0,4.0,3.606060606060606
71,2026-04-11,5,4,1,4,3.0,4.0,3.857142857142857,3.9285714285714284,3.6
71,2026-04-12,6,4,1,5,4.0,5.0,3.857142857142857,3.857142857142857,3.603960396039604
71,2026-04-13,0,4,0,3,5.0,4.0,3.857142857142857,3.9285714285714284,3.6176470588235294
71,2026-04-14,1,4,0,4,3.0,3.0,3.7142857142857144,3.857142857142857,3.6116504854368934
71,2026-04-15,2,4,0,4,4.0,5.0,3.857142857142857,3.9285714285714284,3.6153846153846154
71,2026-04-16,3,4,0,4,4.0,3.0,3.7142857142857144,4.0,3.619047619047619
71,2026-04-17,4,4,0,4,4.0,3.0,3.857142857142857,3.9285714285714284,3.6226415094339623
71,2026-04-18,5,4,1,5,4.0,4.0,4.0,3.9285714285714284,3.6261682242990654
71,2026-04-19,6,4,1,5,5.0,5.0,4.142857142857143,4.0,3.638888888888889
71,2026-04-20,0,4,0,4,5.0,3.0,4.142857142857143,4.0,3.6513761467889907
71,2026-04-21,1,4,0,4,4.0,4.0,4.285714285714286,4.0,3.6545454545454548
71,2026-04-22,2,4,0,4,4.0,4.0,4.285714285714286,4.071428571428571,3.6576576576576576
71,2026-04-23,3,4,0,5,4.0,4.0,4.285714285714286,4.0,3.6607142857142856
71,2026-04-24,4,4,0,2,5.0,4.0,4.428571428571429,4.142857142857143,3.672566371681416
71,2026-04-25,5,4,1,4,2.0,5.0,4.142857142857143,4.071428571428571,3.6578947368421053
71,2026-04-26,6,4,1,6,4.0,5.0,4.0,4.071428571428571,3.6608695652173915
71,2026-04-27,0,4,0,4,6.0,4.0,4.142857142857143,4.142857142857143,3.6810344827586206
71,2026-04-28,1,4,0,4,4.0,4.0,4.142857142857143,4.214285714285714,3.6837606837606836
71,2026-04-29,2,4,0,4,4.0,4.0,4.142857142857143,4.214285714285714,3.6864406779661016
71,2026-04-30,3,4,0,4,4.0,5.0,4.142857142857143,4.214285714285714,3.689075630252101
72,2026-01-15,3,1,0,7,7.0,6.0,6.0,5.714285714285714,5.714285714285714
72,2026-01-16,4,1,0,4,7.0,5.0,6.142857142857143,5.714285714285714,5.8
72,2026-01-17,5,1,1,6,4.0,6.0,6.0,5.642857142857143,5.6875
72,2026-01-18,6,1,1,7,6.0,6.0,6.0,5.642857142857143,5.705882352941177
72,2026-01-19,0,1,0,7,7.0,5.0,6.142857142857143,5.714285714285714,5.777777777777778
72,2026-01-20,1,1,0,4,7.0,7.0,6.428571428571429,5.785714285714286,5.842105263157895
72,2026-01-21,2,1,0,4,4.0,7.0,6.0,5.857142857142857,5.75
72,2026-01-22,3,1,0,5,4.0,7.0,5.571428571428571,5.785714285714286,5.666666666666667
72,2026-01-23,4,1,0,4,5.0,4.0,5.285714285714286,5.714285714285714,5.636363636363637
72,2026-01-24,5,1,1,5,4.0,6.0,5.285714285714286,5.642857142857143,5.565217391304348
72,2026-01-25,6,1,1,6,5.0,7.0,5.142857142857143,5.571428571428571,5.541666666666667
72,2026-01-26,0,1,0,6,6.0,7.0,5.0,5.571428571428571,5.56
72,2026-01-27,1,1,0,6,6.0,4.0,4.857142857142857,5.642857142857143,5.576923076923077
72,2026-01-28,2,1,0,3,6.0,4.0,5.142857142857143,5.571428571428571,5.592592592592593
72,2026-01-29,3,1,0,5,3.0,5.0,5.0,5.285714285714286,5.5
72,2026-01-30,4,1,0,4,5.0,4.0,5.0,5.142857142857143,5.482758620689655
72,2026-01-31,5,1,1,6,4.0,5.0,5.0,5.142857142857143,5.433333333333334
72,2026-02-01,6,2,1,8,6.0,6.0,5.142857142857143,5.142857142857143,5.451612903225806
72,2026-02-02,0,2,0,5,8.0,6.0,5.428571428571429,5.214285714285714,5.53125
72,2026-02-03,1,2,0,7,5.0,6.0,5.285714285714286,5.071428571428571,5.515151515151516
72,2026-02-04,2,2,0,5,7.0,3.0,5.428571428571429,5.285714285714286,5.5588235294117645
72,2026-02-05,3,2,0,7,5.0,5.0,5.714285714285714,5.357142857142857,5.542857142857143
72,2026-02-06,4,2,0,5,7.0,4.0,6.0,5.5,5.583333333333333
72,2026-02-07,5,2,1,6,5.0,6.0,6.142857142857143,5.571428571428571,5.5675675675675675
72,2026-02-08,6,2,1,7,6.0,8.0,6.142857142857143,5.642857142857143,5.578947368421052
72,2026-02-09,0,2,0,7,7.0,5.0,6.0,5.714285714285714,5.615384615384615
72,2026-02-10,1,2,0,6,7.0,7.0,6.285714285714286,5.785714285714286,5.65
72,2026-02-11,2,2,0,8,6.0,5.0,6.142857142857143,5.785714285714286,5.658536585365853
72,2026-02-12,3,2,0,6,8.0,7.0,6.571428571428571,6.142857142857143,5.714285714285714
72,2026-02-13,4,2,0,6,6.0,5.0,6.428571428571429,6.214285714285714,5.72093023255814
72,2026-02-14,5,2,1,8,6.0,6.0,6.571428571428571,6.357142857142857,5.7272727272727275
72,2026-02-15,6,2,1,7,8.0,7.0,6.857142857142857,6.5,5.777777777777778
72,2026-02-16,0,2,0,6,7.0,7.0,6.857142857142857,6.428571428571429,5.804347826086956
72,2026-02-17,1,2,0,5,6.0,6.0,6.714285714285714,6.5,5.808510638297872
72,2026-02-18,2,2,0,6,5.0,8.0,6.571428571428571,6.357142857142857,5.791666666666667
72,2026-02-19,3,2,0,5,6.0,6.0,6.285714285714286,6.428571428571429,5.795918367346939
72,2026-02-20,4,2,0,5,5.0,6.0,6.142857142857143,6.285714285714286,5.78
72,2026-02-21,5,2,1,7,5.0,8.0,6.0,6.285714285714286,5.764705882352941
72,2026-02-22,6,2,1,8,7.0,7.0,5.857142857142857,6.357142857142857,5.788461538461538
72,2026-02-23,0,2,0,7,8.0,6.0,6.0,6.428571428571429,5.830188679245283
72,2026-02-24,1,2,0,5,7.0,5.0,6.142857142857143,6.428571428571429,5.851851851851852
72,2026-02-25,2,2,0,5,5.0,6.0,6.142857142857143,6.357142857142857,5.836363636363636
72,2026-02-26,3,2,0,8,5.0,5.0,6.0,6.142857142857143,5.821428571428571
72,2026-02-27,4,2,0,6,8.0,5.0,6.428571428571429,6.285714285714286,5.859649122807017
72,2026-02-28,5,2,1,7,6.0,7.0,6.571428571428571,6.285714285714286,5.862068965517241
72,2026-03-01,6,3,1,6,7.0,8.0,6.571428571428571,6.214285714285714,5.88135593220339
72,2026-03-02,0,3,0,6,6.0,7.0,6.285714285714286,6.142857142857143,5.883333333333334
72,2026-03-03,1,3,0,6,6.0,5.0,6.142857142857143,6.142857142857143,5.885245901639344
72,2026-03-04,2,3,0,6,6.0,5.0,6.285714285714286,6.214285714285714,5.887096774193548
72,2026-03-05,3,3,0,6,6.0,8.0,6.428571428571429,6.214285714285714,5.888888888888889
72,2026-03-06,4,3,0,5,6.0,6.0,6.142857142857143,6.285714285714286,5.890625
72,2026-03-07,5,3,1,8,5.0,7.0,6.0,6.285714285714286,5.876923076923077
72,2026-03-08,6,3,1,6,8.0,6.0,6.142857142857143,6.357142857142857,5.909090909090909
72,2026-03-09,0,3,0,7,6.0,6.0,6.142857142857143,6.214285714285714,5.91044776119403
72,2026-03-10,1,3,0,7,7.0,6.0,6.285714285714286,6.214285714285714,5.926470588235294
72,2026-03-11,2,3,0,6,7.0,6.0,6.428571428571429,6.357142857142857,5.942028985507246
72,2026-03-12,3,3,0,6,6.0,6.0,6.428571428571429,6.428571428571429,5.942857142857143
72,2026-03-13,4,3,0,6,6.0,5.0,6.428571428571429,6.285714285714286,5.943661971830986
72,2026-03-14,5,3,1,6,6.0,8.0,6.571428571428571,6.285714285714286,5.944444444444445
72,2026-03-15,6,3,1,8,6.0,6.0,6.285714285714286,6.214285714285714,5.945205479452055
72,2026-03-16,0,3,0,9,8.0,7.0,6.571428571428571,6.357142857142857,5.972972972972973
72,2026-03-17,1,3,0,7,9.0,7.0,6.857142857142857,6.571428571428571,6.013333333333334
72,2026-03-18,2,3,0,7,7.0,6.0,6.857142857142857,6.642857142857143,6.026315789473684
72,2026-03-19,3,3,0,8,7.0,6.0,7.0,6.714285714285714,6.038961038961039
72,2026-03-20,4,3,0,7,8.0,6.0,7.285714285714286,6.857142857142857,6.064102564102564
72,2026-03-21,5,3,1,8,7.0,6.0,7.428571428571429,7.0,6.075949367088608
72,2026-03-22,6,3,1,8,8.0,8.0,7.714285714285714,7.0,6.1
72,2026-03-23,0,3,0,7,8.0,9.0,7.714285714285714,7.142857142857143,6.1234567901234565
72,2026-03-24,1,3,0,5,7.0,7.0,7.428571428571429,7.142857142857143,6.134146341463414
72,2026-03-25,2,3,0,7,5.0,7.0,7.142857142857143,7.0,6.120481927710843
72,2026-03-26,3,3,0,7,7.0,8.0,7.142857142857143,7.071428571428571,6.130952380952381
72,2026-03-27,4,3,0,6,7.0,7.0,7.0,7.142857142857143,6.141176470588236
72,2026-03-28,5,3,1,7,6.0,8.0,6.857142857142857,7.142857142857143,6.1395348837209305
72,2026-03-29,6,3,1,6,7.0,8.0,6.714285714285714,7.214285714285714,6.149425287356322
72,2026-03-30,0,3,0,5,6.0,7.0,6.428571428571429,7.071428571428571,6.1477272727272725
72,2026-03-31,1,3,0,5,5.0,5.0,6.142857142857143,6.785714285714286,6.134831460674158
72,2026-04-01,2,4,0,5,5.0,7.0,6.142857142857143,6.642857142857143,6.122222222222222
72,2026-04-02,3,4,0,4,5.0,7.0,5.857142857142857,6.5,6.1098901098901095
72,2026-04-03,4,4,0,8,4.0,6.0,5.428571428571429,6.214285714285714,6.086956521739131
72,2026-04-04,5,4,1,8,8.0,7.0,5.714285714285714,6.285714285714286,6.10752688172043
72,2026-04-05,6,4,1,8,8.0,6.0,5.857142857142857,6.285714285714286,6.127659574468085
72,2026-04-06,0,4,0,7,8.0,5.0,6.142857142857143,6.285714285714286,6.147368421052631
72,2026-04-07,1,4,0,9,7.0,5.0,6.428571428571429,6.285714285714286,6.15625
72,2026-04-08,2,4,0,7,9.0,5.0,7.0,6.571428571428571,6.185567010309279
72,2026-04-09,3,4,0,7,7.0,4.0,7.285714285714286,6.571428571428571,6.1938775510204085
72,2026-04-10,4,4,0,7,7.0,8.0,7.714285714285714,6.571428571428571,6.202020202020202
72,2026-04-11,5,4,1,7,7.0,8.0,7.571428571428571,6.642857142857143,6.21
72,2026-04-12,6,4,1,9,7.0,8.0,7.428571428571429,6.642857142857143,6.217821782178218
72,2026-04-13,0,4,0,7,9.0,7.0,7.571428571428571,6.857142857142857,6.245098039215686
72,2026-04-14,1,4,0,5,7.0,9.0,7.571428571428571,7.0,6.252427184466019
72,2026-04-15,2,4,0,6,5.0,7.0,7.0,7.0,6.240384615384615
72,2026-04-16,3,4,0,6,6.0,7.0,6.857142857142857,7.071428571428571,6.238095238095238
72,2026-04-17,4,4,0,9,6.0,7.0,6.714285714285714,7.214285714285714,6.235849056603773
72,2026-04-18,5,4,1,11,9.0,7.0,7.0,7.285714285714286,6.261682242990654
72,2026-04-19,6,4,1,8,11.0,9.0,7.571428571428571,7.5,6.305555555555555
72,2026-04-20,0,4,0,6,8.0,7.0,7.428571428571429,7.5,6.321100917431193
72,2026-04-21,1,4,0,9,6.0,5.0,7.285714285714286,7.428571428571429,6.318181818181818
72,2026-04-22,2,4,0,7,9.0,6.0,7.857142857142857,7.428571428571429,6.342342342342342
72,2026-04-23,3,4,0,7,7.0,6.0,8.0,7.428571428571429,6.348214285714286
72,2026-04-24,4,4,0,6,7.0,9.0,8.142857142857142,7.428571428571429,6.353982300884955
72,2026-04-25,5,4,1,7,6.0,11.0,7.714285714285714,7.357142857142857,6.350877192982456
72,2026-04-26,6,4,1,10,7.0,8.0,7.142857142857143,7.357142857142857,6.356521739130435
72,2026-04-27,0,4,0,6,10.0,6.0,7.428571428571429,7.428571428571429,6.387931034482759
72,2026-04-28,1,4,0,7,6.0,9.0,7.428571428571429,7.357142857142857,6.384615384615385
72,2026-04-29,2,4,0,6,7.0,7.0,7.142857142857143,7.5,6.389830508474576
72,2026-04-30,3,4,0,9,6.0,7.0,7.0,7.5,6.38655462184874
73,2026-01-15,3,1,0,18,17.0,17.0,17.142857142857142,17.214285714285715,17.214285714285715
73,2026-01-16,4,1,0,18,18.0,15.0,17.285714285714285,17.357142857142858,17.266666666666666
73,2026-01-17,5,1,1,16,18.0,15.0,17.714285714285715,17.285714285714285,17.3125
73,2026-01-18,6,1,1,11,16.0,23.0,17.857142857142858,17.214285714285715,17.235294117647058
73,2026-01-19,0,1,0,18,11.0,17.0,16.142857142857142,16.5,16.88888888888889
73,2026-01-20,1,1,0,20,18.0,16.0,16.285714285714285,16.642857142857142,16.94736842105263
73,2026-01-21,2,1,0,18,20.0,17.0,16.857142857142858,17.071428571428573,17.1
73,2026-01-22,3,1,0,17,18.0,18.0,17.0,17.071428571428573,17.142857142857142
73,2026-01-23,4,1,0,13,17.0,18.0,16.857142857142858,17.071428571428573,17.136363636363637
73,2026-01-24,5,1,1,22,13.0,16.0,16.142857142857142,16.928571428571427,16.956521739130434
73,2026-01-25,6,1,1,17,22.0,11.0,17.0,17.428571428571427,17.166666666666668
73,2026-01-26,0,1,0,17,17.0,18.0,17.857142857142858,17.0,17.16
73,2026-01-27,1,1,0,12,17.0,20.0,17.714285714285715,17.0,17.153846153846153
73,2026-01-28,2,1,0,15,12.0,18.0,16.571428571428573,16.714285714285715,16.962962962962962
73,2026-01-29,3,1,0,17,15.0,17.0,16.142857142857142,16.571428571428573,16.892857142857142
73,2026-01-30,4,1,0,14,17.0,13.0,16.142857142857142,16.5,16.896551724137932
73,2026-01-31,5,1,1,25,14.0,22.0,16.285714285714285,16.214285714285715,16.8
73,2026-02-01,6,2,1,23,25.0,17.0,16.714285714285715,16.857142857142858,17.06451612903226
73,2026-02-02,0,2,0,23,23.0,17.0,17.571428571428573,17.714285714285715,17.25
73,2026-02-03,1,2,0,19,23.0,12.0,18.428571428571427,18.071428571428573,17.424242424242426
73,2026-02-04,2,2,0,20,19.0,15.0,19.428571428571427,18.0,17.470588235294116
73,2026-02-05,3,2,0,13,20.0,17.0,20.142857142857142,18.142857142857142,17.542857142857144
73,2026-02-06,4,2,0,22,13.0,14.0,19.571428571428573,17.857142857142858,17.416666666666668
73,2026-02-07,5,2,1,12,22.0,25.0,20.714285714285715,18.5,17.54054054054054
73,2026-02-08,6,2,1,15,12.0,23.0,18.857142857142858,17.785714285714285,17.394736842105264
73,2026-02-09,0,2,0,18,15.0,23.0,17.714285714285715,17.642857142857142,17.333333333333332
73,2026-02-10,1,2,0,14,18.0,19.0,17.0,17.714285714285715,17.35
73,2026-02-11,2,2,0,15,14.0,20.0,16.285714285714285,17.857142857142858,17.26829268292683
73,2026-02-12,3,2,0,22,15.0,13.0,15.571428571428571,17.857142857142858,17.214285714285715
73,2026-02-13,4,2,0,27,22.0,22.0,16.857142857142858,18.214285714285715,17.325581395348838
73,2026-02-14,5,2,1,24,27.0,12.0,17.571428571428573,19.142857142857142,17.545454545454547
73,2026-02-15,6,2,1,20,24.0,15.0,19.285714285714285,19.071428571428573,17.68888888888889
73,2026-02-16,0,2,0,23,20.0,18.0,20.0,18.857142857142858,17.73913043478261
73,2026-02-17,1,2,0,17,23.0,14.0,20.714285714285715,18.857142857142858,17.851063829787233
73,2026-02-18,2,2,0,19,17.0,15.0,21.142857142857142,18.714285714285715,17.833333333333332
73,2026-02-19,3,2,0,22,19.0,22.0,21.714285714285715,18.642857142857142,17.857142857142858
73,2026-02-20,4,2,0,17,22.0,27.0,21.714285714285715,19.285714285714285,17.94
73,2026-02-21,5,2,1,23,17.0,24.0,20.285714285714285,18.928571428571427,17.92156862745098
73,2026-02-22,6,2,1,19,23.0,20.0,20.142857142857142,19.714285714285715,18.01923076923077
73,2026-02-23,0,2,0,16,19.0,23.0,20.0,20.0,18.037735849056602
73,2026-02-24,1,2,0,22,16.0,17.0,19.0,19.857142857142858,18.0
73,2026-02-25,2,2,0,18,22.0,19.0,19.714285714285715,20.428571428571427,18.072727272727274
73,2026-02-26,3,2,0,22,18.0,22.0,19.571428571428573,20.642857142857142,18.071428571428573
73,2026-02-27,4,2,0,17,22.0,17.0,19.571428571428573,20.642857142857142,18.140350877192983
73,2026-02-28,5,2,1,21,17.0,23.0,19.571428571428573,19.928571428571427,18.120689655172413
73,2026-03-01,6,3,1,24,21.0,19.0,19.285714285714285,19.714285714285715,18.16949152542373
73,2026-03-02,0,3,0,18,24.0,16.0,20.0,20.0,18.266666666666666
73,2026-03-03,1,3,0,13,18.0,22.0,20.285714285714285,19.642857142857142,18.262295081967213
73,2026-03-04,2,3,0,23,13.0,18.0,19.0,19.357142857142858,18.177419354838708
73,2026-03-05,3,3,0,23,23.0,22.0,19.714285714285715,19.642857142857142,18.253968253968253
73,2026-03-06,4,3,0,16,23.0,17.0,19.857142857142858,19.714285714285715,18.328125
73,2026-03-07,5,3,1,15,16.0,21.0,19.714285714285715,19.642857142857142,18.29230769230769
73,2026-03-08,6,3,1,24,15.0,24.0,18.857142857142858,19.071428571428573,18.242424242424242
73,2026-03-09,0,3,0,15,24.0,18.0,18.857142857142858,19.428571428571427,18.328358208955223
73,2026-03-10,1,3,0,20,15.0,13.0,18.428571428571427,19.357142857142858,18.279411764705884
73,2026-03-11,2,3,0,20,20.0,23.0,19.428571428571427,19.214285714285715,18.304347826086957
73,2026-03-12,3,3,0,20,20.0,23.0,19.0,19.357142857142858,18.32857142857143
73,2026-03-13,4,3,0,16,20.0,16.0,18.571428571428573,19.214285714285715,18.35211267605634
73,2026-03-14,5,3,1,26,16.0,15.0,18.571428571428573,19.142857142857142,18.319444444444443
73,2026-03-15,6,3,1,29,26.0,24.0,20.142857142857142,19.5,18.424657534246574
73,2026-03-16,0,3,0,28,29.0,15.0,20.857142857142858,19.857142857142858,18.56756756756757
73,2026-03-17,1,3,0,19,28.0,20.0,22.714285714285715,20.571428571428573,18.69333333333333
73,2026-03-18,2,3,0,13,19.0,20.0,22.571428571428573,21.0,18.69736842105263
73,2026-03-19,3,3,0,20,13.0,20.0,21.571428571428573,20.285714285714285,18.623376623376622
73,2026-03-20,4,3,0,20,20.0,16.0,21.571428571428573,20.071428571428573,18.641025641025642
73,2026-03-21,5,3,1,17,20.0,26.0,22.142857142857142,20.357142857142858,18.658227848101266
73,2026-03-22,6,3,1,24,17.0,29.0,20.857142857142858,20.5,18.6375
73,2026-03-23,0,3,0,19,24.0,28.0,20.142857142857142,20.5,18.703703703703702
73,2026-03-24,1,3,0,20,19.0,19.0,18.857142857142858,20.785714285714285,18.70731707317073
73,2026-03-25,2,3,0,22,20.0,13.0,19.0,20.785714285714285,18.72289156626506
73,2026-03-26,3,3,0,16,22.0,20.0,20.285714285714285,20.928571428571427,18.761904761904763
73,2026-03-27,4,3,0,26,16.0,20.0,19.714285714285715,20.642857142857142,18.729411764705883
73,2026-03-28,5,3,1,22,26.0,17.0,20.571428571428573,21.357142857142858,18.813953488372093
73,2026-03-29,6,3,1,27,22.0,24.0,21.285714285714285,21.071428571428573,18.850574712643677
73,2026-03-30,0,3,0,23,27.0,19.0,21.714285714285715,20.928571428571427,18.943181818181817
73,2026-03-31,1,3,0,19,23.0,20.0,22.285714285714285,20.571428571428573,18.98876404494382
73,2026-04-01,2,4,0,27,19.0,22.0,22.142857142857142,20.571428571428573,18.988888888888887
73,2026-04-02,3,4,0,22,27.0,16.0,22.857142857142858,21.571428571428573,19.076923076923077
73,2026-04-03,4,4,0,21,22.0,26.0,23.714285714285715,21.714285714285715,19.108695652173914
73,2026-04-04,5,4,1,26,21.0,22.0,23.0,21.785714285714285,19.129032258064516
73,2026-04-05,6,4,1,22,26.0,27.0,23.571428571428573,22.428571428571427,19.20212765957447
73,2026-04-06,0,4,0,16,22.0,23.0,22.857142857142858,22.285714285714285,19.231578947368423
73,2026-04-07,1,4,0,14,16.0,19.0,21.857142857142858,22.071428571428573,19.197916666666668
73,2026-04-08,2,4,0,25,14.0,27.0,21.142857142857142,21.642857142857142,19.144329896907216
73,2026-04-09,3,4,0,27,25.0,22.0,20.857142857142858,21.857142857142858,19.20408163265306
73,2026-04-10,4,4,0,21,27.0,21.0,21.571428571428573,22.642857142857142,19.282828282828284
73,2026-04-11,5,4,1,22,21.0,26.0,21.571428571428573,22.285714285714285,19.3
73,2026-04-12,6,4,1,18,22.0,22.0,21.0,22.285714285714285,19.326732673267326
73,2026-04-13,0,4,0,19,18.0,16.0,20.428571428571427,21.642857142857142,19.313725490196077
73,2026-04-14,1,4,0,21,19.0,14.0,20.857142857142858,21.357142857142858,19.310679611650485
73,2026-04-15,2,4,0,26,21.0,25.0,21.857142857142858,21.5,19.326923076923077
73,2026-04-16,3,4,0,21,26.0,27.0,22.0,21.428571428571427,19.39047619047619
73,2026-04-17,4,4,0,15,21.0,21.0,21.142857142857142,21.357142857142858,19.40566037735849
73,2026-04-18,5,4,1,21,15.0,22.0,20.285714285714285,20.928571428571427,19.364485981308412
73,2026-04-19,6,4,1,29,21.0,18.0,20.142857142857142,20.571428571428573,19.37962962962963
73,2026-04-20,0,4,0,16,29.0,19.0,21.714285714285715,21.071428571428573,19.46788990825688
73,2026-04-21,1,4,0,16,16.0,21.0,21.285714285714285,21.071428571428573,19.436363636363637
73,2026-04-22,2,4,0,25,16.0,26.0,20.571428571428573,21.214285714285715,19.405405405405407
73,2026-04-23,3,4,0,21,25.0,21.0,20.428571428571427,21.214285714285715,19.455357142857142
73,2026-04-24,4,4,0,23,21.0,15.0,20.428571428571427,20.785714285714285,19.469026548672566
73,2026-04-25,5,4,1,29,23.0,21.0,21.571428571428573,20.928571428571427,19.5
73,2026-04-26,6,4,1,17,29.0,29.0,22.714285714285715,21.428571428571427,19.582608695652173
73,2026-04-27,0,4,0,23,17.0,16.0,21.0,21.357142857142858,19.560344827586206
73,2026-04-28,1,4,0,29,23.0,16.0,22.0,21.642857142857142,19.58974358974359
73,2026-04-29,2,4,0,24,29.0,25.0,23.857142857142858,22.214285714285715,19.66949152542373
73,2026-04-30,3,4,0,22,24.0,21.0,23.714285714285715,22.071428571428573,19.705882352941178
74,2026-01-15,3,1,0,32,43.0,29.0,31.857142857142858,32.285714285714285,32.285714285714285
74,2026-01-16,4,1,0,38,32.0,15.0,32.285714285714285,32.357142857142854,32.266666666666666
74,2026-01-17,5,1,1,41,38.0,38.0,35.57142857142857,32.5,32.625
74,2026-01-18,6,1,1,48,41.0,31.0,36.0,32.42857142857143,33.11764705882353
74,2026-01-19,0,1,0,28,48.0,32.0,38.42857142857143,33.285714285714285,33.94444444444444
74,2026-01-20,1,1,0,32,28.0,35.0,37.857142857142854,33.357142857142854,33.63157894736842
74,2026-01-21,2,1,0,40,32.0,43.0,37.42857142857143,33.714285714285715,33.55
74,2026-01-22,3,1,0,41,40.0,32.0,37.0,34.42857142857143,33.857142857142854
74,2026-01-23,4,1,0,40,41.0,38.0,38.285714285714285,35.285714285714285,34.18181818181818
74,2026-01-24,5,1,1,51,40.0,41.0,38.57142857142857,37.07142857142857,34.43478260869565
74,2026-01-25,6,1,1,40,51.0,48.0,40.0,38.0,35.125
74,2026-01-26,0,1,0,30,40.0,28.0,38.857142857142854,38.642857142857146,35.32
74,2026-01-27,1,1,0,37,30.0,32.0,39.142857142857146,38.5,35.11538461538461
74,2026-01-28,2,1,0,29,37.0,40.0,39.857142857142854,38.642857142857146,35.18518518518518
74,2026-01-29,3,1,0,35,29.0,41.0,38.285714285714285,37.642857142857146,34.964285714285715
74,2026-01-30,4,1,0,29,35.0,40.0,37.42857142857143,37.857142857142854,34.96551724137931
74,2026-01-31,5,1,1,28,29.0,51.0,35.857142857142854,37.214285714285715,34.766666666666666
74,2026-02-01,6,2,1,35,28.0,40.0,32.57142857142857,36.285714285714285,34.54838709677419
74,2026-02-02,0,2,0,35,35.0,30.0,31.857142857142858,35.357142857142854,34.5625
74,2026-02-03,1,2,0,33,35.0,37.0,32.57142857142857,35.857142857142854,34.57575757575758
74,2026-02-04,2,2,0,42,33.0,29.0,32.0,35.92857142857143,34.529411764705884
74,2026-02-05,3,2,0,36,42.0,35.0,33.857142857142854,36.07142857142857,34.74285714285714
74,2026-02-06,4,2,0,40,36.0,29.0,34.0,35.714285714285715,34.77777777777778
74,2026-02-07,5,2,1,33,40.0,28.0,35.57142857142857,35.714285714285715,34.91891891891892
74,2026-02-08,6,2,1,40,33.0,35.0,36.285714285714285,34.42857142857143,34.86842105263158
74,2026-02-09,0,2,0,38,40.0,35.0,37.0,34.42857142857143,35.0
74,2026-02-10,1,2,0,27,38.0,33.0,37.42857142857143,35.0,35.075
74,2026-02-11,2,2,0,38,27.0,42.0,36.57142857142857,34.285714285714285,34.8780487804878
74,2026-02-12,3,2,0,40,38.0,36.0,36.0,34.92857142857143,34.95238095238095
74,2026-02-13,4,2,0,44,40.0,40.0,36.57142857142857,35.285714285714285,35.06976744186046
74,2026-02-14,5,2,1,45,44.0,33.0,37.142857142857146,36.357142857142854,35.27272727272727
74,2026-02-15,6,2,1,44,45.0,40.0,38.857142857142854,37.57142857142857,35.48888888888889
74,2026-02-16,0,2,0,46,44.0,38.0,39.42857142857143,38.214285714285715,35.67391304347826
74,2026-02-17,1,2,0,33,46.0,27.0,40.57142857142857,39.0,35.8936170212766
74,2026-02-18,2,2,0,36,33.0,38.0,41.42857142857143,39.0,35.833333333333336
74,2026-02-19,3,2,0,36,36.0,40.0,41.142857142857146,38.57142857142857,35.83673469387755
74,2026-02-20,4,2,0,35,36.0,44.0,40.57142857142857,38.57142857142857,35.84
74,2026-02-21,5,2,1,38,35.0,45.0,39.285714285714285,38.214285714285715,35.8235294117647
74,2026-02-22,6,2,1,41,38.0,44.0,38.285714285714285,38.57142857142857,35.86538461538461
74,2026-02-23,0,2,0,29,41.0,46.0,37.857142857142854,38.642857142857146,35.9622641509434
74,2026-02-24,1,2,0,40,29.0,33.0,35.42857142857143,38.0,35.833333333333336
74,2026-02-25,2,2,0,34,40.0,36.0,36.42857142857143,38.92857142857143,35.90909090909091
74,2026-02-26,3,2,0,41,34.0,36.0,36.142857142857146,38.642857142857146,35.875
74,2026-02-27,4,2,0,31,41.0,35.0,36.857142857142854,38.714285714285715,35.96491228070175
74,2026-02-28,5,2,1,45,31.0,38.0,36.285714285714285,37.785714285714285,35.87931034482759
74,2026-03-01,6,3,1,35,45.0,41.0,37.285714285714285,37.785714285714285,36.03389830508475
74,2026-03-02,0,3,0,44,35.0,29.0,36.42857142857143,37.142857142857146,36.016666666666666
74,2026-03-03,1,3,0,37,44.0,40.0,38.57142857142857,37.0,36.14754098360656
74,2026-03-04,2,3,0,37,37.0,34.0,38.142857142857146,37.285714285714285,36.16129032258065
74,2026-03-05,3,3,0,40,37.0,41.0,38.57142857142857,37.357142857142854,36.17460317460318
74,2026-03-06,4,3,0,45,40.0,31.0,38.42857142857143,37.642857142857146,36.234375
74,2026-03-07,5,3,1,35,45.0,45.0,40.42857142857143,38.357142857142854,36.36923076923077
74,2026-03-08,6,3,1,50,35.0,35.0,39.0,38.142857142857146,36.34848484848485
74,2026-03-09,0,3,0,38,50.0,44.0,41.142857142857146,38.785714285714285,36.55223880597015
74,2026-03-10,1,3,0,39,38.0,37.0,40.285714285714285,39.42857142857143,36.5735294117647
74,2026-03-11,2,3,0,42,39.0,37.0,40.57142857142857,39.357142857142854,36.608695652173914
74,2026-03-12,3,3,0,30,42.0,40.0,41.285714285714285,39.92857142857143,36.68571428571428
74,2026-03-13,4,3,0,27,30.0,45.0,39.857142857142854,39.142857142857146,36.59154929577465
74,2026-03-14,5,3,1,40,27.0,35.0,37.285714285714285,38.857142857142854,36.458333333333336
74,2026-03-15,6,3,1,58,40.0,50.0,38.0,38.5,36.50684931506849
74,2026-03-16,0,3,0,39,58.0,38.0,39.142857142857146,40.142857142857146,36.7972972972973
74,2026-03-17,1,3,0,41,39.0,39.0,39.285714285714285,39.785714285714285,36.82666666666667
74,2026-03-18,2,3,0,38,41.0,42.0,39.57142857142857,40.07142857142857,36.88157894736842
74,2026-03-19,3,3,0,30,38.0,30.0,39.0,40.142857142857146,36.896103896103895
74,2026-03-20,4,3,0,54,30.0,27.0,39.0,39.42857142857143,36.80769230769231
74,2026-03-21,5,3,1,43,54.0,40.0,42.857142857142854,40.07142857142857,37.0253164556962
74,2026-03-22,6,3,1,55,43.0,58.0,43.285714285714285,40.642857142857146,37.1
74,2026-03-23,0,3,0,22,55.0,39.0,42.857142857142854,41.0,37.32098765432099
74,2026-03-24,1,3,0,41,22.0,41.0,40.42857142857143,39.857142857142854,37.13414634146341
74,2026-03-25,2,3,0,37,41.0,38.0,40.42857142857143,40.0,37.18072289156626
74,2026-03-26,3,3,0,34,37.0,30.0,40.285714285714285,39.642857142857146,37.17857142857143
74,2026-03-27,4,3,0,25,34.0,54.0,40.857142857142854,39.92857142857143,37.141176470588235
74,2026-03-28,5,3,1,49,25.0,43.0,36.714285714285715,39.785714285714285,37.0
74,2026-03-29,6,3,1,43,49.0,55.0,37.57142857142857,40.42857142857143,37.13793103448276
74,2026-03-30,0,3,0,37,43.0,22.0,35.857142857142854,39.357142857142854,37.20454545454545
74,2026-03-31,1,3,0,48,37.0,41.0,38.0,39.214285714285715,37.20224719101124
74,2026-04-01,2,4,0,49,48.0,37.0,39.0,39.714285714285715,37.32222222222222
74,2026-04-02,3,4,0,35,49.0,34.0,40.714285714285715,40.5,37.45054945054945
74,2026-04-03,4,4,0,36,35.0,25.0,40.857142857142854,40.857142857142854,37.42391304347826
74,2026-04-04,5,4,1,50,36.0,49.0,42.42857142857143,39.57142857142857,37.40860215053763
74,2026-04-05,6,4,1,31,50.0,43.0,42.57142857142857,40.07142857142857,37.54255319148936
74,2026-04-06,0,4,0,43,31.0,37.0,40.857142857142854,38.357142857142854,37.473684210526315
74,2026-04-07,1,4,0,27,43.0,48.0,41.714285714285715,39.857142857142854,37.53125
74,2026-04-08,2,4,0,42,27.0,49.0,38.714285714285715,38.857142857142854,37.422680412371136
74,2026-04-09,3,4,0,42,42.0,35.0,37.714285714285715,39.214285714285715,37.46938775510204
74,2026-04-10,4,4,0,33,42.0,36.0,38.714285714285715,39.785714285714285,37.515151515151516
74,2026-04-11,5,4,1,55,33.0,50.0,38.285714285714285,40.357142857142854,37.47
74,2026-04-12,6,4,1,40,55.0,31.0,39.0,40.785714285714285,37.64356435643565
74,2026-04-13,0,4,0,36,40.0,43.0,40.285714285714285,40.57142857142857,37.666666666666664
74,2026-04-14,1,4,0,32,36.0,27.0,39.285714285714285,40.5,37.650485436893206
74,2026-04-15,2,4,0,30,32.0,42.0,40.0,39.357142857142854,37.59615384615385
74,2026-04-16,3,4,0,37,30.0,42.0,38.285714285714285,38.0,37.523809523809526
74,2026-04-17,4,4,0,36,37.0,33.0,37.57142857142857,38.142857142857146,37.5188679245283
74,2026-04-18,5,4,1,53,36.0,55.0,38.0,38.142857142857146,37.504672897196265
74,2026-04-19,6,4,1,50,53.0,40.0,37.714285714285715,38.357142857142854,37.648148148148145
74,2026-04-20,0,4,0,37,50.0,36.0,39.142857142857146,39.714285714285715,37.76146788990825
74,2026-04-21,1,4,0,37,37.0,32.0,39.285714285714285,39.285714285714285,37.75454545454546
74,2026-04-22,2,4,0,40,37.0,30.0,40.0,40.0,37.747747747747745
74,2026-04-23,3,4,0,45,40.0,37.0,41.42857142857143,39.857142857142854,37.767857142857146
74,2026-04-24,4,4,0,52,45.0,36.0,42.57142857142857,40.07142857142857,37.83185840707964
74,2026-04-25,5,4,1,49,52.0,53.0,44.857142857142854,41.42857142857143,37.95614035087719
74,2026-04-26,6,4,1,46,49.0,50.0,44.285714285714285,41.0,38.052173913043475
74,2026-04-27,0,4,0,40,46.0,37.0,43.714285714285715,41.42857142857143,38.12068965517241
74,2026-04-28,1,4,0,23,40.0,37.0,44.142857142857146,41.714285714285715,38.136752136752136
74,2026-04-29,2,4,0,44,23.0,40.0,42.142857142857146,41.07142857142857,38.00847457627118
74,2026-04-30,3,4,0,50,44.0,45.0,42.714285714285715,42.07142857142857,38.05882352941177
75,2026-01-15,3,1,0,43,54.0,34.0,44.714285714285715,44.357142857142854,44.357142857142854
75,2026-01-16,4,1,0,29,43.0,32.0,46.0,45.0,44.266666666666666
75,2026-01-17,5,1,1,51,29.0,61.0,45.57142857142857,43.5,43.3125
75,2026-01-18,6,1,1,39,51.0,47.0,44.142857142857146,43.357142857142854,43.76470588235294
75,2026-01-19,0,1,0,38,39.0,39.0,43.0,41.285714285714285,43.5
75,2026-01-20,1,1,0,44,38.0,46.0,42.857142857142854,42.285714285714285,43.21052631578947
75,2026-01-21,2,1,0,50,44.0,54.0,42.57142857142857,41.714285714285715,43.25
75,2026-01-22,3,1,0,47,50.0,43.0,42.0,43.357142857142854,43.57142857142857
75,2026-01-23,4,1,0,45,47.0,29.0,42.57142857142857,44.285714285714285,43.72727272727273
75,2026-01-24,5,1,1,65,45.0,51.0,44.857142857142854,45.214285714285715,43.78260869565217
75,2026-01-25,6,1,1,55,65.0,39.0,46.857142857142854,45.5,44.666666666666664
75,2026-01-26,0,1,0,54,55.0,38.0,49.142857142857146,46.07142857142857,45.08
75,2026-01-27,1,1,0,32,54.0,44.0,51.42857142857143,47.142857142857146,45.42307692307692
75,2026-01-28,2,1,0,40,32.0,50.0,49.714285714285715,46.142857142857146,44.925925925925924
75,2026-01-29,3,1,0,45,40.0,47.0,48.285714285714285,45.142857142857146,44.75
75,2026-01-30,4,1,0,35,45.0,45.0,48.0,45.285714285714285,44.758620689655174
75,2026-01-31,5,1,1,56,35.0,65.0,46.57142857142857,45.714285714285715,44.43333333333333
75,2026-02-01,6,2,1,32,56.0,55.0,45.285714285714285,46.07142857142857,44.806451612903224
75,2026-02-02,0,2,0,52,32.0,54.0,42.0,45.57142857142857,44.40625
75,2026-02-03,1,2,0,54,52.0,32.0,41.714285714285715,46.57142857142857,44.63636363636363
75,2026-02-04,2,2,0,51,54.0,40.0,44.857142857142854,47.285714285714285,44.911764705882355
75,2026-02-05,3,2,0,35,51.0,45.0,46.42857142857143,47.357142857142854,45.08571428571429
75,2026-02-06,4,2,0,59,35.0,35.0,45.0,46.5,44.80555555555556
75,2026-02-07,5,2,1,51,59.0,56.0,48.42857142857143,47.5,45.189189189189186
75,2026-02-08,6,2,1,59,51.0,32.0,47.714285714285715,46.5,45.3421052631579
75,2026-02-09,0,2,0,43,59.0,52.0,51.57142857142857,46.785714285714285,45.69230769230769
75,2026-02-10,1,2,0,36,43.0,54.0,50.285714285714285,46.0,45.625
75,2026-02-11,2,2,0,31,36.0,51.0,47.714285714285715,46.285714285714285,45.390243902439025
75,2026-02-12,3,2,0,54,31.0,35.0,44.857142857142854,45.642857142857146,45.04761904761905
75,2026-02-13,4,2,0,36,54.0,59.0,47.57142857142857,46.285714285714285,45.25581395348837
75,2026-02-14,5,2,1,48,36.0,51.0,44.285714285714285,46.357142857142854,45.04545454545455
75,2026-02-15,6,2,1,55,48.0,59.0,43.857142857142854,45.785714285714285,45.111111111111114
75,2026-02-16,0,2,0,39,55.0,43.0,43.285714285714285,47.42857142857143,45.32608695652174
75,2026-02-17,1,2,0,42,39.0,36.0,42.714285714285715,46.5,45.191489361702125
75,2026-02-18,2,2,0,57,42.0,31.0,43.57142857142857,45.642857142857146,45.125
75,2026-02-19,3,2,0,45,57.0,54.0,47.285714285714285,46.07142857142857,45.36734693877551
75,2026-02-20,4,2,0,41,45.0,36.0,46.0,46.785714285714285,45.36
75,2026-02-21,5,2,1,50,41.0,48.0,46.714285714285715,45.5,45.27450980392157
75,2026-02-22,6,2,1,62,50.0,55.0,47.0,45.42857142857143,45.36538461538461
75,2026-02-23,0,2,0,48,62.0,39.0,48.0,45.642857142857146,45.679245283018865
75,2026-02-24,1,2,0,47,48.0,42.0,49.285714285714285,46.0,45.72222222222222
75,2026-02-25,2,2,0,43,47.0,57.0,50.0,46.785714285714285,45.74545454545454
75,2026-02-26,3,2,0,37,43.0,45.0,48.0,47.642857142857146,45.69642857142857
75,2026-02-27,4,2,0,54,37.0,41.0,46.857142857142854,46.42857142857143,45.54385964912281
75,2026-02-28,5,2,1,62,54.0,50.0,48.714285714285715,47.714285714285715,45.689655172413794
75,2026-03-01,6,3,1,44,62.0,62.0,50.42857142857143,48.714285714285715,45.96610169491525
75,2026-03-02,0,3,0,44,44.0,48.0,47.857142857142854,47.92857142857143,45.93333333333333
75,2026-03-03,1,3,0,42,44.0,47.0,47.285714285714285,48.285714285714285,45.90163934426229
75,2026-03-04,2,3,0,50,42.0,43.0,46.57142857142857,48.285714285714285,45.83870967741935
75,2026-03-05,3,3,0,37,50.0,37.0,47.57142857142857,47.785714285714285,45.904761904761905
75,2026-03-06,4,3,0,44,37.0,54.0,47.57142857142857,47.214285714285715,45.765625
75,2026-03-07,5,3,1,37,44.0,62.0,46.142857142857146,47.42857142857143,45.738461538461536
75,2026-03-08,6,3,1,60,37.0,44.0,42.57142857142857,46.5,45.60606060606061
75,2026-03-09,0,3,0,34,60.0,44.0,44.857142857142854,46.357142857142854,45.82089552238806
75,2026-03-10,1,3,0,43,34.0,42.0,43.42857142857143,45.357142857142854,45.64705882352941
75,2026-03-11,2,3,0,42,43.0,50.0,43.57142857142857,45.07142857142857,45.608695652173914
75,2026-03-12,3,3,0,43,42.0,37.0,42.42857142857143,45.0,45.55714285714286
75,2026-03-13,4,3,0,48,43.0,44.0,43.285714285714285,45.42857142857143,45.521126760563384
75,2026-03-14,5,3,1,56,48.0,37.0,43.857142857142854,45.0,45.55555555555556
75,2026-03-15,6,3,1,46,56.0,60.0,46.57142857142857,44.57142857142857,45.6986301369863
75,2026-03-16,0,3,0,48,46.0,34.0,44.57142857142857,44.714285714285715,45.7027027027027
75,2026-03-17,1,3,0,52,48.0,43.0,46.57142857142857,45.0,45.733333333333334
75,2026-03-18,2,3,0,62,52.0,42.0,47.857142857142854,45.714285714285715,45.81578947368421
75,2026-03-19,3,3,0,41,62.0,43.0,50.714285714285715,46.57142857142857,46.02597402597402
75,2026-03-20,4,3,0,66,41.0,48.0,50.42857142857143,46.857142857142854,45.96153846153846
75,2026-03-21,5,3,1,64,66.0,56.0,53.0,48.42857142857143,46.21518987341772
75,2026-03-22,6,3,1,48,64.0,46.0,54.142857142857146,50.357142857142854,46.4375
75,2026-03-23,0,3,0,35,48.0,48.0,54.42857142857143,49.5,46.45679012345679
75,2026-03-24,1,3,0,51,35.0,52.0,52.57142857142857,49.57142857142857,46.31707317073171
75,2026-03-25,2,3,0,51,51.0,62.0,52.42857142857143,50.142857142857146,46.373493975903614
75,2026-03-26,3,3,0,48,51.0,41.0,50.857142857142854,50.785714285714285,46.42857142857143
75,2026-03-27,4,3,0,50,48.0,66.0,51.857142857142854,51.142857142857146,46.44705882352941
75,2026-03-28,5,3,1,52,50.0,64.0,49.57142857142857,51.285714285714285,46.48837209302326
75,2026-03-29,6,3,1,73,52.0,48.0,47.857142857142854,51.0,46.55172413793103
75,2026-03-30,0,3,0,58,73.0,35.0,51.42857142857143,52.92857142857143,46.85227272727273
75,2026-03-31,1,3,0,49,58.0,51.0,54.714285714285715,53.642857142857146,46.97752808988764
75,2026-04-01,2,4,0,48,49.0,51.0,54.42857142857143,53.42857142857143,47.0
75,2026-04-02,3,4,0,48,48.0,48.0,54.0,52.42857142857143,47.010989010989015
75,2026-04-03,4,4,0,64,48.0,50.0,54.0,52.92857142857143,47.02173913043478
75,2026-04-04,5,4,1,81,64.0,52.0,56.0,52.785714285714285,47.204301075268816
75,2026-04-05,6,4,1,67,81.0,73.0,60.142857142857146,54.0,47.56382978723404
75,2026-04-06,0,4,0,49,67.0,58.0,59.285714285714285,55.357142857142854,47.76842105263158
75,2026-04-07,1,4,0,42,49.0,49.0,58.0,56.357142857142854,47.78125
75,2026-04-08,2,4,0,42,42.0,48.0,57.0,55.714285714285715,47.72164948453608
75,2026-04-09,3,4,0,33,42.0,48.0,56.142857142857146,55.07142857142857,47.66326530612245
75,2026-04-10,4,4,0,59,33.0,64.0,54.0,54.0,47.515151515151516
75,2026-04-11,5,4,1,57,59.0,81.0,53.285714285714285,54.642857142857146,47.63
75,2026-04-12,6,4,1,89,57.0,67.0,49.857142857142854,55.0,47.722772277227726
75,2026-04-13,0,4,0,54,89.0,49.0,53.0,56.142857142857146,48.127450980392155
75,2026-04-14,1,4,0,42,54.0,42.0,53.714285714285715,55.857142857142854,48.18446601941748
75,2026-04-15,2,4,0,63,42.0,42.0,53.714285714285715,55.357142857142854,48.125
75,2026-04-16,3,4,0,35,63.0,33.0,56.714285714285715,56.42857142857143,48.266666666666666
75,2026-04-17,4,4,0,62,35.0,59.0,57.0,55.5,48.14150943396226
75,2026-04-18,5,4,1,64,62.0,57.0,57.42857142857143,55.357142857142854,48.271028037383175
75,2026-04-19,6,4,1,56,64.0,89.0,58.42857142857143,54.142857142857146,48.416666666666664
75,2026-04-20,0,4,0,44,56.0,54.0,53.714285714285715,53.357142857142854,48.48623853211009
75,2026-04-21,1,4,0,51,44.0,42.0,52.285714285714285,53.0,48.445454545454545
75,2026-04-22,2,4,0,38,51.0,63.0,53.57142857142857,53.642857142857146,48.468468468468465
75,2026-04-23,3,4,0,55,38.0,35.0,50.0,53.357142857142854,48.375
75,2026-04-24,4,4,0,55,55.0,62.0,52.857142857142854,54.92857142857143,48.43362831858407
75,2026-04-25,5,4,1,59,55.0,64.0,51.857142857142854,54.642857142857146,48.49122807017544
75,2026-04-26,6,4,1,69,59.0,56.0,51.142857142857146,54.785714285714285,48.582608695652176
75,2026-04-27,0,4,0,55,69.0,44.0,53.0,53.357142857142854,48.758620689655174
75,2026-04-28,1,4,0,46,55.0,51.0,54.57142857142857,53.42857142857143,48.81196581196581
75,2026-04-29,2,4,0,55,46.0,38.0,53.857142857142854,53.714285714285715,48.78813559322034
75,2026-04-30,3,4,0,63,55.0,55.0,56.285714285714285,53.142857142857146,48.84033613445378
76,2026-01-15,3,1,0,36,37.0,38.0,37.857142857142854,40.357142857142854,40.357142857142854
76,2026-01-16,4,1,0,44,36.0,34.0,37.57142857142857,39.57142857142857,40.06666666666667
76,2026-01-17,5,1,1,56,44.0,34.0,39.0,39.785714285714285,40.3125
76,2026-01-18,6,1,1,36,56.0,48.0,42.142857142857146,40.07142857142857,41.23529411764706
76,2026-01-19,0,1,0,29,36.0,25.0,40.42857142857143,39.0,40.94444444444444
76,2026-01-20,1,1,0,36,29.0,49.0,41.0,38.785714285714285,40.31578947368421
76,2026-01-21,2,1,0,36,36.0,37.0,39.142857142857146,38.357142857142854,40.1
76,2026-01-22,3,1,0,33,36.0,36.0,39.0,38.42857142857143,39.904761904761905
76,2026-01-23,4,1,0,44,33.0,44.0,38.57142857142857,38.07142857142857,39.59090909090909
76,2026-01-24,5,1,1,52,44.0,56.0,38.57142857142857,38.785714285714285,39.78260869565217
76,2026-01-25,6,1,1,36,52.0,36.0,38.0,40.07142857142857,40.291666666666664
76,2026-01-26,0,1,0,35,36.0,29.0,38.0,39.214285714285715,40.12
76,2026-01-27,1,1,0,43,35.0,36.0,38.857142857142854,39.92857142857143,39.92307692307692
76,2026-01-28,2,1,0,44,43.0,36.0,39.857142857142854,39.5,40.03703703703704
76,2026-01-29,3,1,0,42,44.0,33.0,41.0,40.0,40.17857142857143
76,2026-01-30,4,1,0,34,42.0,44.0,42.285714285714285,40.42857142857143,40.241379310344826
76,2026-01-31,5,1,1,58,34.0,52.0,40.857142857142854,39.714285714285715,40.03333333333333
76,2026-02-01,6,2,1,26,58.0,36.0,41.714285714285715,39.857142857142854,40.61290322580645
76,2026-02-02,0,2,0,44,26.0,35.0,40.285714285714285,39.142857142857146,40.15625
76,2026-02-03,1,2,0,30,44.0,43.0,41.57142857142857,40.214285714285715,40.27272727272727
76,2026-02-04,2,2,0,43,30.0,44.0,39.714285714285715,39.785714285714285,39.970588235294116
76,2026-02-05,3,2,0,38,43.0,42.0,39.57142857142857,40.285714285714285,40.05714285714286
76,2026-02-06,4,2,0,39,38.0,34.0,39.0,40.642857142857146,40.0
76,2026-02-07,5,2,1,39,39.0,58.0,39.714285714285715,40.285714285714285,39.972972972972975
76,2026-02-08,6,2,1,47,39.0,26.0,37.0,39.357142857142854,39.94736842105263
76,2026-02-09,0,2,0,29,47.0,44.0,40.0,40.142857142857146,40.12820512820513
76,2026-02-10,1,2,0,46,29.0,30.0,37.857142857142854,39.714285714285715,39.85
76,2026-02-11,2,2,0,34,46.0,43.0,40.142857142857146,39.92857142857143,40.0
76,2026-02-12,3,2,0,40,34.0,38.0,38.857142857142854,39.214285714285715,39.857142857142854
76,2026-02-13,4,2,0,54,40.0,39.0,39.142857142857146,39.07142857142857,39.86046511627907
76,2026-02-14,5,2,1,53,54.0,39.0,41.285714285714285,40.5,40.18181818181818
76,2026-02-15,6,2,1,62,53.0,47.0,43.285714285714285,40.142857142857146,40.46666666666667
76,2026-02-16,0,2,0,52,62.0,29.0,45.42857142857143,42.714285714285715,40.93478260869565
76,2026-02-17,1,2,0,25,52.0,46.0,48.714285714285715,43.285714285714285,41.170212765957444
76,2026-02-18,2,2,0,49,25.0,34.0,45.714285714285715,42.92857142857143,40.833333333333336
76,2026-02-19,3,2,0,39,49.0,40.0,47.857142857142854,43.357142857142854,41.0
76,2026-02-20,4,2,0,43,39.0,54.0,47.714285714285715,43.42857142857143,40.96
76,2026-02-21,5,2,1,48,43.0,53.0,46.142857142857146,43.714285714285715,41.0
76,2026-02-22,6,2,1,41,48.0,62.0,45.42857142857143,44.357142857142854,41.13461538461539
76,2026-02-23,0,2,0,55,41.0,52.0,42.42857142857143,43.92857142857143,41.132075471698116
76,2026-02-24,1,2,0,49,55.0,25.0,42.857142857142854,45.785714285714285,41.388888888888886
76,2026-02-25,2,2,0,33,49.0,49.0,46.285714285714285,46.0,41.527272727272724
76,2026-02-26,3,2,0,49,33.0,39.0,44.0,45.92857142857143,41.375
76,2026-02-27,4,2,0,48,49.0,43.0,45.42857142857143,46.57142857142857,41.50877192982456
76,2026-02-28,5,2,1,48,48.0,48.0,46.142857142857146,46.142857142857146,41.62068965517241
76,2026-03-01,6,3,1,55,48.0,41.0,46.142857142857146,45.785714285714285,41.728813559322035
76,2026-03-02,0,3,0,47,55.0,55.0,48.142857142857146,45.285714285714285,41.95
76,2026-03-03,1,3,0,38,47.0,49.0,47.0,44.92857142857143,42.032786885245905
76,2026-03-04,2,3,0,53,38.0,33.0,45.42857142857143,45.857142857142854,41.96774193548387
76,2026-03-05,3,3,0,46,53.0,49.0,48.285714285714285,46.142857142857146,42.142857142857146
76,2026-03-06,4,3,0,35,46.0,48.0,47.857142857142854,46.642857142857146,42.203125
76,2026-03-07,5,3,1,48,35.0,48.0,46.0,46.07142857142857,42.09230769230769
76,2026-03-08,6,3,1,55,48.0,55.0,46.0,46.07142857142857,42.18181818181818
76,2026-03-09,0,3,0,37,55.0,47.0,46.0,47.07142857142857,42.37313432835821
76,2026-03-10,1,3,0,38,37.0,38.0,44.57142857142857,45.785714285714285,42.294117647058826
76,2026-03-11,2,3,0,48,38.0,53.0,44.57142857142857,45.0,42.231884057971016
76,2026-03-12,3,3,0,41,48.0,46.0,43.857142857142854,46.07142857142857,42.31428571428572
76,2026-03-13,4,3,0,46,41.0,35.0,43.142857142857146,45.5,42.29577464788732
76,2026-03-14,5,3,1,58,46.0,48.0,44.714285714285715,45.357142857142854,42.34722222222222
76,2026-03-15,6,3,1,55,58.0,55.0,46.142857142857146,46.07142857142857,42.56164383561644
76,2026-03-16,0,3,0,59,55.0,37.0,46.142857142857146,46.07142857142857,42.729729729729726
76,2026-03-17,1,3,0,47,59.0,38.0,49.285714285714285,46.92857142857143,42.946666666666665
76,2026-03-18,2,3,0,57,47.0,48.0,50.57142857142857,47.57142857142857,43.0
76,2026-03-19,3,3,0,44,57.0,41.0,51.857142857142854,47.857142857142854,43.18181818181818
76,2026-03-20,4,3,0,29,44.0,46.0,52.285714285714285,47.714285714285715,43.19230769230769
76,2026-03-21,5,3,1,52,29.0,58.0,49.857142857142854,47.285714285714285,43.0126582278481
76,2026-03-22,6,3,1,61,52.0,55.0,49.0,47.57142857142857,43.125
76,2026-03-23,0,3,0,55,61.0,59.0,49.857142857142854,48.0,43.34567901234568
76,2026-03-24,1,3,0,56,55.0,47.0,49.285714285714285,49.285714285714285,43.48780487804878
76,2026-03-25,2,3,0,47,56.0,57.0,50.57142857142857,50.57142857142857,43.63855421686747
76,2026-03-26,3,3,0,52,47.0,44.0,49.142857142857146,50.5,43.67857142857143
76,2026-03-27,4,3,0,46,52.0,29.0,50.285714285714285,51.285714285714285,43.77647058823529
76,2026-03-28,5,3,1,50,46.0,52.0,52.714285714285715,51.285714285714285,43.80232558139535
76,2026-03-29,6,3,1,65,50.0,61.0,52.42857142857143,50.714285714285715,43.87356321839081
76,2026-03-30,0,3,0,49,65.0,55.0,53.0,51.42857142857143,44.11363636363637
76,2026-03-31,1,3,0,42,49.0,56.0,52.142857142857146,50.714285714285715,44.168539325842694
76,2026-04-01,2,4,0,52,42.0,47.0,50.142857142857146,50.357142857142854,44.144444444444446
76,2026-04-02,3,4,0,39,52.0,52.0,50.857142857142854,50.0,44.23076923076923
76,2026-04-03,4,4,0,39,39.0,46.0,49.0,49.642857142857146,44.17391304347826
76,2026-04-04,5,4,1,39,39.0,50.0,48.0,50.357142857142854,44.11827956989247
76,2026-04-05,6,4,1,60,39.0,65.0,46.42857142857143,49.42857142857143,44.06382978723404
76,2026-04-06,0,4,0,41,60.0,49.0,45.714285714285715,49.357142857142854,44.23157894736842
76,2026-04-07,1,4,0,60,41.0,42.0,44.57142857142857,48.357142857142854,44.197916666666664
76,2026-04-08,2,4,0,43,60.0,52.0,47.142857142857146,48.642857142857146,44.36082474226804
76,2026-04-09,3,4,0,43,43.0,39.0,45.857142857142854,48.357142857142854,44.3469387755102
76,2026-04-10,4,4,0,56,43.0,39.0,46.42857142857143,47.714285714285715,44.333333333333336
76,2026-04-11,5,4,1,35,56.0,39.0,48.857142857142854,48.42857142857143,44.45
76,2026-04-12,6,4,1,59,35.0,60.0,48.285714285714285,47.357142857142854,44.35643564356435
76,2026-04-13,0,4,0,48,59.0,41.0,48.142857142857146,46.92857142857143,44.5
76,2026-04-14,1,4,0,49,48.0,60.0,49.142857142857146,46.857142857142854,44.53398058252427
76,2026-04-15,2,4,0,41,49.0,43.0,47.57142857142857,47.357142857142854,44.57692307692308
76,2026-04-16,3,4,0,41,41.0,43.0,47.285714285714285,46.57142857142857,44.542857142857144
76,2026-04-17,4,4,0,42,41.0,56.0,47.0,46.714285714285715,44.509433962264154
76,2026-04-18,5,4,1,50,42.0,35.0,45.0,46.92857142857143,44.48598130841121
76,2026-04-19,6,4,1,52,50.0,59.0,47.142857142857146,47.714285714285715,44.53703703703704
76,2026-04-20,0,4,0,36,52.0,48.0,46.142857142857146,47.142857142857146,44.60550458715596
76,2026-04-21,1,4,0,49,36.0,49.0,44.42857142857143,46.785714285714285,44.527272727272724
76,2026-04-22,2,4,0,38,49.0,41.0,44.42857142857143,46.0,44.567567567567565
76,2026-04-23,3,4,0,51,38.0,41.0,44.0,45.642857142857146,44.50892857142857
76,2026-04-24,4,4,0,55,51.0,42.0,45.42857142857143,46.214285714285715,44.56637168141593
76,2026-04-25,5,4,1,71,55.0,50.0,47.285714285714285,46.142857142857146,44.6578947368421
76,2026-04-26,6,4,1,55,71.0,52.0,50.285714285714285,48.714285714285715,44.88695652173913
76,2026-04-27,0,4,0,50,55.0,36.0,50.714285714285715,48.42857142857143,44.974137931034484
76,2026-04-28,1,4,0,54,50.0,49.0,52.714285714285715,48.57142857142857,45.01709401709402
76,2026-04-29,2,4,0,44,54.0,38.0,53.42857142857143,48.92857142857143,45.09322033898305
76,2026-04-30,3,4,0,36,44.0,51.0,54.285714285714285,49.142857142857146,45.08403361344538
77,2026-01-15,3,1,0,2,4.0,3.0,3.2857142857142856,3.357142857142857,3.357142857142857
77,2026-01-16,4,1,0,3,2.0,3.0,3.142857142857143,3.2142857142857144,3.2666666666666666
77,2026-01-17,5,1,1,4,3.0,3.0,3.142857142857143,3.2142857142857144,3.25
77,2026-01-18,6,1,1,4,4.0,4.0,3.2857142857142856,3.2142857142857144,3.2941176470588234
77,2026-01-19,0,1,0,4,4.0,3.0,3.2857142857142856,3.2142857142857144,3.3333333333333335
77,2026-01-20,1,1,0,3,4.0,3.0,3.4285714285714284,3.2857142857142856,3.3684210526315788
77,2026-01-21,2,1,0,3,3.0,4.0,3.4285714285714284,3.2857142857142856,3.35
77,2026-01-22,3,1,0,3,3.0,2.0,3.2857142857142856,3.2857142857142856,3.3333333333333335
77,2026-01-23,4,1,0,5,3.0,3.0,3.4285714285714284,3.2857142857142856,3.3181818181818183
77,2026-01-24,5,1,1,3,5.0,4.0,3.7142857142857144,3.4285714285714284,3.391304347826087
77,2026-01-25,6,1,1,4,3.0,4.0,3.5714285714285716,3.4285714285714284,3.375
77,2026-01-26,0,1,0,3,4.0,4.0,3.5714285714285716,3.4285714285714284,3.4
77,2026-01-27,1,1,0,3,3.0,3.0,3.4285714285714284,3.4285714285714284,3.3846153846153846
77,2026-01-28,2,1,0,3,3.0,3.0,3.4285714285714284,3.4285714285714284,3.3703703703703702
77,2026-01-29,3,1,0,3,3.0,3.0,3.4285714285714284,3.357142857142857,3.357142857142857
77,2026-01-30,4,1,0,4,3.0,5.0,3.4285714285714284,3.4285714285714284,3.3448275862068964
77,2026-01-31,5,1,1,2,4.0,3.0,3.2857142857142856,3.5,3.3666666666666667
77,2026-02-01,6,2,1,5,2.0,4.0,3.142857142857143,3.357142857142857,3.3225806451612905
77,2026-02-02,0,2,0,3,5.0,3.0,3.2857142857142856,3.4285714285714284,3.375
77,2026-02-03,1,2,0,4,3.0,3.0,3.2857142857142856,3.357142857142857,3.3636363636363638
77,2026-02-04,2,2,0,3,4.0,3.0,3.4285714285714284,3.4285714285714284,3.3823529411764706
77,2026-02-05,3,2,0,3,3.0,3.0,3.4285714285714284,3.4285714285714284,3.3714285714285714
77,2026-02-06,4,2,0,3,3.0,4.0,3.4285714285714284,3.4285714285714284,3.361111111111111
77,2026-02-07,5,2,1,4,3.0,2.0,3.2857142857142856,3.2857142857142856,3.3513513513513513
77,2026-02-08,6,2,1,4,4.0,5.0,3.5714285714285716,3.357142857142857,3.3684210526315788
77,2026-02-09,0,2,0,3,4.0,3.0,3.4285714285714284,3.357142857142857,3.3846153846153846
77,2026-02-10,1,2,0,4,3.0,4.0,3.4285714285714284,3.357142857142857,3.375
77,2026-02-11,2,2,0,3,4.0,3.0,3.4285714285714284,3.4285714285714284,3.3902439024390243
77,2026-02-12,3,2,0,3,3.0,3.0,3.4285714285714284,3.4285714285714284,3.380952380952381
77,2026-02-13,4,2,0,2,3.0,3.0,3.4285714285714284,3.4285714285714284,3.372093023255814
77,2026-02-14,5,2,1,4,2.0,4.0,3.2857142857142856,3.2857142857142856,3.340909090909091
77,2026-02-15,6,2,1,3,4.0,4.0,3.2857142857142856,3.4285714285714284,3.3555555555555556
77,2026-02-16,0,2,0,4,3.0,3.0,3.142857142857143,3.2857142857142856,3.347826086956522
77,2026-02-17,1,2,0,3,4.0,4.0,3.2857142857142856,3.357142857142857,3.3617021276595747
77,2026-02-18,2,2,0,4,3.0,3.0,3.142857142857143,3.2857142857142856,3.3541666666666665
77,2026-02-19,3,2,0,4,4.0,3.0,3.2857142857142856,3.357142857142857,3.36734693877551
77,2026-02-20,4,2,0,5,4.0,2.0,3.4285714285714284,3.4285714285714284,3.38
77,2026-02-21,5,2,1,4,5.0,4.0,3.857142857142857,3.5714285714285716,3.411764705882353
77,2026-02-22,6,2,1,4,4.0,3.0,3.857142857142857,3.5714285714285716,3.423076923076923
77,2026-02-23,0,2,0,3,4.0,4.0,4.0,3.5714285714285716,3.4339622641509435
77,2026-02-24,1,2,0,4,3.0,3.0,3.857142857142857,3.5714285714285716,3.425925925925926
77,2026-02-25,2,2,0,4,4.0,4.0,4.0,3.5714285714285716,3.4363636363636365
77,2026-02-26,3,2,0,3,4.0,4.0,4.0,3.642857142857143,3.4464285714285716
77,2026-02-27,4,2,0,4,3.0,5.0,3.857142857142857,3.642857142857143,3.43859649122807
77,2026-02-28,5,2,1,6,4.0,4.0,3.7142857142857144,3.7857142857142856,3.4482758620689653
77,2026-03-01,6,3,1,4,6.0,4.0,4.0,3.9285714285714284,3.4915254237288136
77,2026-03-02,0,3,0,3,4.0,3.0,4.0,4.0,3.5
77,2026-03-03,1,3,0,4,3.0,4.0,4.0,3.9285714285714284,3.4918032786885247
77,2026-03-04,2,3,0,4,4.0,4.0,4.0,4.0,3.5
77,2026-03-05,3,3,0,4,4.0,3.0,4.0,4.0,3.507936507936508
77,2026-03-06,4,3,0,4,4.0,4.0,4.142857142857143,4.0,3.515625
77,2026-03-07,5,3,1,5,4.0,6.0,4.142857142857143,3.9285714285714284,3.523076923076923
77,2026-03-08,6,3,1,4,5.0,4.0,4.0,4.0,3.5454545454545454
77,2026-03-09,0,3,0,2,4.0,3.0,4.0,4.0,3.5522388059701493
77,2026-03-10,1,3,0,4,2.0,4.0,3.857142857142857,3.9285714285714284,3.5294117647058822
77,2026-03-11,2,3,0,4,4.0,4.0,3.857142857142857,3.9285714285714284,3.536231884057971
77,2026-03-12,3,3,0,2,4.0,4.0,3.857142857142857,3.9285714285714284,3.5428571428571427
77,2026-03-13,4,3,0,3,2.0,4.0,3.5714285714285716,3.857142857142857,3.5211267605633805
77,2026-03-14,5,3,1,4,3.0,5.0,3.4285714285714284,3.7857142857142856,3.513888888888889
77,2026-03-15,6,3,1,5,4.0,4.0,3.2857142857142856,3.642857142857143,3.5205479452054793
77,2026-03-16,0,3,0,4,5.0,2.0,3.4285714285714284,3.7142857142857144,3.5405405405405403
77,2026-03-17,1,3,0,3,4.0,4.0,3.7142857142857144,3.7857142857142856,3.546666666666667
77,2026-03-18,2,3,0,4,3.0,4.0,3.5714285714285716,3.7142857142857144,3.539473684210526
77,2026-03-19,3,3,0,3,4.0,2.0,3.5714285714285716,3.7142857142857144,3.5454545454545454
77,2026-03-20,4,3,0,2,3.0,3.0,3.7142857142857144,3.642857142857143,3.5384615384615383
77,2026-03-21,5,3,1,3,2.0,4.0,3.5714285714285716,3.5,3.518987341772152
77,2026-03-22,6,3,1,5,3.0,5.0,3.4285714285714284,3.357142857142857,3.5125
77,2026-03-23,0,3,0,3,5.0,4.0,3.4285714285714284,3.4285714285714284,3.5308641975308643
77,2026-03-24,1,3,0,5,3.0,3.0,3.2857142857142856,3.5,3.524390243902439
77,2026-03-25,2,3,0,4,5.0,4.0,3.5714285714285716,3.5714285714285716,3.5421686746987953
77,2026-03-26,3,3,0,4,4.0,3.0,3.5714285714285716,3.5714285714285716,3.5476190476190474
77,2026-03-27,4,3,0,4,4.0,2.0,3.7142857142857144,3.7142857142857144,3.552941176470588
77,2026-03-28,5,3,1,4,4.0,3.0,4.0,3.7857142857142856,3.558139534883721
77,2026-03-29,6,3,1,5,4.0,5.0,4.142857142857143,3.7857142857142856,3.5632183908045976
77,2026-03-30,0,3,0,2,5.0,3.0,4.142857142857143,3.7857142857142856,3.5795454545454546
77,2026-03-31,1,3,0,3,2.0,5.0,4.0,3.642857142857143,3.561797752808989
77,2026-04-01,2,4,0,5,3.0,4.0,3.7142857142857144,3.642857142857143,3.5555555555555554
77,2026-04-02,3,4,0,5,5.0,4.0,3.857142857142857,3.7142857142857144,3.5714285714285716
77,2026-04-03,4,4,0,5,5.0,4.0,4.0,3.857142857142857,3.5869565217391304
77,2026-04-04,5,4,1,5,5.0,4.0,4.142857142857143,4.071428571428571,3.6021505376344085
77,2026-04-05,6,4,1,4,5.0,5.0,4.285714285714286,4.214285714285714,3.617021276595745
77,2026-04-06,0,4,0,4,4.0,2.0,4.142857142857143,4.142857142857143,3.6210526315789475
77,2026-04-07,1,4,0,3,4.0,3.0,4.428571428571429,4.214285714285714,3.625
77,2026-04-08,2,4,0,5,3.0,5.0,4.428571428571429,4.071428571428571,3.618556701030928
77,2026-04-09,3,4,0,5,5.0,5.0,4.428571428571429,4.142857142857143,3.63265306122449
77,2026-04-10,4,4,0,4,5.0,5.0,4.428571428571429,4.214285714285714,3.6464646464646466
77,2026-04-11,5,4,1,6,4.0,5.0,4.285714285714286,4.214285714285714,3.65
77,2026-04-12,6,4,1,4,6.0,4.0,4.428571428571429,4.357142857142857,3.6732673267326734
77,2026-04-13,0,4,0,6,4.0,4.0,4.428571428571429,4.285714285714286,3.676470588235294
77,2026-04-14,1,4,0,5,6.0,3.0,4.714285714285714,4.571428571428571,3.6990291262135924
77,2026-04-15,2,4,0,4,5.0,5.0,5.0,4.714285714285714,3.7115384615384617
77,2026-04-16,3,4,0,5,4.0,5.0,4.857142857142857,4.642857142857143,3.7142857142857144
77,2026-04-17,4,4,0,3,5.0,4.0,4.857142857142857,4.642857142857143,3.7264150943396226
77,2026-04-18,5,4,1,6,3.0,6.0,4.714285714285714,4.5,3.7196261682242993
77,2026-04-19,6,4,1,4,6.0,4.0,4.714285714285714,4.571428571428571,3.740740740740741
77,2026-04-20,0,4,0,3,4.0,6.0,4.714285714285714,4.571428571428571,3.743119266055046
77,2026-04-21,1,4,0,4,3.0,5.0,4.285714285714286,4.5,3.7363636363636363
77,2026-04-22,2,4,0,4,4.0,4.0,4.142857142857143,4.571428571428571,3.7387387387387387
77,2026-04-23,3,4,0,3,4.0,5.0,4.142857142857143,4.5,3.7410714285714284
77,2026-04-24,4,4,0,4,3.0,3.0,3.857142857142857,4.357142857142857,3.734513274336283
77,2026-04-25,5,4,1,5,4.0,6.0,4.0,4.357142857142857,3.736842105263158
77,2026-04-26,6,4,1,5,5.0,4.0,3.857142857142857,4.285714285714286,3.747826086956522
77,2026-04-27,0,4,0,4,5.0,3.0,4.0,4.357142857142857,3.7586206896551726
77,2026-04-28,1,4,0,4,4.0,4.0,4.142857142857143,4.214285714285714,3.7606837606837606
77,2026-04-29,2,4,0,5,4.0,4.0,4.142857142857143,4.142857142857143,3.76271186440678
77,2026-04-30,3,4,0,4,5.0,3.0,4.285714285714286,4.214285714285714,3.773109243697479
78,2026-01-15,3,1,0,11,16.0,12.0,12.285714285714286,13.142857142857142,13.142857142857142
78,2026-01-16,4,1,0,13,11.0,11.0,12.142857142857142,13.0,13.0
78,2026-01-17,5,1,1,11,13.0,12.0,12.428571428571429,12.714285714285714,13.0
78,2026-01-18,6,1,1,11,11.0,14.0,12.285714285714286,12.0,12.882352941176471
78,2026-01-19,0,1,0,11,11.0,10.0,11.857142857142858,12.071428571428571,12.777777777777779
78,2026-01-20,1,1,0,12,11.0,11.0,12.0,12.0,12.68421052631579
78,2026-01-21,2,1,0,18,12.0,16.0,12.142857142857142,11.857142857142858,12.65
78,2026-01-22,3,1,0,11,18.0,11.0,12.428571428571429,12.357142857142858,12.904761904761905
78,2026-01-23,4,1,0,18,11.0,13.0,12.428571428571429,12.285714285714286,12.818181818181818
78,2026-01-24,5,1,1,12,18.0,11.0,13.142857142857142,12.785714285714286,13.043478260869565
78,2026-01-25,6,1,1,15,12.0,11.0,13.285714285714286,12.785714285714286,13.0
78,2026-01-26,0,1,0,11,15.0,11.0,13.857142857142858,12.857142857142858,13.08
78,2026-01-27,1,1,0,13,11.0,12.0,13.857142857142858,12.928571428571429,13.0
78,2026-01-28,2,1,0,13,13.0,18.0,14.0,13.071428571428571,13.0
78,2026-01-29,3,1,0,12,13.0,11.0,13.285714285714286,12.857142857142858,13.0
78,2026-01-30,4,1,0,14,12.0,18.0,13.428571428571429,12.928571428571429,12.96551724137931
78,2026-01-31,5,1,1,15,14.0,12.0,12.857142857142858,13.0,13.0
78,2026-02-01,6,2,1,13,15.0,15.0,13.285714285714286,13.285714285714286,13.064516129032258
78,2026-02-02,0,2,0,12,13.0,11.0,13.0,13.428571428571429,13.0625
78,2026-02-03,1,2,0,10,12.0,13.0,13.142857142857142,13.5,13.030303030303031
78,2026-02-04,2,2,0,12,10.0,13.0,12.714285714285714,13.357142857142858,12.941176470588236
78,2026-02-05,3,2,0,13,12.0,12.0,12.571428571428571,12.928571428571429,12.914285714285715
78,2026-02-06,4,2,0,17,13.0,14.0,12.714285714285714,13.071428571428571,12.916666666666666
78,2026-02-07,5,2,1,16,17.0,15.0,13.142857142857142,13.0,13.027027027027026
78,2026-02-08,6,2,1,18,16.0,13.0,13.285714285714286,13.285714285714286,13.105263157894736
78,2026-02-09,0,2,0,14,18.0,12.0,14.0,13.5,13.23076923076923
78,2026-02-10,1,2,0,8,14.0,10.0,14.285714285714286,13.714285714285714,13.25
78,2026-02-11,2,2,0,14,8.0,12.0,14.0,13.357142857142858,13.121951219512194
78,2026-02-12,3,2,0,9,14.0,13.0,14.285714285714286,13.428571428571429,13.142857142857142
78,2026-02-13,4,2,0,15,9.0,17.0,13.714285714285714,13.214285714285714,13.046511627906977
78,2026-02-14,5,2,1,12,15.0,16.0,13.428571428571429,13.285714285714286,13.090909090909092
78,2026-02-15,6,2,1,16,12.0,18.0,12.857142857142858,13.071428571428571,13.066666666666666
78,2026-02-16,0,2,0,14,16.0,14.0,12.571428571428571,13.285714285714286,13.130434782608695
78,2026-02-17,1,2,0,14,14.0,8.0,12.571428571428571,13.428571428571429,13.148936170212766
78,2026-02-18,2,2,0,15,14.0,14.0,13.428571428571429,13.714285714285714,13.166666666666666
78,2026-02-19,3,2,0,17,15.0,9.0,13.571428571428571,13.928571428571429,13.204081632653061
78,2026-02-20,4,2,0,12,17.0,15.0,14.714285714285714,14.214285714285714,13.28
78,2026-02-21,5,2,1,19,12.0,12.0,14.285714285714286,13.857142857142858,13.254901960784315
78,2026-02-22,6,2,1,20,19.0,16.0,15.285714285714286,14.071428571428571,13.365384615384615
78,2026-02-23,0,2,0,14,20.0,14.0,15.857142857142858,14.214285714285714,13.49056603773585
78,2026-02-24,1,2,0,12,14.0,14.0,15.857142857142858,14.214285714285714,13.5
78,2026-02-25,2,2,0,15,12.0,15.0,15.571428571428571,14.5,13.472727272727273
78,2026-02-26,3,2,0,10,15.0,17.0,15.571428571428571,14.571428571428571,13.5
78,2026-02-27,4,2,0,15,10.0,12.0,14.571428571428571,14.642857142857142,13.43859649122807
78,2026-02-28,5,2,1,13,15.0,19.0,15.0,14.642857142857142,13.46551724137931
78,2026-03-01,6,3,1,18,13.0,20.0,14.142857142857142,14.714285714285714,13.457627118644067
78,2026-03-02,0,3,0,13,18.0,14.0,13.857142857142858,14.857142857142858,13.533333333333333
78,2026-03-03,1,3,0,16,13.0,12.0,13.714285714285714,14.785714285714286,13.524590163934427
78,2026-03-04,2,3,0,17,16.0,15.0,14.285714285714286,14.928571428571429,13.564516129032258
78,2026-03-05,3,3,0,17,17.0,10.0,14.571428571428571,15.071428571428571,13.619047619047619
78,2026-03-06,4,3,0,18,17.0,15.0,15.571428571428571,15.071428571428571,13.671875
78,2026-03-07,5,3,1,15,18.0,13.0,16.0,15.5,13.738461538461538
78,2026-03-08,6,3,1,14,15.0,18.0,16.285714285714285,15.214285714285714,13.757575757575758
78,2026-03-09,0,3,0,12,14.0,13.0,15.714285714285714,14.785714285714286,13.761194029850746
78,2026-03-10,1,3,0,16,12.0,16.0,15.571428571428571,14.642857142857142,13.735294117647058
78,2026-03-11,2,3,0,17,16.0,17.0,15.571428571428571,14.928571428571429,13.768115942028986
78,2026-03-12,3,3,0,13,17.0,17.0,15.571428571428571,15.071428571428571,13.814285714285715
78,2026-03-13,4,3,0,15,13.0,18.0,15.0,15.285714285714286,13.80281690140845
78,2026-03-14,5,3,1,15,15.0,15.0,14.571428571428571,15.285714285714286,13.819444444444445
78,2026-03-15,6,3,1,14,15.0,14.0,14.571428571428571,15.428571428571429,13.835616438356164
78,2026-03-16,0,3,0,16,14.0,12.0,14.571428571428571,15.142857142857142,13.837837837837839
78,2026-03-17,1,3,0,13,16.0,16.0,15.142857142857142,15.357142857142858,13.866666666666667
78,2026-03-18,2,3,0,13,13.0,17.0,14.714285714285714,15.142857142857142,13.855263157894736
78,2026-03-19,3,3,0,16,13.0,13.0,14.142857142857142,14.857142857142858,13.844155844155845
78,2026-03-20,4,3,0,10,16.0,15.0,14.571428571428571,14.785714285714286,13.871794871794872
78,2026-03-21,5,3,1,20,10.0,15.0,13.857142857142858,14.214285714285714,13.822784810126583
78,2026-03-22,6,3,1,23,20.0,14.0,14.571428571428571,14.571428571428571,13.9
78,2026-03-23,0,3,0,12,23.0,16.0,15.857142857142858,15.214285714285714,14.012345679012345
78,2026-03-24,1,3,0,15,12.0,13.0,15.285714285714286,15.214285714285714,13.987804878048781
78,2026-03-25,2,3,0,16,15.0,13.0,15.571428571428571,15.142857142857142,14.0
78,2026-03-26,3,3,0,16,16.0,16.0,16.0,15.071428571428571,14.023809523809524
78,2026-03-27,4,3,0,18,16.0,10.0,16.0,15.285714285714286,14.047058823529412
78,2026-03-28,5,3,1,12,18.0,20.0,17.142857142857142,15.5,14.093023255813954
78,2026-03-29,6,3,1,13,12.0,23.0,16.0,15.285714285714286,14.068965517241379
78,2026-03-30,0,3,0,15,13.0,12.0,14.571428571428571,15.214285714285714,14.056818181818182
78,2026-03-31,1,3,0,12,15.0,15.0,15.0,15.142857142857142,14.067415730337078
78,2026-04-01,2,4,0,14,12.0,16.0,14.571428571428571,15.071428571428571,14.044444444444444
78,2026-04-02,3,4,0,11,14.0,16.0,14.285714285714286,15.142857142857142,14.043956043956044
78,2026-04-03,4,4,0,19,11.0,18.0,13.571428571428571,14.785714285714286,14.01086956521739
78,2026-04-04,5,4,1,14,19.0,12.0,13.714285714285714,15.428571428571429,14.064516129032258
78,2026-04-05,6,4,1,17,14.0,13.0,14.0,15.0,14.063829787234043
78,2026-04-06,0,4,0,10,17.0,15.0,14.571428571428571,14.571428571428571,14.094736842105263
78,2026-04-07,1,4,0,14,10.0,12.0,13.857142857142858,14.428571428571429,14.052083333333334
78,2026-04-08,2,4,0,14,14.0,14.0,14.142857142857142,14.357142857142858,14.051546391752577
78,2026-04-09,3,4,0,20,14.0,11.0,14.142857142857142,14.214285714285714,14.051020408163266
78,2026-04-10,4,4,0,16,20.0,19.0,15.428571428571429,14.5,14.11111111111111
78,2026-04-11,5,4,1,18,16.0,14.0,15.0,14.357142857142858,14.13
78,2026-04-12,6,4,1,22,18.0,17.0,15.571428571428571,14.785714285714286,14.168316831683168
78,2026-04-13,0,4,0,16,22.0,10.0,16.285714285714285,15.428571428571429,14.245098039215685
78,2026-04-14,1,4,0,15,16.0,14.0,17.142857142857142,15.5,14.262135922330097
78,2026-04-15,2,4,0,15,15.0,14.0,17.285714285714285,15.714285714285714,14.26923076923077
78,2026-04-16,3,4,0,11,15.0,20.0,17.428571428571427,15.785714285714286,14.276190476190477
78,2026-04-17,4,4,0,16,11.0,16.0,16.142857142857142,15.785714285714286,14.245283018867925
78,2026-04-18,5,4,1,20,16.0,18.0,16.142857142857142,15.571428571428571,14.261682242990654
78,2026-04-19,6,4,1,19,20.0,22.0,16.428571428571427,16.0,14.314814814814815
78,2026-04-20,0,4,0,12,19.0,16.0,16.0,16.142857142857142,14.357798165137615
78,2026-04-21,1,4,0,16,12.0,15.0,15.428571428571429,16.285714285714285,14.336363636363636
78,2026-04-22,2,4,0,19,16.0,15.0,15.571428571428571,16.428571428571427,14.35135135135135
78,2026-04-23,3,4,0,14,19.0,11.0,16.142857142857142,16.785714285714285,14.392857142857142
78,2026-04-24,4,4,0,14,14.0,16.0,16.571428571428573,16.357142857142858,14.389380530973451
78,2026-04-25,5,4,1,25,14.0,20.0,16.285714285714285,16.214285714285715,14.385964912280702
78,2026-04-26,6,4,1,23,25.0,19.0,17.0,16.714285714285715,14.478260869565217
78,2026-04-27,0,4,0,15,23.0,12.0,17.571428571428573,16.785714285714285,14.551724137931034
78,2026-04-28,1,4,0,11,15.0,16.0,18.0,16.714285714285715,14.555555555555555
78,2026-04-29,2,4,0,17,11.0,19.0,17.285714285714285,16.428571428571427,14.525423728813559
78,2026-04-30,3,4,0,17,17.0,14.0,17.0,16.571428571428573,14.546218487394958
79,2026-01-15,3,1,0,15,14.0,14.0,16.0,16.142857142857142,16.142857142857142
79,2026-01-16,4,1,0,14,15.0,19.0,16.142857142857142,16.214285714285715,16.066666666666666
79,2026-01-17,5,1,1,16,14.0,20.0,15.428571428571429,16.428571428571427,15.9375
79,2026-01-18,6,1,1,22,16.0,14.0,14.857142857142858,16.071428571428573,15.941176470588236
79,2026-01-19,0,1,0,18,22.0,17.0,16.0,16.642857142857142,16.27777777777778
79,2026-01-20,1,1,0,17,18.0,14.0,16.142857142857142,16.214285714285715,16.36842105263158
79,2026-01-21,2,1,0,18,17.0,14.0,16.571428571428573,16.5,16.4
79,2026-01-22,3,1,0,14,18.0,15.0,17.142857142857142,16.571428571428573,16.476190476190474
79,2026-01-23,4,1,0,16,14.0,14.0,17.0,16.571428571428573,16.363636363636363
79,2026-01-24,5,1,1,23,16.0,16.0,17.285714285714285,16.357142857142858,16.347826086956523
79,2026-01-25,6,1,1,18,23.0,22.0,18.285714285714285,16.571428571428573,16.625
79,2026-01-26,0,1,0,19,18.0,18.0,17.714285714285715,16.857142857142858,16.68
79,2026-01-27,1,1,0,20,19.0,17.0,17.857142857142858,17.0,16.76923076923077
79,2026-01-28,2,1,0,15,20.0,18.0,18.285714285714285,17.428571428571427,16.88888888888889
79,2026-01-29,3,1,0,14,15.0,14.0,17.857142857142858,17.5,16.821428571428573
79,2026-01-30,4,1,0,10,14.0,16.0,17.857142857142858,17.428571428571427,16.724137931034484
79,2026-01-31,5,1,1,22,10.0,23.0,17.0,17.142857142857142,16.5
79,2026-02-01,6,2,1,24,22.0,18.0,16.857142857142858,17.571428571428573,16.677419354838708
79,2026-02-02,0,2,0,12,24.0,19.0,17.714285714285715,17.714285714285715,16.90625
79,2026-02-03,1,2,0,11,12.0,20.0,16.714285714285715,17.285714285714285,16.757575757575758
79,2026-02-04,2,2,0,11,11.0,15.0,15.428571428571429,16.857142857142858,16.58823529411765
79,2026-02-05,3,2,0,18,11.0,14.0,14.857142857142858,16.357142857142858,16.428571428571427
79,2026-02-06,4,2,0,20,18.0,10.0,15.428571428571429,16.642857142857142,16.47222222222222
79,2026-02-07,5,2,1,23,20.0,22.0,16.857142857142858,16.928571428571427,16.56756756756757
79,2026-02-08,6,2,1,14,23.0,24.0,17.0,16.928571428571427,16.736842105263158
79,2026-02-09,0,2,0,16,14.0,12.0,15.571428571428571,16.642857142857142,16.666666666666668
79,2026-02-10,1,2,0,14,16.0,11.0,16.142857142857142,16.428571428571427,16.65
79,2026-02-11,2,2,0,15,14.0,11.0,16.571428571428573,16.0,16.585365853658537
79,2026-02-12,3,2,0,17,15.0,18.0,17.142857142857142,16.0,16.547619047619047
79,2026-02-13,4,2,0,16,17.0,20.0,17.0,16.214285714285715,16.558139534883722
79,2026-02-14,5,2,1,24,16.0,23.0,16.428571428571427,16.642857142857142,16.545454545454547
79,2026-02-15,6,2,1,17,24.0,14.0,16.571428571428573,16.785714285714285,16.711111111111112
79,2026-02-16,0,2,0,18,17.0,16.0,17.0,16.285714285714285,16.717391304347824
79,2026-02-17,1,2,0,20,18.0,14.0,17.285714285714285,16.714285714285715,16.74468085106383
79,2026-02-18,2,2,0,18,20.0,15.0,18.142857142857142,17.357142857142858,16.8125
79,2026-02-19,3,2,0,20,18.0,17.0,18.571428571428573,17.857142857142858,16.836734693877553
79,2026-02-20,4,2,0,21,20.0,16.0,19.0,18.0,16.9
79,2026-02-21,5,2,1,22,21.0,24.0,19.714285714285715,18.071428571428573,16.980392156862745
79,2026-02-22,6,2,1,22,22.0,17.0,19.428571428571427,18.0,17.076923076923077
79,2026-02-23,0,2,0,23,22.0,18.0,20.142857142857142,18.571428571428573,17.169811320754718
79,2026-02-24,1,2,0,12,23.0,20.0,20.857142857142858,19.071428571428573,17.27777777777778
79,2026-02-25,2,2,0,20,12.0,18.0,19.714285714285715,18.928571428571427,17.181818181818183
79,2026-02-26,3,2,0,18,20.0,20.0,20.0,19.285714285714285,17.232142857142858
79,2026-02-27,4,2,0,16,18.0,21.0,19.714285714285715,19.357142857142858,17.24561403508772
79,2026-02-28,5,2,1,23,16.0,22.0,19.0,19.357142857142858,17.224137931034484
79,2026-03-01,6,3,1,23,23.0,22.0,19.142857142857142,19.285714285714285,17.322033898305083
79,2026-03-02,0,3,0,14,23.0,23.0,19.285714285714285,19.714285714285715,17.416666666666668
79,2026-03-03,1,3,0,21,14.0,12.0,18.0,19.428571428571427,17.360655737704917
79,2026-03-04,2,3,0,20,21.0,20.0,19.285714285714285,19.5,17.419354838709676
79,2026-03-05,3,3,0,14,20.0,18.0,19.285714285714285,19.642857142857142,17.46031746031746
79,2026-03-06,4,3,0,14,14.0,16.0,18.714285714285715,19.214285714285715,17.40625
79,2026-03-07,5,3,1,24,14.0,23.0,18.428571428571427,18.714285714285715,17.353846153846153
79,2026-03-08,6,3,1,21,24.0,23.0,18.571428571428573,18.857142857142858,17.454545454545453
79,2026-03-09,0,3,0,18,21.0,14.0,18.285714285714285,18.785714285714285,17.507462686567163
79,2026-03-10,1,3,0,24,18.0,21.0,18.857142857142858,18.428571428571427,17.514705882352942
79,2026-03-11,2,3,0,17,24.0,20.0,19.285714285714285,19.285714285714285,17.608695652173914
79,2026-03-12,3,3,0,16,17.0,14.0,18.857142857142858,19.071428571428573,17.6
79,2026-03-13,4,3,0,15,16.0,14.0,19.142857142857142,18.928571428571427,17.577464788732396
79,2026-03-14,5,3,1,25,15.0,24.0,19.285714285714285,18.857142857142858,17.541666666666668
79,2026-03-15,6,3,1,18,25.0,21.0,19.428571428571427,19.0,17.643835616438356
79,2026-03-16,0,3,0,15,18.0,18.0,19.0,18.642857142857142,17.64864864864865
79,2026-03-17,1,3,0,17,15.0,24.0,18.571428571428573,18.714285714285715,17.613333333333333
79,2026-03-18,2,3,0,19,17.0,17.0,17.571428571428573,18.428571428571427,17.605263157894736
79,2026-03-19,3,3,0,17,19.0,16.0,17.857142857142858,18.357142857142858,17.623376623376622
79,2026-03-20,4,3,0,24,17.0,15.0,18.0,18.571428571428573,17.615384615384617
79,2026-03-21,5,3,1,22,24.0,25.0,19.285714285714285,19.285714285714285,17.696202531645568
79,2026-03-22,6,3,1,22,22.0,18.0,18.857142857142858,19.142857142857142,17.75
79,2026-03-23,0,3,0,13,22.0,15.0,19.428571428571427,19.214285714285715,17.80246913580247
79,2026-03-24,1,3,0,22,13.0,17.0,19.142857142857142,18.857142857142858,17.74390243902439
79,2026-03-25,2,3,0,17,22.0,19.0,19.857142857142858,18.714285714285715,17.795180722891565
79,2026-03-26,3,3,0,13,17.0,17.0,19.571428571428573,18.714285714285715,17.785714285714285
79,2026-03-27,4,3,0,14,13.0,24.0,19.0,18.5,17.729411764705883
79,2026-03-28,5,3,1,23,14.0,22.0,17.571428571428573,18.428571428571427,17.686046511627907
79,2026-03-29,6,3,1,25,23.0,22.0,17.714285714285715,18.285714285714285,17.74712643678161
79,2026-03-30,0,3,0,22,25.0,13.0,18.142857142857142,18.785714285714285,17.829545454545453
79,2026-03-31,1,3,0,20,22.0,22.0,19.428571428571427,19.285714285714285,17.876404494382022
79,2026-04-01,2,4,0,16,20.0,17.0,19.142857142857142,19.5,17.9
79,2026-04-02,3,4,0,16,16.0,13.0,19.0,19.285714285714285,17.87912087912088
79,2026-04-03,4,4,0,13,16.0,14.0,19.428571428571427,19.214285714285715,17.858695652173914
79,2026-04-04,5,4,1,22,13.0,23.0,19.285714285714285,18.428571428571427,17.806451612903224
79,2026-04-05,6,4,1,26,22.0,25.0,19.142857142857142,18.428571428571427,17.851063829787233
79,2026-04-06,0,4,0,13,26.0,22.0,19.285714285714285,18.714285714285715,17.936842105263157
79,2026-04-07,1,4,0,20,13.0,20.0,18.0,18.714285714285715,17.885416666666668
79,2026-04-08,2,4,0,18,20.0,16.0,18.0,18.571428571428573,17.90721649484536
79,2026-04-09,3,4,0,22,18.0,16.0,18.285714285714285,18.642857142857142,17.908163265306122
79,2026-04-10,4,4,0,24,22.0,13.0,19.142857142857142,19.285714285714285,17.949494949494948
79,2026-04-11,5,4,1,22,24.0,22.0,20.714285714285715,20.0,18.01
79,2026-04-12,6,4,1,24,22.0,26.0,20.714285714285715,19.928571428571427,18.04950495049505
79,2026-04-13,0,4,0,16,24.0,13.0,20.428571428571427,19.857142857142858,18.107843137254903
79,2026-04-14,1,4,0,19,16.0,20.0,20.857142857142858,19.428571428571427,18.0873786407767
79,2026-04-15,2,4,0,20,19.0,18.0,20.714285714285715,19.357142857142858,18.096153846153847
79,2026-04-16,3,4,0,20,20.0,22.0,21.0,19.642857142857142,18.114285714285714
79,2026-04-17,4,4,0,26,20.0,24.0,20.714285714285715,19.928571428571427,18.132075471698112
79,2026-04-18,5,4,1,19,26.0,22.0,21.0,20.857142857142858,18.205607476635514
79,2026-04-19,6,4,1,24,19.0,24.0,20.571428571428573,20.642857142857142,18.212962962962962
79,2026-04-20,0,4,0,22,24.0,16.0,20.571428571428573,20.5,18.26605504587156
79,2026-04-21,1,4,0,27,22.0,19.0,21.428571428571427,21.142857142857142,18.3
79,2026-04-22,2,4,0,20,27.0,20.0,22.571428571428573,21.642857142857142,18.37837837837838
79,2026-04-23,3,4,0,18,20.0,20.0,22.571428571428573,21.785714285714285,18.392857142857142
79,2026-04-24,4,4,0,17,18.0,26.0,22.285714285714285,21.5,18.38938053097345
79,2026-04-25,5,4,1,22,17.0,19.0,21.0,21.0,18.37719298245614
79,2026-04-26,6,4,1,32,22.0,24.0,21.428571428571427,21.0,18.408695652173915
79,2026-04-27,0,4,0,15,32.0,22.0,22.571428571428573,21.571428571428573,18.525862068965516
79,2026-04-28,1,4,0,24,15.0,27.0,21.571428571428573,21.5,18.495726495726494
79,2026-04-29,2,4,0,21,24.0,20.0,21.142857142857142,21.857142857142858,18.54237288135593
79,2026-04-30,3,4,0,25,21.0,18.0,21.285714285714285,21.928571428571427,18.563025210084035
80,2026-01-15,3,1,0,13,13.0,15.0,17.428571428571427,17.0,17.0
80,2026-01-16,4,1,0,19,13.0,16.0,17.142857142857142,16.857142857142858,16.733333333333334
80,2026-01-17,5,1,1,20,19.0,23.0,17.571428571428573,16.928571428571427,16.875
80,2026-01-18,6,1,1,20,20.0,26.0,17.142857142857142,17.071428571428573,17.058823529411764
80,2026-01-19,0,1,0,19,20.0,13.0,16.285714285714285,17.285714285714285,17.22222222222222
80,2026-01-20,1,1,0,15,19.0,16.0,17.142857142857142,17.428571428571427,17.31578947368421
80,2026-01-21,2,1,0,19,15.0,13.0,17.0,17.214285714285715,17.2
80,2026-01-22,3,1,0,19,19.0,13.0,17.857142857142858,17.642857142857142,17.285714285714285
80,2026-01-23,4,1,0,14,19.0,19.0,18.714285714285715,17.928571428571427,17.363636363636363
80,2026-01-24,5,1,1,13,14.0,20.0,18.0,17.785714285714285,17.217391304347824
80,2026-01-25,6,1,1,17,13.0,20.0,17.0,17.071428571428573,17.041666666666668
80,2026-01-26,0,1,0,20,17.0,19.0,16.571428571428573,16.428571428571427,17.04
80,2026-01-27,1,1,0,11,20.0,15.0,16.714285714285715,16.928571428571427,17.153846153846153
80,2026-01-28,2,1,0,9,11.0,19.0,16.142857142857142,16.571428571428573,16.925925925925927
80,2026-01-29,3,1,0,18,9.0,19.0,14.714285714285714,16.285714285714285,16.642857142857142
80,2026-01-30,4,1,0,9,18.0,14.0,14.571428571428571,16.642857142857142,16.689655172413794
80,2026-01-31,5,1,1,22,9.0,13.0,13.857142857142858,15.928571428571429,16.433333333333334
80,2026-02-01,6,2,1,26,22.0,17.0,15.142857142857142,16.071428571428573,16.612903225806452
80,2026-02-02,0,2,0,19,26.0,20.0,16.428571428571427,16.5,16.90625
80,2026-02-03,1,2,0,20,19.0,11.0,16.285714285714285,16.5,16.96969696969697
80,2026-02-04,2,2,0,10,20.0,9.0,17.571428571428573,16.857142857142858,17.058823529411764
80,2026-02-05,3,2,0,19,10.0,18.0,17.714285714285715,16.214285714285715,16.857142857142858
80,2026-02-06,4,2,0,17,19.0,9.0,17.857142857142858,16.214285714285715,16.916666666666668
80,2026-02-07,5,2,1,25,17.0,22.0,19.0,16.428571428571427,16.91891891891892
80,2026-02-08,6,2,1,17,25.0,26.0,19.428571428571427,17.285714285714285,17.13157894736842
80,2026-02-09,0,2,0,17,17.0,19.0,18.142857142857142,17.285714285714285,17.128205128205128
80,2026-02-10,1,2,0,21,17.0,20.0,17.857142857142858,17.071428571428573,17.125
80,2026-02-11,2,2,0,15,21.0,10.0,18.0,17.785714285714285,17.21951219512195
80,2026-02-12,3,2,0,14,15.0,19.0,18.714285714285715,18.214285714285715,17.166666666666668
80,2026-02-13,4,2,0,12,14.0,17.0,18.0,17.928571428571427,17.093023255813954
80,2026-02-14,5,2,1,20,12.0,25.0,17.285714285714285,18.142857142857142,16.977272727272727
80,2026-02-15,6,2,1,17,20.0,17.0,16.571428571428573,18.0,17.044444444444444
80,2026-02-16,0,2,0,14,17.0,17.0,16.571428571428573,17.357142857142858,17.043478260869566
80,2026-02-17,1,2,0,13,14.0,21.0,16.142857142857142,17.0,16.97872340425532
80,2026-02-18,2,2,0,17,13.0,15.0,15.0,16.5,16.895833333333332
80,2026-02-19,3,2,0,24,17.0,14.0,15.285714285714286,17.0,16.897959183673468
80,2026-02-20,4,2,0,14,24.0,12.0,16.714285714285715,17.357142857142858,17.04
80,2026-02-21,5,2,1,30,14.0,20.0,17.0,17.142857142857142,16.980392156862745
80,2026-02-22,6,2,1,18,30.0,17.0,18.428571428571427,17.5,17.23076923076923
80,2026-02-23,0,2,0,17,18.0,14.0,18.571428571428573,17.571428571428573,17.245283018867923
80,2026-02-24,1,2,0,16,17.0,13.0,19.0,17.571428571428573,17.24074074074074
80,2026-02-25,2,2,0,23,16.0,17.0,19.428571428571427,17.214285714285715,17.21818181818182
80,2026-02-26,3,2,0,12,23.0,24.0,20.285714285714285,17.785714285714285,17.321428571428573
80,2026-02-27,4,2,0,16,12.0,14.0,18.571428571428573,17.642857142857142,17.228070175438596
80,2026-02-28,5,2,1,22,16.0,30.0,18.857142857142858,17.928571428571427,17.20689655172414
80,2026-03-01,6,3,1,25,22.0,18.0,17.714285714285715,18.071428571428573,17.28813559322034
80,2026-03-02,0,3,0,18,25.0,17.0,18.714285714285715,18.642857142857142,17.416666666666668
80,2026-03-03,1,3,0,19,18.0,16.0,18.857142857142858,18.928571428571427,17.42622950819672
80,2026-03-04,2,3,0,13,19.0,23.0,19.285714285714285,19.357142857142858,17.451612903225808
80,2026-03-05,3,3,0,19,13.0,12.0,17.857142857142858,19.071428571428573,17.38095238095238
80,2026-03-06,4,3,0,19,19.0,16.0,18.857142857142858,18.714285714285715,17.40625
80,2026-03-07,5,3,1,26,19.0,22.0,19.285714285714285,19.071428571428573,17.43076923076923
80,2026-03-08,6,3,1,24,26.0,25.0,19.857142857142858,18.785714285714285,17.560606060606062
80,2026-03-09,0,3,0,23,24.0,18.0,19.714285714285715,19.214285714285715,17.65671641791045
80,2026-03-10,1,3,0,16,23.0,19.0,20.428571428571427,19.642857142857142,17.735294117647058
80,2026-03-11,2,3,0,23,16.0,13.0,20.0,19.642857142857142,17.71014492753623
80,2026-03-12,3,3,0,20,23.0,19.0,21.428571428571427,19.642857142857142,17.785714285714285
80,2026-03-13,4,3,0,22,20.0,19.0,21.571428571428573,20.214285714285715,17.816901408450704
80,2026-03-14,5,3,1,20,22.0,26.0,22.0,20.642857142857142,17.875
80,2026-03-15,6,3,1,24,20.0,24.0,21.142857142857142,20.5,17.904109589041095
80,2026-03-16,0,3,0,20,24.0,23.0,21.142857142857142,20.428571428571427,17.986486486486488
80,2026-03-17,1,3,0,27,20.0,16.0,20.714285714285715,20.571428571428573,18.013333333333332
80,2026-03-18,2,3,0,18,27.0,23.0,22.285714285714285,21.142857142857142,18.13157894736842
80,2026-03-19,3,3,0,21,18.0,20.0,21.571428571428573,21.5,18.12987012987013
80,2026-03-20,4,3,0,17,21.0,22.0,21.714285714285715,21.642857142857142,18.166666666666668
80,2026-03-21,5,3,1,19,17.0,20.0,21.0,21.5,18.151898734177216
80,2026-03-22,6,3,1,23,19.0,24.0,20.857142857142858,21.0,18.1625
80,2026-03-23,0,3,0,20,23.0,20.0,20.714285714285715,20.928571428571427,18.22222222222222
80,2026-03-24,1,3,0,19,20.0,27.0,20.714285714285715,20.714285714285715,18.24390243902439
80,2026-03-25,2,3,0,17,19.0,18.0,19.571428571428573,20.928571428571427,18.253012048192772
80,2026-03-26,3,3,0,21,17.0,21.0,19.428571428571427,20.5,18.238095238095237
80,2026-03-27,4,3,0,22,21.0,17.0,19.428571428571427,20.571428571428573,18.270588235294117
80,2026-03-28,5,3,1,30,22.0,19.0,20.142857142857142,20.571428571428573,18.313953488372093
80,2026-03-29,6,3,1,23,30.0,23.0,21.714285714285715,21.285714285714285,18.448275862068964
80,2026-03-30,0,3,0,16,23.0,20.0,21.714285714285715,21.214285714285715,18.5
80,2026-03-31,1,3,0,14,16.0,19.0,21.142857142857142,20.928571428571427,18.471910112359552
80,2026-04-01,2,4,0,23,14.0,17.0,20.428571428571427,20.0,18.42222222222222
80,2026-04-02,3,4,0,19,23.0,21.0,21.285714285714285,20.357142857142858,18.47252747252747
80,2026-04-03,4,4,0,17,19.0,22.0,21.0,20.214285714285715,18.47826086956522
80,2026-04-04,5,4,1,21,17.0,30.0,20.285714285714285,20.214285714285715,18.462365591397848
80,2026-04-05,6,4,1,22,21.0,23.0,19.0,20.357142857142858,18.48936170212766
80,2026-04-06,0,4,0,22,22.0,16.0,18.857142857142858,20.285714285714285,18.526315789473685
80,2026-04-07,1,4,0,22,22.0,14.0,19.714285714285715,20.428571428571427,18.5625
80,2026-04-08,2,4,0,22,22.0,23.0,20.857142857142858,20.642857142857142,18.5979381443299
80,2026-04-09,3,4,0,19,22.0,19.0,20.714285714285715,21.0,18.632653061224488
80,2026-04-10,4,4,0,20,19.0,17.0,20.714285714285715,20.857142857142858,18.636363636363637
80,2026-04-11,5,4,1,19,20.0,21.0,21.142857142857142,20.714285714285715,18.65
80,2026-04-12,6,4,1,21,19.0,22.0,20.857142857142858,19.928571428571427,18.653465346534652
80,2026-04-13,0,4,0,24,21.0,22.0,20.714285714285715,19.785714285714285,18.676470588235293
80,2026-04-14,1,4,0,14,24.0,22.0,21.0,20.357142857142858,18.728155339805824
80,2026-04-15,2,4,0,21,14.0,22.0,19.857142857142858,20.357142857142858,18.682692307692307
80,2026-04-16,3,4,0,18,21.0,19.0,19.714285714285715,20.214285714285715,18.704761904761906
80,2026-04-17,4,4,0,17,18.0,20.0,19.571428571428573,20.142857142857142,18.69811320754717
80,2026-04-18,5,4,1,22,17.0,19.0,19.142857142857142,20.142857142857142,18.682242990654206
80,2026-04-19,6,4,1,20,22.0,21.0,19.571428571428573,20.214285714285715,18.712962962962962
80,2026-04-20,0,4,0,21,20.0,24.0,19.428571428571427,20.071428571428573,18.724770642201836
80,2026-04-21,1,4,0,22,21.0,14.0,19.0,20.0,18.745454545454546
80,2026-04-22,2,4,0,23,22.0,21.0,20.142857142857142,20.0,18.774774774774773
80,2026-04-23,3,4,0,25,23.0,18.0,20.428571428571427,20.071428571428573,18.8125
80,2026-04-24,4,4,0,18,25.0,17.0,21.428571428571427,20.5,18.86725663716814
80,2026-04-25,5,4,1,20,18.0,22.0,21.571428571428573,20.357142857142858,18.859649122807017
80,2026-04-26,6,4,1,33,20.0,20.0,21.285714285714285,20.428571428571427,18.869565217391305
80,2026-04-27,0,4,0,18,33.0,21.0,23.142857142857142,21.285714285714285,18.99137931034483
80,2026-04-28,1,4,0,25,18.0,22.0,22.714285714285715,20.857142857142858,18.982905982905983
80,2026-04-29,2,4,0,15,25.0,23.0,23.142857142857142,21.642857142857142,19.033898305084747
80,2026-04-30,3,4,0,24,15.0,25.0,22.0,21.214285714285715,19.0
81,2026-01-15,3,1,0,9,7.0,9.0,8.285714285714286,8.142857142857142,8.142857142857142
81,2026-01-16,4,1,0,6,9.0,11.0,8.285714285714286,8.285714285714286,8.2
81,2026-01-17,5,1,1,10,6.0,8.0,7.571428571428571,8.142857142857142,8.0625
81,2026-01-18,6,1,1,8,10.0,7.0,7.857142857142857,8.214285714285714,8.176470588235293
81,2026-01-19,0,1,0,6,8.0,9.0,8.0,8.142857142857142,8.166666666666666
81,2026-01-20,1,1,0,9,6.0,7.0,7.571428571428571,7.928571428571429,8.052631578947368
81,2026-01-21,2,1,0,6,9.0,7.0,7.857142857142857,8.0,8.1
81,2026-01-22,3,1,0,7,6.0,9.0,7.714285714285714,8.0,8.0
81,2026-01-23,4,1,0,10,7.0,6.0,7.428571428571429,7.857142857142857,7.954545454545454
81,2026-01-24,5,1,1,10,10.0,10.0,8.0,7.785714285714286,8.043478260869565
81,2026-01-25,6,1,1,9,10.0,8.0,8.0,7.928571428571429,8.125
81,2026-01-26,0,1,0,8,9.0,6.0,8.142857142857142,8.071428571428571,8.16
81,2026-01-27,1,1,0,8,8.0,9.0,8.428571428571429,8.0,8.153846153846153
81,2026-01-28,2,1,0,7,8.0,6.0,8.285714285714286,8.071428571428571,8.148148148148149
81,2026-01-29,3,1,0,8,7.0,7.0,8.428571428571429,8.071428571428571,8.107142857142858
81,2026-01-30,4,1,0,8,8.0,10.0,8.571428571428571,8.0,8.10344827586207
81,2026-01-31,5,1,1,10,8.0,10.0,8.285714285714286,8.142857142857142,8.1
81,2026-02-01,6,2,1,10,10.0,9.0,8.285714285714286,8.142857142857142,8.161290322580646
81,2026-02-02,0,2,0,9,10.0,8.0,8.428571428571429,8.285714285714286,8.21875
81,2026-02-03,1,2,0,7,9.0,8.0,8.571428571428571,8.5,8.242424242424242
81,2026-02-04,2,2,0,8,7.0,7.0,8.428571428571429,8.357142857142858,8.205882352941176
81,2026-02-05,3,2,0,7,8.0,8.0,8.571428571428571,8.5,8.2
81,2026-02-06,4,2,0,9,7.0,8.0,8.428571428571429,8.5,8.166666666666666
81,2026-02-07,5,2,1,10,9.0,10.0,8.571428571428571,8.428571428571429,8.18918918918919
81,2026-02-08,6,2,1,10,10.0,10.0,8.571428571428571,8.428571428571429,8.236842105263158
81,2026-02-09,0,2,0,7,10.0,9.0,8.571428571428571,8.5,8.282051282051283
81,2026-02-10,1,2,0,8,7.0,7.0,8.285714285714286,8.428571428571429,8.25
81,2026-02-11,2,2,0,8,8.0,8.0,8.428571428571429,8.428571428571429,8.24390243902439
81,2026-02-12,3,2,0,9,8.0,7.0,8.428571428571429,8.5,8.238095238095237
81,2026-02-13,4,2,0,9,9.0,9.0,8.714285714285714,8.571428571428571,8.255813953488373
81,2026-02-14,5,2,1,10,9.0,10.0,8.714285714285714,8.642857142857142,8.272727272727273
81,2026-02-15,6,2,1,10,10.0,10.0,8.714285714285714,8.642857142857142,8.311111111111112
81,2026-02-16,0,2,0,7,10.0,7.0,8.714285714285714,8.642857142857142,8.347826086956522
81,2026-02-17,1,2,0,6,7.0,8.0,8.714285714285714,8.5,8.319148936170214
81,2026-02-18,2,2,0,8,6.0,8.0,8.428571428571429,8.428571428571429,8.270833333333334
81,2026-02-19,3,2,0,6,8.0,9.0,8.428571428571429,8.428571428571429,8.26530612244898
81,2026-02-20,4,2,0,6,6.0,9.0,8.0,8.357142857142858,8.22
81,2026-02-21,5,2,1,9,6.0,10.0,7.571428571428571,8.142857142857142,8.176470588235293
81,2026-02-22,6,2,1,11,9.0,10.0,7.428571428571429,8.071428571428571,8.192307692307692
81,2026-02-23,0,2,0,8,11.0,7.0,7.571428571428571,8.142857142857142,8.245283018867925
81,2026-02-24,1,2,0,9,8.0,6.0,7.714285714285714,8.214285714285714,8.24074074074074
81,2026-02-25,2,2,0,8,9.0,8.0,8.142857142857142,8.285714285714286,8.254545454545454
81,2026-02-26,3,2,0,11,8.0,6.0,8.142857142857142,8.285714285714286,8.25
81,2026-02-27,4,2,0,10,11.0,6.0,8.857142857142858,8.428571428571429,8.298245614035087
81,2026-02-28,5,2,1,10,10.0,9.0,9.428571428571429,8.5,8.327586206896552
81,2026-03-01,6,3,1,7,10.0,11.0,9.571428571428571,8.5,8.35593220338983
81,2026-03-02,0,3,0,9,7.0,8.0,9.0,8.285714285714286,8.333333333333334
81,2026-03-03,1,3,0,8,9.0,9.0,9.142857142857142,8.428571428571429,8.344262295081966
81,2026-03-04,2,3,0,10,8.0,8.0,9.0,8.571428571428571,8.338709677419354
81,2026-03-05,3,3,0,7,10.0,11.0,9.285714285714286,8.714285714285714,8.365079365079366
81,2026-03-06,4,3,0,8,7.0,10.0,8.714285714285714,8.785714285714286,8.34375
81,2026-03-07,5,3,1,11,8.0,10.0,8.428571428571429,8.928571428571429,8.338461538461539
81,2026-03-08,6,3,1,10,11.0,7.0,8.571428571428571,9.071428571428571,8.378787878787879
81,2026-03-09,0,3,0,8,10.0,9.0,9.0,9.0,8.402985074626866
81,2026-03-10,1,3,0,8,8.0,8.0,8.857142857142858,9.0,8.397058823529411
81,2026-03-11,2,3,0,9,8.0,10.0,8.857142857142858,8.928571428571429,8.391304347826088
81,2026-03-12,3,3,0,9,9.0,7.0,8.714285714285714,9.0,8.4
81,2026-03-13,4,3,0,10,9.0,8.0,9.0,8.857142857142858,8.408450704225352
81,2026-03-14,5,3,1,13,10.0,11.0,9.285714285714286,8.857142857142858,8.430555555555555
81,2026-03-15,6,3,1,9,13.0,10.0,9.571428571428571,9.071428571428571,8.493150684931507
81,2026-03-16,0,3,0,11,9.0,8.0,9.428571428571429,9.214285714285714,8.5
81,2026-03-17,1,3,0,8,11.0,8.0,9.857142857142858,9.357142857142858,8.533333333333333
81,2026-03-18,2,3,0,10,8.0,9.0,9.857142857142858,9.357142857142858,8.526315789473685
81,2026-03-19,3,3,0,9,10.0,9.0,10.0,9.357142857142858,8.545454545454545
81,2026-03-20,4,3,0,8,9.0,10.0,10.0,9.5,8.551282051282051
81,2026-03-21,5,3,1,12,8.0,13.0,9.714285714285714,9.5,8.544303797468354
81,2026-03-22,6,3,1,11,12.0,9.0,9.571428571428571,9.571428571428571,8.5875
81,2026-03-23,0,3,0,11,11.0,11.0,9.857142857142858,9.642857142857142,8.617283950617283
81,2026-03-24,1,3,0,8,11.0,8.0,9.857142857142858,9.857142857142858,8.646341463414634
81,2026-03-25,2,3,0,10,8.0,10.0,9.857142857142858,9.857142857142858,8.63855421686747
81,2026-03-26,3,3,0,9,10.0,9.0,9.857142857142858,9.928571428571429,8.654761904761905
81,2026-03-27,4,3,0,9,9.0,8.0,9.857142857142858,9.928571428571429,8.658823529411764
81,2026-03-28,5,3,1,12,9.0,12.0,10.0,9.857142857142858,8.662790697674419
81,2026-03-29,6,3,1,11,12.0,11.0,10.0,9.785714285714286,8.701149425287356
81,2026-03-30,0,3,0,10,11.0,11.0,10.0,9.928571428571429,8.727272727272727
81,2026-03-31,1,3,0,11,10.0,8.0,9.857142857142858,9.857142857142858,8.741573033707866
81,2026-04-01,2,4,0,12,11.0,10.0,10.285714285714286,10.071428571428571,8.766666666666667
81,2026-04-02,3,4,0,10,12.0,9.0,10.571428571428571,10.214285714285714,8.802197802197803
81,2026-04-03,4,4,0,7,10.0,9.0,10.714285714285714,10.285714285714286,8.815217391304348
81,2026-04-04,5,4,1,11,7.0,12.0,10.428571428571429,10.214285714285714,8.795698924731182
81,2026-04-05,6,4,1,9,11.0,11.0,10.285714285714286,10.142857142857142,8.819148936170214
81,2026-04-06,0,4,0,10,9.0,10.0,10.0,10.0,8.821052631578947
81,2026-04-07,1,4,0,8,10.0,11.0,10.0,9.928571428571429,8.833333333333334
81,2026-04-08,2,4,0,11,8.0,12.0,9.571428571428571,9.928571428571429,8.824742268041238
81,2026-04-09,3,4,0,9,11.0,10.0,9.428571428571429,10.0,8.846938775510203
81,2026-04-10,4,4,0,8,9.0,7.0,9.285714285714286,10.0,8.848484848484848
81,2026-04-11,5,4,1,11,8.0,11.0,9.428571428571429,9.928571428571429,8.84
81,2026-04-12,6,4,1,10,11.0,9.0,9.428571428571429,9.857142857142858,8.861386138613861
81,2026-04-13,0,4,0,7,10.0,10.0,9.571428571428571,9.785714285714286,8.872549019607844
81,2026-04-14,1,4,0,9,7.0,8.0,9.142857142857142,9.571428571428571,8.854368932038835
81,2026-04-15,2,4,0,10,9.0,11.0,9.285714285714286,9.428571428571429,8.85576923076923
81,2026-04-16,3,4,0,8,10.0,9.0,9.142857142857142,9.285714285714286,8.866666666666667
81,2026-04-17,4,4,0,10,8.0,8.0,9.0,9.142857142857142,8.858490566037736
81,2026-04-18,5,4,1,6,10.0,11.0,9.285714285714286,9.357142857142858,8.869158878504672
81,2026-04-19,6,4,1,15,6.0,10.0,8.571428571428571,9.0,8.842592592592593
81,2026-04-20,0,4,0,9,15.0,7.0,9.285714285714286,9.428571428571429,8.899082568807339
81,2026-04-21,1,4,0,7,9.0,9.0,9.571428571428571,9.357142857142858,8.9
81,2026-04-22,2,4,0,10,7.0,10.0,9.285714285714286,9.285714285714286,8.882882882882884
81,2026-04-23,3,4,0,9,10.0,8.0,9.285714285714286,9.214285714285714,8.892857142857142
81,2026-04-24,4,4,0,7,9.0,10.0,9.428571428571429,9.214285714285714,8.893805309734514
81,2026-04-25,5,4,1,12,7.0,6.0,9.0,9.142857142857142,8.87719298245614
81,2026-04-26,6,4,1,10,12.0,15.0,9.857142857142858,9.214285714285714,8.904347826086957
81,2026-04-27,0,4,0,9,10.0,9.0,9.142857142857142,9.214285714285714,8.913793103448276
81,2026-04-28,1,4,0,11,9.0,7.0,9.142857142857142,9.357142857142858,8.914529914529915
81,2026-04-29,2,4,0,12,11.0,10.0,9.714285714285714,9.5,8.932203389830509
81,2026-04-30,3,4,0,11,12.0,9.0,10.0,9.642857142857142,8.957983193277311
82,2026-01-15,3,1,0,20,23.0,17.0,21.142857142857142,20.428571428571427,20.428571428571427
82,2026-01-16,4,1,0,22,20.0,19.0,21.571428571428573,20.0,20.4
82,2026-01-17,5,1,1,19,22.0,28.0,22.0,20.142857142857142,20.5
82,2026-01-18,6,1,1,21,19.0,25.0,20.714285714285715,20.071428571428573,20.41176470588235
82,2026-01-19,0,1,0,17,21.0,24.0,20.142857142857142,20.5,20.444444444444443
82,2026-01-20,1,1,0,12,17.0,12.0,19.142857142857142,20.571428571428573,20.263157894736842
82,2026-01-21,2,1,0,18,12.0,23.0,19.142857142857142,20.285714285714285,19.85
82,2026-01-22,3,1,0,19,18.0,20.0,18.428571428571427,19.785714285714285,19.761904761904763
82,2026-01-23,4,1,0,22,19.0,22.0,18.285714285714285,19.928571428571427,19.727272727272727
82,2026-01-24,5,1,1,25,22.0,19.0,18.285714285714285,20.142857142857142,19.82608695652174
82,2026-01-25,6,1,1,23,25.0,21.0,19.142857142857142,19.928571428571427,20.041666666666668
82,2026-01-26,0,1,0,21,23.0,17.0,19.428571428571427,19.785714285714285,20.16
82,2026-01-27,1,1,0,23,21.0,12.0,20.0,19.571428571428573,20.192307692307693
82,2026-01-28,2,1,0,17,23.0,18.0,21.571428571428573,20.357142857142858,20.296296296296298
82,2026-01-29,3,1,0,20,17.0,19.0,21.428571428571427,19.928571428571427,20.178571428571427
82,2026-01-30,4,1,0,20,20.0,22.0,21.571428571428573,19.928571428571427,20.17241379310345
82,2026-01-31,5,1,1,19,20.0,25.0,21.285714285714285,19.785714285714285,20.166666666666668
82,2026-02-01,6,2,1,21,19.0,23.0,20.428571428571427,19.785714285714285,20.129032258064516
82,2026-02-02,0,2,0,17,21.0,21.0,20.142857142857142,19.785714285714285,20.15625
82,2026-02-03,1,2,0,21,17.0,23.0,19.571428571428573,19.785714285714285,20.060606060606062
82,2026-02-04,2,2,0,17,21.0,17.0,19.285714285714285,20.428571428571427,20.08823529411765
82,2026-02-05,3,2,0,22,17.0,20.0,19.285714285714285,20.357142857142858,20.0
82,2026-02-06,4,2,0,19,22.0,20.0,19.571428571428573,20.571428571428573,20.055555555555557
82,2026-02-07,5,2,1,24,19.0,19.0,19.428571428571427,20.357142857142858,20.027027027027028
82,2026-02-08,6,2,1,21,24.0,21.0,20.142857142857142,20.285714285714285,20.13157894736842
82,2026-02-09,0,2,0,19,21.0,17.0,20.142857142857142,20.142857142857142,20.153846153846153
82,2026-02-10,1,2,0,20,19.0,21.0,20.428571428571427,20.0,20.125
82,2026-02-11,2,2,0,17,20.0,17.0,20.285714285714285,19.785714285714285,20.121951219512194
82,2026-02-12,3,2,0,27,17.0,22.0,20.285714285714285,19.785714285714285,20.047619047619047
82,2026-02-13,4,2,0,23,27.0,19.0,21.0,20.285714285714285,20.209302325581394
82,2026-02-14,5,2,1,21,23.0,24.0,21.571428571428573,20.5,20.272727272727273
82,2026-02-15,6,2,1,21,21.0,21.0,21.142857142857142,20.642857142857142,20.288888888888888
82,2026-02-16,0,2,0,18,21.0,19.0,21.142857142857142,20.642857142857142,20.304347826086957
82,2026-02-17,1,2,0,20,18.0,20.0,21.0,20.714285714285715,20.25531914893617
82,2026-02-18,2,2,0,22,20.0,17.0,21.0,20.642857142857142,20.25
82,2026-02-19,3,2,0,14,22.0,27.0,21.714285714285715,21.0,20.285714285714285
82,2026-02-20,4,2,0,22,14.0,23.0,19.857142857142858,20.428571428571427,20.16
82,2026-02-21,5,2,1,23,22.0,21.0,19.714285714285715,20.642857142857142,20.19607843137255
82,2026-02-22,6,2,1,29,23.0,21.0,20.0,20.571428571428573,20.25
82,2026-02-23,0,2,0,21,29.0,18.0,21.142857142857142,21.142857142857142,20.41509433962264
82,2026-02-24,1,2,0,13,21.0,20.0,21.571428571428573,21.285714285714285,20.425925925925927
82,2026-02-25,2,2,0,23,13.0,22.0,20.571428571428573,20.785714285714285,20.29090909090909
82,2026-02-26,3,2,0,22,23.0,14.0,20.714285714285715,21.214285714285715,20.339285714285715
82,2026-02-27,4,2,0,17,22.0,22.0,21.857142857142858,20.857142857142858,20.36842105263158
82,2026-02-28,5,2,1,26,17.0,23.0,21.142857142857142,20.428571428571427,20.310344827586206
82,2026-03-01,6,3,1,26,26.0,29.0,21.571428571428573,20.785714285714285,20.406779661016948
82,2026-03-02,0,3,0,20,26.0,21.0,21.142857142857142,21.142857142857142,20.5
82,2026-03-03,1,3,0,19,20.0,13.0,21.0,21.285714285714285,20.491803278688526
82,2026-03-04,2,3,0,20,19.0,23.0,21.857142857142858,21.214285714285715,20.467741935483872
82,2026-03-05,3,3,0,14,20.0,22.0,21.428571428571427,21.071428571428573,20.46031746031746
82,2026-03-06,4,3,0,22,14.0,17.0,20.285714285714285,21.071428571428573,20.359375
82,2026-03-07,5,3,1,25,22.0,26.0,21.0,21.071428571428573,20.384615384615383
82,2026-03-08,6,3,1,25,25.0,26.0,20.857142857142858,21.214285714285715,20.454545454545453
82,2026-03-09,0,3,0,26,25.0,20.0,20.714285714285715,20.928571428571427,20.52238805970149
82,2026-03-10,1,3,0,18,26.0,19.0,21.571428571428573,21.285714285714285,20.602941176470587
82,2026-03-11,2,3,0,16,18.0,20.0,21.428571428571427,21.642857142857142,20.565217391304348
82,2026-03-12,3,3,0,21,16.0,14.0,20.857142857142858,21.142857142857142,20.5
82,2026-03-13,4,3,0,32,21.0,22.0,21.857142857142858,21.071428571428573,20.507042253521128
82,2026-03-14,5,3,1,25,32.0,25.0,23.285714285714285,22.142857142857142,20.666666666666668
82,2026-03-15,6,3,1,34,25.0,25.0,23.285714285714285,22.071428571428573,20.726027397260275
82,2026-03-16,0,3,0,27,34.0,26.0,24.571428571428573,22.642857142857142,20.905405405405407
82,2026-03-17,1,3,0,23,27.0,18.0,24.714285714285715,23.142857142857142,20.986666666666668
82,2026-03-18,2,3,0,27,23.0,16.0,25.428571428571427,23.428571428571427,21.013157894736842
82,2026-03-19,3,3,0,21,27.0,21.0,27.0,23.928571428571427,21.09090909090909
82,2026-03-20,4,3,0,24,21.0,32.0,27.0,24.428571428571427,21.08974358974359
82,2026-03-21,5,3,1,27,24.0,25.0,25.857142857142858,24.571428571428573,21.126582278481013
82,2026-03-22,6,3,1,19,27.0,34.0,26.142857142857142,24.714285714285715,21.2
82,2026-03-23,0,3,0,15,19.0,27.0,24.0,24.285714285714285,21.17283950617284
82,2026-03-24,1,3,0,32,15.0,23.0,22.285714285714285,23.5,21.097560975609756
82,2026-03-25,2,3,0,21,32.0,27.0,23.571428571428573,24.5,21.228915662650603
82,2026-03-26,3,3,0,23,21.0,21.0,22.714285714285715,24.857142857142858,21.226190476190474
82,2026-03-27,4,3,0,24,23.0,24.0,23.0,25.0,21.24705882352941
82,2026-03-28,5,3,1,29,24.0,27.0,23.0,24.428571428571427,21.27906976744186
82,2026-03-29,6,3,1,32,29.0,19.0,23.285714285714285,24.714285714285715,21.367816091954023
82,2026-03-30,0,3,0,23,32.0,15.0,25.142857142857142,24.571428571428573,21.488636363636363
82,2026-03-31,1,3,0,18,23.0,32.0,26.285714285714285,24.285714285714285,21.50561797752809
82,2026-04-01,2,4,0,19,18.0,21.0,24.285714285714285,23.928571428571427,21.466666666666665
82,2026-04-02,3,4,0,24,19.0,23.0,24.0,23.357142857142858,21.439560439560438
82,2026-04-03,4,4,0,26,24.0,24.0,24.142857142857142,23.571428571428573,21.467391304347824
82,2026-04-04,5,4,1,30,26.0,29.0,24.428571428571427,23.714285714285715,21.516129032258064
82,2026-04-05,6,4,1,16,30.0,32.0,24.571428571428573,23.928571428571427,21.606382978723403
82,2026-04-06,0,4,0,20,16.0,23.0,22.285714285714285,23.714285714285715,21.54736842105263
82,2026-04-07,1,4,0,21,20.0,18.0,21.857142857142858,24.071428571428573,21.53125
82,2026-04-08,2,4,0,30,21.0,19.0,22.285714285714285,23.285714285714285,21.52577319587629
82,2026-04-09,3,4,0,27,30.0,24.0,23.857142857142858,23.928571428571427,21.612244897959183
82,2026-04-10,4,4,0,13,27.0,26.0,24.285714285714285,24.214285714285715,21.666666666666668
82,2026-04-11,5,4,1,21,13.0,30.0,22.428571428571427,23.428571428571427,21.58
82,2026-04-12,6,4,1,29,21.0,16.0,21.142857142857142,22.857142857142858,21.574257425742573
82,2026-04-13,0,4,0,17,29.0,20.0,23.0,22.642857142857142,21.647058823529413
82,2026-04-14,1,4,0,22,17.0,21.0,22.571428571428573,22.214285714285715,21.601941747572816
82,2026-04-15,2,4,0,29,22.0,30.0,22.714285714285715,22.5,21.60576923076923
82,2026-04-16,3,4,0,21,29.0,27.0,22.571428571428573,23.214285714285715,21.676190476190477
82,2026-04-17,4,4,0,22,21.0,13.0,21.714285714285715,23.0,21.669811320754718
82,2026-04-18,5,4,1,28,22.0,21.0,23.0,22.714285714285715,21.672897196261683
82,2026-04-19,6,4,1,34,28.0,29.0,24.0,22.571428571428573,21.73148148148148
82,2026-04-20,0,4,0,32,34.0,17.0,24.714285714285715,23.857142857142858,21.844036697247706
82,2026-04-21,1,4,0,35,32.0,22.0,26.857142857142858,24.714285714285715,21.936363636363637
82,2026-04-22,2,4,0,23,35.0,29.0,28.714285714285715,25.714285714285715,22.054054054054053
82,2026-04-23,3,4,0,23,23.0,21.0,27.857142857142858,25.214285714285715,22.0625
82,2026-04-24,4,4,0,25,23.0,22.0,28.142857142857142,24.928571428571427,22.07079646017699
82,2026-04-25,5,4,1,29,25.0,28.0,28.571428571428573,25.785714285714285,22.096491228070175
82,2026-04-26,6,4,1,33,29.0,34.0,28.714285714285715,26.357142857142858,22.156521739130437
82,2026-04-27,0,4,0,22,33.0,32.0,28.571428571428573,26.642857142857142,22.25
82,2026-04-28,1,4,0,23,22.0,35.0,27.142857142857142,27.0,22.247863247863247
82,2026-04-29,2,4,0,28,23.0,23.0,25.428571428571427,27.071428571428573,22.25423728813559
82,2026-04-30,3,4,0,21,28.0,23.0,26.142857142857142,27.0,22.30252100840336
83,2026-01-15,3,1,0,3,2.0,1.0,2.0,2.142857142857143,2.142857142857143
83,2026-01-16,4,1,0,2,3.0,2.0,2.2857142857142856,2.2142857142857144,2.2
83,2026-01-17,5,1,1,4,2.0,2.0,2.2857142857142856,2.2142857142857144,2.1875
83,2026-01-18,6,1,1,2,4.0,2.0,2.5714285714285716,2.357142857142857,2.2941176470588234
83,2026-01-19,0,1,0,3,2.0,3.0,2.5714285714285716,2.2857142857142856,2.2777777777777777
83,2026-01-20,1,1,0,2,3.0,2.0,2.5714285714285716,2.357142857142857,2.3157894736842106
83,2026-01-21,2,1,0,2,2.0,2.0,2.5714285714285716,2.357142857142857,2.3
83,2026-01-22,3,1,0,2,2.0,3.0,2.5714285714285716,2.2857142857142856,2.2857142857142856
83,2026-01-23,4,1,0,3,2.0,2.0,2.4285714285714284,2.357142857142857,2.272727272727273
83,2026-01-24,5,1,1,3,3.0,4.0,2.5714285714285716,2.4285714285714284,2.3043478260869565
83,2026-01-25,6,1,1,2,3.0,2.0,2.4285714285714284,2.5,2.3333333333333335
83,2026-01-26,0,1,0,2,2.0,3.0,2.4285714285714284,2.5,2.32
83,2026-01-27,1,1,0,3,2.0,2.0,2.2857142857142856,2.4285714285714284,2.3076923076923075
83,2026-01-28,2,1,0,2,3.0,2.0,2.4285714285714284,2.5,2.3333333333333335
83,2026-01-29,3,1,0,2,2.0,2.0,2.4285714285714284,2.5,2.3214285714285716
83,2026-01-30,4,1,0,2,2.0,3.0,2.4285714285714284,2.4285714285714284,2.310344827586207
83,2026-01-31,5,1,1,2,2.0,3.0,2.2857142857142856,2.4285714285714284,2.3
83,2026-02-01,6,2,1,2,2.0,2.0,2.142857142857143,2.2857142857142856,2.2903225806451615
83,2026-02-02,0,2,0,2,2.0,2.0,2.142857142857143,2.2857142857142856,2.28125
83,2026-02-03,1,2,0,2,2.0,3.0,2.142857142857143,2.2142857142857144,2.272727272727273
83,2026-02-04,2,2,0,3,2.0,2.0,2.0,2.2142857142857144,2.264705882352941
83,2026-02-05,3,2,0,3,3.0,2.0,2.142857142857143,2.2857142857142856,2.2857142857142856
83,2026-02-06,4,2,0,2,3.0,2.0,2.2857142857142856,2.357142857142857,2.3055555555555554
83,2026-02-07,5,2,1,3,2.0,2.0,2.2857142857142856,2.2857142857142856,2.2972972972972974
83,2026-02-08,6,2,1,2,3.0,2.0,2.4285714285714284,2.2857142857142856,2.3157894736842106
83,2026-02-09,0,2,0,2,2.0,2.0,2.4285714285714284,2.2857142857142856,2.3076923076923075
83,2026-02-10,1,2,0,2,2.0,2.0,2.4285714285714284,2.2857142857142856,2.3
83,2026-02-11,2,2,0,3,2.0,3.0,2.4285714285714284,2.2142857142857144,2.292682926829268
83,2026-02-12,3,2,0,2,3.0,3.0,2.4285714285714284,2.2857142857142856,2.3095238095238093
83,2026-02-13,4,2,0,2,2.0,2.0,2.2857142857142856,2.2857142857142856,2.302325581395349
83,2026-02-14,5,2,1,2,2.0,3.0,2.2857142857142856,2.2857142857142856,2.2954545454545454
83,2026-02-15,6,2,1,2,2.0,2.0,2.142857142857143,2.2857142857142856,2.2888888888888888
83,2026-02-16,0,2,0,2,2.0,2.0,2.142857142857143,2.2857142857142856,2.282608695652174
83,2026-02-17,1,2,0,2,2.0,2.0,2.142857142857143,2.2857142857142856,2.276595744680851
83,2026-02-18,2,2,0,3,2.0,3.0,2.142857142857143,2.2857142857142856,2.2708333333333335
83,2026-02-19,3,2,0,3,3.0,2.0,2.142857142857143,2.2857142857142856,2.2857142857142856
83,2026-02-20,4,2,0,3,3.0,2.0,2.2857142857142856,2.2857142857142856,2.3
83,2026-02-21,5,2,1,2,3.0,2.0,2.4285714285714284,2.357142857142857,2.3137254901960786
83,2026-02-22,6,2,1,3,2.0,2.0,2.4285714285714284,2.2857142857142856,2.3076923076923075
83,2026-02-23,0,2,0,3,3.0,2.0,2.5714285714285716,2.357142857142857,2.3207547169811322
83,2026-02-24,1,2,0,2,3.0,2.0,2.7142857142857144,2.4285714285714284,2.3333333333333335
83,2026-02-25,2,2,0,2,2.0,3.0,2.7142857142857144,2.4285714285714284,2.327272727272727
83,2026-02-26,3,2,0,3,2.0,3.0,2.5714285714285716,2.357142857142857,2.3214285714285716
83,2026-02-27,4,2,0,1,3.0,3.0,2.5714285714285716,2.4285714285714284,2.3333333333333335
83,2026-02-28,5,2,1,3,1.0,2.0,2.2857142857142856,2.357142857142857,2.310344827586207
83,2026-03-01,6,3,1,3,3.0,3.0,2.4285714285714284,2.4285714285714284,2.3220338983050848
83,2026-03-02,0,3,0,2,3.0,3.0,2.4285714285714284,2.5,2.3333333333333335
83,2026-03-03,1,3,0,2,2.0,2.0,2.2857142857142856,2.5,2.3278688524590163
83,2026-03-04,2,3,0,2,2.0,2.0,2.2857142857142856,2.5,2.3225806451612905
83,2026-03-05,3,3,0,2,2.0,3.0,2.2857142857142856,2.4285714285714284,2.3174603174603177
83,2026-03-06,4,3,0,2,2.0,1.0,2.142857142857143,2.357142857142857,2.3125
83,2026-03-07,5,3,1,3,2.0,3.0,2.2857142857142856,2.2857142857142856,2.3076923076923075
83,2026-03-08,6,3,1,3,3.0,3.0,2.2857142857142856,2.357142857142857,2.3181818181818183
83,2026-03-09,0,3,0,2,3.0,2.0,2.2857142857142856,2.357142857142857,2.328358208955224
83,2026-03-10,1,3,0,2,2.0,2.0,2.2857142857142856,2.2857142857142856,2.323529411764706
83,2026-03-11,2,3,0,3,2.0,2.0,2.2857142857142856,2.2857142857142856,2.318840579710145
83,2026-03-12,3,3,0,2,3.0,2.0,2.4285714285714284,2.357142857142857,2.3285714285714287
83,2026-03-13,4,3,0,2,2.0,2.0,2.4285714285714284,2.2857142857142856,2.323943661971831
83,2026-03-14,5,3,1,3,2.0,3.0,2.4285714285714284,2.357142857142857,2.3194444444444446
83,2026-03-15,6,3,1,3,3.0,3.0,2.4285714285714284,2.357142857142857,2.328767123287671
83,2026-03-16,0,3,0,2,3.0,2.0,2.4285714285714284,2.357142857142857,2.3378378378378377
83,2026-03-17,1,3,0,3,2.0,2.0,2.4285714285714284,2.357142857142857,2.3333333333333335
83,2026-03-18,2,3,0,2,3.0,3.0,2.5714285714285716,2.4285714285714284,2.3421052631578947
83,2026-03-19,3,3,0,2,2.0,2.0,2.4285714285714284,2.4285714285714284,2.3376623376623376
83,2026-03-20,4,3,0,2,2.0,2.0,2.4285714285714284,2.4285714285714284,2.3333333333333335
83,2026-03-21,5,3,1,3,2.0,3.0,2.4285714285714284,2.4285714285714284,2.329113924050633
83,2026-03-22,6,3,1,3,3.0,3.0,2.4285714285714284,2.4285714285714284,2.3375
83,2026-03-23,0,3,0,3,3.0,2.0,2.4285714285714284,2.4285714285714284,2.345679012345679
83,2026-03-24,1,3,0,3,3.0,3.0,2.5714285714285716,2.5,2.3536585365853657
83,2026-03-25,2,3,0,2,3.0,2.0,2.5714285714285716,2.5714285714285716,2.36144578313253
83,2026-03-26,3,3,0,2,2.0,2.0,2.5714285714285716,2.5,2.357142857142857
83,2026-03-27,4,3,0,2,2.0,2.0,2.5714285714285716,2.5,2.3529411764705883
83,2026-03-28,5,3,1,4,2.0,3.0,2.5714285714285716,2.5,2.3488372093023258
83,2026-03-29,6,3,1,4,4.0,3.0,2.7142857142857144,2.5714285714285716,2.367816091954023
83,2026-03-30,0,3,0,2,4.0,3.0,2.857142857142857,2.642857142857143,2.3863636363636362
83,2026-03-31,1,3,0,3,2.0,3.0,2.7142857142857144,2.642857142857143,2.3820224719101124
83,2026-04-01,2,4,0,3,3.0,2.0,2.7142857142857144,2.642857142857143,2.388888888888889
83,2026-04-02,3,4,0,4,3.0,2.0,2.857142857142857,2.7142857142857144,2.3956043956043955
83,2026-04-03,4,4,0,2,4.0,2.0,3.142857142857143,2.857142857142857,2.4130434782608696
83,2026-04-04,5,4,1,2,2.0,4.0,3.142857142857143,2.857142857142857,2.4086021505376345
83,2026-04-05,6,4,1,3,2.0,4.0,2.857142857142857,2.7857142857142856,2.404255319148936
83,2026-04-06,0,4,0,2,3.0,2.0,2.7142857142857144,2.7857142857142856,2.4105263157894736
83,2026-04-07,1,4,0,3,2.0,3.0,2.7142857142857144,2.7142857142857144,2.40625
83,2026-04-08,2,4,0,3,3.0,3.0,2.7142857142857144,2.7142857142857144,2.4123711340206184
83,2026-04-09,3,4,0,2,3.0,4.0,2.7142857142857144,2.7857142857142856,2.4183673469387754
83,2026-04-10,4,4,0,2,2.0,2.0,2.4285714285714284,2.7857142857142856,2.414141414141414
83,2026-04-11,5,4,1,3,2.0,2.0,2.4285714285714284,2.7857142857142856,2.41
83,2026-04-12,6,4,1,3,3.0,3.0,2.5714285714285716,2.7142857142857144,2.4158415841584158
83,2026-04-13,0,4,0,2,3.0,2.0,2.5714285714285716,2.642857142857143,2.4215686274509802
83,2026-04-14,1,4,0,3,2.0,3.0,2.5714285714285716,2.642857142857143,2.4174757281553396
83,2026-04-15,2,4,0,3,3.0,3.0,2.5714285714285716,2.642857142857143,2.423076923076923
83,2026-04-16,3,4,0,4,3.0,2.0,2.5714285714285716,2.642857142857143,2.4285714285714284
83,2026-04-17,4,4,0,4,4.0,2.0,2.857142857142857,2.642857142857143,2.443396226415094
83,2026-04-18,5,4,1,3,4.0,3.0,3.142857142857143,2.7857142857142856,2.457943925233645
83,2026-04-19,6,4,1,2,3.0,3.0,3.142857142857143,2.857142857142857,2.462962962962963
83,2026-04-20,0,4,0,2,2.0,2.0,3.0,2.7857142857142856,2.458715596330275
83,2026-04-21,1,4,0,3,2.0,3.0,3.0,2.7857142857142856,2.4545454545454546
83,2026-04-22,2,4,0,3,3.0,3.0,3.0,2.7857142857142856,2.4594594594594597
83,2026-04-23,3,4,0,3,3.0,4.0,3.0,2.7857142857142856,2.4642857142857144
83,2026-04-24,4,4,0,3,3.0,4.0,2.857142857142857,2.857142857142857,2.4690265486725664
83,2026-04-25,5,4,1,4,3.0,3.0,2.7142857142857144,2.9285714285714284,2.473684210526316
83,2026-04-26,6,4,1,4,4.0,2.0,2.857142857142857,3.0,2.4869565217391303
83,2026-04-27,0,4,0,2,4.0,2.0,3.142857142857143,3.0714285714285716,2.5
83,2026-04-28,1,4,0,2,2.0,3.0,3.142857142857143,3.0714285714285716,2.4957264957264957
83,2026-04-29,2,4,0,2,2.0,3.0,3.0,3.0,2.4915254237288136
83,2026-04-30,3,4,0,2,2.0,3.0,2.857142857142857,2.9285714285714284,2.4873949579831933
84,2026-01-15,3,1,0,19,21.0,14.0,18.428571428571427,17.0,17.0
84,2026-01-16,4,1,0,16,19.0,10.0,19.142857142857142,17.428571428571427,17.133333333333333
84,2026-01-17,5,1,1,25,16.0,19.0,20.0,17.214285714285715,17.0625
84,2026-01-18,6,1,1,20,25.0,24.0,20.857142857142858,17.5,17.529411764705884
84,2026-01-19,0,1,0,21,20.0,20.0,20.285714285714285,17.571428571428573,17.666666666666668
84,2026-01-20,1,1,0,20,21.0,21.0,20.428571428571427,18.5,17.842105263157894
84,2026-01-21,2,1,0,17,20.0,21.0,20.285714285714285,18.928571428571427,17.95
84,2026-01-22,3,1,0,21,17.0,19.0,19.714285714285715,19.071428571428573,17.904761904761905
84,2026-01-23,4,1,0,18,21.0,16.0,20.0,19.571428571428573,18.045454545454547
84,2026-01-24,5,1,1,19,18.0,25.0,20.285714285714285,20.142857142857142,18.043478260869566
84,2026-01-25,6,1,1,11,19.0,20.0,19.428571428571427,20.142857142857142,18.083333333333332
84,2026-01-26,0,1,0,22,11.0,21.0,18.142857142857142,19.214285714285715,17.8
84,2026-01-27,1,1,0,15,22.0,20.0,18.285714285714285,19.357142857142858,17.96153846153846
84,2026-01-28,2,1,0,19,15.0,17.0,17.571428571428573,18.928571428571427,17.85185185185185
84,2026-01-29,3,1,0,18,19.0,21.0,17.857142857142858,18.785714285714285,17.892857142857142
84,2026-01-30,4,1,0,16,18.0,18.0,17.428571428571427,18.714285714285715,17.896551724137932
84,2026-01-31,5,1,1,25,16.0,19.0,17.142857142857142,18.714285714285715,17.833333333333332
84,2026-02-01,6,2,1,27,25.0,11.0,18.0,18.714285714285715,18.06451612903226
84,2026-02-02,0,2,0,12,27.0,22.0,20.285714285714285,19.214285714285715,18.34375
84,2026-02-03,1,2,0,22,12.0,15.0,18.857142857142858,18.571428571428573,18.151515151515152
84,2026-02-04,2,2,0,11,22.0,19.0,19.857142857142858,18.714285714285715,18.264705882352942
84,2026-02-05,3,2,0,16,11.0,18.0,18.714285714285715,18.285714285714285,18.057142857142857
84,2026-02-06,4,2,0,17,16.0,16.0,18.428571428571427,17.928571428571427,18.0
84,2026-02-07,5,2,1,23,17.0,25.0,18.571428571428573,17.857142857142858,17.972972972972972
84,2026-02-08,6,2,1,17,23.0,27.0,18.285714285714285,18.142857142857142,18.105263157894736
84,2026-02-09,0,2,0,19,17.0,12.0,16.857142857142858,18.571428571428573,18.076923076923077
84,2026-02-10,1,2,0,20,19.0,22.0,17.857142857142858,18.357142857142858,18.1
84,2026-02-11,2,2,0,17,20.0,11.0,17.571428571428573,18.714285714285715,18.146341463414632
84,2026-02-12,3,2,0,21,17.0,16.0,18.428571428571427,18.571428571428573,18.11904761904762
84,2026-02-13,4,2,0,14,21.0,17.0,19.142857142857142,18.785714285714285,18.186046511627907
84,2026-02-14,5,2,1,25,14.0,23.0,18.714285714285715,18.642857142857142,18.09090909090909
84,2026-02-15,6,2,1,27,25.0,17.0,19.0,18.642857142857142,18.244444444444444
84,2026-02-16,0,2,0,24,27.0,19.0,20.428571428571427,18.642857142857142,18.434782608695652
84,2026-02-17,1,2,0,23,24.0,20.0,21.142857142857142,19.5,18.5531914893617
84,2026-02-18,2,2,0,18,23.0,17.0,21.571428571428573,19.571428571428573,18.645833333333332
84,2026-02-19,3,2,0,17,18.0,21.0,21.714285714285715,20.071428571428573,18.632653061224488
84,2026-02-20,4,2,0,22,17.0,14.0,21.142857142857142,20.142857142857142,18.6
84,2026-02-21,5,2,1,26,22.0,25.0,22.285714285714285,20.5,18.666666666666668
84,2026-02-22,6,2,1,27,26.0,27.0,22.428571428571427,20.714285714285715,18.807692307692307
84,2026-02-23,0,2,0,19,27.0,24.0,22.428571428571427,21.428571428571427,18.962264150943398
84,2026-02-24,1,2,0,21,19.0,23.0,21.714285714285715,21.428571428571427,18.962962962962962
84,2026-02-25,2,2,0,26,21.0,18.0,21.428571428571427,21.5,19.0
84,2026-02-26,3,2,0,14,26.0,17.0,22.571428571428573,22.142857142857142,19.125
84,2026-02-27,4,2,0,15,14.0,22.0,22.142857142857142,21.642857142857142,19.035087719298247
84,2026-02-28,5,2,1,15,15.0,26.0,21.142857142857142,21.714285714285715,18.96551724137931
84,2026-03-01,6,3,1,22,15.0,27.0,19.571428571428573,21.0,18.89830508474576
84,2026-03-02,0,3,0,18,22.0,19.0,18.857142857142858,20.642857142857142,18.95
84,2026-03-03,1,3,0,14,18.0,21.0,18.714285714285715,20.214285714285715,18.934426229508198
84,2026-03-04,2,3,0,18,14.0,26.0,17.714285714285715,19.571428571428573,18.85483870967742
84,2026-03-05,3,3,0,20,18.0,14.0,16.571428571428573,19.571428571428573,18.841269841269842
84,2026-03-06,4,3,0,24,20.0,15.0,17.428571428571427,19.785714285714285,18.859375
84,2026-03-07,5,3,1,24,24.0,15.0,18.714285714285715,19.928571428571427,18.93846153846154
84,2026-03-08,6,3,1,20,24.0,22.0,20.0,19.785714285714285,19.015151515151516
84,2026-03-09,0,3,0,20,20.0,18.0,19.714285714285715,19.285714285714285,19.029850746268657
84,2026-03-10,1,3,0,23,20.0,14.0,20.0,19.357142857142858,19.044117647058822
84,2026-03-11,2,3,0,28,23.0,18.0,21.285714285714285,19.5,19.10144927536232
84,2026-03-12,3,3,0,21,28.0,20.0,22.714285714285715,19.642857142857142,19.228571428571428
84,2026-03-13,4,3,0,19,21.0,24.0,22.857142857142858,20.142857142857142,19.253521126760564
84,2026-03-14,5,3,1,25,19.0,24.0,22.142857142857142,20.428571428571427,19.25
84,2026-03-15,6,3,1,30,25.0,20.0,22.285714285714285,21.142857142857142,19.328767123287673
84,2026-03-16,0,3,0,23,30.0,20.0,23.714285714285715,21.714285714285715,19.472972972972972
84,2026-03-17,1,3,0,25,23.0,23.0,24.142857142857142,22.071428571428573,19.52
84,2026-03-18,2,3,0,19,25.0,28.0,24.428571428571427,22.857142857142858,19.592105263157894
84,2026-03-19,3,3,0,17,19.0,21.0,23.142857142857142,22.928571428571427,19.584415584415584
84,2026-03-20,4,3,0,18,17.0,19.0,22.571428571428573,22.714285714285715,19.55128205128205
84,2026-03-21,5,3,1,14,18.0,25.0,22.428571428571427,22.285714285714285,19.531645569620252
84,2026-03-22,6,3,1,27,14.0,30.0,20.857142857142858,21.571428571428573,19.4625
84,2026-03-23,0,3,0,25,27.0,23.0,20.428571428571427,22.071428571428573,19.555555555555557
84,2026-03-24,1,3,0,19,25.0,25.0,20.714285714285715,22.428571428571427,19.621951219512194
84,2026-03-25,2,3,0,22,19.0,19.0,19.857142857142858,22.142857142857142,19.6144578313253
84,2026-03-26,3,3,0,23,22.0,17.0,20.285714285714285,21.714285714285715,19.642857142857142
84,2026-03-27,4,3,0,23,23.0,18.0,21.142857142857142,21.857142857142858,19.68235294117647
84,2026-03-28,5,3,1,29,23.0,14.0,21.857142857142858,22.142857142857142,19.72093023255814
84,2026-03-29,6,3,1,22,29.0,27.0,24.0,22.428571428571427,19.82758620689655
84,2026-03-30,0,3,0,23,22.0,25.0,23.285714285714285,21.857142857142858,19.852272727272727
84,2026-03-31,1,3,0,20,23.0,19.0,23.0,21.857142857142858,19.8876404494382
84,2026-04-01,2,4,0,26,20.0,22.0,23.142857142857142,21.5,19.88888888888889
84,2026-04-02,3,4,0,24,26.0,23.0,23.714285714285715,22.0,19.956043956043956
84,2026-04-03,4,4,0,19,24.0,23.0,23.857142857142858,22.5,20.0
84,2026-04-04,5,4,1,31,19.0,29.0,23.285714285714285,22.571428571428573,19.989247311827956
84,2026-04-05,6,4,1,29,31.0,22.0,23.571428571428573,23.785714285714285,20.106382978723403
84,2026-04-06,0,4,0,26,29.0,23.0,24.571428571428573,23.928571428571427,20.2
84,2026-04-07,1,4,0,20,26.0,20.0,25.0,24.0,20.260416666666668
84,2026-04-08,2,4,0,23,20.0,26.0,25.0,24.071428571428573,20.257731958762886
84,2026-04-09,3,4,0,20,23.0,24.0,24.571428571428573,24.142857142857142,20.285714285714285
84,2026-04-10,4,4,0,17,20.0,19.0,24.0,23.928571428571427,20.282828282828284
84,2026-04-11,5,4,1,31,17.0,31.0,23.714285714285715,23.5,20.25
84,2026-04-12,6,4,1,25,31.0,29.0,23.714285714285715,23.642857142857142,20.356435643564357
84,2026-04-13,0,4,0,13,25.0,26.0,23.142857142857142,23.857142857142858,20.401960784313726
84,2026-04-14,1,4,0,19,13.0,20.0,21.285714285714285,23.142857142857142,20.33009708737864
84,2026-04-15,2,4,0,18,19.0,23.0,21.142857142857142,23.071428571428573,20.317307692307693
84,2026-04-16,3,4,0,17,18.0,20.0,20.428571428571427,22.5,20.295238095238094
84,2026-04-17,4,4,0,20,17.0,17.0,20.0,22.0,20.264150943396228
84,2026-04-18,5,4,1,27,20.0,31.0,20.428571428571427,22.071428571428573,20.261682242990656
84,2026-04-19,6,4,1,26,27.0,25.0,19.857142857142858,21.785714285714285,20.324074074074073
84,2026-04-20,0,4,0,22,26.0,13.0,20.0,21.571428571428573,20.376146788990827
84,2026-04-21,1,4,0,28,22.0,19.0,21.285714285714285,21.285714285714285,20.39090909090909
84,2026-04-22,2,4,0,26,28.0,18.0,22.571428571428573,21.857142857142858,20.45945945945946
84,2026-04-23,3,4,0,20,26.0,17.0,23.714285714285715,22.071428571428573,20.508928571428573
84,2026-04-24,4,4,0,27,20.0,20.0,24.142857142857142,22.071428571428573,20.504424778761063
84,2026-04-25,5,4,1,27,27.0,27.0,25.142857142857142,22.785714285714285,20.56140350877193
84,2026-04-26,6,4,1,21,27.0,26.0,25.142857142857142,22.5,20.617391304347827
84,2026-04-27,0,4,0,19,21.0,22.0,24.428571428571427,22.214285714285715,20.620689655172413
84,2026-04-28,1,4,0,21,19.0,28.0,24.0,22.642857142857142,20.60683760683761
84,2026-04-29,2,4,0,25,21.0,26.0,23.0,22.785714285714285,20.610169491525422
84,2026-04-30,3,4,0,17,25.0,20.0,22.857142857142858,23.285714285714285,20.647058823529413
85,2026-01-15,3,1,0,1,0.0,1.0,0.7142857142857143,0.6428571428571429,0.6428571428571429
85,2026-01-16,4,1,0,0,1.0,1.0,0.7142857142857143,0.6428571428571429,0.6666666666666666
85,2026-01-17,5,1,1,2,0.0,1.0,0.5714285714285714,0.5714285714285714,0.625
85,2026-01-18,6,1,1,1,2.0,1.0,0.7142857142857143,0.7142857142857143,0.7058823529411765
85,2026-01-19,0,1,0,1,1.0,0.0,0.7142857142857143,0.7857142857142857,0.7222222222222222
85,2026-01-20,1,1,0,0,1.0,1.0,0.8571428571428571,0.7857142857142857,0.7368421052631579
85,2026-01-21,2,1,0,1,0.0,0.0,0.7142857142857143,0.7857142857142857,0.7
85,2026-01-22,3,1,0,1,1.0,1.0,0.8571428571428571,0.7857142857142857,0.7142857142857143
85,2026-01-23,4,1,0,2,1.0,0.0,0.8571428571428571,0.7857142857142857,0.7272727272727273
85,2026-01-24,5,1,1,1,2.0,2.0,1.1428571428571428,0.8571428571428571,0.782608695652174
85,2026-01-25,6,1,1,1,1.0,1.0,1.0,0.8571428571428571,0.7916666666666666
85,2026-01-26,0,1,0,0,1.0,1.0,1.0,0.8571428571428571,0.8
85,2026-01-27,1,1,0,1,0.0,0.0,0.8571428571428571,0.8571428571428571,0.7692307692307693
85,2026-01-28,2,1,0,1,1.0,1.0,1.0,0.8571428571428571,0.7777777777777778
85,2026-01-29,3,1,0,2,1.0,1.0,1.0,0.9285714285714286,0.7857142857142857
85,2026-01-30,4,1,0,1,2.0,2.0,1.1428571428571428,1.0,0.8275862068965517
85,2026-01-31,5,1,1,1,1.0,1.0,1.0,1.0714285714285714,0.8333333333333334
85,2026-02-01,6,2,1,2,1.0,1.0,1.0,1.0,0.8387096774193549
85,2026-02-02,0,2,0,1,2.0,0.0,1.1428571428571428,1.0714285714285714,0.875
85,2026-02-03,1,2,0,1,1.0,1.0,1.2857142857142858,1.0714285714285714,0.8787878787878788
85,2026-02-04,2,2,0,1,1.0,1.0,1.2857142857142858,1.1428571428571428,0.8823529411764706
85,2026-02-05,3,2,0,2,1.0,2.0,1.2857142857142858,1.1428571428571428,0.8857142857142857
85,2026-02-06,4,2,0,2,2.0,1.0,1.2857142857142858,1.2142857142857142,0.9166666666666666
85,2026-02-07,5,2,1,1,2.0,1.0,1.4285714285714286,1.2142857142857142,0.9459459459459459
85,2026-02-08,6,2,1,1,1.0,2.0,1.4285714285714286,1.2142857142857142,0.9473684210526315
85,2026-02-09,0,2,0,1,1.0,1.0,1.2857142857142858,1.2142857142857142,0.9487179487179487
85,2026-02-10,1,2,0,1,1.0,1.0,1.2857142857142858,1.2857142857142858,0.95
85,2026-02-11,2,2,0,1,1.0,1.0,1.2857142857142858,1.2857142857142858,0.9512195121951219
85,2026-02-12,3,2,0,1,1.0,2.0,1.2857142857142858,1.2857142857142858,0.9523809523809523
85,2026-02-13,4,2,0,1,1.0,2.0,1.1428571428571428,1.2142857142857142,0.9534883720930233
85,2026-02-14,5,2,1,1,1.0,1.0,1.0,1.2142857142857142,0.9545454545454546
85,2026-02-15,6,2,1,1,1.0,1.0,1.0,1.2142857142857142,0.9555555555555556
85,2026-02-16,0,2,0,1,1.0,1.0,1.0,1.1428571428571428,0.9565217391304348
85,2026-02-17,1,2,0,1,1.0,1.0,1.0,1.1428571428571428,0.9574468085106383
85,2026-02-18,2,2,0,0,1.0,1.0,1.0,1.1428571428571428,0.9583333333333334
85,2026-02-19,3,2,0,1,0.0,1.0,0.8571428571428571,1.0714285714285714,0.9387755102040817
85,2026-02-20,4,2,0,2,1.0,1.0,0.8571428571428571,1.0,0.94
85,2026-02-21,5,2,1,1,2.0,1.0,1.0,1.0,0.9607843137254902
85,2026-02-22,6,2,1,3,1.0,1.0,1.0,1.0,0.9615384615384616
85,2026-02-23,0,2,0,2,3.0,1.0,1.2857142857142858,1.1428571428571428,1.0
85,2026-02-24,1,2,0,1,2.0,1.0,1.4285714285714286,1.2142857142857142,1.0185185185185186
85,2026-02-25,2,2,0,1,1.0,0.0,1.4285714285714286,1.2142857142857142,1.018181818181818
85,2026-02-26,3,2,0,1,1.0,1.0,1.5714285714285714,1.2142857142857142,1.0178571428571428
85,2026-02-27,4,2,0,2,1.0,2.0,1.5714285714285714,1.2142857142857142,1.0175438596491229
85,2026-02-28,5,2,1,1,2.0,1.0,1.5714285714285714,1.2857142857142858,1.0344827586206897
85,2026-03-01,6,3,1,2,1.0,3.0,1.5714285714285714,1.2857142857142858,1.0338983050847457
85,2026-03-02,0,3,0,0,2.0,2.0,1.4285714285714286,1.3571428571428572,1.05
85,2026-03-03,1,3,0,1,0.0,1.0,1.1428571428571428,1.2857142857142858,1.0327868852459017
85,2026-03-04,2,3,0,1,1.0,1.0,1.1428571428571428,1.2857142857142858,1.032258064516129
85,2026-03-05,3,3,0,2,1.0,1.0,1.1428571428571428,1.3571428571428572,1.0317460317460319
85,2026-03-06,4,3,0,1,2.0,2.0,1.2857142857142858,1.4285714285714286,1.046875
85,2026-03-07,5,3,1,1,1.0,1.0,1.1428571428571428,1.3571428571428572,1.0461538461538462
85,2026-03-08,6,3,1,1,1.0,2.0,1.1428571428571428,1.3571428571428572,1.0454545454545454
85,2026-03-09,0,3,0,2,1.0,0.0,1.0,1.2142857142857142,1.044776119402985
85,2026-03-10,1,3,0,1,2.0,1.0,1.2857142857142858,1.2142857142857142,1.0588235294117647
85,2026-03-11,2,3,0,1,1.0,1.0,1.2857142857142858,1.2142857142857142,1.0579710144927537
85,2026-03-12,3,3,0,0,1.0,2.0,1.2857142857142858,1.2142857142857142,1.0571428571428572
85,2026-03-13,4,3,0,1,0.0,1.0,1.0,1.1428571428571428,1.0422535211267605
85,2026-03-14,5,3,1,1,1.0,1.0,1.0,1.0714285714285714,1.0416666666666667
85,2026-03-15,6,3,1,1,1.0,1.0,1.0,1.0714285714285714,1.0410958904109588
85,2026-03-16,0,3,0,1,1.0,2.0,1.0,1.0,1.0405405405405406
85,2026-03-17,1,3,0,1,1.0,1.0,0.8571428571428571,1.0714285714285714,1.04
85,2026-03-18,2,3,0,1,1.0,1.0,0.8571428571428571,1.0714285714285714,1.0394736842105263
85,2026-03-19,3,3,0,2,1.0,0.0,0.8571428571428571,1.0714285714285714,1.0389610389610389
85,2026-03-20,4,3,0,1,2.0,1.0,1.1428571428571428,1.0714285714285714,1.0512820512820513
85,2026-03-21,5,3,1,2,1.0,1.0,1.1428571428571428,1.0714285714285714,1.0506329113924051
85,2026-03-22,6,3,1,1,2.0,1.0,1.2857142857142858,1.1428571428571428,1.0625
85,2026-03-23,0,3,0,1,1.0,1.0,1.2857142857142858,1.1428571428571428,1.0617283950617284
85,2026-03-24,1,3,0,2,1.0,1.0,1.2857142857142858,1.0714285714285714,1.0609756097560976
85,2026-03-25,2,3,0,2,2.0,1.0,1.4285714285714286,1.1428571428571428,1.072289156626506
85,2026-03-26,3,3,0,1,2.0,2.0,1.5714285714285714,1.2142857142857142,1.0833333333333333
85,2026-03-27,4,3,0,2,1.0,1.0,1.4285714285714286,1.2857142857142858,1.0823529411764705
85,2026-03-28,5,3,1,1,2.0,2.0,1.5714285714285714,1.3571428571428572,1.0930232558139534
85,2026-03-29,6,3,1,2,1.0,1.0,1.4285714285714286,1.3571428571428572,1.0919540229885059
85,2026-03-30,0,3,0,2,2.0,1.0,1.5714285714285714,1.4285714285714286,1.1022727272727273
85,2026-03-31,1,3,0,1,2.0,2.0,1.7142857142857142,1.5,1.1123595505617978
85,2026-04-01,2,4,0,0,1.0,2.0,1.5714285714285714,1.5,1.1111111111111112
85,2026-04-02,3,4,0,2,0.0,1.0,1.2857142857142858,1.4285714285714286,1.098901098901099
85,2026-04-03,4,4,0,1,2.0,2.0,1.4285714285714286,1.4285714285714286,1.108695652173913
85,2026-04-04,5,4,1,2,1.0,1.0,1.2857142857142858,1.4285714285714286,1.10752688172043
85,2026-04-05,6,4,1,1,2.0,2.0,1.4285714285714286,1.4285714285714286,1.1170212765957446
85,2026-04-06,0,4,0,2,1.0,2.0,1.2857142857142858,1.4285714285714286,1.1157894736842104
85,2026-04-07,1,4,0,1,2.0,1.0,1.2857142857142858,1.5,1.125
85,2026-04-08,2,4,0,1,1.0,0.0,1.2857142857142858,1.4285714285714286,1.1237113402061856
85,2026-04-09,3,4,0,1,1.0,2.0,1.4285714285714286,1.3571428571428572,1.1224489795918366
85,2026-04-10,4,4,0,3,1.0,1.0,1.2857142857142858,1.3571428571428572,1.121212121212121
85,2026-04-11,5,4,1,1,3.0,2.0,1.5714285714285714,1.4285714285714286,1.14
85,2026-04-12,6,4,1,2,1.0,1.0,1.4285714285714286,1.4285714285714286,1.1386138613861385
85,2026-04-13,0,4,0,2,2.0,2.0,1.5714285714285714,1.4285714285714286,1.1470588235294117
85,2026-04-14,1,4,0,2,2.0,1.0,1.5714285714285714,1.4285714285714286,1.1553398058252426
85,2026-04-15,2,4,0,1,2.0,1.0,1.7142857142857142,1.5,1.1634615384615385
85,2026-04-16,3,4,0,1,1.0,1.0,1.7142857142857142,1.5714285714285714,1.161904761904762
85,2026-04-17,4,4,0,1,1.0,3.0,1.7142857142857142,1.5,1.1603773584905661
85,2026-04-18,5,4,1,2,1.0,1.0,1.4285714285714286,1.5,1.158878504672897
85,2026-04-19,6,4,1,2,2.0,2.0,1.5714285714285714,1.5,1.1666666666666667
85,2026-04-20,0,4,0,2,2.0,2.0,1.5714285714285714,1.5714285714285714,1.1743119266055047
85,2026-04-21,1,4,0,1,2.0,2.0,1.5714285714285714,1.5714285714285714,1.1818181818181819
85,2026-04-22,2,4,0,1,1.0,1.0,1.4285714285714286,1.5714285714285714,1.1801801801801801
85,2026-04-23,3,4,0,1,1.0,1.0,1.4285714285714286,1.5714285714285714,1.1785714285714286
85,2026-04-24,4,4,0,1,1.0,1.0,1.4285714285714286,1.5714285714285714,1.176991150442478
85,2026-04-25,5,4,1,2,1.0,2.0,1.4285714285714286,1.4285714285714286,1.1754385964912282
85,2026-04-26,6,4,1,2,2.0,2.0,1.4285714285714286,1.5,1.182608695652174
85,2026-04-27,0,4,0,1,2.0,2.0,1.4285714285714286,1.5,1.1896551724137931
85,2026-04-28,1,4,0,1,1.0,1.0,1.2857142857142858,1.4285714285714286,1.188034188034188
85,2026-04-29,2,4,0,1,1.0,1.0,1.2857142857142858,1.3571428571428572,1.1864406779661016
85,2026-04-30,3,4,0,1,1.0,1.0,1.2857142857142858,1.3571428571428572,1.184873949579832
86,2026-01-15,3,1,0,3,2.0,0.0,1.5714285714285714,0.8571428571428571,0.8571428571428571
86,2026-01-16,4,1,0,3,3.0,4.0,2.0,1.0714285714285714,1.0
86,2026-01-17,5,1,1,0,3.0,2.0,1.8571428571428572,1.2857142857142858,1.125
86,2026-01-18,6,1,1,1,0.0,2.0,1.5714285714285714,1.2857142857142858,1.0588235294117647
86,2026-01-19,0,1,0,0,1.0,0.0,1.4285714285714286,1.3571428571428572,1.0555555555555556
86,2026-01-20,1,1,0,0,0.0,1.0,1.4285714285714286,1.3571428571428572,1.0
86,2026-01-21,2,1,0,0,0.0,2.0,1.2857142857142858,1.3571428571428572,0.95
86,2026-01-22,3,1,0,0,0.0,3.0,1.0,1.2857142857142858,0.9047619047619048
86,2026-01-23,4,1,0,0,0.0,3.0,0.5714285714285714,1.2857142857142858,0.8636363636363636
86,2026-01-24,5,1,1,0,0.0,0.0,0.14285714285714285,1.0,0.8260869565217391
86,2026-01-25,6,1,1,1,0.0,1.0,0.14285714285714285,0.8571428571428571,0.7916666666666666
86,2026-01-26,0,1,0,0,1.0,0.0,0.14285714285714285,0.7857142857142857,0.8
86,2026-01-27,1,1,0,0,0.0,0.0,0.14285714285714285,0.7857142857142857,0.7692307692307693
86,2026-01-28,2,1,0,0,0.0,0.0,0.14285714285714285,0.7142857142857143,0.7407407407407407
86,2026-01-29,3,1,0,0,0.0,0.0,0.14285714285714285,0.5714285714285714,0.7142857142857143
86,2026-01-30,4,1,0,0,0.0,0.0,0.14285714285714285,0.35714285714285715,0.6896551724137931
86,2026-01-31,5,1,1,0,0.0,0.0,0.14285714285714285,0.14285714285714285,0.6666666666666666
86,2026-02-01,6,2,1,0,0.0,1.0,0.14285714285714285,0.14285714285714285,0.6451612903225806
86,2026-02-02,0,2,0,0,0.0,0.0,0.0,0.07142857142857142,0.625
86,2026-02-03,1,2,0,0,0.0,0.0,0.0,0.07142857142857142,0.6060606060606061
86,2026-02-04,2,2,0,4,0.0,0.0,0.0,0.07142857142857142,0.5882352941176471
86,2026-02-05,3,2,0,0,4.0,0.0,0.5714285714285714,0.35714285714285715,0.6857142857142857
86,2026-02-06,4,2,0,0,0.0,0.0,0.5714285714285714,0.35714285714285715,0.6666666666666666
86,2026-02-07,5,2,1,3,0.0,0.0,0.5714285714285714,0.35714285714285715,0.6486486486486487
86,2026-02-08,6,2,1,2,3.0,0.0,1.0,0.5714285714285714,0.7105263157894737
86,2026-02-09,0,2,0,0,2.0,0.0,1.2857142857142858,0.6428571428571429,0.7435897435897436
86,2026-02-10,1,2,0,0,0.0,0.0,1.2857142857142858,0.6428571428571429,0.725
86,2026-02-11,2,2,0,0,0.0,4.0,1.2857142857142858,0.6428571428571429,0.7073170731707317
86,2026-02-12,3,2,0,0,0.0,0.0,0.7142857142857143,0.6428571428571429,0.6904761904761905
86,2026-02-13,4,2,0,0,0.0,0.0,0.7142857142857143,0.6428571428571429,0.6744186046511628
86,2026-02-14,5,2,1,3,0.0,3.0,0.7142857142857143,0.6428571428571429,0.6590909090909091
86,2026-02-15,6,2,1,0,3.0,2.0,0.7142857142857143,0.8571428571428571,0.7111111111111111
86,2026-02-16,0,2,0,0,0.0,0.0,0.42857142857142855,0.8571428571428571,0.6956521739130435
86,2026-02-17,1,2,0,0,0.0,0.0,0.42857142857142855,0.8571428571428571,0.6808510638297872
86,2026-02-18,2,2,0,3,0.0,0.0,0.42857142857142855,0.8571428571428571,0.6666666666666666
86,2026-02-19,3,2,0,1,3.0,0.0,0.8571428571428571,0.7857142857142857,0.7142857142857143
86,2026-02-20,4,2,0,0,1.0,0.0,1.0,0.8571428571428571,0.72
86,2026-02-21,5,2,1,0,0.0,3.0,1.0,0.8571428571428571,0.7058823529411765
86,2026-02-22,6,2,1,0,0.0,0.0,0.5714285714285714,0.6428571428571429,0.6923076923076923
86,2026-02-23,0,2,0,3,0.0,0.0,0.5714285714285714,0.5,0.6792452830188679
86,2026-02-24,1,2,0,0,3.0,0.0,1.0,0.7142857142857143,0.7222222222222222
86,2026-02-25,2,2,0,3,0.0,3.0,1.0,0.7142857142857143,0.7090909090909091
86,2026-02-26,3,2,0,0,3.0,1.0,1.0,0.9285714285714286,0.75
86,2026-02-27,4,2,0,3,0.0,0.0,0.8571428571428571,0.9285714285714286,0.7368421052631579
86,2026-02-28,5,2,1,3,3.0,0.0,1.2857142857142858,1.1428571428571428,0.7758620689655172
86,2026-03-01,6,3,1,2,3.0,0.0,1.7142857142857142,1.1428571428571428,0.8135593220338984
86,2026-03-02,0,3,0,2,2.0,3.0,2.0,1.2857142857142858,0.8333333333333334
86,2026-03-03,1,3,0,0,2.0,0.0,1.8571428571428572,1.4285714285714286,0.8524590163934426
86,2026-03-04,2,3,0,1,0.0,3.0,1.8571428571428572,1.4285714285714286,0.8387096774193549
86,2026-03-05,3,3,0,0,1.0,0.0,1.5714285714285714,1.2857142857142858,0.8412698412698413
86,2026-03-06,4,3,0,0,0.0,3.0,1.5714285714285714,1.2142857142857142,0.828125
86,2026-03-07,5,3,1,3,0.0,3.0,1.1428571428571428,1.2142857142857142,0.8153846153846154
86,2026-03-08,6,3,1,0,3.0,2.0,1.1428571428571428,1.4285714285714286,0.8484848484848485
86,2026-03-09,0,3,0,0,0.0,2.0,0.8571428571428571,1.4285714285714286,0.835820895522388
86,2026-03-10,1,3,0,0,0.0,0.0,0.5714285714285714,1.2142857142857142,0.8235294117647058
86,2026-03-11,2,3,0,4,0.0,1.0,0.5714285714285714,1.2142857142857142,0.8115942028985508
86,2026-03-12,3,3,0,0,4.0,0.0,1.0,1.2857142857142858,0.8571428571428571
86,2026-03-13,4,3,0,0,0.0,0.0,1.0,1.2857142857142858,0.8450704225352113
86,2026-03-14,5,3,1,0,0.0,3.0,1.0,1.0714285714285714,0.8333333333333334
86,2026-03-15,6,3,1,4,0.0,0.0,0.5714285714285714,0.8571428571428571,0.821917808219178
86,2026-03-16,0,3,0,2,4.0,0.0,1.1428571428571428,1.0,0.8648648648648649
86,2026-03-17,1,3,0,0,2.0,0.0,1.4285714285714286,1.0,0.88
86,2026-03-18,2,3,0,0,0.0,4.0,1.4285714285714286,1.0,0.868421052631579
86,2026-03-19,3,3,0,0,0.0,0.0,0.8571428571428571,0.9285714285714286,0.8571428571428571
86,2026-03-20,4,3,0,4,0.0,0.0,0.8571428571428571,0.9285714285714286,0.8461538461538461
86,2026-03-21,5,3,1,0,4.0,0.0,1.4285714285714286,1.2142857142857142,0.8860759493670886
86,2026-03-22,6,3,1,0,0.0,4.0,1.4285714285714286,1.0,0.875
86,2026-03-23,0,3,0,0,0.0,2.0,0.8571428571428571,1.0,0.8641975308641975
86,2026-03-24,1,3,0,0,0.0,0.0,0.5714285714285714,1.0,0.8536585365853658
86,2026-03-25,2,3,0,0,0.0,0.0,0.5714285714285714,1.0,0.8433734939759037
86,2026-03-26,3,3,0,0,0.0,0.0,0.5714285714285714,0.7142857142857143,0.8333333333333334
86,2026-03-27,4,3,0,0,0.0,4.0,0.5714285714285714,0.7142857142857143,0.8235294117647058
86,2026-03-28,5,3,1,2,0.0,0.0,0.0,0.7142857142857143,0.813953488372093
86,2026-03-29,6,3,1,0,2.0,0.0,0.2857142857142857,0.8571428571428571,0.8275862068965517
86,2026-03-30,0,3,0,3,0.0,0.0,0.2857142857142857,0.5714285714285714,0.8181818181818182
86,2026-03-31,1,3,0,0,3.0,0.0,0.7142857142857143,0.6428571428571429,0.8426966292134831
86,2026-04-01,2,4,0,0,0.0,0.0,0.7142857142857143,0.6428571428571429,0.8333333333333334
86,2026-04-02,3,4,0,0,0.0,0.0,0.7142857142857143,0.6428571428571429,0.8241758241758241
86,2026-04-03,4,4,0,0,0.0,0.0,0.7142857142857143,0.6428571428571429,0.8152173913043478
86,2026-04-04,5,4,1,1,0.0,2.0,0.7142857142857143,0.35714285714285715,0.8064516129032258
86,2026-04-05,6,4,1,0,1.0,0.0,0.5714285714285714,0.42857142857142855,0.8085106382978723
86,2026-04-06,0,4,0,0,0.0,3.0,0.5714285714285714,0.42857142857142855,0.8
86,2026-04-07,1,4,0,0,0.0,0.0,0.14285714285714285,0.42857142857142855,0.7916666666666666
86,2026-04-08,2,4,0,1,0.0,0.0,0.14285714285714285,0.42857142857142855,0.7835051546391752
86,2026-04-09,3,4,0,1,1.0,0.0,0.2857142857142857,0.5,0.7857142857142857
86,2026-04-10,4,4,0,0,1.0,0.0,0.42857142857142855,0.5714285714285714,0.7878787878787878
86,2026-04-11,5,4,1,0,0.0,1.0,0.42857142857142855,0.5714285714285714,0.78
86,2026-04-12,6,4,1,0,0.0,0.0,0.2857142857142857,0.42857142857142855,0.7722772277227723
86,2026-04-13,0,4,0,0,0.0,0.0,0.2857142857142857,0.42857142857142855,0.7647058823529411
86,2026-04-14,1,4,0,0,0.0,0.0,0.2857142857142857,0.21428571428571427,0.7572815533980582
86,2026-04-15,2,4,0,0,0.0,1.0,0.2857142857142857,0.21428571428571427,0.75
86,2026-04-16,3,4,0,2,0.0,1.0,0.14285714285714285,0.21428571428571427,0.7428571428571429
86,2026-04-17,4,4,0,0,2.0,0.0,0.2857142857142857,0.35714285714285715,0.7547169811320755
86,2026-04-18,5,4,1,0,0.0,0.0,0.2857142857142857,0.35714285714285715,0.7476635514018691
86,2026-04-19,6,4,1,2,0.0,0.0,0.2857142857142857,0.2857142857142857,0.7407407407407407
86,2026-04-20,0,4,0,0,2.0,0.0,0.5714285714285714,0.42857142857142855,0.7522935779816514
86,2026-04-21,1,4,0,0,0.0,0.0,0.5714285714285714,0.42857142857142855,0.7454545454545455
86,2026-04-22,2,4,0,0,0.0,0.0,0.5714285714285714,0.42857142857142855,0.7387387387387387
86,2026-04-23,3,4,0,0,0.0,2.0,0.5714285714285714,0.35714285714285715,0.7321428571428571
86,2026-04-24,4,4,0,3,0.0,0.0,0.2857142857142857,0.2857142857142857,0.7256637168141593
86,2026-04-25,5,4,1,0,3.0,0.0,0.7142857142857143,0.5,0.7456140350877193
86,2026-04-26,6,4,1,0,0.0,2.0,0.7142857142857143,0.5,0.7391304347826086
86,2026-04-27,0,4,0,0,0.0,0.0,0.42857142857142855,0.5,0.7327586206896551
86,2026-04-28,1,4,0,1,0.0,0.0,0.42857142857142855,0.5,0.7264957264957265
86,2026-04-29,2,4,0,0,1.0,0.0,0.5714285714285714,0.5714285714285714,0.7288135593220338
86,2026-04-30,3,4,0,1,0.0,0.0,0.5714285714285714,0.5714285714285714,0.7226890756302521
87,2026-01-15,3,1,0,0,0.0,0.0,0.42857142857142855,0.7142857142857143,0.7142857142857143
87,2026-01-16,4,1,0,0,0.0,0.0,0.42857142857142855,0.7142857142857143,0.6666666666666666
87,2026-01-17,5,1,1,0,0.0,3.0,0.42857142857142855,0.7142857142857143,0.625
87,2026-01-18,6,1,1,3,0.0,0.0,0.0,0.7142857142857143,0.5882352941176471
87,2026-01-19,0,1,0,1,3.0,0.0,0.42857142857142855,0.9285714285714286,0.7222222222222222
87,2026-01-20,1,1,0,0,1.0,0.0,0.5714285714285714,0.7857142857142857,0.7368421052631579
87,2026-01-21,2,1,0,3,0.0,0.0,0.5714285714285714,0.5,0.7
87,2026-01-22,3,1,0,0,3.0,0.0,1.0,0.7142857142857143,0.8095238095238095
87,2026-01-23,4,1,0,0,0.0,0.0,1.0,0.7142857142857143,0.7727272727272727
87,2026-01-24,5,1,1,0,0.0,0.0,1.0,0.7142857142857143,0.7391304347826086
87,2026-01-25,6,1,1,0,0.0,3.0,1.0,0.5,0.7083333333333334
87,2026-01-26,0,1,0,4,0.0,1.0,0.5714285714285714,0.5,0.68
87,2026-01-27,1,1,0,0,4.0,0.0,1.0,0.7857142857142857,0.8076923076923077
87,2026-01-28,2,1,0,0,0.0,3.0,1.0,0.7857142857142857,0.7777777777777778
87,2026-01-29,3,1,0,0,0.0,0.0,0.5714285714285714,0.7857142857142857,0.75
87,2026-01-30,4,1,0,2,0.0,0.0,0.5714285714285714,0.7857142857142857,0.7241379310344828
87,2026-01-31,5,1,1,4,2.0,0.0,0.8571428571428571,0.9285714285714286,0.7666666666666667
87,2026-02-01,6,2,1,0,4.0,0.0,1.4285714285714286,1.2142857142857142,0.8709677419354839
87,2026-02-02,0,2,0,0,0.0,4.0,1.4285714285714286,1.0,0.84375
87,2026-02-03,1,2,0,0,0.0,0.0,0.8571428571428571,0.9285714285714286,0.8181818181818182
87,2026-02-04,2,2,0,0,0.0,0.0,0.8571428571428571,0.9285714285714286,0.7941176470588235
87,2026-02-05,3,2,0,0,0.0,0.0,0.8571428571428571,0.7142857142857143,0.7714285714285715
87,2026-02-06,4,2,0,0,0.0,2.0,0.8571428571428571,0.7142857142857143,0.75
87,2026-02-07,5,2,1,3,0.0,4.0,0.5714285714285714,0.7142857142857143,0.7297297297297297
87,2026-02-08,6,2,1,0,3.0,0.0,0.42857142857142855,0.9285714285714286,0.7894736842105263
87,2026-02-09,0,2,0,1,0.0,0.0,0.42857142857142855,0.9285714285714286,0.7692307692307693
87,2026-02-10,1,2,0,4,1.0,0.0,0.5714285714285714,0.7142857142857143,0.775
87,2026-02-11,2,2,0,2,4.0,0.0,1.1428571428571428,1.0,0.8536585365853658
87,2026-02-12,3,2,0,0,2.0,0.0,1.4285714285714286,1.1428571428571428,0.8809523809523809
87,2026-02-13,4,2,0,0,0.0,0.0,1.4285714285714286,1.1428571428571428,0.8604651162790697
87,2026-02-14,5,2,1,0,0.0,3.0,1.4285714285714286,1.0,0.8409090909090909
87,2026-02-15,6,2,1,0,0.0,0.0,1.0,0.7142857142857143,0.8222222222222222
87,2026-02-16,0,2,0,0,0.0,1.0,1.0,0.7142857142857143,0.8043478260869565
87,2026-02-17,1,2,0,0,0.0,4.0,0.8571428571428571,0.7142857142857143,0.7872340425531915
87,2026-02-18,2,2,0,0,0.0,2.0,0.2857142857142857,0.7142857142857143,0.7708333333333334
87,2026-02-19,3,2,0,0,0.0,0.0,0.0,0.7142857142857143,0.7551020408163265
87,2026-02-20,4,2,0,3,0.0,0.0,0.0,0.7142857142857143,0.74
87,2026-02-21,5,2,1,0,3.0,0.0,0.42857142857142855,0.9285714285714286,0.7843137254901961
87,2026-02-22,6,2,1,0,0.0,0.0,0.42857142857142855,0.7142857142857143,0.7692307692307693
87,2026-02-23,0,2,0,1,0.0,0.0,0.42857142857142855,0.7142857142857143,0.7547169811320755
87,2026-02-24,1,2,0,0,1.0,0.0,0.5714285714285714,0.7142857142857143,0.7592592592592593
87,2026-02-25,2,2,0,2,0.0,0.0,0.5714285714285714,0.42857142857142855,0.7454545454545455
87,2026-02-26,3,2,0,2,2.0,0.0,0.8571428571428571,0.42857142857142855,0.7678571428571429
87,2026-02-27,4,2,0,0,2.0,3.0,1.1428571428571428,0.5714285714285714,0.7894736842105263
87,2026-02-28,5,2,1,0,0.0,0.0,0.7142857142857143,0.5714285714285714,0.7758620689655172
87,2026-03-01,6,3,1,0,0.0,0.0,0.7142857142857143,0.5714285714285714,0.7627118644067796
87,2026-03-02,0,3,0,1,0.0,1.0,0.7142857142857143,0.5714285714285714,0.75
87,2026-03-03,1,3,0,0,1.0,0.0,0.7142857142857143,0.6428571428571429,0.7540983606557377
87,2026-03-04,2,3,0,0,0.0,2.0,0.7142857142857143,0.6428571428571429,0.7419354838709677
87,2026-03-05,3,3,0,0,0.0,2.0,0.42857142857142855,0.6428571428571429,0.7301587301587301
87,2026-03-06,4,3,0,2,0.0,0.0,0.14285714285714285,0.6428571428571429,0.71875
87,2026-03-07,5,3,1,0,2.0,0.0,0.42857142857142855,0.5714285714285714,0.7384615384615385
87,2026-03-08,6,3,1,0,0.0,0.0,0.42857142857142855,0.5714285714285714,0.7272727272727273
87,2026-03-09,0,3,0,0,0.0,1.0,0.42857142857142855,0.5714285714285714,0.7164179104477612
87,2026-03-10,1,3,0,2,0.0,0.0,0.2857142857142857,0.5,0.7058823529411765
87,2026-03-11,2,3,0,0,2.0,0.0,0.5714285714285714,0.6428571428571429,0.7246376811594203
87,2026-03-12,3,3,0,0,0.0,0.0,0.5714285714285714,0.5,0.7142857142857143
87,2026-03-13,4,3,0,0,0.0,2.0,0.5714285714285714,0.35714285714285715,0.704225352112676
87,2026-03-14,5,3,1,0,0.0,0.0,0.2857142857142857,0.35714285714285715,0.6944444444444444
87,2026-03-15,6,3,1,0,0.0,0.0,0.2857142857142857,0.35714285714285715,0.684931506849315
87,2026-03-16,0,3,0,0,0.0,0.0,0.2857142857142857,0.35714285714285715,0.6756756756756757
87,2026-03-17,1,3,0,3,0.0,2.0,0.2857142857142857,0.2857142857142857,0.6666666666666666
87,2026-03-18,2,3,0,3,3.0,0.0,0.42857142857142855,0.5,0.6973684210526315
87,2026-03-19,3,3,0,0,3.0,0.0,0.8571428571428571,0.7142857142857143,0.7272727272727273
87,2026-03-20,4,3,0,3,0.0,0.0,0.8571428571428571,0.7142857142857143,0.717948717948718
87,2026-03-21,5,3,1,0,3.0,0.0,1.2857142857142858,0.7857142857142857,0.7468354430379747
87,2026-03-22,6,3,1,2,0.0,0.0,1.2857142857142858,0.7857142857142857,0.7375
87,2026-03-23,0,3,0,1,2.0,0.0,1.5714285714285714,0.9285714285714286,0.7530864197530864
87,2026-03-24,1,3,0,0,1.0,3.0,1.7142857142857142,1.0,0.7560975609756098
87,2026-03-25,2,3,0,0,0.0,3.0,1.2857142857142858,0.8571428571428571,0.7469879518072289
87,2026-03-26,3,3,0,0,0.0,0.0,0.8571428571428571,0.8571428571428571,0.7380952380952381
87,2026-03-27,4,3,0,0,0.0,3.0,0.8571428571428571,0.8571428571428571,0.7294117647058823
87,2026-03-28,5,3,1,0,0.0,0.0,0.42857142857142855,0.8571428571428571,0.7209302325581395
87,2026-03-29,6,3,1,3,0.0,2.0,0.42857142857142855,0.8571428571428571,0.7126436781609196
87,2026-03-30,0,3,0,0,3.0,1.0,0.5714285714285714,1.0714285714285714,0.7386363636363636
87,2026-03-31,1,3,0,0,0.0,0.0,0.42857142857142855,1.0714285714285714,0.7303370786516854
87,2026-04-01,2,4,0,2,0.0,0.0,0.42857142857142855,0.8571428571428571,0.7222222222222222
87,2026-04-02,3,4,0,1,2.0,0.0,0.7142857142857143,0.7857142857142857,0.7362637362637363
87,2026-04-03,4,4,0,0,1.0,0.0,0.8571428571428571,0.8571428571428571,0.7391304347826086
87,2026-04-04,5,4,1,3,0.0,0.0,0.8571428571428571,0.6428571428571429,0.7311827956989247
87,2026-04-05,6,4,1,0,3.0,3.0,1.2857142857142858,0.8571428571428571,0.7553191489361702
87,2026-04-06,0,4,0,0,0.0,0.0,0.8571428571428571,0.7142857142857143,0.7473684210526316
87,2026-04-07,1,4,0,0,0.0,0.0,0.8571428571428571,0.6428571428571429,0.7395833333333334
87,2026-04-08,2,4,0,0,0.0,2.0,0.8571428571428571,0.6428571428571429,0.7319587628865979
87,2026-04-09,3,4,0,0,0.0,1.0,0.5714285714285714,0.6428571428571429,0.7244897959183674
87,2026-04-10,4,4,0,0,0.0,0.0,0.42857142857142855,0.6428571428571429,0.7171717171717171
87,2026-04-11,5,4,1,0,0.0,3.0,0.42857142857142855,0.6428571428571429,0.71
87,2026-04-12,6,4,1,0,0.0,0.0,0.0,0.6428571428571429,0.7029702970297029
87,2026-04-13,0,4,0,3,0.0,0.0,0.0,0.42857142857142855,0.696078431372549
87,2026-04-14,1,4,0,0,3.0,0.0,0.42857142857142855,0.6428571428571429,0.7184466019417476
87,2026-04-15,2,4,0,0,0.0,0.0,0.42857142857142855,0.6428571428571429,0.7115384615384616
87,2026-04-16,3,4,0,0,0.0,0.0,0.42857142857142855,0.5,0.7047619047619048
87,2026-04-17,4,4,0,0,0.0,0.0,0.42857142857142855,0.42857142857142855,0.6981132075471698
87,2026-04-18,5,4,1,4,0.0,0.0,0.42857142857142855,0.42857142857142855,0.6915887850467289
87,2026-04-19,6,4,1,0,4.0,0.0,1.0,0.5,0.7222222222222222
87,2026-04-20,0,4,0,0,0.0,3.0,1.0,0.5,0.7155963302752294
87,2026-04-21,1,4,0,0,0.0,0.0,0.5714285714285714,0.5,0.7090909090909091
87,2026-04-22,2,4,0,4,0.0,0.0,0.5714285714285714,0.5,0.7027027027027027
87,2026-04-23,3,4,0,3,4.0,0.0,1.1428571428571428,0.7857142857142857,0.7321428571428571
87,2026-04-24,4,4,0,0,3.0,0.0,1.5714285714285714,1.0,0.7522123893805309
87,2026-04-25,5,4,1,0,0.0,4.0,1.5714285714285714,1.0,0.7456140350877193
87,2026-04-26,6,4,1,0,0.0,0.0,1.0,1.0,0.7391304347826086
87,2026-04-27,0,4,0,1,0.0,0.0,1.0,1.0,0.7327586206896551
87,2026-04-28,1,4,0,0,1.0,0.0,1.1428571428571428,0.8571428571428571,0.7350427350427351
87,2026-04-29,2,4,0,0,0.0,4.0,1.1428571428571428,0.8571428571428571,0.7288135593220338
87,2026-04-30,3,4,0,0,0.0,3.0,0.5714285714285714,0.8571428571428571,0.7226890756302521
88,2026-01-15,3,1,0,0,0.0,0.0,0.7142857142857143,0.7142857142857143,0.7142857142857143
88,2026-01-16,4,1,0,1,0.0,2.0,0.7142857142857143,0.7142857142857143,0.6666666666666666
88,2026-01-17,5,1,1,0,1.0,0.0,0.5714285714285714,0.7857142857142857,0.6875
88,2026-01-18,6,1,1,0,0.0,0.0,0.5714285714285714,0.6428571428571429,0.6470588235294118
88,2026-01-19,0,1,0,0,0.0,3.0,0.5714285714285714,0.42857142857142855,0.6111111111111112
88,2026-01-20,1,1,0,3,0.0,0.0,0.14285714285714285,0.42857142857142855,0.5789473684210527
88,2026-01-21,2,1,0,1,3.0,0.0,0.5714285714285714,0.6428571428571429,0.7
88,2026-01-22,3,1,0,3,1.0,0.0,0.7142857142857143,0.7142857142857143,0.7142857142857143
88,2026-01-23,4,1,0,0,3.0,1.0,1.1428571428571428,0.9285714285714286,0.8181818181818182
88,2026-01-24,5,1,1,0,0.0,0.0,1.0,0.7857142857142857,0.782608695652174
88,2026-01-25,6,1,1,0,0.0,0.0,1.0,0.7857142857142857,0.75
88,2026-01-26,0,1,0,0,0.0,0.0,1.0,0.7857142857142857,0.72
88,2026-01-27,1,1,0,0,0.0,3.0,1.0,0.5714285714285714,0.6923076923076923
88,2026-01-28,2,1,0,0,0.0,1.0,0.5714285714285714,0.5714285714285714,0.6666666666666666
88,2026-01-29,3,1,0,0,0.0,3.0,0.42857142857142855,0.5714285714285714,0.6428571428571429
88,2026-01-30,4,1,0,0,0.0,0.0,0.0,0.5714285714285714,0.6206896551724138
88,2026-01-31,5,1,1,0,0.0,0.0,0.0,0.5,0.6
88,2026-02-01,6,2,1,0,0.0,0.0,0.0,0.5,0.5806451612903226
88,2026-02-02,0,2,0,2,0.0,0.0,0.0,0.5,0.5625
88,2026-02-03,1,2,0,0,2.0,0.0,0.2857142857142857,0.6428571428571429,0.6060606060606061
88,2026-02-04,2,2,0,0,0.0,0.0,0.2857142857142857,0.42857142857142855,0.5882352941176471
88,2026-02-05,3,2,0,0,0.0,0.0,0.2857142857142857,0.35714285714285715,0.5714285714285714
88,2026-02-06,4,2,0,0,0.0,0.0,0.2857142857142857,0.14285714285714285,0.5555555555555556
88,2026-02-07,5,2,1,0,0.0,0.0,0.2857142857142857,0.14285714285714285,0.5405405405405406
88,2026-02-08,6,2,1,4,0.0,0.0,0.2857142857142857,0.14285714285714285,0.5263157894736842
88,2026-02-09,0,2,0,0,4.0,2.0,0.8571428571428571,0.42857142857142855,0.6153846153846154
88,2026-02-10,1,2,0,0,0.0,0.0,0.5714285714285714,0.42857142857142855,0.6
88,2026-02-11,2,2,0,4,0.0,0.0,0.5714285714285714,0.42857142857142855,0.5853658536585366
88,2026-02-12,3,2,0,0,4.0,0.0,1.1428571428571428,0.7142857142857143,0.6666666666666666
88,2026-02-13,4,2,0,3,0.0,0.0,1.1428571428571428,0.7142857142857143,0.6511627906976745
88,2026-02-14,5,2,1,0,3.0,0.0,1.5714285714285714,0.9285714285714286,0.7045454545454546
88,2026-02-15,6,2,1,1,0.0,4.0,1.5714285714285714,0.9285714285714286,0.6888888888888889
88,2026-02-16,0,2,0,0,1.0,0.0,1.1428571428571428,1.0,0.6956521739130435
88,2026-02-17,1,2,0,0,0.0,0.0,1.1428571428571428,0.8571428571428571,0.6808510638297872
88,2026-02-18,2,2,0,1,0.0,4.0,1.1428571428571428,0.8571428571428571,0.6666666666666666
88,2026-02-19,3,2,0,0,1.0,0.0,0.7142857142857143,0.9285714285714286,0.673469387755102
88,2026-02-20,4,2,0,4,0.0,3.0,0.7142857142857143,0.9285714285714286,0.66
88,2026-02-21,5,2,1,0,4.0,0.0,0.8571428571428571,1.2142857142857142,0.7254901960784313
88,2026-02-22,6,2,1,0,0.0,1.0,0.8571428571428571,1.2142857142857142,0.7115384615384616
88,2026-02-23,0,2,0,0,0.0,0.0,0.7142857142857143,0.9285714285714286,0.6981132075471698
88,2026-02-24,1,2,0,3,0.0,0.0,0.7142857142857143,0.9285714285714286,0.6851851851851852
88,2026-02-25,2,2,0,0,3.0,1.0,1.1428571428571428,1.1428571428571428,0.7272727272727273
88,2026-02-26,3,2,0,0,0.0,0.0,1.0,0.8571428571428571,0.7142857142857143
88,2026-02-27,4,2,0,0,0.0,4.0,1.0,0.8571428571428571,0.7017543859649122
88,2026-02-28,5,2,1,0,0.0,0.0,0.42857142857142855,0.6428571428571429,0.6896551724137931
88,2026-03-01,6,3,1,0,0.0,0.0,0.42857142857142855,0.6428571428571429,0.6779661016949152
88,2026-03-02,0,3,0,0,0.0,0.0,0.42857142857142855,0.5714285714285714,0.6666666666666666
88,2026-03-03,1,3,0,0,0.0,3.0,0.42857142857142855,0.5714285714285714,0.6557377049180327
88,2026-03-04,2,3,0,0,0.0,0.0,0.0,0.5714285714285714,0.6451612903225806
88,2026-03-05,3,3,0,0,0.0,0.0,0.0,0.5,0.6349206349206349
88,2026-03-06,4,3,0,0,0.0,0.0,0.0,0.5,0.625
88,2026-03-07,5,3,1,0,0.0,0.0,0.0,0.21428571428571427,0.6153846153846154
88,2026-03-08,6,3,1,0,0.0,0.0,0.0,0.21428571428571427,0.6060606060606061
88,2026-03-09,0,3,0,0,0.0,0.0,0.0,0.21428571428571427,0.5970149253731343
88,2026-03-10,1,3,0,2,0.0,0.0,0.0,0.21428571428571427,0.5882352941176471
88,2026-03-11,2,3,0,0,2.0,0.0,0.2857142857142857,0.14285714285714285,0.6086956521739131
88,2026-03-12,3,3,0,1,0.0,0.0,0.2857142857142857,0.14285714285714285,0.6
88,2026-03-13,4,3,0,0,1.0,0.0,0.42857142857142855,0.21428571428571427,0.6056338028169014
88,2026-03-14,5,3,1,0,0.0,0.0,0.42857142857142855,0.21428571428571427,0.5972222222222222
88,2026-03-15,6,3,1,4,0.0,0.0,0.42857142857142855,0.21428571428571427,0.589041095890411
88,2026-03-16,0,3,0,2,4.0,0.0,1.0,0.5,0.6351351351351351
88,2026-03-17,1,3,0,1,2.0,2.0,1.2857142857142858,0.6428571428571429,0.6533333333333333
88,2026-03-18,2,3,0,0,1.0,0.0,1.1428571428571428,0.7142857142857143,0.6578947368421053
88,2026-03-19,3,3,0,0,0.0,1.0,1.1428571428571428,0.7142857142857143,0.6493506493506493
88,2026-03-20,4,3,0,0,0.0,0.0,1.0,0.7142857142857143,0.6410256410256411
88,2026-03-21,5,3,1,1,0.0,0.0,1.0,0.7142857142857143,0.6329113924050633
88,2026-03-22,6,3,1,0,1.0,4.0,1.1428571428571428,0.7857142857142857,0.6375
88,2026-03-23,0,3,0,1,0.0,2.0,0.5714285714285714,0.7857142857142857,0.6296296296296297
88,2026-03-24,1,3,0,0,1.0,1.0,0.42857142857142855,0.8571428571428571,0.6341463414634146
88,2026-03-25,2,3,0,3,0.0,0.0,0.2857142857142857,0.7142857142857143,0.6265060240963856
88,2026-03-26,3,3,0,0,3.0,0.0,0.7142857142857143,0.9285714285714286,0.6547619047619048
88,2026-03-27,4,3,0,0,0.0,0.0,0.7142857142857143,0.8571428571428571,0.6470588235294118
88,2026-03-28,5,3,1,3,0.0,1.0,0.7142857142857143,0.8571428571428571,0.6395348837209303
88,2026-03-29,6,3,1,0,3.0,0.0,1.0,1.0714285714285714,0.6666666666666666
88,2026-03-30,0,3,0,0,0.0,1.0,1.0,0.7857142857142857,0.6590909090909091
88,2026-03-31,1,3,0,4,0.0,0.0,0.8571428571428571,0.6428571428571429,0.651685393258427
88,2026-04-01,2,4,0,3,4.0,3.0,1.4285714285714286,0.8571428571428571,0.6888888888888889
88,2026-04-02,3,4,0,0,3.0,0.0,1.4285714285714286,1.0714285714285714,0.7142857142857143
88,2026-04-03,4,4,0,2,0.0,0.0,1.4285714285714286,1.0714285714285714,0.7065217391304348
88,2026-04-04,5,4,1,3,2.0,3.0,1.7142857142857142,1.2142857142857142,0.7204301075268817
88,2026-04-05,6,4,1,0,3.0,0.0,1.7142857142857142,1.3571428571428572,0.7446808510638298
88,2026-04-06,0,4,0,0,0.0,0.0,1.7142857142857142,1.3571428571428572,0.7368421052631579
88,2026-04-07,1,4,0,0,0.0,4.0,1.7142857142857142,1.2857142857142858,0.7291666666666666
88,2026-04-08,2,4,0,0,0.0,3.0,1.1428571428571428,1.2857142857142858,0.7216494845360825
88,2026-04-09,3,4,0,0,0.0,0.0,0.7142857142857143,1.0714285714285714,0.7142857142857143
88,2026-04-10,4,4,0,0,0.0,2.0,0.7142857142857143,1.0714285714285714,0.7070707070707071
88,2026-04-11,5,4,1,0,0.0,3.0,0.42857142857142855,1.0714285714285714,0.7
88,2026-04-12,6,4,1,2,0.0,0.0,0.0,0.8571428571428571,0.693069306930693
88,2026-04-13,0,4,0,0,2.0,0.0,0.2857142857142857,1.0,0.7058823529411765
88,2026-04-14,1,4,0,0,0.0,0.0,0.2857142857142857,1.0,0.6990291262135923
88,2026-04-15,2,4,0,0,0.0,0.0,0.2857142857142857,0.7142857142857143,0.6923076923076923
88,2026-04-16,3,4,0,0,0.0,0.0,0.2857142857142857,0.5,0.6857142857142857
88,2026-04-17,4,4,0,0,0.0,0.0,0.2857142857142857,0.5,0.6792452830188679
88,2026-04-18,5,4,1,4,0.0,0.0,0.2857142857142857,0.35714285714285715,0.6728971962616822
88,2026-04-19,6,4,1,0,4.0,2.0,0.8571428571428571,0.42857142857142855,0.7037037037037037
88,2026-04-20,0,4,0,0,0.0,0.0,0.5714285714285714,0.42857142857142855,0.6972477064220184
88,2026-04-21,1,4,0,0,0.0,0.0,0.5714285714285714,0.42857142857142855,0.6909090909090909
88,2026-04-22,2,4,0,0,0.0,0.0,0.5714285714285714,0.42857142857142855,0.6846846846846847
88,2026-04-23,3,4,0,0,0.0,0.0,0.5714285714285714,0.42857142857142855,0.6785714285714286
88,2026-04-24,4,4,0,0,0.0,0.0,0.5714285714285714,0.42857142857142855,0.672566371681416
88,2026-04-25,5,4,1,1,0.0,4.0,0.5714285714285714,0.42857142857142855,0.6666666666666666
88,2026-04-26,6,4,1,0,1.0,0.0,0.14285714285714285,0.5,0.6695652173913044
88,2026-04-27,0,4,0,4,0.0,0.0,0.14285714285714285,0.35714285714285715,0.6637931034482759
88,2026-04-28,1,4,0,3,4.0,0.0,0.7142857142857143,0.6428571428571429,0.6923076923076923
88,2026-04-29,2,4,0,0,3.0,0.0,1.1428571428571428,0.8571428571428571,0.711864406779661
88,2026-04-30,3,4,0,0,0.0,0.0,1.1428571428571428,0.8571428571428571,0.7058823529411765
89,2026-01-15,3,1,0,20,20.0,24.0,23.142857142857142,23.642857142857142,23.642857142857142
89,2026-01-16,4,1,0,24,20.0,24.0,22.571428571428573,24.0,23.4
89,2026-01-17,5,1,1,37,24.0,26.0,22.571428571428573,24.428571428571427,23.4375
89,2026-01-18,6,1,1,29,37.0,27.0,24.142857142857142,25.071428571428573,24.235294117647058
89,2026-01-19,0,1,0,19,29.0,24.0,24.428571428571427,25.0,24.5
89,2026-01-20,1,1,0,25,19.0,17.0,23.714285714285715,24.5,24.210526315789473
89,2026-01-21,2,1,0,16,25.0,20.0,24.857142857142858,24.428571428571427,24.25
89,2026-01-22,3,1,0,29,16.0,20.0,24.285714285714285,23.714285714285715,23.857142857142858
89,2026-01-23,4,1,0,23,29.0,24.0,25.571428571428573,24.071428571428573,24.09090909090909
89,2026-01-24,5,1,1,31,23.0,37.0,25.428571428571427,24.0,24.043478260869566
89,2026-01-25,6,1,1,27,31.0,29.0,24.571428571428573,24.357142857142858,24.333333333333332
89,2026-01-26,0,1,0,20,27.0,19.0,24.285714285714285,24.357142857142858,24.44
89,2026-01-27,1,1,0,20,20.0,25.0,24.428571428571427,24.071428571428573,24.26923076923077
89,2026-01-28,2,1,0,18,20.0,16.0,23.714285714285715,24.285714285714285,24.11111111111111
89,2026-01-29,3,1,0,23,18.0,29.0,24.0,24.142857142857142,23.892857142857142
89,2026-01-30,4,1,0,25,23.0,23.0,23.142857142857142,24.357142857142858,23.862068965517242
89,2026-01-31,5,1,1,20,25.0,31.0,23.428571428571427,24.428571428571427,23.9
89,2026-02-01,6,2,1,29,20.0,27.0,21.857142857142858,23.214285714285715,23.774193548387096
89,2026-02-02,0,2,0,19,29.0,20.0,22.142857142857142,23.214285714285715,23.9375
89,2026-02-03,1,2,0,22,19.0,20.0,22.0,23.214285714285715,23.78787878787879
89,2026-02-04,2,2,0,25,22.0,18.0,22.285714285714285,23.0,23.735294117647058
89,2026-02-05,3,2,0,29,25.0,23.0,23.285714285714285,23.642857142857142,23.771428571428572
89,2026-02-06,4,2,0,17,29.0,25.0,24.142857142857142,23.642857142857142,23.916666666666668
89,2026-02-07,5,2,1,20,17.0,20.0,23.0,23.214285714285715,23.72972972972973
89,2026-02-08,6,2,1,34,20.0,29.0,23.0,22.428571428571427,23.63157894736842
89,2026-02-09,0,2,0,26,34.0,19.0,23.714285714285715,22.928571428571427,23.897435897435898
89,2026-02-10,1,2,0,23,26.0,22.0,24.714285714285715,23.357142857142858,23.95
89,2026-02-11,2,2,0,14,23.0,25.0,24.857142857142858,23.571428571428573,23.926829268292682
89,2026-02-12,3,2,0,22,14.0,29.0,23.285714285714285,23.285714285714285,23.69047619047619
89,2026-02-13,4,2,0,18,22.0,17.0,22.285714285714285,23.214285714285715,23.651162790697676
89,2026-02-14,5,2,1,26,18.0,20.0,22.428571428571427,22.714285714285715,23.522727272727273
89,2026-02-15,6,2,1,25,26.0,34.0,23.285714285714285,23.142857142857142,23.57777777777778
89,2026-02-16,0,2,0,28,25.0,26.0,22.0,22.857142857142858,23.608695652173914
89,2026-02-17,1,2,0,30,28.0,23.0,22.285714285714285,23.5,23.70212765957447
89,2026-02-18,2,2,0,18,30.0,14.0,23.285714285714285,24.071428571428573,23.833333333333332
89,2026-02-19,3,2,0,21,18.0,22.0,23.857142857142858,23.571428571428573,23.714285714285715
89,2026-02-20,4,2,0,19,21.0,18.0,23.714285714285715,23.0,23.66
89,2026-02-21,5,2,1,22,19.0,26.0,23.857142857142858,23.142857142857142,23.568627450980394
89,2026-02-22,6,2,1,32,22.0,25.0,23.285714285714285,23.285714285714285,23.53846153846154
89,2026-02-23,0,2,0,26,32.0,28.0,24.285714285714285,23.142857142857142,23.69811320754717
89,2026-02-24,1,2,0,24,26.0,30.0,24.0,23.142857142857142,23.74074074074074
89,2026-02-25,2,2,0,24,24.0,18.0,23.142857142857142,23.214285714285715,23.745454545454546
89,2026-02-26,3,2,0,24,24.0,21.0,24.0,23.928571428571427,23.75
89,2026-02-27,4,2,0,22,24.0,19.0,24.428571428571427,24.071428571428573,23.75438596491228
89,2026-02-28,5,2,1,35,22.0,22.0,24.857142857142858,24.357142857142858,23.724137931034484
89,2026-03-01,6,3,1,32,35.0,32.0,26.714285714285715,25.0,23.915254237288135
89,2026-03-02,0,3,0,28,32.0,26.0,26.714285714285715,25.5,24.05
89,2026-03-03,1,3,0,18,28.0,24.0,27.0,25.5,24.114754098360656
89,2026-03-04,2,3,0,21,18.0,24.0,26.142857142857142,24.642857142857142,24.016129032258064
89,2026-03-05,3,3,0,25,21.0,24.0,25.714285714285715,24.857142857142858,23.96825396825397
89,2026-03-06,4,3,0,23,25.0,22.0,25.857142857142858,25.142857142857142,23.984375
89,2026-03-07,5,3,1,32,23.0,35.0,26.0,25.428571428571427,23.96923076923077
89,2026-03-08,6,3,1,31,32.0,32.0,25.571428571428573,26.142857142857142,24.09090909090909
89,2026-03-09,0,3,0,22,31.0,28.0,25.428571428571427,26.071428571428573,24.19402985074627
89,2026-03-10,1,3,0,34,22.0,18.0,24.571428571428573,25.785714285714285,24.16176470588235
89,2026-03-11,2,3,0,31,34.0,21.0,26.857142857142858,26.5,24.304347826086957
89,2026-03-12,3,3,0,32,31.0,25.0,28.285714285714285,27.0,24.4
89,2026-03-13,4,3,0,25,32.0,23.0,29.285714285714285,27.571428571428573,24.507042253521128
89,2026-03-14,5,3,1,30,25.0,32.0,29.571428571428573,27.785714285714285,24.51388888888889
89,2026-03-15,6,3,1,32,30.0,31.0,29.285714285714285,27.428571428571427,24.589041095890412
89,2026-03-16,0,3,0,28,32.0,22.0,29.428571428571427,27.428571428571427,24.68918918918919
89,2026-03-17,1,3,0,31,28.0,34.0,30.285714285714285,27.428571428571427,24.733333333333334
89,2026-03-18,2,3,0,36,31.0,31.0,29.857142857142858,28.357142857142858,24.81578947368421
89,2026-03-19,3,3,0,20,36.0,32.0,30.571428571428573,29.428571428571427,24.961038961038962
89,2026-03-20,4,3,0,19,20.0,25.0,28.857142857142858,29.071428571428573,24.897435897435898
89,2026-03-21,5,3,1,35,19.0,30.0,28.0,28.785714285714285,24.82278481012658
89,2026-03-22,6,3,1,30,35.0,32.0,28.714285714285715,29.0,24.95
89,2026-03-23,0,3,0,22,30.0,28.0,28.428571428571427,28.928571428571427,25.012345679012345
89,2026-03-24,1,3,0,25,22.0,31.0,27.571428571428573,28.928571428571427,24.975609756097562
89,2026-03-25,2,3,0,23,25.0,36.0,26.714285714285715,28.285714285714285,24.97590361445783
89,2026-03-26,3,3,0,24,23.0,20.0,24.857142857142858,27.714285714285715,24.952380952380953
89,2026-03-27,4,3,0,22,24.0,19.0,25.428571428571427,27.142857142857142,24.941176470588236
89,2026-03-28,5,3,1,34,22.0,35.0,25.857142857142858,26.928571428571427,24.906976744186046
89,2026-03-29,6,3,1,33,34.0,30.0,25.714285714285715,27.214285714285715,25.011494252873565
89,2026-03-30,0,3,0,20,33.0,22.0,26.142857142857142,27.285714285714285,25.102272727272727
89,2026-03-31,1,3,0,26,20.0,25.0,25.857142857142858,26.714285714285715,25.04494382022472
89,2026-04-01,2,4,0,21,26.0,23.0,26.0,26.357142857142858,25.055555555555557
89,2026-04-02,3,4,0,28,21.0,24.0,25.714285714285715,25.285714285714285,25.01098901098901
89,2026-04-03,4,4,0,30,28.0,22.0,26.285714285714285,25.857142857142858,25.043478260869566
89,2026-04-04,5,4,1,35,30.0,34.0,27.428571428571427,26.642857142857142,25.096774193548388
89,2026-04-05,6,4,1,37,35.0,33.0,27.571428571428573,26.642857142857142,25.20212765957447
89,2026-04-06,0,4,0,31,37.0,20.0,28.142857142857142,27.142857142857142,25.326315789473686
89,2026-04-07,1,4,0,18,31.0,26.0,29.714285714285715,27.785714285714285,25.385416666666668
89,2026-04-08,2,4,0,31,18.0,21.0,28.571428571428573,27.285714285714285,25.309278350515463
89,2026-04-09,3,4,0,20,31.0,28.0,30.0,27.857142857142858,25.367346938775512
89,2026-04-10,4,4,0,23,20.0,30.0,28.857142857142858,27.571428571428573,25.31313131313131
89,2026-04-11,5,4,1,30,23.0,35.0,27.857142857142858,27.642857142857142,25.29
89,2026-04-12,6,4,1,28,30.0,37.0,27.142857142857142,27.357142857142858,25.336633663366335
89,2026-04-13,0,4,0,23,28.0,31.0,25.857142857142858,27.0,25.362745098039216
89,2026-04-14,1,4,0,32,23.0,18.0,24.714285714285715,27.214285714285715,25.339805825242717
89,2026-04-15,2,4,0,27,32.0,31.0,26.714285714285715,27.642857142857142,25.403846153846153
89,2026-04-16,3,4,0,26,27.0,20.0,26.142857142857142,28.071428571428573,25.419047619047618
89,2026-04-17,4,4,0,28,26.0,23.0,27.0,27.928571428571427,25.42452830188679
89,2026-04-18,5,4,1,33,28.0,30.0,27.714285714285715,27.785714285714285,25.44859813084112
89,2026-04-19,6,4,1,22,33.0,28.0,28.142857142857142,27.642857142857142,25.51851851851852
89,2026-04-20,0,4,0,32,22.0,23.0,27.285714285714285,26.571428571428573,25.486238532110093
89,2026-04-21,1,4,0,28,32.0,32.0,28.571428571428573,26.642857142857142,25.545454545454547
89,2026-04-22,2,4,0,20,28.0,27.0,28.0,27.357142857142858,25.56756756756757
89,2026-04-23,3,4,0,26,20.0,26.0,27.0,26.571428571428573,25.517857142857142
89,2026-04-24,4,4,0,23,26.0,28.0,27.0,27.0,25.52212389380531
89,2026-04-25,5,4,1,38,23.0,33.0,26.285714285714285,27.0,25.5
89,2026-04-26,6,4,1,28,38.0,22.0,27.0,27.571428571428573,25.608695652173914
89,2026-04-27,0,4,0,26,28.0,32.0,27.857142857142858,27.571428571428573,25.629310344827587
89,2026-04-28,1,4,0,32,26.0,28.0,27.0,27.785714285714285,25.632478632478634
89,2026-04-29,2,4,0,28,32.0,20.0,27.571428571428573,27.785714285714285,25.6864406779661
89,2026-04-30,3,4,0,26,28.0,26.0,28.714285714285715,27.857142857142858,25.705882352941178
90,2026-01-15,3,1,0,2,3.0,2.0,2.142857142857143,2.142857142857143,2.142857142857143
90,2026-01-16,4,1,0,2,2.0,2.0,2.142857142857143,2.142857142857143,2.1333333333333333
90,2026-01-17,5,1,1,2,2.0,2.0,2.142857142857143,2.142857142857143,2.125
90,2026-01-18,6,1,1,3,2.0,1.0,2.142857142857143,2.142857142857143,2.1176470588235294
90,2026-01-19,0,1,0,3,3.0,3.0,2.4285714285714284,2.142857142857143,2.1666666666666665
90,2026-01-20,1,1,0,2,3.0,2.0,2.4285714285714284,2.2142857142857144,2.210526315789474
90,2026-01-21,2,1,0,2,2.0,3.0,2.4285714285714284,2.2142857142857144,2.2
90,2026-01-22,3,1,0,3,2.0,2.0,2.2857142857142856,2.2142857142857144,2.1904761904761907
90,2026-01-23,4,1,0,3,3.0,2.0,2.4285714285714284,2.2857142857142856,2.227272727272727
90,2026-01-24,5,1,1,2,3.0,2.0,2.5714285714285716,2.357142857142857,2.260869565217391
90,2026-01-25,6,1,1,3,2.0,3.0,2.5714285714285716,2.357142857142857,2.25
90,2026-01-26,0,1,0,2,3.0,3.0,2.5714285714285716,2.5,2.28
90,2026-01-27,1,1,0,3,2.0,2.0,2.4285714285714284,2.4285714285714284,2.269230769230769
90,2026-01-28,2,1,0,3,3.0,2.0,2.5714285714285716,2.5,2.2962962962962963
90,2026-01-29,3,1,0,1,3.0,3.0,2.7142857142857144,2.5,2.3214285714285716
90,2026-01-30,4,1,0,3,1.0,3.0,2.4285714285714284,2.4285714285714284,2.2758620689655173
90,2026-01-31,5,1,1,2,3.0,2.0,2.4285714285714284,2.5,2.3
90,2026-02-01,6,2,1,3,2.0,3.0,2.4285714285714284,2.5,2.2903225806451615
90,2026-02-02,0,2,0,2,3.0,2.0,2.4285714285714284,2.5,2.3125
90,2026-02-03,1,2,0,3,2.0,3.0,2.4285714285714284,2.4285714285714284,2.303030303030303
90,2026-02-04,2,2,0,3,3.0,3.0,2.4285714285714284,2.5,2.323529411764706
90,2026-02-05,3,2,0,2,3.0,1.0,2.4285714285714284,2.5714285714285716,2.342857142857143
90,2026-02-06,4,2,0,2,2.0,3.0,2.5714285714285716,2.5,2.3333333333333335
90,2026-02-07,5,2,1,2,2.0,2.0,2.4285714285714284,2.4285714285714284,2.324324324324324
90,2026-02-08,6,2,1,3,2.0,3.0,2.4285714285714284,2.4285714285714284,2.3157894736842106
90,2026-02-09,0,2,0,2,3.0,2.0,2.4285714285714284,2.4285714285714284,2.3333333333333335
90,2026-02-10,1,2,0,2,2.0,3.0,2.4285714285714284,2.4285714285714284,2.325
90,2026-02-11,2,2,0,3,2.0,3.0,2.2857142857142856,2.357142857142857,2.317073170731707
90,2026-02-12,3,2,0,1,3.0,2.0,2.2857142857142856,2.357142857142857,2.3333333333333335
90,2026-02-13,4,2,0,2,1.0,2.0,2.142857142857143,2.357142857142857,2.302325581395349
90,2026-02-14,5,2,1,3,2.0,2.0,2.142857142857143,2.2857142857142856,2.2954545454545454
90,2026-02-15,6,2,1,2,3.0,3.0,2.2857142857142856,2.357142857142857,2.311111111111111
90,2026-02-16,0,2,0,1,2.0,2.0,2.142857142857143,2.2857142857142856,2.3043478260869565
90,2026-02-17,1,2,0,3,1.0,2.0,2.0,2.2142857142857144,2.276595744680851
90,2026-02-18,2,2,0,2,3.0,3.0,2.142857142857143,2.2142857142857144,2.2916666666666665
90,2026-02-19,3,2,0,3,2.0,1.0,2.0,2.142857142857143,2.2857142857142856
90,2026-02-20,4,2,0,2,3.0,2.0,2.2857142857142856,2.2142857142857144,2.3
90,2026-02-21,5,2,1,3,2.0,3.0,2.2857142857142856,2.2142857142857144,2.2941176470588234
90,2026-02-22,6,2,1,3,3.0,2.0,2.2857142857142856,2.2857142857142856,2.3076923076923075
90,2026-02-23,0,2,0,2,3.0,1.0,2.4285714285714284,2.2857142857142856,2.3207547169811322
90,2026-02-24,1,2,0,3,2.0,3.0,2.5714285714285716,2.2857142857142856,2.314814814814815
90,2026-02-25,2,2,0,3,3.0,2.0,2.5714285714285716,2.357142857142857,2.327272727272727
90,2026-02-26,3,2,0,3,3.0,3.0,2.7142857142857144,2.357142857142857,2.3392857142857144
90,2026-02-27,4,2,0,2,3.0,2.0,2.7142857142857144,2.5,2.3508771929824563
90,2026-02-28,5,2,1,3,2.0,3.0,2.7142857142857144,2.5,2.3448275862068964
90,2026-03-01,6,3,1,3,3.0,3.0,2.7142857142857144,2.5,2.3559322033898304
90,2026-03-02,0,3,0,2,3.0,2.0,2.7142857142857144,2.5714285714285716,2.3666666666666667
90,2026-03-03,1,3,0,3,2.0,3.0,2.7142857142857144,2.642857142857143,2.360655737704918
90,2026-03-04,2,3,0,3,3.0,3.0,2.7142857142857144,2.642857142857143,2.370967741935484
90,2026-03-05,3,3,0,2,3.0,3.0,2.7142857142857144,2.7142857142857144,2.380952380952381
90,2026-03-06,4,3,0,2,2.0,2.0,2.5714285714285716,2.642857142857143,2.375
90,2026-03-07,5,3,1,2,2.0,3.0,2.5714285714285716,2.642857142857143,2.3692307692307693
90,2026-03-08,6,3,1,3,2.0,3.0,2.4285714285714284,2.5714285714285716,2.3636363636363638
90,2026-03-09,0,3,0,1,3.0,2.0,2.4285714285714284,2.5714285714285716,2.373134328358209
90,2026-03-10,1,3,0,3,1.0,3.0,2.2857142857142856,2.5,2.3529411764705883
90,2026-03-11,2,3,0,2,3.0,3.0,2.2857142857142856,2.5,2.36231884057971
90,2026-03-12,3,3,0,1,2.0,2.0,2.142857142857143,2.4285714285714284,2.357142857142857
90,2026-03-13,4,3,0,3,1.0,2.0,2.0,2.2857142857142856,2.3380281690140845
90,2026-03-14,5,3,1,3,3.0,2.0,2.142857142857143,2.357142857142857,2.3472222222222223
90,2026-03-15,6,3,1,2,3.0,3.0,2.2857142857142856,2.357142857142857,2.356164383561644
90,2026-03-16,0,3,0,3,2.0,1.0,2.142857142857143,2.2857142857142856,2.3513513513513513
90,2026-03-17,1,3,0,3,3.0,3.0,2.4285714285714284,2.357142857142857,2.36
90,2026-03-18,2,3,0,2,3.0,2.0,2.4285714285714284,2.357142857142857,2.3684210526315788
90,2026-03-19,3,3,0,3,2.0,1.0,2.4285714285714284,2.2857142857142856,2.3636363636363638
90,2026-03-20,4,3,0,3,3.0,3.0,2.7142857142857144,2.357142857142857,2.371794871794872
90,2026-03-21,5,3,1,3,3.0,3.0,2.7142857142857144,2.4285714285714284,2.3797468354430378
90,2026-03-22,6,3,1,4,3.0,2.0,2.7142857142857144,2.5,2.3875
90,2026-03-23,0,3,0,3,4.0,3.0,3.0,2.5714285714285716,2.4074074074074074
90,2026-03-24,1,3,0,3,3.0,3.0,3.0,2.7142857142857144,2.4146341463414633
90,2026-03-25,2,3,0,2,3.0,2.0,3.0,2.7142857142857144,2.4216867469879517
90,2026-03-26,3,3,0,2,2.0,3.0,3.0,2.7142857142857144,2.4166666666666665
90,2026-03-27,4,3,0,2,2.0,3.0,2.857142857142857,2.7857142857142856,2.411764705882353
90,2026-03-28,5,3,1,4,2.0,3.0,2.7142857142857144,2.7142857142857144,2.4069767441860463
90,2026-03-29,6,3,1,3,4.0,4.0,2.857142857142857,2.7857142857142856,2.425287356321839
90,2026-03-30,0,3,0,2,3.0,3.0,2.7142857142857144,2.857142857142857,2.4318181818181817
90,2026-03-31,1,3,0,3,2.0,3.0,2.5714285714285716,2.7857142857142856,2.4269662921348316
90,2026-04-01,2,4,0,3,3.0,2.0,2.5714285714285716,2.7857142857142856,2.433333333333333
90,2026-04-02,3,4,0,3,3.0,2.0,2.7142857142857144,2.857142857142857,2.4395604395604398
90,2026-04-03,4,4,0,3,3.0,2.0,2.857142857142857,2.857142857142857,2.4456521739130435
90,2026-04-04,5,4,1,4,3.0,4.0,3.0,2.857142857142857,2.4516129032258065
90,2026-04-05,6,4,1,3,4.0,3.0,3.0,2.9285714285714284,2.4680851063829787
90,2026-04-06,0,4,0,3,3.0,2.0,3.0,2.857142857142857,2.473684210526316
90,2026-04-07,1,4,0,3,3.0,3.0,3.142857142857143,2.857142857142857,2.4791666666666665
90,2026-04-08,2,4,0,2,3.0,3.0,3.142857142857143,2.857142857142857,2.484536082474227
90,2026-04-09,3,4,0,3,2.0,3.0,3.0,2.857142857142857,2.479591836734694
90,2026-04-10,4,4,0,3,3.0,3.0,3.0,2.9285714285714284,2.484848484848485
90,2026-04-11,5,4,1,5,3.0,4.0,3.0,3.0,2.49
90,2026-04-12,6,4,1,4,5.0,3.0,3.142857142857143,3.0714285714285716,2.514851485148515
90,2026-04-13,0,4,0,2,4.0,3.0,3.2857142857142856,3.142857142857143,2.5294117647058822
90,2026-04-14,1,4,0,3,2.0,3.0,3.142857142857143,3.142857142857143,2.5242718446601944
90,2026-04-15,2,4,0,3,3.0,2.0,3.142857142857143,3.142857142857143,2.5288461538461537
90,2026-04-16,3,4,0,1,3.0,3.0,3.2857142857142856,3.142857142857143,2.533333333333333
90,2026-04-17,4,4,0,2,1.0,3.0,3.0,3.0,2.518867924528302
90,2026-04-18,5,4,1,3,2.0,5.0,2.857142857142857,2.9285714285714284,2.514018691588785
90,2026-04-19,6,4,1,2,3.0,4.0,2.5714285714285716,2.857142857142857,2.5185185185185186
90,2026-04-20,0,4,0,3,2.0,2.0,2.2857142857142856,2.7857142857142856,2.5137614678899083
90,2026-04-21,1,4,0,1,3.0,3.0,2.4285714285714284,2.7857142857142856,2.518181818181818
90,2026-04-22,2,4,0,2,1.0,3.0,2.142857142857143,2.642857142857143,2.5045045045045047
90,2026-04-23,3,4,0,2,2.0,1.0,2.0,2.642857142857143,2.5
90,2026-04-24,4,4,0,3,2.0,2.0,2.142857142857143,2.5714285714285716,2.495575221238938
90,2026-04-25,5,4,1,2,3.0,3.0,2.2857142857142856,2.5714285714285716,2.5
90,2026-04-26,6,4,1,3,2.0,2.0,2.142857142857143,2.357142857142857,2.4956521739130433
90,2026-04-27,0,4,0,4,3.0,3.0,2.2857142857142856,2.2857142857142856,2.5
90,2026-04-28,1,4,0,2,4.0,1.0,2.4285714285714284,2.4285714285714284,2.5128205128205128
90,2026-04-29,2,4,0,3,2.0,2.0,2.5714285714285716,2.357142857142857,2.5084745762711864
90,2026-04-30,3,4,0,2,3.0,2.0,2.7142857142857144,2.357142857142857,2.5126050420168067
91,2026-01-15,3,1,0,1,0.0,0.0,0.7142857142857143,0.9285714285714286,0.9285714285714286
91,2026-01-16,4,1,0,1,1.0,1.0,0.8571428571428571,0.9285714285714286,0.9333333333333333
91,2026-01-17,5,1,1,1,1.0,0.0,0.8571428571428571,0.9285714285714286,0.9375
91,2026-01-18,6,1,1,2,1.0,2.0,1.0,0.8571428571428571,0.9411764705882353
91,2026-01-19,0,1,0,1,2.0,1.0,1.0,0.9285714285714286,1.0
91,2026-01-20,1,1,0,1,1.0,1.0,1.0,0.9285714285714286,1.0
91,2026-01-21,2,1,0,1,1.0,0.0,1.0,0.9285714285714286,1.0
91,2026-01-22,3,1,0,1,1.0,1.0,1.1428571428571428,0.9285714285714286,1.0
91,2026-01-23,4,1,0,0,1.0,1.0,1.1428571428571428,1.0,1.0
91,2026-01-24,5,1,1,1,0.0,1.0,1.0,0.9285714285714286,0.9565217391304348
91,2026-01-25,6,1,1,1,1.0,2.0,1.0,1.0,0.9583333333333334
91,2026-01-26,0,1,0,1,1.0,1.0,0.8571428571428571,0.9285714285714286,0.96
91,2026-01-27,1,1,0,2,1.0,1.0,0.8571428571428571,0.9285714285714286,0.9615384615384616
91,2026-01-28,2,1,0,1,2.0,1.0,1.0,1.0,1.0
91,2026-01-29,3,1,0,1,1.0,1.0,1.0,1.0714285714285714,1.0
91,2026-01-30,4,1,0,2,1.0,0.0,1.0,1.0714285714285714,1.0
91,2026-01-31,5,1,1,2,2.0,1.0,1.2857142857142858,1.1428571428571428,1.0333333333333334
91,2026-02-01,6,2,1,2,2.0,1.0,1.4285714285714286,1.2142857142857142,1.064516129032258
91,2026-02-02,0,2,0,1,2.0,1.0,1.5714285714285714,1.2142857142857142,1.09375
91,2026-02-03,1,2,0,0,1.0,2.0,1.5714285714285714,1.2142857142857142,1.0909090909090908
91,2026-02-04,2,2,0,1,0.0,1.0,1.2857142857142858,1.1428571428571428,1.0588235294117647
91,2026-02-05,3,2,0,1,1.0,1.0,1.2857142857142858,1.1428571428571428,1.0571428571428572
91,2026-02-06,4,2,0,1,1.0,2.0,1.2857142857142858,1.1428571428571428,1.0555555555555556
91,2026-02-07,5,2,1,0,1.0,2.0,1.1428571428571428,1.2142857142857142,1.054054054054054
91,2026-02-08,6,2,1,1,0.0,2.0,0.8571428571428571,1.1428571428571428,1.0263157894736843
91,2026-02-09,0,2,0,2,1.0,1.0,0.7142857142857143,1.1428571428571428,1.0256410256410255
91,2026-02-10,1,2,0,1,2.0,0.0,0.8571428571428571,1.2142857142857142,1.05
91,2026-02-11,2,2,0,1,1.0,1.0,1.0,1.1428571428571428,1.048780487804878
91,2026-02-12,3,2,0,1,1.0,1.0,1.0,1.1428571428571428,1.0476190476190477
91,2026-02-13,4,2,0,1,1.0,1.0,1.0,1.1428571428571428,1.0465116279069768
91,2026-02-14,5,2,1,2,1.0,0.0,1.0,1.0714285714285714,1.0454545454545454
91,2026-02-15,6,2,1,1,2.0,1.0,1.2857142857142858,1.0714285714285714,1.0666666666666667
91,2026-02-16,0,2,0,0,1.0,2.0,1.2857142857142858,1.0,1.065217391304348
91,2026-02-17,1,2,0,1,0.0,1.0,1.0,0.9285714285714286,1.0425531914893618
91,2026-02-18,2,2,0,1,1.0,1.0,1.0,1.0,1.0416666666666667
91,2026-02-19,3,2,0,1,1.0,1.0,1.0,1.0,1.0408163265306123
91,2026-02-20,4,2,0,1,1.0,1.0,1.0,1.0,1.04
91,2026-02-21,5,2,1,1,1.0,2.0,1.0,1.0,1.0392156862745099
91,2026-02-22,6,2,1,2,1.0,1.0,0.8571428571428571,1.0714285714285714,1.0384615384615385
91,2026-02-23,0,2,0,1,2.0,0.0,1.0,1.1428571428571428,1.0566037735849056
91,2026-02-24,1,2,0,0,1.0,1.0,1.1428571428571428,1.0714285714285714,1.0555555555555556
91,2026-02-25,2,2,0,1,0.0,1.0,1.0,1.0,1.0363636363636364
91,2026-02-26,3,2,0,1,1.0,1.0,1.0,1.0,1.0357142857142858
91,2026-02-27,4,2,0,1,1.0,1.0,1.0,1.0,1.0350877192982457
91,2026-02-28,5,2,1,1,1.0,1.0,1.0,1.0,1.0344827586206897
91,2026-03-01,6,3,1,2,1.0,2.0,1.0,0.9285714285714286,1.0338983050847457
91,2026-03-02,0,3,0,1,2.0,1.0,1.0,1.0,1.05
91,2026-03-03,1,3,0,2,1.0,0.0,1.0,1.0714285714285714,1.0491803278688525
91,2026-03-04,2,3,0,1,2.0,1.0,1.2857142857142858,1.1428571428571428,1.064516129032258
91,2026-03-05,3,3,0,1,1.0,1.0,1.2857142857142858,1.1428571428571428,1.0634920634920635
91,2026-03-06,4,3,0,1,1.0,1.0,1.2857142857142858,1.1428571428571428,1.0625
91,2026-03-07,5,3,1,1,1.0,1.0,1.2857142857142858,1.1428571428571428,1.0615384615384615
91,2026-03-08,6,3,1,2,1.0,2.0,1.2857142857142858,1.1428571428571428,1.0606060606060606
91,2026-03-09,0,3,0,1,2.0,1.0,1.2857142857142858,1.1428571428571428,1.0746268656716418
91,2026-03-10,1,3,0,2,1.0,2.0,1.2857142857142858,1.1428571428571428,1.0735294117647058
91,2026-03-11,2,3,0,0,2.0,1.0,1.2857142857142858,1.2857142857142858,1.0869565217391304
91,2026-03-12,3,3,0,1,0.0,1.0,1.1428571428571428,1.2142857142857142,1.0714285714285714
91,2026-03-13,4,3,0,1,1.0,1.0,1.1428571428571428,1.2142857142857142,1.0704225352112675
91,2026-03-14,5,3,1,1,1.0,1.0,1.1428571428571428,1.2142857142857142,1.0694444444444444
91,2026-03-15,6,3,1,1,1.0,2.0,1.1428571428571428,1.2142857142857142,1.0684931506849316
91,2026-03-16,0,3,0,1,1.0,1.0,1.0,1.1428571428571428,1.0675675675675675
91,2026-03-17,1,3,0,2,1.0,2.0,1.0,1.1428571428571428,1.0666666666666667
91,2026-03-18,2,3,0,2,2.0,0.0,1.0,1.1428571428571428,1.0789473684210527
91,2026-03-19,3,3,0,1,2.0,1.0,1.2857142857142858,1.2142857142857142,1.0909090909090908
91,2026-03-20,4,3,0,1,1.0,1.0,1.2857142857142858,1.2142857142857142,1.0897435897435896
91,2026-03-21,5,3,1,2,1.0,1.0,1.2857142857142858,1.2142857142857142,1.0886075949367089
91,2026-03-22,6,3,1,1,2.0,1.0,1.4285714285714286,1.2857142857142858,1.1
91,2026-03-23,0,3,0,1,1.0,1.0,1.4285714285714286,1.2142857142857142,1.0987654320987654
91,2026-03-24,1,3,0,2,1.0,2.0,1.4285714285714286,1.2142857142857142,1.0975609756097562
91,2026-03-25,2,3,0,1,2.0,2.0,1.4285714285714286,1.2142857142857142,1.108433734939759
91,2026-03-26,3,3,0,2,1.0,1.0,1.2857142857142858,1.2857142857142858,1.1071428571428572
91,2026-03-27,4,3,0,1,2.0,1.0,1.4285714285714286,1.3571428571428572,1.1176470588235294
91,2026-03-28,5,3,1,2,1.0,2.0,1.4285714285714286,1.3571428571428572,1.1162790697674418
91,2026-03-29,6,3,1,3,2.0,1.0,1.4285714285714286,1.4285714285714286,1.1264367816091954
91,2026-03-30,0,3,0,1,3.0,1.0,1.7142857142857142,1.5714285714285714,1.1477272727272727
91,2026-03-31,1,3,0,1,1.0,2.0,1.7142857142857142,1.5714285714285714,1.146067415730337
91,2026-04-01,2,4,0,1,1.0,1.0,1.5714285714285714,1.5,1.1444444444444444
91,2026-04-02,3,4,0,1,1.0,2.0,1.5714285714285714,1.4285714285714286,1.1428571428571428
91,2026-04-03,4,4,0,1,1.0,1.0,1.4285714285714286,1.4285714285714286,1.141304347826087
91,2026-04-04,5,4,1,2,1.0,2.0,1.4285714285714286,1.4285714285714286,1.1397849462365592
91,2026-04-05,6,4,1,3,2.0,3.0,1.4285714285714286,1.4285714285714286,1.148936170212766
91,2026-04-06,0,4,0,1,3.0,1.0,1.4285714285714286,1.5714285714285714,1.168421052631579
91,2026-04-07,1,4,0,1,1.0,1.0,1.4285714285714286,1.5714285714285714,1.1666666666666667
91,2026-04-08,2,4,0,1,1.0,1.0,1.4285714285714286,1.5,1.1649484536082475
91,2026-04-09,3,4,0,2,1.0,1.0,1.4285714285714286,1.5,1.163265306122449
91,2026-04-10,4,4,0,2,2.0,1.0,1.5714285714285714,1.5,1.1717171717171717
91,2026-04-11,5,4,1,1,2.0,2.0,1.7142857142857142,1.5714285714285714,1.18
91,2026-04-12,6,4,1,1,1.0,3.0,1.5714285714285714,1.5,1.1782178217821782
91,2026-04-13,0,4,0,1,1.0,1.0,1.2857142857142858,1.3571428571428572,1.1764705882352942
91,2026-04-14,1,4,0,1,1.0,1.0,1.2857142857142858,1.3571428571428572,1.174757281553398
91,2026-04-15,2,4,0,2,1.0,1.0,1.2857142857142858,1.3571428571428572,1.1730769230769231
91,2026-04-16,3,4,0,2,2.0,2.0,1.4285714285714286,1.4285714285714286,1.180952380952381
91,2026-04-17,4,4,0,1,2.0,2.0,1.4285714285714286,1.5,1.1886792452830188
91,2026-04-18,5,4,1,2,1.0,1.0,1.2857142857142858,1.5,1.1869158878504673
91,2026-04-19,6,4,1,1,2.0,1.0,1.4285714285714286,1.5,1.1944444444444444
91,2026-04-20,0,4,0,2,1.0,1.0,1.4285714285714286,1.3571428571428572,1.1926605504587156
91,2026-04-21,1,4,0,2,2.0,1.0,1.5714285714285714,1.4285714285714286,1.2
91,2026-04-22,2,4,0,2,2.0,2.0,1.7142857142857142,1.5,1.2072072072072073
91,2026-04-23,3,4,0,1,2.0,2.0,1.7142857142857142,1.5714285714285714,1.2142857142857142
91,2026-04-24,4,4,0,1,1.0,1.0,1.5714285714285714,1.5,1.2123893805309736
91,2026-04-25,5,4,1,1,1.0,2.0,1.5714285714285714,1.4285714285714286,1.2105263157894737
91,2026-04-26,6,4,1,2,1.0,1.0,1.4285714285714286,1.4285714285714286,1.208695652173913
91,2026-04-27,0,4,0,1,2.0,2.0,1.5714285714285714,1.5,1.2155172413793103
91,2026-04-28,1,4,0,2,1.0,2.0,1.4285714285714286,1.5,1.2136752136752136
91,2026-04-29,2,4,0,1,2.0,2.0,1.4285714285714286,1.5714285714285714,1.2203389830508475
91,2026-04-30,3,4,0,1,1.0,1.0,1.2857142857142858,1.5,1.218487394957983
92,2026-01-15,3,1,0,6,5.0,5.0,5.285714285714286,5.142857142857143,5.142857142857143
92,2026-01-16,4,1,0,4,6.0,5.0,5.428571428571429,5.214285714285714,5.2
92,2026-01-17,5,1,1,5,4.0,5.0,5.285714285714286,5.214285714285714,5.125
92,2026-01-18,6,1,1,8,5.0,5.0,5.285714285714286,5.214285714285714,5.117647058823529
92,2026-01-19,0,1,0,4,8.0,7.0,5.714285714285714,5.357142857142857,5.277777777777778
92,2026-01-20,1,1,0,7,4.0,5.0,5.285714285714286,5.285714285714286,5.2105263157894735
92,2026-01-21,2,1,0,6,7.0,5.0,5.571428571428571,5.428571428571429,5.3
92,2026-01-22,3,1,0,4,6.0,6.0,5.714285714285714,5.5,5.333333333333333
92,2026-01-23,4,1,0,7,4.0,4.0,5.428571428571429,5.428571428571429,5.2727272727272725
92,2026-01-24,5,1,1,5,7.0,5.0,5.857142857142857,5.571428571428571,5.3478260869565215
92,2026-01-25,6,1,1,6,5.0,8.0,5.857142857142857,5.571428571428571,5.333333333333333
92,2026-01-26,0,1,0,6,6.0,4.0,5.571428571428571,5.642857142857143,5.36
92,2026-01-27,1,1,0,6,6.0,7.0,5.857142857142857,5.571428571428571,5.384615384615385
92,2026-01-28,2,1,0,6,6.0,6.0,5.714285714285714,5.642857142857143,5.407407407407407
92,2026-01-29,3,1,0,4,6.0,4.0,5.714285714285714,5.714285714285714,5.428571428571429
92,2026-01-30,4,1,0,6,4.0,7.0,5.714285714285714,5.571428571428571,5.379310344827586
92,2026-01-31,5,1,1,8,6.0,5.0,5.571428571428571,5.714285714285714,5.4
92,2026-02-01,6,2,1,7,8.0,6.0,6.0,5.928571428571429,5.483870967741935
92,2026-02-02,0,2,0,6,7.0,6.0,6.142857142857143,5.857142857142857,5.53125
92,2026-02-03,1,2,0,6,6.0,6.0,6.142857142857143,6.0,5.545454545454546
92,2026-02-04,2,2,0,7,6.0,6.0,6.142857142857143,5.928571428571429,5.5588235294117645
92,2026-02-05,3,2,0,5,7.0,4.0,6.285714285714286,6.0,5.6
92,2026-02-06,4,2,0,5,5.0,6.0,6.428571428571429,6.071428571428571,5.583333333333333
92,2026-02-07,5,2,1,5,5.0,8.0,6.285714285714286,5.928571428571429,5.5675675675675675
92,2026-02-08,6,2,1,9,5.0,7.0,5.857142857142857,5.928571428571429,5.552631578947368
92,2026-02-09,0,2,0,6,9.0,6.0,6.142857142857143,6.142857142857143,5.641025641025641
92,2026-02-10,1,2,0,7,6.0,6.0,6.142857142857143,6.142857142857143,5.65
92,2026-02-11,2,2,0,6,7.0,7.0,6.285714285714286,6.214285714285714,5.682926829268292
92,2026-02-12,3,2,0,4,6.0,5.0,6.142857142857143,6.214285714285714,5.690476190476191
92,2026-02-13,4,2,0,8,4.0,5.0,6.0,6.214285714285714,5.651162790697675
92,2026-02-14,5,2,1,8,8.0,5.0,6.428571428571429,6.357142857142857,5.704545454545454
92,2026-02-15,6,2,1,8,8.0,9.0,6.857142857142857,6.357142857142857,5.7555555555555555
92,2026-02-16,0,2,0,6,8.0,6.0,6.714285714285714,6.428571428571429,5.804347826086956
92,2026-02-17,1,2,0,6,6.0,7.0,6.714285714285714,6.428571428571429,5.808510638297872
92,2026-02-18,2,2,0,6,6.0,6.0,6.571428571428571,6.428571428571429,5.8125
92,2026-02-19,3,2,0,6,6.0,4.0,6.571428571428571,6.357142857142857,5.816326530612245
92,2026-02-20,4,2,0,4,6.0,8.0,6.857142857142857,6.428571428571429,5.82
92,2026-02-21,5,2,1,7,4.0,8.0,6.285714285714286,6.357142857142857,5.784313725490196
92,2026-02-22,6,2,1,8,7.0,8.0,6.142857142857143,6.5,5.8076923076923075
92,2026-02-23,0,2,0,7,8.0,6.0,6.142857142857143,6.428571428571429,5.849056603773585
92,2026-02-24,1,2,0,7,7.0,6.0,6.285714285714286,6.5,5.87037037037037
92,2026-02-25,2,2,0,6,7.0,6.0,6.428571428571429,6.5,5.890909090909091
92,2026-02-26,3,2,0,5,6.0,6.0,6.428571428571429,6.5,5.892857142857143
92,2026-02-27,4,2,0,5,5.0,4.0,6.285714285714286,6.571428571428571,5.87719298245614
92,2026-02-28,5,2,1,7,5.0,7.0,6.428571428571429,6.357142857142857,5.862068965517241
92,2026-03-01,6,3,1,6,7.0,8.0,6.428571428571429,6.285714285714286,5.88135593220339
92,2026-03-02,0,3,0,8,6.0,7.0,6.142857142857143,6.142857142857143,5.883333333333334
92,2026-03-03,1,3,0,4,8.0,7.0,6.285714285714286,6.285714285714286,5.918032786885246
92,2026-03-04,2,3,0,5,4.0,6.0,5.857142857142857,6.142857142857143,5.887096774193548
92,2026-03-05,3,3,0,8,5.0,5.0,5.714285714285714,6.071428571428571,5.873015873015873
92,2026-03-06,4,3,0,7,8.0,5.0,6.142857142857143,6.214285714285714,5.90625
92,2026-03-07,5,3,1,6,7.0,7.0,6.428571428571429,6.428571428571429,5.923076923076923
92,2026-03-08,6,3,1,8,6.0,6.0,6.285714285714286,6.357142857142857,5.924242424242424
92,2026-03-09,0,3,0,5,8.0,8.0,6.571428571428571,6.357142857142857,5.955223880597015
92,2026-03-10,1,3,0,6,5.0,4.0,6.142857142857143,6.214285714285714,5.9411764705882355
92,2026-03-11,2,3,0,7,6.0,5.0,6.428571428571429,6.142857142857143,5.942028985507246
92,2026-03-12,3,3,0,5,7.0,8.0,6.714285714285714,6.214285714285714,5.957142857142857
92,2026-03-13,4,3,0,6,5.0,7.0,6.285714285714286,6.214285714285714,5.943661971830986
92,2026-03-14,5,3,1,7,6.0,6.0,6.142857142857143,6.285714285714286,5.944444444444445
92,2026-03-15,6,3,1,8,7.0,8.0,6.285714285714286,6.285714285714286,5.958904109589041
92,2026-03-16,0,3,0,7,8.0,5.0,6.285714285714286,6.428571428571429,5.986486486486487
92,2026-03-17,1,3,0,6,7.0,6.0,6.571428571428571,6.357142857142857,6.0
92,2026-03-18,2,3,0,6,6.0,7.0,6.571428571428571,6.5,6.0
92,2026-03-19,3,3,0,6,6.0,5.0,6.428571428571429,6.571428571428571,6.0
92,2026-03-20,4,3,0,6,6.0,6.0,6.571428571428571,6.428571428571429,6.0
92,2026-03-21,5,3,1,8,6.0,7.0,6.571428571428571,6.357142857142857,6.0
92,2026-03-22,6,3,1,8,8.0,8.0,6.714285714285714,6.5,6.025
92,2026-03-23,0,3,0,5,8.0,7.0,6.714285714285714,6.5,6.049382716049383
92,2026-03-24,1,3,0,5,5.0,6.0,6.428571428571429,6.5,6.036585365853658
92,2026-03-25,2,3,0,6,5.0,6.0,6.285714285714286,6.428571428571429,6.024096385542169
92,2026-03-26,3,3,0,5,6.0,6.0,6.285714285714286,6.357142857142857,6.023809523809524
92,2026-03-27,4,3,0,6,5.0,6.0,6.142857142857143,6.357142857142857,6.011764705882353
92,2026-03-28,5,3,1,8,6.0,8.0,6.142857142857143,6.357142857142857,6.011627906976744
92,2026-03-29,6,3,1,9,8.0,8.0,6.142857142857143,6.428571428571429,6.0344827586206895
92,2026-03-30,0,3,0,9,9.0,5.0,6.285714285714286,6.5,6.068181818181818
92,2026-03-31,1,3,0,8,9.0,5.0,6.857142857142857,6.642857142857143,6.101123595505618
92,2026-04-01,2,4,0,7,8.0,6.0,7.285714285714286,6.785714285714286,6.122222222222222
92,2026-04-02,3,4,0,6,7.0,5.0,7.428571428571429,6.857142857142857,6.131868131868132
92,2026-04-03,4,4,0,5,6.0,6.0,7.571428571428571,6.857142857142857,6.130434782608695
92,2026-04-04,5,4,1,8,5.0,8.0,7.428571428571429,6.785714285714286,6.118279569892473
92,2026-04-05,6,4,1,8,8.0,9.0,7.428571428571429,6.785714285714286,6.138297872340425
92,2026-04-06,0,4,0,6,8.0,9.0,7.285714285714286,6.785714285714286,6.157894736842105
92,2026-04-07,1,4,0,4,6.0,8.0,6.857142857142857,6.857142857142857,6.15625
92,2026-04-08,2,4,0,6,4.0,7.0,6.285714285714286,6.785714285714286,6.134020618556701
92,2026-04-09,3,4,0,7,6.0,6.0,6.142857142857143,6.785714285714286,6.13265306122449
92,2026-04-10,4,4,0,7,7.0,5.0,6.285714285714286,6.928571428571429,6.141414141414141
92,2026-04-11,5,4,1,7,7.0,8.0,6.571428571428571,7.0,6.15
92,2026-04-12,6,4,1,10,7.0,8.0,6.428571428571429,6.928571428571429,6.158415841584159
92,2026-04-13,0,4,0,6,10.0,6.0,6.714285714285714,7.0,6.196078431372549
92,2026-04-14,1,4,0,8,6.0,4.0,6.714285714285714,6.785714285714286,6.194174757281553
92,2026-04-15,2,4,0,7,8.0,6.0,7.285714285714286,6.785714285714286,6.211538461538462
92,2026-04-16,3,4,0,4,7.0,7.0,7.428571428571429,6.785714285714286,6.219047619047619
92,2026-04-17,4,4,0,7,4.0,7.0,7.0,6.642857142857143,6.19811320754717
92,2026-04-18,5,4,1,6,7.0,7.0,7.0,6.785714285714286,6.205607476635514
92,2026-04-19,6,4,1,8,6.0,10.0,6.857142857142857,6.642857142857143,6.203703703703703
92,2026-04-20,0,4,0,8,8.0,6.0,6.571428571428571,6.642857142857143,6.220183486238532
92,2026-04-21,1,4,0,6,8.0,8.0,6.857142857142857,6.785714285714286,6.236363636363636
92,2026-04-22,2,4,0,5,6.0,7.0,6.571428571428571,6.928571428571429,6.2342342342342345
92,2026-04-23,3,4,0,9,5.0,4.0,6.285714285714286,6.857142857142857,6.223214285714286
92,2026-04-24,4,4,0,6,9.0,7.0,7.0,7.0,6.247787610619469
92,2026-04-25,5,4,1,9,6.0,6.0,6.857142857142857,6.928571428571429,6.245614035087719
92,2026-04-26,6,4,1,7,9.0,8.0,7.285714285714286,7.071428571428571,6.269565217391304
92,2026-04-27,0,4,0,8,7.0,8.0,7.142857142857143,6.857142857142857,6.275862068965517
92,2026-04-28,1,4,0,8,8.0,6.0,7.142857142857143,7.0,6.2905982905982905
92,2026-04-29,2,4,0,6,8.0,5.0,7.428571428571429,7.0,6.305084745762712
92,2026-04-30,3,4,0,7,6.0,9.0,7.571428571428571,6.928571428571429,6.302521008403361
93,2026-01-15,3,1,0,6,3.0,4.0,3.857142857142857,4.0,4.0
93,2026-01-16,4,1,0,6,6.0,4.0,4.142857142857143,4.142857142857143,4.133333333333334
93,2026-01-17,5,1,1,5,6.0,4.0,4.428571428571429,4.357142857142857,4.25
93,2026-01-18,6,1,1,4,5.0,4.0,4.571428571428571,4.428571428571429,4.294117647058823
93,2026-01-19,0,1,0,4,4.0,4.0,4.571428571428571,4.357142857142857,4.277777777777778
93,2026-01-20,1,1,0,4,4.0,4.0,4.571428571428571,4.285714285714286,4.2631578947368425
93,2026-01-21,2,1,0,3,4.0,3.0,4.571428571428571,4.285714285714286,4.25
93,2026-01-22,3,1,0,4,3.0,6.0,4.571428571428571,4.214285714285714,4.190476190476191
93,2026-01-23,4,1,0,4,4.0,6.0,4.285714285714286,4.214285714285714,4.181818181818182
93,2026-01-24,5,1,1,4,4.0,5.0,4.0,4.214285714285714,4.173913043478261
93,2026-01-25,6,1,1,4,4.0,4.0,3.857142857142857,4.214285714285714,4.166666666666667
93,2026-01-26,0,1,0,5,4.0,4.0,3.857142857142857,4.214285714285714,4.16
93,2026-01-27,1,1,0,3,5.0,4.0,4.0,4.285714285714286,4.1923076923076925
93,2026-01-28,2,1,0,6,3.0,3.0,3.857142857142857,4.214285714285714,4.148148148148148
93,2026-01-29,3,1,0,5,6.0,4.0,4.285714285714286,4.428571428571429,4.214285714285714
93,2026-01-30,4,1,0,4,5.0,4.0,4.428571428571429,4.357142857142857,4.241379310344827
93,2026-01-31,5,1,1,4,4.0,4.0,4.428571428571429,4.214285714285714,4.233333333333333
93,2026-02-01,6,2,1,5,4.0,4.0,4.428571428571429,4.142857142857143,4.225806451612903
93,2026-02-02,0,2,0,5,5.0,5.0,4.571428571428571,4.214285714285714,4.25
93,2026-02-03,1,2,0,6,5.0,3.0,4.571428571428571,4.285714285714286,4.2727272727272725
93,2026-02-04,2,2,0,4,6.0,6.0,5.0,4.428571428571429,4.323529411764706
93,2026-02-05,3,2,0,4,4.0,5.0,4.714285714285714,4.5,4.314285714285714
93,2026-02-06,4,2,0,4,4.0,4.0,4.571428571428571,4.5,4.305555555555555
93,2026-02-07,5,2,1,4,4.0,4.0,4.571428571428571,4.5,4.297297297297297
93,2026-02-08,6,2,1,5,4.0,5.0,4.571428571428571,4.5,4.2894736842105265
93,2026-02-09,0,2,0,4,5.0,5.0,4.571428571428571,4.571428571428571,4.3076923076923075
93,2026-02-10,1,2,0,5,4.0,6.0,4.428571428571429,4.5,4.3
93,2026-02-11,2,2,0,4,5.0,4.0,4.285714285714286,4.642857142857143,4.317073170731708
93,2026-02-12,3,2,0,5,4.0,4.0,4.285714285714286,4.5,4.309523809523809
93,2026-02-13,4,2,0,3,5.0,4.0,4.428571428571429,4.5,4.325581395348837
93,2026-02-14,5,2,1,5,3.0,4.0,4.285714285714286,4.428571428571429,4.295454545454546
93,2026-02-15,6,2,1,7,5.0,5.0,4.428571428571429,4.5,4.311111111111111
93,2026-02-16,0,2,0,4,7.0,4.0,4.714285714285714,4.642857142857143,4.369565217391305
93,2026-02-17,1,2,0,4,4.0,5.0,4.714285714285714,4.571428571428571,4.361702127659575
93,2026-02-18,2,2,0,4,4.0,4.0,4.571428571428571,4.428571428571429,4.354166666666667
93,2026-02-19,3,2,0,5,4.0,5.0,4.571428571428571,4.428571428571429,4.346938775510204
93,2026-02-20,4,2,0,6,5.0,3.0,4.571428571428571,4.5,4.36
93,2026-02-21,5,2,1,4,6.0,5.0,5.0,4.642857142857143,4.392156862745098
93,2026-02-22,6,2,1,5,4.0,7.0,4.857142857142857,4.642857142857143,4.384615384615385
93,2026-02-23,0,2,0,4,5.0,4.0,4.571428571428571,4.642857142857143,4.39622641509434
93,2026-02-24,1,2,0,5,4.0,4.0,4.571428571428571,4.642857142857143,4.388888888888889
93,2026-02-25,2,2,0,4,5.0,4.0,4.714285714285714,4.642857142857143,4.4
93,2026-02-26,3,2,0,5,4.0,5.0,4.714285714285714,4.642857142857143,4.392857142857143
93,2026-02-27,4,2,0,5,5.0,6.0,4.714285714285714,4.642857142857143,4.4035087719298245
93,2026-02-28,5,2,1,6,5.0,4.0,4.571428571428571,4.785714285714286,4.413793103448276
93,2026-03-01,6,3,1,6,6.0,5.0,4.857142857142857,4.857142857142857,4.440677966101695
93,2026-03-02,0,3,0,6,6.0,4.0,5.0,4.785714285714286,4.466666666666667
93,2026-03-03,1,3,0,4,6.0,5.0,5.285714285714286,4.928571428571429,4.491803278688525
93,2026-03-04,2,3,0,4,4.0,4.0,5.142857142857143,4.928571428571429,4.483870967741935
93,2026-03-05,3,3,0,5,4.0,5.0,5.142857142857143,4.928571428571429,4.476190476190476
93,2026-03-06,4,3,0,5,5.0,5.0,5.142857142857143,4.928571428571429,4.484375
93,2026-03-07,5,3,1,6,5.0,6.0,5.142857142857143,4.857142857142857,4.492307692307692
93,2026-03-08,6,3,1,6,6.0,6.0,5.142857142857143,5.0,4.515151515151516
93,2026-03-09,0,3,0,4,6.0,6.0,5.142857142857143,5.071428571428571,4.537313432835821
93,2026-03-10,1,3,0,5,4.0,4.0,4.857142857142857,5.071428571428571,4.529411764705882
93,2026-03-11,2,3,0,5,5.0,4.0,5.0,5.071428571428571,4.536231884057971
93,2026-03-12,3,3,0,5,5.0,5.0,5.142857142857143,5.142857142857143,4.542857142857143
93,2026-03-13,4,3,0,7,5.0,5.0,5.142857142857143,5.142857142857143,4.549295774647887
93,2026-03-14,5,3,1,5,7.0,6.0,5.428571428571429,5.285714285714286,4.583333333333333
93,2026-03-15,6,3,1,6,5.0,6.0,5.285714285714286,5.214285714285714,4.589041095890411
93,2026-03-16,0,3,0,4,6.0,4.0,5.285714285714286,5.214285714285714,4.608108108108108
93,2026-03-17,1,3,0,5,4.0,5.0,5.285714285714286,5.071428571428571,4.6
93,2026-03-18,2,3,0,5,5.0,5.0,5.285714285714286,5.142857142857143,4.605263157894737
93,2026-03-19,3,3,0,5,5.0,5.0,5.285714285714286,5.214285714285714,4.6103896103896105
93,2026-03-20,4,3,0,5,5.0,7.0,5.285714285714286,5.214285714285714,4.615384615384615
93,2026-03-21,5,3,1,5,5.0,5.0,5.0,5.214285714285714,4.620253164556962
93,2026-03-22,6,3,1,5,5.0,6.0,5.0,5.142857142857143,4.625
93,2026-03-23,0,3,0,6,5.0,4.0,4.857142857142857,5.071428571428571,4.62962962962963
93,2026-03-24,1,3,0,6,6.0,5.0,5.142857142857143,5.214285714285714,4.646341463414634
93,2026-03-25,2,3,0,7,6.0,5.0,5.285714285714286,5.285714285714286,4.662650602409639
93,2026-03-26,3,3,0,3,7.0,5.0,5.571428571428571,5.428571428571429,4.690476190476191
93,2026-03-27,4,3,0,4,3.0,5.0,5.285714285714286,5.285714285714286,4.670588235294118
93,2026-03-28,5,3,1,4,4.0,5.0,5.142857142857143,5.071428571428571,4.662790697674419
93,2026-03-29,6,3,1,6,4.0,5.0,5.0,5.0,4.655172413793103
93,2026-03-30,0,3,0,5,6.0,6.0,5.142857142857143,5.0,4.670454545454546
93,2026-03-31,1,3,0,4,5.0,6.0,5.0,5.071428571428571,4.674157303370786
93,2026-04-01,2,4,0,6,4.0,7.0,4.714285714285714,5.0,4.666666666666667
93,2026-04-02,3,4,0,4,6.0,3.0,4.571428571428571,5.071428571428571,4.681318681318682
93,2026-04-03,4,4,0,4,4.0,4.0,4.714285714285714,5.0,4.673913043478261
93,2026-04-04,5,4,1,5,4.0,4.0,4.714285714285714,4.928571428571429,4.666666666666667
93,2026-04-05,6,4,1,5,5.0,6.0,4.857142857142857,4.928571428571429,4.670212765957447
93,2026-04-06,0,4,0,5,5.0,5.0,4.714285714285714,4.928571428571429,4.673684210526316
93,2026-04-07,1,4,0,4,5.0,4.0,4.714285714285714,4.857142857142857,4.677083333333333
93,2026-04-08,2,4,0,5,4.0,6.0,4.714285714285714,4.714285714285714,4.670103092783505
93,2026-04-09,3,4,0,4,5.0,4.0,4.571428571428571,4.571428571428571,4.673469387755102
93,2026-04-10,4,4,0,4,4.0,4.0,4.571428571428571,4.642857142857143,4.666666666666667
93,2026-04-11,5,4,1,6,4.0,5.0,4.571428571428571,4.642857142857143,4.66
93,2026-04-12,6,4,1,5,6.0,5.0,4.714285714285714,4.785714285714286,4.673267326732673
93,2026-04-13,0,4,0,5,5.0,5.0,4.714285714285714,4.714285714285714,4.676470588235294
93,2026-04-14,1,4,0,6,5.0,4.0,4.714285714285714,4.714285714285714,4.679611650485437
93,2026-04-15,2,4,0,5,6.0,5.0,5.0,4.857142857142857,4.6923076923076925
93,2026-04-16,3,4,0,5,5.0,4.0,5.0,4.785714285714286,4.695238095238095
93,2026-04-17,4,4,0,5,5.0,4.0,5.142857142857143,4.857142857142857,4.69811320754717
93,2026-04-18,5,4,1,5,5.0,6.0,5.285714285714286,4.928571428571429,4.700934579439252
93,2026-04-19,6,4,1,5,5.0,5.0,5.142857142857143,4.928571428571429,4.703703703703703
93,2026-04-20,0,4,0,7,5.0,5.0,5.142857142857143,4.928571428571429,4.706422018348624
93,2026-04-21,1,4,0,4,7.0,6.0,5.428571428571429,5.071428571428571,4.7272727272727275
93,2026-04-22,2,4,0,5,4.0,5.0,5.142857142857143,5.071428571428571,4.7207207207207205
93,2026-04-23,3,4,0,4,5.0,5.0,5.142857142857143,5.071428571428571,4.723214285714286
93,2026-04-24,4,4,0,5,4.0,5.0,5.0,5.071428571428571,4.716814159292035
93,2026-04-25,5,4,1,8,5.0,5.0,5.0,5.142857142857143,4.719298245614035
93,2026-04-26,6,4,1,8,8.0,5.0,5.428571428571429,5.285714285714286,4.747826086956522
93,2026-04-27,0,4,0,6,8.0,7.0,5.857142857142857,5.5,4.775862068965517
93,2026-04-28,1,4,0,6,6.0,4.0,5.714285714285714,5.571428571428571,4.786324786324786
93,2026-04-29,2,4,0,5,6.0,5.0,6.0,5.571428571428571,4.796610169491525
93,2026-04-30,3,4,0,4,5.0,4.0,6.0,5.571428571428571,4.798319327731092
94,2026-01-15,3,1,0,17,12.0,14.0,13.714285714285714,13.0,13.0
94,2026-01-16,4,1,0,8,17.0,15.0,14.142857142857142,13.214285714285714,13.266666666666667
94,2026-01-17,5,1,1,15,8.0,11.0,13.142857142857142,12.785714285714286,12.9375
94,2026-01-18,6,1,1,21,15.0,16.0,13.714285714285714,13.214285714285714,13.058823529411764
94,2026-01-19,0,1,0,13,21.0,12.0,14.428571428571429,13.785714285714286,13.5
94,2026-01-20,1,1,0,12,13.0,16.0,14.571428571428571,13.928571428571429,13.473684210526315
94,2026-01-21,2,1,0,9,12.0,12.0,14.0,14.0,13.4
94,2026-01-22,3,1,0,18,9.0,17.0,13.571428571428571,13.642857142857142,13.19047619047619
94,2026-01-23,4,1,0,18,18.0,8.0,13.714285714285714,13.928571428571429,13.409090909090908
94,2026-01-24,5,1,1,18,18.0,15.0,15.142857142857142,14.142857142857142,13.608695652173912
94,2026-01-25,6,1,1,14,18.0,21.0,15.571428571428571,14.642857142857142,13.791666666666666
94,2026-01-26,0,1,0,14,14.0,13.0,14.571428571428571,14.5,13.8
94,2026-01-27,1,1,0,12,14.0,12.0,14.714285714285714,14.642857142857142,13.807692307692308
94,2026-01-28,2,1,0,15,12.0,9.0,14.714285714285714,14.357142857142858,13.74074074074074
94,2026-01-29,3,1,0,17,15.0,18.0,15.571428571428571,14.571428571428571,13.785714285714286
94,2026-01-30,4,1,0,13,17.0,18.0,15.428571428571429,14.571428571428571,13.89655172413793
94,2026-01-31,5,1,1,15,13.0,18.0,14.714285714285714,14.928571428571429,13.866666666666667
94,2026-02-01,6,2,1,13,15.0,14.0,14.285714285714286,14.928571428571429,13.903225806451612
94,2026-02-02,0,2,0,11,13.0,14.0,14.142857142857142,14.357142857142858,13.875
94,2026-02-03,1,2,0,15,11.0,12.0,13.714285714285714,14.214285714285714,13.787878787878787
94,2026-02-04,2,2,0,15,15.0,15.0,14.142857142857142,14.428571428571429,13.823529411764707
94,2026-02-05,3,2,0,12,15.0,17.0,14.142857142857142,14.857142857142858,13.857142857142858
94,2026-02-06,4,2,0,14,12.0,13.0,13.428571428571429,14.428571428571429,13.805555555555555
94,2026-02-07,5,2,1,19,14.0,15.0,13.571428571428571,14.142857142857142,13.81081081081081
94,2026-02-08,6,2,1,19,19.0,13.0,14.142857142857142,14.214285714285714,13.947368421052632
94,2026-02-09,0,2,0,15,19.0,11.0,15.0,14.571428571428571,14.076923076923077
94,2026-02-10,1,2,0,15,15.0,15.0,15.571428571428571,14.642857142857142,14.1
94,2026-02-11,2,2,0,13,15.0,15.0,15.571428571428571,14.857142857142858,14.121951219512194
94,2026-02-12,3,2,0,15,13.0,12.0,15.285714285714286,14.714285714285714,14.095238095238095
94,2026-02-13,4,2,0,16,15.0,14.0,15.714285714285714,14.571428571428571,14.116279069767442
94,2026-02-14,5,2,1,14,16.0,19.0,16.0,14.785714285714286,14.159090909090908
94,2026-02-15,6,2,1,20,14.0,19.0,15.285714285714286,14.714285714285714,14.155555555555555
94,2026-02-16,0,2,0,13,20.0,15.0,15.428571428571429,15.214285714285714,14.282608695652174
94,2026-02-17,1,2,0,10,13.0,15.0,15.142857142857142,15.357142857142858,14.25531914893617
94,2026-02-18,2,2,0,14,10.0,13.0,14.428571428571429,15.0,14.166666666666666
94,2026-02-19,3,2,0,18,14.0,15.0,14.571428571428571,14.928571428571429,14.16326530612245
94,2026-02-20,4,2,0,19,18.0,16.0,15.0,15.357142857142858,14.24
94,2026-02-21,5,2,1,19,19.0,14.0,15.428571428571429,15.714285714285714,14.333333333333334
94,2026-02-22,6,2,1,23,19.0,20.0,16.142857142857142,15.714285714285714,14.423076923076923
94,2026-02-23,0,2,0,14,23.0,13.0,16.571428571428573,16.0,14.584905660377359
94,2026-02-24,1,2,0,17,14.0,10.0,16.714285714285715,15.928571428571429,14.574074074074074
94,2026-02-25,2,2,0,11,17.0,14.0,17.714285714285715,16.071428571428573,14.618181818181819
94,2026-02-26,3,2,0,15,11.0,18.0,17.285714285714285,15.928571428571429,14.553571428571429
94,2026-02-27,4,2,0,17,15.0,19.0,16.857142857142858,15.928571428571429,14.56140350877193
94,2026-02-28,5,2,1,17,17.0,19.0,16.571428571428573,16.0,14.60344827586207
94,2026-03-01,6,3,1,15,17.0,23.0,16.285714285714285,16.214285714285715,14.64406779661017
94,2026-03-02,0,3,0,21,15.0,14.0,15.142857142857142,15.857142857142858,14.65
94,2026-03-03,1,3,0,12,21.0,17.0,16.142857142857142,16.428571428571427,14.754098360655737
94,2026-03-04,2,3,0,13,12.0,11.0,15.428571428571429,16.571428571428573,14.709677419354838
94,2026-03-05,3,3,0,17,13.0,15.0,15.714285714285714,16.5,14.682539682539682
94,2026-03-06,4,3,0,12,17.0,17.0,16.0,16.428571428571427,14.71875
94,2026-03-07,5,3,1,23,12.0,17.0,15.285714285714286,15.928571428571429,14.676923076923076
94,2026-03-08,6,3,1,20,23.0,15.0,16.142857142857142,16.214285714285715,14.803030303030303
94,2026-03-09,0,3,0,18,20.0,21.0,16.857142857142858,16.0,14.880597014925373
94,2026-03-10,1,3,0,23,18.0,12.0,16.428571428571427,16.285714285714285,14.926470588235293
94,2026-03-11,2,3,0,18,23.0,13.0,18.0,16.714285714285715,15.043478260869565
94,2026-03-12,3,3,0,21,18.0,17.0,18.714285714285715,17.214285714285715,15.085714285714285
94,2026-03-13,4,3,0,18,21.0,12.0,19.285714285714285,17.642857142857142,15.169014084507042
94,2026-03-14,5,3,1,22,18.0,23.0,20.142857142857142,17.714285714285715,15.208333333333334
94,2026-03-15,6,3,1,19,22.0,20.0,20.0,18.071428571428573,15.301369863013699
94,2026-03-16,0,3,0,10,19.0,18.0,19.857142857142858,18.357142857142858,15.35135135135135
94,2026-03-17,1,3,0,18,10.0,23.0,18.714285714285715,17.571428571428573,15.28
94,2026-03-18,2,3,0,11,18.0,18.0,18.0,18.0,15.31578947368421
94,2026-03-19,3,3,0,14,11.0,21.0,17.0,17.857142857142858,15.25974025974026
94,2026-03-20,4,3,0,13,14.0,18.0,16.0,17.642857142857142,15.243589743589743
94,2026-03-21,5,3,1,20,13.0,22.0,15.285714285714286,17.714285714285715,15.215189873417721
94,2026-03-22,6,3,1,19,20.0,19.0,15.0,17.5,15.275
94,2026-03-23,0,3,0,18,19.0,10.0,15.0,17.428571428571427,15.320987654320987
94,2026-03-24,1,3,0,14,18.0,18.0,16.142857142857142,17.428571428571427,15.353658536585366
94,2026-03-25,2,3,0,8,14.0,11.0,15.571428571428571,16.785714285714285,15.337349397590362
94,2026-03-26,3,3,0,14,8.0,14.0,15.142857142857142,16.071428571428573,15.25
94,2026-03-27,4,3,0,19,14.0,13.0,15.142857142857142,15.571428571428571,15.235294117647058
94,2026-03-28,5,3,1,17,19.0,20.0,16.0,15.642857142857142,15.279069767441861
94,2026-03-29,6,3,1,19,17.0,19.0,15.571428571428571,15.285714285714286,15.298850574712644
94,2026-03-30,0,3,0,20,19.0,18.0,15.571428571428571,15.285714285714286,15.340909090909092
94,2026-03-31,1,3,0,16,20.0,14.0,15.857142857142858,16.0,15.393258426966293
94,2026-04-01,2,4,0,20,16.0,8.0,16.142857142857142,15.857142857142858,15.4
94,2026-04-02,3,4,0,16,20.0,14.0,17.857142857142858,16.5,15.45054945054945
94,2026-04-03,4,4,0,11,16.0,19.0,18.142857142857142,16.642857142857142,15.456521739130435
94,2026-04-04,5,4,1,20,11.0,17.0,17.0,16.5,15.408602150537634
94,2026-04-05,6,4,1,19,20.0,19.0,17.428571428571427,16.5,15.457446808510639
94,2026-04-06,0,4,0,17,19.0,20.0,17.428571428571427,16.5,15.494736842105263
94,2026-04-07,1,4,0,16,17.0,16.0,17.0,16.428571428571427,15.510416666666666
94,2026-04-08,2,4,0,18,16.0,20.0,17.0,16.571428571428573,15.515463917525773
94,2026-04-09,3,4,0,21,18.0,16.0,16.714285714285715,17.285714285714285,15.540816326530612
94,2026-04-10,4,4,0,19,21.0,11.0,17.428571428571427,17.785714285714285,15.595959595959595
94,2026-04-11,5,4,1,22,19.0,20.0,18.571428571428573,17.785714285714285,15.63
94,2026-04-12,6,4,1,20,22.0,19.0,18.857142857142858,18.142857142857142,15.693069306930694
94,2026-04-13,0,4,0,17,20.0,17.0,19.0,18.214285714285715,15.735294117647058
94,2026-04-14,1,4,0,18,17.0,16.0,19.0,18.0,15.74757281553398
94,2026-04-15,2,4,0,18,18.0,18.0,19.285714285714285,18.142857142857142,15.76923076923077
94,2026-04-16,3,4,0,24,18.0,21.0,19.285714285714285,18.0,15.790476190476191
94,2026-04-17,4,4,0,21,24.0,19.0,19.714285714285715,18.571428571428573,15.867924528301886
94,2026-04-18,5,4,1,23,21.0,22.0,20.0,19.285714285714285,15.91588785046729
94,2026-04-19,6,4,1,22,23.0,20.0,20.142857142857142,19.5,15.981481481481481
94,2026-04-20,0,4,0,23,22.0,17.0,20.428571428571427,19.714285714285715,16.03669724770642
94,2026-04-21,1,4,0,19,23.0,18.0,21.285714285714285,20.142857142857142,16.1
94,2026-04-22,2,4,0,13,19.0,18.0,21.428571428571427,20.357142857142858,16.126126126126128
94,2026-04-23,3,4,0,21,13.0,24.0,20.714285714285715,20.0,16.098214285714285
94,2026-04-24,4,4,0,14,21.0,21.0,20.285714285714285,20.0,16.141592920353983
94,2026-04-25,5,4,1,18,14.0,23.0,19.285714285714285,19.642857142857142,16.12280701754386
94,2026-04-26,6,4,1,22,18.0,22.0,18.571428571428573,19.357142857142858,16.139130434782608
94,2026-04-27,0,4,0,18,22.0,23.0,18.571428571428573,19.5,16.189655172413794
94,2026-04-28,1,4,0,14,18.0,19.0,17.857142857142858,19.571428571428573,16.205128205128204
94,2026-04-29,2,4,0,22,14.0,13.0,17.142857142857142,19.285714285714285,16.1864406779661
94,2026-04-30,3,4,0,17,22.0,21.0,18.428571428571427,19.571428571428573,16.235294117647058
95,2026-01-15,3,1,0,38,30.0,27.0,33.0,29.214285714285715,29.214285714285715
95,2026-01-16,4,1,0,24,38.0,22.0,34.57142857142857,31.071428571428573,29.8
95,2026-01-17,5,1,1,33,24.0,40.0,34.857142857142854,31.214285714285715,29.4375
95,2026-01-18,6,1,1,35,33.0,36.0,33.857142857142854,31.571428571428573,29.647058823529413
95,2026-01-19,0,1,0,19,35.0,42.0,33.714285714285715,31.428571428571427,29.944444444444443
95,2026-01-20,1,1,0,25,19.0,34.0,30.428571428571427,31.0,29.36842105263158
95,2026-01-21,2,1,0,29,25.0,30.0,29.142857142857142,30.714285714285715,29.15
95,2026-01-22,3,1,0,34,29.0,38.0,29.0,31.0,29.142857142857142
95,2026-01-23,4,1,0,27,34.0,24.0,28.428571428571427,31.5,29.363636363636363
95,2026-01-24,5,1,1,35,27.0,33.0,28.857142857142858,31.857142857142858,29.26086956521739
95,2026-01-25,6,1,1,44,35.0,35.0,29.142857142857142,31.5,29.5
95,2026-01-26,0,1,0,22,44.0,19.0,30.428571428571427,32.07142857142857,30.08
95,2026-01-27,1,1,0,34,22.0,25.0,30.857142857142858,30.642857142857142,29.76923076923077
95,2026-01-28,2,1,0,28,34.0,29.0,32.142857142857146,30.642857142857142,29.925925925925927
95,2026-01-29,3,1,0,38,28.0,34.0,32.0,30.5,29.857142857142858
95,2026-01-30,4,1,0,24,38.0,27.0,32.57142857142857,30.5,30.137931034482758
95,2026-01-31,5,1,1,41,24.0,35.0,32.142857142857146,30.5,29.933333333333334
95,2026-02-01,6,2,1,30,41.0,44.0,33.0,31.071428571428573,30.29032258064516
95,2026-02-02,0,2,0,29,30.0,22.0,31.0,30.714285714285715,30.28125
95,2026-02-03,1,2,0,31,29.0,34.0,32.0,31.428571428571427,30.242424242424242
95,2026-02-04,2,2,0,29,31.0,28.0,31.571428571428573,31.857142857142858,30.264705882352942
95,2026-02-05,3,2,0,30,29.0,38.0,31.714285714285715,31.857142857142858,30.228571428571428
95,2026-02-06,4,2,0,34,30.0,24.0,30.571428571428573,31.571428571428573,30.22222222222222
95,2026-02-07,5,2,1,35,34.0,41.0,32.0,32.07142857142857,30.324324324324323
95,2026-02-08,6,2,1,43,35.0,30.0,31.142857142857142,32.07142857142857,30.44736842105263
95,2026-02-09,0,2,0,25,43.0,29.0,33.0,32.0,30.76923076923077
95,2026-02-10,1,2,0,25,25.0,31.0,32.42857142857143,32.214285714285715,30.625
95,2026-02-11,2,2,0,21,25.0,29.0,31.571428571428573,31.571428571428573,30.48780487804878
95,2026-02-12,3,2,0,28,21.0,30.0,30.428571428571427,31.071428571428573,30.261904761904763
95,2026-02-13,4,2,0,42,28.0,34.0,30.142857142857142,30.357142857142858,30.209302325581394
95,2026-02-14,5,2,1,34,42.0,35.0,31.285714285714285,31.642857142857142,30.477272727272727
95,2026-02-15,6,2,1,34,34.0,43.0,31.142857142857142,31.142857142857142,30.555555555555557
95,2026-02-16,0,2,0,37,34.0,25.0,29.857142857142858,31.428571428571427,30.630434782608695
95,2026-02-17,1,2,0,33,37.0,25.0,31.571428571428573,32.0,30.76595744680851
95,2026-02-18,2,2,0,36,33.0,21.0,32.714285714285715,32.142857142857146,30.8125
95,2026-02-19,3,2,0,38,36.0,28.0,34.857142857142854,32.642857142857146,30.918367346938776
95,2026-02-20,4,2,0,34,38.0,42.0,36.285714285714285,33.214285714285715,31.06
95,2026-02-21,5,2,1,48,34.0,34.0,35.142857142857146,33.214285714285715,31.11764705882353
95,2026-02-22,6,2,1,46,48.0,34.0,37.142857142857146,34.142857142857146,31.442307692307693
95,2026-02-23,0,2,0,31,46.0,37.0,38.857142857142854,34.357142857142854,31.71698113207547
95,2026-02-24,1,2,0,33,31.0,33.0,38.0,34.785714285714285,31.703703703703702
95,2026-02-25,2,2,0,37,33.0,36.0,38.0,35.357142857142854,31.727272727272727
95,2026-02-26,3,2,0,40,37.0,38.0,38.142857142857146,36.5,31.821428571428573
95,2026-02-27,4,2,0,32,40.0,34.0,38.42857142857143,37.357142857142854,31.964912280701753
95,2026-02-28,5,2,1,30,32.0,48.0,38.142857142857146,36.642857142857146,31.96551724137931
95,2026-03-01,6,3,1,40,30.0,46.0,35.57142857142857,36.357142857142854,31.93220338983051
95,2026-03-02,0,3,0,34,40.0,31.0,34.714285714285715,36.785714285714285,32.06666666666667
95,2026-03-03,1,3,0,32,34.0,33.0,35.142857142857146,36.57142857142857,32.09836065573771
95,2026-03-04,2,3,0,44,32.0,37.0,35.0,36.5,32.096774193548384
95,2026-03-05,3,3,0,38,44.0,40.0,36.0,37.07142857142857,32.285714285714285
95,2026-03-06,4,3,0,35,38.0,32.0,35.714285714285715,37.07142857142857,32.375
95,2026-03-07,5,3,1,45,35.0,30.0,36.142857142857146,37.142857142857146,32.41538461538462
95,2026-03-08,6,3,1,37,45.0,40.0,38.285714285714285,36.92857142857143,32.60606060606061
95,2026-03-09,0,3,0,19,37.0,34.0,37.857142857142854,36.285714285714285,32.67164179104478
95,2026-03-10,1,3,0,33,19.0,32.0,35.714285714285715,35.42857142857143,32.470588235294116
95,2026-03-11,2,3,0,30,33.0,44.0,35.857142857142854,35.42857142857143,32.47826086956522
95,2026-03-12,3,3,0,43,30.0,38.0,33.857142857142854,34.92857142857143,32.44285714285714
95,2026-03-13,4,3,0,37,43.0,35.0,34.57142857142857,35.142857142857146,32.59154929577465
95,2026-03-14,5,3,1,45,37.0,45.0,34.857142857142854,35.5,32.65277777777778
95,2026-03-15,6,3,1,32,45.0,37.0,34.857142857142854,36.57142857142857,32.821917808219176
95,2026-03-16,0,3,0,36,32.0,19.0,34.142857142857146,36.0,32.810810810810814
95,2026-03-17,1,3,0,44,36.0,33.0,36.57142857142857,36.142857142857146,32.85333333333333
95,2026-03-18,2,3,0,27,44.0,30.0,38.142857142857146,37.0,33.0
95,2026-03-19,3,3,0,31,27.0,43.0,37.714285714285715,35.785714285714285,32.922077922077925
95,2026-03-20,4,3,0,37,31.0,37.0,36.0,35.285714285714285,32.8974358974359
95,2026-03-21,5,3,1,50,37.0,45.0,36.0,35.42857142857143,32.949367088607595
95,2026-03-22,6,3,1,48,50.0,32.0,36.714285714285715,35.785714285714285,33.1625
95,2026-03-23,0,3,0,39,48.0,36.0,39.0,36.57142857142857,33.34567901234568
95,2026-03-24,1,3,0,34,39.0,44.0,39.42857142857143,38.0,33.41463414634146
95,2026-03-25,2,3,0,39,34.0,27.0,38.0,38.07142857142857,33.42168674698795
95,2026-03-26,3,3,0,39,39.0,31.0,39.714285714285715,38.714285714285715,33.48809523809524
95,2026-03-27,4,3,0,43,39.0,37.0,40.857142857142854,38.42857142857143,33.55294117647059
95,2026-03-28,5,3,1,55,43.0,50.0,41.714285714285715,38.857142857142854,33.66279069767442
95,2026-03-29,6,3,1,49,55.0,48.0,42.42857142857143,39.57142857142857,33.9080459770115
95,2026-03-30,0,3,0,42,49.0,39.0,42.57142857142857,40.785714285714285,34.07954545454545
95,2026-03-31,1,3,0,34,42.0,34.0,43.0,41.214285714285715,34.168539325842694
95,2026-04-01,2,4,0,40,34.0,39.0,43.0,40.5,34.166666666666664
95,2026-04-02,3,4,0,33,40.0,39.0,43.142857142857146,41.42857142857143,34.23076923076923
95,2026-04-03,4,4,0,36,33.0,43.0,42.285714285714285,41.57142857142857,34.21739130434783
95,2026-04-04,5,4,1,34,36.0,55.0,41.285714285714285,41.5,34.236559139784944
95,2026-04-05,6,4,1,52,34.0,49.0,38.285714285714285,40.357142857142854,34.234042553191486
95,2026-04-06,0,4,0,32,52.0,42.0,38.714285714285715,40.642857142857146,34.421052631578945
95,2026-04-07,1,4,0,38,32.0,34.0,37.285714285714285,40.142857142857146,34.395833333333336
95,2026-04-08,2,4,0,40,38.0,40.0,37.857142857142854,40.42857142857143,34.43298969072165
95,2026-04-09,3,4,0,34,40.0,33.0,37.857142857142854,40.5,34.48979591836735
95,2026-04-10,4,4,0,34,34.0,36.0,38.0,40.142857142857146,34.484848484848484
95,2026-04-11,5,4,1,38,34.0,34.0,37.714285714285715,39.5,34.48
95,2026-04-12,6,4,1,52,38.0,52.0,38.285714285714285,38.285714285714285,34.51485148514851
95,2026-04-13,0,4,0,40,52.0,32.0,38.285714285714285,38.5,34.68627450980392
95,2026-04-14,1,4,0,34,40.0,38.0,39.42857142857143,38.357142857142854,34.737864077669904
95,2026-04-15,2,4,0,39,34.0,40.0,38.857142857142854,38.357142857142854,34.73076923076923
95,2026-04-16,3,4,0,47,39.0,34.0,38.714285714285715,38.285714285714285,34.77142857142857
95,2026-04-17,4,4,0,28,47.0,34.0,40.57142857142857,39.285714285714285,34.886792452830186
95,2026-04-18,5,4,1,51,28.0,38.0,39.714285714285715,38.714285714285715,34.822429906542055
95,2026-04-19,6,4,1,45,51.0,52.0,41.57142857142857,39.92857142857143,34.97222222222222
95,2026-04-20,0,4,0,40,45.0,40.0,40.57142857142857,39.42857142857143,35.06422018348624
95,2026-04-21,1,4,0,31,40.0,34.0,40.57142857142857,40.0,35.10909090909091
95,2026-04-22,2,4,0,41,31.0,39.0,40.142857142857146,39.5,35.072072072072075
95,2026-04-23,3,4,0,52,41.0,47.0,40.42857142857143,39.57142857142857,35.125
95,2026-04-24,4,4,0,43,52.0,28.0,41.142857142857146,40.857142857142854,35.27433628318584
95,2026-04-25,5,4,1,48,43.0,51.0,43.285714285714285,41.5,35.3421052631579
95,2026-04-26,6,4,1,46,48.0,45.0,42.857142857142854,42.214285714285715,35.45217391304348
95,2026-04-27,0,4,0,43,46.0,40.0,43.0,41.785714285714285,35.543103448275865
95,2026-04-28,1,4,0,34,43.0,31.0,43.42857142857143,42.0,35.60683760683761
95,2026-04-29,2,4,0,32,34.0,41.0,43.857142857142854,42.0,35.59322033898305
95,2026-04-30,3,4,0,34,32.0,52.0,42.57142857142857,41.5,35.563025210084035
96,2026-01-15,3,1,0,10,8.0,12.0,10.0,9.571428571428571,9.571428571428571
96,2026-01-16,4,1,0,10,10.0,10.0,9.714285714285714,9.857142857142858,9.6
96,2026-01-17,5,1,1,10,10.0,8.0,9.714285714285714,9.857142857142858,9.625
96,2026-01-18,6,1,1,12,10.0,12.0,10.0,9.642857142857142,9.647058823529411
96,2026-01-19,0,1,0,10,12.0,13.0,10.0,9.785714285714286,9.777777777777779
96,2026-01-20,1,1,0,10,10.0,7.0,9.571428571428571,9.928571428571429,9.789473684210526
96,2026-01-21,2,1,0,6,10.0,8.0,10.0,10.071428571428571,9.8
96,2026-01-22,3,1,0,11,6.0,10.0,9.714285714285714,9.857142857142858,9.619047619047619
96,2026-01-23,4,1,0,10,11.0,10.0,9.857142857142858,9.785714285714286,9.681818181818182
96,2026-01-24,5,1,1,9,10.0,10.0,9.857142857142858,9.785714285714286,9.695652173913043
96,2026-01-25,6,1,1,13,9.0,12.0,9.714285714285714,9.857142857142858,9.666666666666666
96,2026-01-26,0,1,0,9,13.0,10.0,9.857142857142858,9.928571428571429,9.8
96,2026-01-27,1,1,0,7,9.0,10.0,9.714285714285714,9.642857142857142,9.76923076923077
96,2026-01-28,2,1,0,8,7.0,6.0,9.285714285714286,9.642857142857142,9.666666666666666
96,2026-01-29,3,1,0,10,8.0,11.0,9.571428571428571,9.642857142857142,9.607142857142858
96,2026-01-30,4,1,0,6,10.0,10.0,9.428571428571429,9.642857142857142,9.620689655172415
96,2026-01-31,5,1,1,12,6.0,9.0,8.857142857142858,9.357142857142858,9.5
96,2026-02-01,6,2,1,13,12.0,13.0,9.285714285714286,9.5,9.580645161290322
96,2026-02-02,0,2,0,7,13.0,9.0,9.285714285714286,9.571428571428571,9.6875
96,2026-02-03,1,2,0,14,7.0,7.0,9.0,9.357142857142858,9.606060606060606
96,2026-02-04,2,2,0,8,14.0,8.0,10.0,9.642857142857142,9.735294117647058
96,2026-02-05,3,2,0,9,8.0,10.0,10.0,9.785714285714286,9.685714285714285
96,2026-02-06,4,2,0,12,9.0,6.0,9.857142857142858,9.642857142857142,9.666666666666666
96,2026-02-07,5,2,1,12,12.0,12.0,10.714285714285714,9.785714285714286,9.72972972972973
96,2026-02-08,6,2,1,10,12.0,13.0,10.714285714285714,10.0,9.789473684210526
96,2026-02-09,0,2,0,7,10.0,7.0,10.285714285714286,9.785714285714286,9.794871794871796
96,2026-02-10,1,2,0,11,7.0,14.0,10.285714285714286,9.642857142857142,9.725
96,2026-02-11,2,2,0,13,11.0,8.0,9.857142857142858,9.928571428571429,9.75609756097561
96,2026-02-12,3,2,0,8,13.0,9.0,10.571428571428571,10.285714285714286,9.833333333333334
96,2026-02-13,4,2,0,7,8.0,12.0,10.428571428571429,10.142857142857142,9.790697674418604
96,2026-02-14,5,2,1,13,7.0,12.0,9.714285714285714,10.214285714285714,9.727272727272727
96,2026-02-15,6,2,1,10,13.0,10.0,9.857142857142858,10.285714285714286,9.8
96,2026-02-16,0,2,0,12,10.0,7.0,9.857142857142858,10.071428571428571,9.804347826086957
96,2026-02-17,1,2,0,7,12.0,11.0,10.571428571428571,10.428571428571429,9.851063829787234
96,2026-02-18,2,2,0,9,7.0,13.0,10.0,9.928571428571429,9.791666666666666
96,2026-02-19,3,2,0,13,9.0,8.0,9.428571428571429,10.0,9.775510204081632
96,2026-02-20,4,2,0,8,13.0,7.0,10.142857142857142,10.285714285714286,9.84
96,2026-02-21,5,2,1,10,8.0,13.0,10.285714285714286,10.0,9.803921568627452
96,2026-02-22,6,2,1,15,10.0,10.0,9.857142857142858,9.857142857142858,9.807692307692308
96,2026-02-23,0,2,0,9,15.0,12.0,10.571428571428571,10.214285714285714,9.90566037735849
96,2026-02-24,1,2,0,10,9.0,7.0,10.142857142857142,10.357142857142858,9.88888888888889
96,2026-02-25,2,2,0,8,10.0,9.0,10.571428571428571,10.285714285714286,9.89090909090909
96,2026-02-26,3,2,0,12,8.0,13.0,10.428571428571429,9.928571428571429,9.857142857142858
96,2026-02-27,4,2,0,12,12.0,8.0,10.285714285714286,10.214285714285714,9.894736842105264
96,2026-02-28,5,2,1,12,12.0,10.0,10.857142857142858,10.571428571428571,9.931034482758621
96,2026-03-01,6,3,1,13,12.0,15.0,11.142857142857142,10.5,9.966101694915254
96,2026-03-02,0,3,0,10,13.0,9.0,10.857142857142858,10.714285714285714,10.016666666666667
96,2026-03-03,1,3,0,7,10.0,10.0,11.0,10.571428571428571,10.01639344262295
96,2026-03-04,2,3,0,11,7.0,8.0,10.571428571428571,10.571428571428571,9.96774193548387
96,2026-03-05,3,3,0,11,11.0,12.0,11.0,10.714285714285714,9.984126984126984
96,2026-03-06,4,3,0,7,11.0,12.0,10.857142857142858,10.571428571428571,10.0
96,2026-03-07,5,3,1,13,7.0,12.0,10.142857142857142,10.5,9.953846153846154
96,2026-03-08,6,3,1,14,13.0,13.0,10.285714285714286,10.714285714285714,10.0
96,2026-03-09,0,3,0,9,14.0,10.0,10.428571428571429,10.642857142857142,10.059701492537313
96,2026-03-10,1,3,0,8,9.0,7.0,10.285714285714286,10.642857142857142,10.044117647058824
96,2026-03-11,2,3,0,6,8.0,11.0,10.428571428571429,10.5,10.014492753623188
96,2026-03-12,3,3,0,13,6.0,11.0,9.714285714285714,10.357142857142858,9.957142857142857
96,2026-03-13,4,3,0,14,13.0,7.0,10.0,10.428571428571429,10.0
96,2026-03-14,5,3,1,14,14.0,13.0,11.0,10.571428571428571,10.055555555555555
96,2026-03-15,6,3,1,6,14.0,14.0,11.142857142857142,10.714285714285714,10.10958904109589
96,2026-03-16,0,3,0,10,6.0,9.0,10.0,10.214285714285714,10.054054054054054
96,2026-03-17,1,3,0,15,10.0,8.0,10.142857142857142,10.214285714285714,10.053333333333333
96,2026-03-18,2,3,0,11,15.0,6.0,11.142857142857142,10.785714285714286,10.118421052631579
96,2026-03-19,3,3,0,10,11.0,13.0,11.857142857142858,10.785714285714286,10.12987012987013
96,2026-03-20,4,3,0,13,10.0,14.0,11.428571428571429,10.714285714285714,10.128205128205128
96,2026-03-21,5,3,1,13,13.0,14.0,11.285714285714286,11.142857142857142,10.164556962025317
96,2026-03-22,6,3,1,11,13.0,6.0,11.142857142857142,11.142857142857142,10.2
96,2026-03-23,0,3,0,13,11.0,10.0,11.857142857142858,10.928571428571429,10.209876543209877
96,2026-03-24,1,3,0,11,13.0,15.0,12.285714285714286,11.214285714285714,10.24390243902439
96,2026-03-25,2,3,0,11,11.0,11.0,11.714285714285714,11.428571428571429,10.25301204819277
96,2026-03-26,3,3,0,12,11.0,10.0,11.714285714285714,11.785714285714286,10.261904761904763
96,2026-03-27,4,3,0,15,12.0,13.0,12.0,11.714285714285714,10.282352941176471
96,2026-03-28,5,3,1,16,15.0,13.0,12.285714285714286,11.785714285714286,10.337209302325581
96,2026-03-29,6,3,1,12,16.0,11.0,12.714285714285714,11.928571428571429,10.402298850574713
96,2026-03-30,0,3,0,12,12.0,13.0,12.857142857142858,12.357142857142858,10.420454545454545
96,2026-03-31,1,3,0,7,12.0,11.0,12.714285714285714,12.5,10.438202247191011
96,2026-04-01,2,4,0,14,7.0,11.0,12.142857142857142,11.928571428571429,10.4
96,2026-04-02,3,4,0,13,14.0,12.0,12.571428571428571,12.142857142857142,10.43956043956044
96,2026-04-03,4,4,0,13,13.0,15.0,12.714285714285714,12.357142857142858,10.467391304347826
96,2026-04-04,5,4,1,12,13.0,16.0,12.428571428571429,12.357142857142858,10.494623655913978
96,2026-04-05,6,4,1,12,12.0,12.0,11.857142857142858,12.285714285714286,10.51063829787234
96,2026-04-06,0,4,0,10,12.0,12.0,11.857142857142858,12.357142857142858,10.526315789473685
96,2026-04-07,1,4,0,10,10.0,7.0,11.571428571428571,12.142857142857142,10.520833333333334
96,2026-04-08,2,4,0,14,10.0,14.0,12.0,12.071428571428571,10.515463917525773
96,2026-04-09,3,4,0,11,14.0,13.0,12.0,12.285714285714286,10.551020408163266
96,2026-04-10,4,4,0,12,11.0,13.0,11.714285714285714,12.214285714285714,10.555555555555555
96,2026-04-11,5,4,1,8,12.0,12.0,11.571428571428571,12.0,10.57
96,2026-04-12,6,4,1,14,8.0,12.0,11.0,11.428571428571429,10.544554455445544
96,2026-04-13,0,4,0,11,14.0,10.0,11.285714285714286,11.571428571428571,10.57843137254902
96,2026-04-14,1,4,0,14,11.0,10.0,11.428571428571429,11.5,10.58252427184466
96,2026-04-15,2,4,0,12,14.0,14.0,12.0,12.0,10.615384615384615
96,2026-04-16,3,4,0,12,12.0,11.0,11.714285714285714,11.857142857142858,10.628571428571428
96,2026-04-17,4,4,0,12,12.0,12.0,11.857142857142858,11.785714285714286,10.641509433962264
96,2026-04-18,5,4,1,13,12.0,8.0,11.857142857142858,11.714285714285714,10.654205607476635
96,2026-04-19,6,4,1,14,13.0,14.0,12.571428571428571,11.785714285714286,10.675925925925926
96,2026-04-20,0,4,0,11,14.0,11.0,12.571428571428571,11.928571428571429,10.706422018348624
96,2026-04-21,1,4,0,12,11.0,14.0,12.571428571428571,12.0,10.709090909090909
96,2026-04-22,2,4,0,15,12.0,12.0,12.285714285714286,12.142857142857142,10.72072072072072
96,2026-04-23,3,4,0,6,15.0,12.0,12.714285714285714,12.214285714285714,10.758928571428571
96,2026-04-24,4,4,0,12,6.0,12.0,11.857142857142858,11.857142857142858,10.716814159292035
96,2026-04-25,5,4,1,15,12.0,13.0,11.857142857142858,11.857142857142858,10.728070175438596
96,2026-04-26,6,4,1,14,15.0,14.0,12.142857142857142,12.357142857142858,10.765217391304347
96,2026-04-27,0,4,0,12,14.0,11.0,12.142857142857142,12.357142857142858,10.793103448275861
96,2026-04-28,1,4,0,12,12.0,12.0,12.285714285714286,12.428571428571429,10.803418803418804
96,2026-04-29,2,4,0,10,12.0,15.0,12.285714285714286,12.285714285714286,10.813559322033898
96,2026-04-30,3,4,0,14,10.0,6.0,11.571428571428571,12.142857142857142,10.806722689075631
97,2026-01-15,3,1,0,17,25.0,26.0,30.0,29.571428571428573,29.571428571428573
97,2026-01-16,4,1,0,22,17.0,33.0,28.714285714285715,29.0,28.733333333333334
97,2026-01-17,5,1,1,36,22.0,44.0,27.142857142857142,28.0,28.3125
97,2026-01-18,6,1,1,37,36.0,27.0,26.0,28.285714285714285,28.764705882352942
97,2026-01-19,0,1,0,21,37.0,31.0,27.428571428571427,28.857142857142858,29.22222222222222
97,2026-01-20,1,1,0,34,21.0,24.0,26.0,27.857142857142858,28.789473684210527
97,2026-01-21,2,1,0,31,34.0,25.0,27.428571428571427,28.714285714285715,29.05
97,2026-01-22,3,1,0,31,31.0,17.0,28.285714285714285,29.142857142857142,29.142857142857142
97,2026-01-23,4,1,0,33,31.0,22.0,30.285714285714285,29.5,29.227272727272727
97,2026-01-24,5,1,1,47,33.0,36.0,31.857142857142858,29.5,29.391304347826086
97,2026-01-25,6,1,1,46,47.0,37.0,33.42857142857143,29.714285714285715,30.125
97,2026-01-26,0,1,0,26,46.0,21.0,34.714285714285715,31.071428571428573,30.76
97,2026-01-27,1,1,0,44,26.0,34.0,35.42857142857143,30.714285714285715,30.576923076923077
97,2026-01-28,2,1,0,47,44.0,31.0,36.857142857142854,32.142857142857146,31.074074074074073
97,2026-01-29,3,1,0,23,47.0,31.0,39.142857142857146,33.714285714285715,31.642857142857142
97,2026-01-30,4,1,0,29,23.0,33.0,38.0,34.142857142857146,31.344827586206897
97,2026-01-31,5,1,1,33,29.0,47.0,37.42857142857143,34.642857142857146,31.266666666666666
97,2026-02-01,6,2,1,40,33.0,46.0,35.42857142857143,34.42857142857143,31.322580645161292
97,2026-02-02,0,2,0,20,40.0,26.0,34.57142857142857,34.642857142857146,31.59375
97,2026-02-03,1,2,0,24,20.0,44.0,33.714285714285715,34.57142857142857,31.242424242424242
97,2026-02-04,2,2,0,37,24.0,47.0,30.857142857142858,33.857142857142854,31.029411764705884
97,2026-02-05,3,2,0,34,37.0,23.0,29.428571428571427,34.285714285714285,31.2
97,2026-02-06,4,2,0,31,34.0,29.0,31.0,34.5,31.27777777777778
97,2026-02-07,5,2,1,37,31.0,33.0,31.285714285714285,34.357142857142854,31.27027027027027
97,2026-02-08,6,2,1,31,37.0,40.0,31.857142857142858,33.642857142857146,31.42105263157895
97,2026-02-09,0,2,0,37,31.0,20.0,30.571428571428573,32.57142857142857,31.41025641025641
97,2026-02-10,1,2,0,43,37.0,24.0,33.0,33.357142857142854,31.55
97,2026-02-11,2,2,0,25,43.0,37.0,35.714285714285715,33.285714285714285,31.829268292682926
97,2026-02-12,3,2,0,28,25.0,34.0,34.0,31.714285714285715,31.666666666666668
97,2026-02-13,4,2,0,32,28.0,31.0,33.142857142857146,32.07142857142857,31.58139534883721
97,2026-02-14,5,2,1,47,32.0,37.0,33.285714285714285,32.285714285714285,31.59090909090909
97,2026-02-15,6,2,1,44,47.0,31.0,34.714285714285715,33.285714285714285,31.933333333333334
97,2026-02-16,0,2,0,27,44.0,37.0,36.57142857142857,33.57142857142857,32.19565217391305
97,2026-02-17,1,2,0,38,27.0,43.0,35.142857142857146,34.07142857142857,32.08510638297872
97,2026-02-18,2,2,0,32,38.0,25.0,34.42857142857143,35.07142857142857,32.208333333333336
97,2026-02-19,3,2,0,33,32.0,28.0,35.42857142857143,34.714285714285715,32.204081632653065
97,2026-02-20,4,2,0,38,33.0,32.0,36.142857142857146,34.642857142857146,32.22
97,2026-02-21,5,2,1,49,38.0,47.0,37.0,35.142857142857146,32.333333333333336
97,2026-02-22,6,2,1,37,49.0,44.0,37.285714285714285,36.0,32.65384615384615
97,2026-02-23,0,2,0,31,37.0,27.0,36.285714285714285,36.42857142857143,32.735849056603776
97,2026-02-24,1,2,0,35,31.0,38.0,36.857142857142854,36.0,32.7037037037037
97,2026-02-25,2,2,0,20,35.0,32.0,36.42857142857143,35.42857142857143,32.74545454545454
97,2026-02-26,3,2,0,37,20.0,33.0,34.714285714285715,35.07142857142857,32.517857142857146
97,2026-02-27,4,2,0,30,37.0,38.0,35.285714285714285,35.714285714285715,32.59649122807018
97,2026-02-28,5,2,1,47,30.0,49.0,34.142857142857146,35.57142857142857,32.55172413793103
97,2026-03-01,6,3,1,47,47.0,37.0,33.857142857142854,35.57142857142857,32.79661016949152
97,2026-03-02,0,3,0,38,47.0,31.0,35.285714285714285,35.785714285714285,33.03333333333333
97,2026-03-03,1,3,0,41,38.0,35.0,36.285714285714285,36.57142857142857,33.114754098360656
97,2026-03-04,2,3,0,40,41.0,20.0,37.142857142857146,36.785714285714285,33.24193548387097
97,2026-03-05,3,3,0,34,40.0,37.0,40.0,37.357142857142854,33.34920634920635
97,2026-03-06,4,3,0,42,34.0,30.0,39.57142857142857,37.42857142857143,33.359375
97,2026-03-07,5,3,1,44,42.0,47.0,41.285714285714285,37.714285714285715,33.49230769230769
97,2026-03-08,6,3,1,51,44.0,47.0,40.857142857142854,37.357142857142854,33.65151515151515
97,2026-03-09,0,3,0,39,51.0,38.0,41.42857142857143,38.357142857142854,33.91044776119403
97,2026-03-10,1,3,0,29,39.0,41.0,41.57142857142857,38.92857142857143,33.98529411764706
97,2026-03-11,2,3,0,31,29.0,40.0,39.857142857142854,38.5,33.91304347826087
97,2026-03-12,3,3,0,40,31.0,34.0,38.57142857142857,39.285714285714285,33.871428571428574
97,2026-03-13,4,3,0,39,40.0,42.0,39.42857142857143,39.5,33.95774647887324
97,2026-03-14,5,3,1,40,39.0,44.0,39.0,40.142857142857146,34.02777777777778
97,2026-03-15,6,3,1,35,40.0,51.0,38.42857142857143,39.642857142857146,34.10958904109589
97,2026-03-16,0,3,0,28,35.0,39.0,36.142857142857146,38.785714285714285,34.12162162162162
97,2026-03-17,1,3,0,33,28.0,29.0,34.57142857142857,38.07142857142857,34.04
97,2026-03-18,2,3,0,30,33.0,31.0,35.142857142857146,37.5,34.026315789473685
97,2026-03-19,3,3,0,42,30.0,40.0,35.0,36.785714285714285,33.97402597402598
97,2026-03-20,4,3,0,33,42.0,39.0,35.285714285714285,37.357142857142854,34.07692307692308
97,2026-03-21,5,3,1,52,33.0,40.0,34.42857142857143,36.714285714285715,34.063291139240505
97,2026-03-22,6,3,1,51,52.0,35.0,36.142857142857146,37.285714285714285,34.2875
97,2026-03-23,0,3,0,31,51.0,28.0,38.42857142857143,37.285714285714285,34.49382716049383
97,2026-03-24,1,3,0,38,31.0,33.0,38.857142857142854,36.714285714285715,34.451219512195124
97,2026-03-25,2,3,0,31,38.0,30.0,39.57142857142857,37.357142857142854,34.493975903614455
97,2026-03-26,3,3,0,32,31.0,42.0,39.714285714285715,37.357142857142854,34.45238095238095
97,2026-03-27,4,3,0,38,32.0,33.0,38.285714285714285,36.785714285714285,34.423529411764704
97,2026-03-28,5,3,1,59,38.0,52.0,39.0,36.714285714285715,34.46511627906977
97,2026-03-29,6,3,1,48,59.0,51.0,40.0,38.07142857142857,34.747126436781606
97,2026-03-30,0,3,0,35,48.0,31.0,39.57142857142857,39.0,34.89772727272727
97,2026-03-31,1,3,0,37,35.0,38.0,40.142857142857146,39.5,34.89887640449438
97,2026-04-01,2,4,0,37,37.0,31.0,40.0,39.785714285714285,34.922222222222224
97,2026-04-02,3,4,0,40,37.0,32.0,40.857142857142854,40.285714285714285,34.94505494505494
97,2026-04-03,4,4,0,34,40.0,38.0,42.0,40.142857142857146,35.0
97,2026-04-04,5,4,1,62,34.0,59.0,41.42857142857143,40.214285714285715,34.98924731182796
97,2026-04-05,6,4,1,42,62.0,48.0,41.857142857142854,40.92857142857143,35.276595744680854
97,2026-04-06,0,4,0,31,42.0,35.0,41.0,40.285714285714285,35.34736842105263
97,2026-04-07,1,4,0,32,31.0,37.0,40.42857142857143,40.285714285714285,35.302083333333336
97,2026-04-08,2,4,0,27,32.0,37.0,39.714285714285715,39.857142857142854,35.2680412371134
97,2026-04-09,3,4,0,41,27.0,40.0,38.285714285714285,39.57142857142857,35.183673469387756
97,2026-04-10,4,4,0,47,41.0,34.0,38.42857142857143,40.214285714285715,35.24242424242424
97,2026-04-11,5,4,1,60,47.0,62.0,40.285714285714285,40.857142857142854,35.36
97,2026-04-12,6,4,1,69,60.0,42.0,40.0,40.92857142857143,35.603960396039604
97,2026-04-13,0,4,0,30,69.0,31.0,43.857142857142854,42.42857142857143,35.931372549019606
97,2026-04-14,1,4,0,35,30.0,32.0,43.714285714285715,42.07142857142857,35.87378640776699
97,2026-04-15,2,4,0,24,35.0,27.0,44.142857142857146,41.92857142857143,35.86538461538461
97,2026-04-16,3,4,0,50,24.0,41.0,43.714285714285715,41.0,35.75238095238095
97,2026-04-17,4,4,0,45,50.0,47.0,45.0,41.714285714285715,35.886792452830186
97,2026-04-18,5,4,1,55,45.0,60.0,44.714285714285715,42.5,35.97196261682243
97,2026-04-19,6,4,1,53,55.0,69.0,44.0,42.0,36.148148148148145
97,2026-04-20,0,4,0,45,53.0,30.0,41.714285714285715,42.785714285714285,36.30275229357798
97,2026-04-21,1,4,0,37,45.0,35.0,43.857142857142854,43.785714285714285,36.38181818181818
97,2026-04-22,2,4,0,37,37.0,24.0,44.142857142857146,44.142857142857146,36.387387387387385
97,2026-04-23,3,4,0,35,37.0,50.0,46.0,44.857142857142854,36.392857142857146
97,2026-04-24,4,4,0,50,35.0,45.0,43.857142857142854,44.42857142857143,36.38053097345133
97,2026-04-25,5,4,1,46,50.0,55.0,44.57142857142857,44.642857142857146,36.5
97,2026-04-26,6,4,1,48,46.0,53.0,43.285714285714285,43.642857142857146,36.582608695652176
97,2026-04-27,0,4,0,39,48.0,45.0,42.57142857142857,42.142857142857146,36.68103448275862
97,2026-04-28,1,4,0,31,39.0,37.0,41.714285714285715,42.785714285714285,36.7008547008547
97,2026-04-29,2,4,0,42,31.0,37.0,40.857142857142854,42.5,36.652542372881356
97,2026-04-30,3,4,0,51,42.0,35.0,41.57142857142857,43.785714285714285,36.69747899159664
98,2026-01-15,3,1,0,32,35.0,18.0,33.142857142857146,34.857142857142854,34.857142857142854
98,2026-01-16,4,1,0,24,32.0,38.0,35.142857142857146,34.785714285714285,34.666666666666664
98,2026-01-17,5,1,1,38,24.0,44.0,33.142857142857146,34.214285714285715,34.0
98,2026-01-18,6,1,1,37,38.0,46.0,32.285714285714285,34.285714285714285,34.23529411764706
98,2026-01-19,0,1,0,33,37.0,23.0,31.0,33.5,34.388888888888886
98,2026-01-20,1,1,0,33,33.0,28.0,32.42857142857143,32.857142857142854,34.31578947368421
98,2026-01-21,2,1,0,27,33.0,35.0,33.142857142857146,33.42857142857143,34.25
98,2026-01-22,3,1,0,27,27.0,32.0,32.0,32.57142857142857,33.904761904761905
98,2026-01-23,4,1,0,40,27.0,24.0,31.285714285714285,33.214285714285715,33.59090909090909
98,2026-01-24,5,1,1,49,40.0,38.0,33.57142857142857,33.357142857142854,33.869565217391305
98,2026-01-25,6,1,1,37,49.0,37.0,35.142857142857146,33.714285714285715,34.5
98,2026-01-26,0,1,0,28,37.0,33.0,35.142857142857146,33.07142857142857,34.6
98,2026-01-27,1,1,0,32,28.0,33.0,34.42857142857143,33.42857142857143,34.34615384615385
98,2026-01-28,2,1,0,33,32.0,27.0,34.285714285714285,33.714285714285715,34.25925925925926
98,2026-01-29,3,1,0,40,33.0,27.0,35.142857142857146,33.57142857142857,34.214285714285715
98,2026-01-30,4,1,0,27,40.0,40.0,37.0,34.142857142857146,34.41379310344828
98,2026-01-31,5,1,1,39,27.0,49.0,35.142857142857146,34.357142857142854,34.166666666666664
98,2026-02-01,6,2,1,51,39.0,37.0,33.714285714285715,34.42857142857143,34.32258064516129
98,2026-02-02,0,2,0,27,51.0,28.0,35.714285714285715,35.42857142857143,34.84375
98,2026-02-03,1,2,0,35,27.0,32.0,35.57142857142857,35.0,34.60606060606061
98,2026-02-04,2,2,0,31,35.0,33.0,36.0,35.142857142857146,34.61764705882353
98,2026-02-05,3,2,0,36,31.0,40.0,35.714285714285715,35.42857142857143,34.51428571428571
98,2026-02-06,4,2,0,36,36.0,27.0,35.142857142857146,36.07142857142857,34.55555555555556
98,2026-02-07,5,2,1,40,36.0,39.0,36.42857142857143,35.785714285714285,34.5945945945946
98,2026-02-08,6,2,1,44,40.0,51.0,36.57142857142857,35.142857142857146,34.73684210526316
98,2026-02-09,0,2,0,29,44.0,27.0,35.57142857142857,35.642857142857146,34.97435897435897
98,2026-02-10,1,2,0,43,29.0,35.0,35.857142857142854,35.714285714285715,34.825
98,2026-02-11,2,2,0,43,43.0,31.0,37.0,36.5,35.02439024390244
98,2026-02-12,3,2,0,39,43.0,36.0,38.714285714285715,37.214285714285715,35.214285714285715
98,2026-02-13,4,2,0,36,39.0,36.0,39.142857142857146,37.142857142857146,35.30232558139535
98,2026-02-14,5,2,1,42,36.0,40.0,39.142857142857146,37.785714285714285,35.31818181818182
98,2026-02-15,6,2,1,39,42.0,44.0,39.42857142857143,38.0,35.46666666666667
98,2026-02-16,0,2,0,40,39.0,29.0,38.714285714285715,37.142857142857146,35.54347826086956
98,2026-02-17,1,2,0,20,40.0,43.0,40.285714285714285,38.07142857142857,35.638297872340424
98,2026-02-18,2,2,0,40,20.0,43.0,37.0,37.0,35.3125
98,2026-02-19,3,2,0,31,40.0,39.0,36.57142857142857,37.642857142857146,35.40816326530612
98,2026-02-20,4,2,0,40,31.0,36.0,35.42857142857143,37.285714285714285,35.32
98,2026-02-21,5,2,1,54,40.0,42.0,36.0,37.57142857142857,35.411764705882355
98,2026-02-22,6,2,1,22,54.0,39.0,37.714285714285715,38.57142857142857,35.76923076923077
98,2026-02-23,0,2,0,32,22.0,40.0,35.285714285714285,37.0,35.509433962264154
98,2026-02-24,1,2,0,34,32.0,20.0,34.142857142857146,37.214285714285715,35.44444444444444
98,2026-02-25,2,2,0,35,34.0,40.0,36.142857142857146,36.57142857142857,35.41818181818182
98,2026-02-26,3,2,0,38,35.0,31.0,35.42857142857143,36.0,35.410714285714285
98,2026-02-27,4,2,0,45,38.0,40.0,36.42857142857143,35.92857142857143,35.45614035087719
98,2026-02-28,5,2,1,53,45.0,54.0,37.142857142857146,36.57142857142857,35.62068965517241
98,2026-03-01,6,3,1,49,53.0,22.0,37.0,37.357142857142854,35.91525423728814
98,2026-03-02,0,3,0,38,49.0,32.0,40.857142857142854,38.07142857142857,36.13333333333333
98,2026-03-03,1,3,0,41,38.0,34.0,41.714285714285715,37.92857142857143,36.16393442622951
98,2026-03-04,2,3,0,42,41.0,35.0,42.714285714285715,39.42857142857143,36.24193548387097
98,2026-03-05,3,3,0,37,42.0,38.0,43.714285714285715,39.57142857142857,36.333333333333336
98,2026-03-06,4,3,0,33,37.0,45.0,43.57142857142857,40.0,36.34375
98,2026-03-07,5,3,1,44,33.0,53.0,41.857142857142854,39.5,36.292307692307695
98,2026-03-08,6,3,1,44,44.0,49.0,40.57142857142857,38.785714285714285,36.40909090909091
98,2026-03-09,0,3,0,39,44.0,38.0,39.857142857142854,40.357142857142854,36.52238805970149
98,2026-03-10,1,3,0,32,39.0,41.0,40.0,40.857142857142854,36.55882352941177
98,2026-03-11,2,3,0,25,32.0,42.0,38.714285714285715,40.714285714285715,36.492753623188406
98,2026-03-12,3,3,0,42,25.0,37.0,36.285714285714285,40.0,36.32857142857143
98,2026-03-13,4,3,0,43,42.0,33.0,37.0,40.285714285714285,36.40845070422535
98,2026-03-14,5,3,1,53,43.0,44.0,38.42857142857143,40.142857142857146,36.5
98,2026-03-15,6,3,1,38,53.0,44.0,39.714285714285715,40.142857142857146,36.726027397260275
98,2026-03-16,0,3,0,39,38.0,39.0,38.857142857142854,39.357142857142854,36.74324324324324
98,2026-03-17,1,3,0,33,39.0,32.0,38.857142857142854,39.42857142857143,36.77333333333333
98,2026-03-18,2,3,0,33,33.0,25.0,39.0,38.857142857142854,36.723684210526315
98,2026-03-19,3,3,0,35,33.0,42.0,40.142857142857146,38.214285714285715,36.675324675324674
98,2026-03-20,4,3,0,36,35.0,43.0,39.142857142857146,38.07142857142857,36.65384615384615
98,2026-03-21,5,3,1,48,36.0,53.0,38.142857142857146,38.285714285714285,36.64556962025316
98,2026-03-22,6,3,1,41,48.0,38.0,37.42857142857143,38.57142857142857,36.7875
98,2026-03-23,0,3,0,53,41.0,39.0,37.857142857142854,38.357142857142854,36.839506172839506
98,2026-03-24,1,3,0,31,53.0,33.0,39.857142857142854,39.357142857142854,37.03658536585366
98,2026-03-25,2,3,0,36,31.0,33.0,39.57142857142857,39.285714285714285,36.963855421686745
98,2026-03-26,3,3,0,38,36.0,35.0,40.0,40.07142857142857,36.95238095238095
98,2026-03-27,4,3,0,35,38.0,36.0,40.42857142857143,39.785714285714285,36.96470588235294
98,2026-03-28,5,3,1,48,35.0,48.0,40.285714285714285,39.214285714285715,36.94186046511628
98,2026-03-29,6,3,1,44,48.0,41.0,40.285714285714285,38.857142857142854,37.06896551724138
98,2026-03-30,0,3,0,39,44.0,53.0,40.714285714285715,39.285714285714285,37.14772727272727
98,2026-03-31,1,3,0,35,39.0,31.0,38.714285714285715,39.285714285714285,37.168539325842694
98,2026-04-01,2,4,0,41,35.0,36.0,39.285714285714285,39.42857142857143,37.144444444444446
98,2026-04-02,3,4,0,41,41.0,38.0,40.0,40.0,37.18681318681319
98,2026-04-03,4,4,0,36,41.0,35.0,40.42857142857143,40.42857142857143,37.22826086956522
98,2026-04-04,5,4,1,50,36.0,48.0,40.57142857142857,40.42857142857143,37.215053763440864
98,2026-04-05,6,4,1,55,50.0,44.0,40.857142857142854,40.57142857142857,37.351063829787236
98,2026-04-06,0,4,0,31,55.0,39.0,42.42857142857143,41.57142857142857,37.536842105263155
98,2026-04-07,1,4,0,38,31.0,35.0,41.285714285714285,40.0,37.46875
98,2026-04-08,2,4,0,40,38.0,41.0,41.714285714285715,40.5,37.47422680412371
98,2026-04-09,3,4,0,32,40.0,41.0,41.57142857142857,40.785714285714285,37.5
98,2026-04-10,4,4,0,42,32.0,36.0,40.285714285714285,40.357142857142854,37.44444444444444
98,2026-04-11,5,4,1,41,42.0,50.0,41.142857142857146,40.857142857142854,37.49
98,2026-04-12,6,4,1,47,41.0,55.0,39.857142857142854,40.357142857142854,37.524752475247524
98,2026-04-13,0,4,0,46,47.0,31.0,38.714285714285715,40.57142857142857,37.61764705882353
98,2026-04-14,1,4,0,45,46.0,38.0,40.857142857142854,41.07142857142857,37.699029126213595
98,2026-04-15,2,4,0,44,45.0,40.0,41.857142857142854,41.785714285714285,37.76923076923077
98,2026-04-16,3,4,0,55,44.0,32.0,42.42857142857143,42.0,37.82857142857143
98,2026-04-17,4,4,0,38,55.0,42.0,45.714285714285715,43.0,37.990566037735846
98,2026-04-18,5,4,1,43,38.0,41.0,45.142857142857146,43.142857142857146,37.99065420560748
98,2026-04-19,6,4,1,49,43.0,47.0,45.42857142857143,42.642857142857146,38.03703703703704
98,2026-04-20,0,4,0,40,49.0,46.0,45.714285714285715,42.214285714285715,38.137614678899084
98,2026-04-21,1,4,0,37,40.0,45.0,44.857142857142854,42.857142857142854,38.154545454545456
98,2026-04-22,2,4,0,40,37.0,44.0,43.714285714285715,42.785714285714285,38.14414414414414
98,2026-04-23,3,4,0,35,40.0,55.0,43.142857142857146,42.785714285714285,38.160714285714285
98,2026-04-24,4,4,0,32,35.0,38.0,40.285714285714285,43.0,38.13274336283186
98,2026-04-25,5,4,1,41,32.0,43.0,39.42857142857143,42.285714285714285,38.078947368421055
98,2026-04-26,6,4,1,46,41.0,49.0,39.142857142857146,42.285714285714285,38.10434782608696
98,2026-04-27,0,4,0,48,46.0,40.0,38.714285714285715,42.214285714285715,38.172413793103445
98,2026-04-28,1,4,0,43,48.0,37.0,39.857142857142854,42.357142857142854,38.256410256410255
98,2026-04-29,2,4,0,39,43.0,40.0,40.714285714285715,42.214285714285715,38.29661016949152
98,2026-04-30,3,4,0,38,39.0,35.0,40.57142857142857,41.857142857142854,38.30252100840336
99,2026-01-15,3,1,0,10,13.0,9.0,12.285714285714286,13.0,13.0
99,2026-01-16,4,1,0,12,10.0,15.0,12.428571428571429,12.714285714285714,12.8
99,2026-01-17,5,1,1,17,12.0,11.0,12.0,12.857142857142858,12.75
99,2026-01-18,6,1,1,13,17.0,18.0,12.857142857142858,12.714285714285714,13.0
99,2026-01-19,0,1,0,11,13.0,11.0,12.142857142857142,12.428571428571429,13.0
99,2026-01-20,1,1,0,16,11.0,9.0,12.142857142857142,12.285714285714286,12.894736842105264
99,2026-01-21,2,1,0,17,16.0,13.0,13.142857142857142,12.5,13.05
99,2026-01-22,3,1,0,12,17.0,10.0,13.714285714285714,13.0,13.238095238095237
99,2026-01-23,4,1,0,10,12.0,12.0,14.0,13.214285714285714,13.181818181818182
99,2026-01-24,5,1,1,20,10.0,17.0,13.714285714285714,12.857142857142858,13.043478260869565
99,2026-01-25,6,1,1,16,20.0,13.0,14.142857142857142,13.5,13.333333333333334
99,2026-01-26,0,1,0,18,16.0,11.0,14.571428571428571,13.357142857142858,13.44
99,2026-01-27,1,1,0,12,18.0,16.0,15.571428571428571,13.857142857142858,13.615384615384615
99,2026-01-28,2,1,0,13,12.0,17.0,15.0,14.071428571428571,13.555555555555555
99,2026-01-29,3,1,0,14,13.0,12.0,14.428571428571429,14.071428571428571,13.535714285714286
99,2026-01-30,4,1,0,16,14.0,10.0,14.714285714285714,14.357142857142858,13.551724137931034
99,2026-01-31,5,1,1,17,16.0,20.0,15.571428571428571,14.642857142857142,13.633333333333333
99,2026-02-01,6,2,1,14,17.0,16.0,15.142857142857142,14.642857142857142,13.741935483870968
99,2026-02-02,0,2,0,17,14.0,18.0,14.857142857142858,14.714285714285714,13.75
99,2026-02-03,1,2,0,10,17.0,12.0,14.714285714285714,15.142857142857142,13.848484848484848
99,2026-02-04,2,2,0,17,10.0,13.0,14.428571428571429,14.714285714285714,13.735294117647058
99,2026-02-05,3,2,0,15,17.0,14.0,15.0,14.714285714285714,13.82857142857143
99,2026-02-06,4,2,0,16,15.0,16.0,15.142857142857142,14.928571428571429,13.86111111111111
99,2026-02-07,5,2,1,16,16.0,17.0,15.142857142857142,15.357142857142858,13.91891891891892
99,2026-02-08,6,2,1,21,16.0,14.0,15.0,15.071428571428571,13.973684210526315
99,2026-02-09,0,2,0,16,21.0,17.0,16.0,15.428571428571429,14.153846153846153
99,2026-02-10,1,2,0,13,16.0,10.0,15.857142857142858,15.285714285714286,14.2
99,2026-02-11,2,2,0,16,13.0,17.0,16.285714285714285,15.357142857142858,14.170731707317072
99,2026-02-12,3,2,0,13,16.0,15.0,16.142857142857142,15.571428571428571,14.214285714285714
99,2026-02-13,4,2,0,13,13.0,16.0,15.857142857142858,15.5,14.186046511627907
99,2026-02-14,5,2,1,17,13.0,16.0,15.428571428571429,15.285714285714286,14.159090909090908
99,2026-02-15,6,2,1,16,17.0,21.0,15.571428571428571,15.285714285714286,14.222222222222221
99,2026-02-16,0,2,0,10,16.0,16.0,14.857142857142858,15.428571428571429,14.26086956521739
99,2026-02-17,1,2,0,16,10.0,13.0,14.0,14.928571428571429,14.170212765957446
99,2026-02-18,2,2,0,14,16.0,16.0,14.428571428571429,15.357142857142858,14.208333333333334
99,2026-02-19,3,2,0,19,14.0,13.0,14.142857142857142,15.142857142857142,14.204081632653061
99,2026-02-20,4,2,0,15,19.0,13.0,15.0,15.428571428571429,14.3
99,2026-02-21,5,2,1,22,15.0,17.0,15.285714285714286,15.357142857142858,14.313725490196079
99,2026-02-22,6,2,1,22,22.0,16.0,16.0,15.785714285714286,14.461538461538462
99,2026-02-23,0,2,0,13,22.0,10.0,16.857142857142858,15.857142857142858,14.60377358490566
99,2026-02-24,1,2,0,17,13.0,16.0,17.285714285714285,15.642857142857142,14.574074074074074
99,2026-02-25,2,2,0,17,17.0,14.0,17.428571428571427,15.928571428571429,14.618181818181819
99,2026-02-26,3,2,0,12,17.0,19.0,17.857142857142858,16.0,14.660714285714286
99,2026-02-27,4,2,0,16,12.0,15.0,16.857142857142858,15.928571428571429,14.614035087719298
99,2026-02-28,5,2,1,19,16.0,22.0,17.0,16.142857142857142,14.637931034482758
99,2026-03-01,6,3,1,14,19.0,22.0,16.571428571428573,16.285714285714285,14.711864406779661
99,2026-03-02,0,3,0,13,14.0,13.0,15.428571428571429,16.142857142857142,14.7
99,2026-03-03,1,3,0,11,13.0,17.0,15.428571428571429,16.357142857142858,14.672131147540984
99,2026-03-04,2,3,0,11,11.0,17.0,14.571428571428571,16.0,14.612903225806452
99,2026-03-05,3,3,0,13,11.0,12.0,13.714285714285714,15.785714285714286,14.555555555555555
99,2026-03-06,4,3,0,15,13.0,16.0,13.857142857142858,15.357142857142858,14.53125
99,2026-03-07,5,3,1,19,15.0,19.0,13.714285714285714,15.357142857142858,14.538461538461538
99,2026-03-08,6,3,1,18,19.0,14.0,13.714285714285714,15.142857142857142,14.606060606060606
99,2026-03-09,0,3,0,18,18.0,13.0,14.285714285714286,14.857142857142858,14.656716417910447
99,2026-03-10,1,3,0,15,18.0,11.0,15.0,15.214285714285714,14.705882352941176
99,2026-03-11,2,3,0,19,15.0,11.0,15.571428571428571,15.071428571428571,14.710144927536232
99,2026-03-12,3,3,0,15,19.0,13.0,16.714285714285715,15.214285714285714,14.771428571428572
99,2026-03-13,4,3,0,12,15.0,15.0,17.0,15.428571428571429,14.774647887323944
99,2026-03-14,5,3,1,19,12.0,19.0,16.571428571428573,15.142857142857142,14.73611111111111
99,2026-03-15,6,3,1,14,19.0,18.0,16.571428571428573,15.142857142857142,14.794520547945206
99,2026-03-16,0,3,0,14,14.0,18.0,16.0,15.142857142857142,14.783783783783784
99,2026-03-17,1,3,0,18,14.0,15.0,15.428571428571429,15.214285714285714,14.773333333333333
99,2026-03-18,2,3,0,13,18.0,19.0,15.857142857142858,15.714285714285714,14.81578947368421
99,2026-03-19,3,3,0,15,13.0,15.0,15.0,15.857142857142858,14.792207792207792
99,2026-03-20,4,3,0,16,15.0,12.0,15.0,16.0,14.794871794871796
99,2026-03-21,5,3,1,18,16.0,19.0,15.571428571428571,16.071428571428573,14.810126582278482
99,2026-03-22,6,3,1,20,18.0,14.0,15.428571428571429,16.0,14.85
99,2026-03-23,0,3,0,20,20.0,14.0,16.285714285714285,16.142857142857142,14.91358024691358
99,2026-03-24,1,3,0,12,20.0,18.0,17.142857142857142,16.285714285714285,14.975609756097562
99,2026-03-25,2,3,0,16,12.0,13.0,16.285714285714285,16.071428571428573,14.939759036144578
99,2026-03-26,3,3,0,17,16.0,15.0,16.714285714285715,15.857142857142858,14.952380952380953
99,2026-03-27,4,3,0,13,17.0,16.0,17.0,16.0,14.976470588235294
99,2026-03-28,5,3,1,16,13.0,18.0,16.571428571428573,16.071428571428573,14.953488372093023
99,2026-03-29,6,3,1,20,16.0,20.0,16.285714285714285,15.857142857142858,14.96551724137931
99,2026-03-30,0,3,0,16,20.0,20.0,16.285714285714285,16.285714285714285,15.022727272727273
99,2026-03-31,1,3,0,16,16.0,12.0,15.714285714285714,16.428571428571427,15.03370786516854
99,2026-04-01,2,4,0,14,16.0,16.0,16.285714285714285,16.285714285714285,15.044444444444444
99,2026-04-02,3,4,0,16,14.0,17.0,16.0,16.357142857142858,15.032967032967033
99,2026-04-03,4,4,0,21,16.0,13.0,15.857142857142858,16.428571428571427,15.043478260869565
99,2026-04-04,5,4,1,22,21.0,16.0,17.0,16.785714285714285,15.10752688172043
99,2026-04-05,6,4,1,23,22.0,20.0,17.857142857142858,17.071428571428573,15.180851063829786
99,2026-04-06,0,4,0,21,23.0,16.0,18.285714285714285,17.285714285714285,15.263157894736842
99,2026-04-07,1,4,0,20,21.0,16.0,19.0,17.357142857142858,15.322916666666666
99,2026-04-08,2,4,0,16,20.0,14.0,19.571428571428573,17.928571428571427,15.371134020618557
99,2026-04-09,3,4,0,16,16.0,16.0,19.857142857142858,17.928571428571427,15.377551020408163
99,2026-04-10,4,4,0,19,16.0,21.0,19.857142857142858,17.857142857142858,15.383838383838384
99,2026-04-11,5,4,1,20,19.0,22.0,19.571428571428573,18.285714285714285,15.42
99,2026-04-12,6,4,1,19,20.0,23.0,19.285714285714285,18.571428571428573,15.465346534653465
99,2026-04-13,0,4,0,12,19.0,21.0,18.714285714285715,18.5,15.5
99,2026-04-14,1,4,0,18,12.0,20.0,17.428571428571427,18.214285714285715,15.466019417475728
99,2026-04-15,2,4,0,19,18.0,16.0,17.142857142857142,18.357142857142858,15.490384615384615
99,2026-04-16,3,4,0,23,19.0,16.0,17.571428571428573,18.714285714285715,15.523809523809524
99,2026-04-17,4,4,0,15,23.0,19.0,18.571428571428573,19.214285714285715,15.59433962264151
99,2026-04-18,5,4,1,20,15.0,20.0,18.0,18.785714285714285,15.588785046728972
99,2026-04-19,6,4,1,15,20.0,19.0,18.0,18.642857142857142,15.62962962962963
99,2026-04-20,0,4,0,20,15.0,12.0,17.428571428571427,18.071428571428573,15.623853211009175
99,2026-04-21,1,4,0,19,20.0,18.0,18.571428571428573,18.0,15.663636363636364
99,2026-04-22,2,4,0,17,19.0,19.0,18.714285714285715,17.928571428571427,15.693693693693694
99,2026-04-23,3,4,0,16,17.0,23.0,18.428571428571427,18.0,15.705357142857142
99,2026-04-24,4,4,0,18,16.0,15.0,17.428571428571427,18.0,15.70796460176991
99,2026-04-25,5,4,1,27,18.0,20.0,17.857142857142858,17.928571428571427,15.728070175438596
99,2026-04-26,6,4,1,25,27.0,15.0,18.857142857142858,18.428571428571427,15.826086956521738
99,2026-04-27,0,4,0,20,25.0,20.0,20.285714285714285,18.857142857142858,15.905172413793103
99,2026-04-28,1,4,0,16,20.0,19.0,20.285714285714285,19.428571428571427,15.94017094017094
99,2026-04-29,2,4,0,15,16.0,17.0,19.857142857142858,19.285714285714285,15.940677966101696
99,2026-04-30,3,4,0,13,15.0,16.0,19.571428571428573,19.0,15.932773109243698
100,2026-01-15,3,1,0,16,19.0,20.0,19.714285714285715,18.714285714285715,18.714285714285715
100,2026-01-16,4,1,0,17,16.0,20.0,19.142857142857142,18.785714285714285,18.533333333333335
100,2026-01-17,5,1,1,22,17.0,19.0,18.714285714285715,18.928571428571427,18.4375
100,2026-01-18,6,1,1,21,22.0,26.0,19.142857142857142,19.071428571428573,18.647058823529413
100,2026-01-19,0,1,0,23,21.0,19.0,18.428571428571427,19.0,18.77777777777778
100,2026-01-20,1,1,0,17,23.0,15.0,19.0,19.0,19.0
100,2026-01-21,2,1,0,24,17.0,19.0,19.285714285714285,19.214285714285715,18.9
100,2026-01-22,3,1,0,18,24.0,16.0,20.0,19.857142857142858,19.142857142857142
100,2026-01-23,4,1,0,23,18.0,17.0,20.285714285714285,19.714285714285715,19.09090909090909
100,2026-01-24,5,1,1,23,23.0,22.0,21.142857142857142,19.928571428571427,19.26086956521739
100,2026-01-25,6,1,1,32,23.0,21.0,21.285714285714285,20.214285714285715,19.416666666666668
100,2026-01-26,0,1,0,16,32.0,23.0,22.857142857142858,20.642857142857142,19.92
100,2026-01-27,1,1,0,21,16.0,17.0,21.857142857142858,20.428571428571427,19.76923076923077
100,2026-01-28,2,1,0,24,21.0,24.0,22.428571428571427,20.857142857142858,19.814814814814813
100,2026-01-29,3,1,0,16,24.0,18.0,22.428571428571427,21.214285714285715,19.964285714285715
100,2026-01-30,4,1,0,23,16.0,23.0,22.142857142857142,21.214285714285715,19.82758620689655
100,2026-01-31,5,1,1,25,23.0,23.0,22.142857142857142,21.642857142857142,19.933333333333334
100,2026-02-01,6,2,1,19,25.0,32.0,22.428571428571427,21.857142857142858,20.096774193548388
100,2026-02-02,0,2,0,15,19.0,16.0,20.571428571428573,21.714285714285715,20.0625
100,2026-02-03,1,2,0,22,15.0,21.0,20.428571428571427,21.142857142857142,19.90909090909091
100,2026-02-04,2,2,0,19,22.0,24.0,20.571428571428573,21.5,19.970588235294116
100,2026-02-05,3,2,0,17,19.0,16.0,19.857142857142858,21.142857142857142,19.942857142857143
100,2026-02-06,4,2,0,11,17.0,23.0,20.0,21.071428571428573,19.86111111111111
100,2026-02-07,5,2,1,27,11.0,25.0,18.285714285714285,20.214285714285715,19.62162162162162
100,2026-02-08,6,2,1,32,27.0,19.0,18.571428571428573,20.5,19.81578947368421
100,2026-02-09,0,2,0,21,32.0,15.0,20.428571428571427,20.5,20.128205128205128
100,2026-02-10,1,2,0,24,21.0,22.0,21.285714285714285,20.857142857142858,20.15
100,2026-02-11,2,2,0,20,24.0,19.0,21.571428571428573,21.071428571428573,20.24390243902439
100,2026-02-12,3,2,0,20,20.0,17.0,21.714285714285715,20.785714285714285,20.238095238095237
100,2026-02-13,4,2,0,15,20.0,11.0,22.142857142857142,21.071428571428573,20.232558139534884
100,2026-02-14,5,2,1,24,15.0,27.0,22.714285714285715,20.5,20.113636363636363
100,2026-02-15,6,2,1,27,24.0,32.0,22.285714285714285,20.428571428571427,20.2
100,2026-02-16,0,2,0,25,27.0,21.0,21.571428571428573,21.0,20.347826086956523
100,2026-02-17,1,2,0,27,25.0,24.0,22.142857142857142,21.714285714285715,20.4468085106383
100,2026-02-18,2,2,0,29,27.0,20.0,22.571428571428573,22.071428571428573,20.583333333333332
100,2026-02-19,3,2,0,17,29.0,20.0,23.857142857142858,22.785714285714285,20.755102040816325
100,2026-02-20,4,2,0,23,17.0,15.0,23.428571428571427,22.785714285714285,20.68
100,2026-02-21,5,2,1,26,23.0,24.0,24.571428571428573,23.642857142857142,20.725490196078432
100,2026-02-22,6,2,1,20,26.0,27.0,24.857142857142858,23.571428571428573,20.826923076923077
100,2026-02-23,0,2,0,20,20.0,25.0,23.857142857142858,22.714285714285715,20.81132075471698
100,2026-02-24,1,2,0,19,20.0,27.0,23.142857142857142,22.642857142857142,20.796296296296298
100,2026-02-25,2,2,0,23,19.0,29.0,22.0,22.285714285714285,20.763636363636362
100,2026-02-26,3,2,0,22,23.0,17.0,21.142857142857142,22.5,20.803571428571427
100,2026-02-27,4,2,0,24,22.0,23.0,21.857142857142858,22.642857142857142,20.82456140350877
100,2026-02-28,5,2,1,29,24.0,26.0,22.0,23.285714285714285,20.879310344827587
100,2026-03-01,6,3,1,27,29.0,20.0,22.428571428571427,23.642857142857142,21.016949152542374
100,2026-03-02,0,3,0,15,27.0,20.0,23.428571428571427,23.642857142857142,21.116666666666667
100,2026-03-03,1,3,0,21,15.0,19.0,22.714285714285715,22.928571428571427,21.016393442622952
100,2026-03-04,2,3,0,24,21.0,23.0,23.0,22.5,21.016129032258064
100,2026-03-05,3,3,0,20,24.0,22.0,23.142857142857142,22.142857142857142,21.063492063492063
100,2026-03-06,4,3,0,17,20.0,24.0,22.857142857142858,22.357142857142858,21.046875
100,2026-03-07,5,3,1,35,17.0,29.0,21.857142857142858,21.928571428571427,20.984615384615385
100,2026-03-08,6,3,1,27,35.0,27.0,22.714285714285715,22.571428571428573,21.196969696969695
100,2026-03-09,0,3,0,25,27.0,15.0,22.714285714285715,23.071428571428573,21.28358208955224
100,2026-03-10,1,3,0,21,25.0,21.0,24.142857142857142,23.428571428571427,21.33823529411765
100,2026-03-11,2,3,0,28,21.0,24.0,24.142857142857142,23.571428571428573,21.333333333333332
100,2026-03-12,3,3,0,24,28.0,20.0,24.714285714285715,23.928571428571427,21.428571428571427
100,2026-03-13,4,3,0,21,24.0,17.0,25.285714285714285,24.071428571428573,21.464788732394368
100,2026-03-14,5,3,1,27,21.0,35.0,25.857142857142858,23.857142857142858,21.458333333333332
100,2026-03-15,6,3,1,26,27.0,27.0,24.714285714285715,23.714285714285715,21.534246575342465
100,2026-03-16,0,3,0,16,26.0,25.0,24.571428571428573,23.642857142857142,21.594594594594593
100,2026-03-17,1,3,0,22,16.0,21.0,23.285714285714285,23.714285714285715,21.52
100,2026-03-18,2,3,0,25,22.0,28.0,23.428571428571427,23.785714285714285,21.526315789473685
100,2026-03-19,3,3,0,28,25.0,24.0,23.0,23.857142857142858,21.571428571428573
100,2026-03-20,4,3,0,24,28.0,21.0,23.571428571428573,24.428571428571427,21.653846153846153
100,2026-03-21,5,3,1,22,24.0,27.0,24.0,24.928571428571427,21.68354430379747
100,2026-03-22,6,3,1,14,22.0,26.0,23.285714285714285,24.0,21.6875
100,2026-03-23,0,3,0,18,14.0,16.0,21.571428571428573,23.071428571428573,21.59259259259259
100,2026-03-24,1,3,0,23,18.0,22.0,21.857142857142858,22.571428571428573,21.548780487804876
100,2026-03-25,2,3,0,20,23.0,25.0,22.0,22.714285714285715,21.566265060240966
100,2026-03-26,3,3,0,21,20.0,28.0,21.285714285714285,22.142857142857142,21.547619047619047
100,2026-03-27,4,3,0,20,21.0,24.0,20.285714285714285,21.928571428571427,21.541176470588237
100,2026-03-28,5,3,1,28,20.0,22.0,19.714285714285715,21.857142857142858,21.523255813953487
100,2026-03-29,6,3,1,27,28.0,14.0,20.571428571428573,21.928571428571427,21.597701149425287
100,2026-03-30,0,3,0,24,27.0,18.0,22.428571428571427,22.0,21.65909090909091
100,2026-03-31,1,3,0,17,24.0,23.0,23.285714285714285,22.571428571428573,21.685393258426966
100,2026-04-01,2,4,0,24,17.0,20.0,22.428571428571427,22.214285714285715,21.633333333333333
100,2026-04-02,3,4,0,20,24.0,21.0,23.0,22.142857142857142,21.65934065934066
100,2026-04-03,4,4,0,27,20.0,20.0,22.857142857142858,21.571428571428573,21.641304347826086
100,2026-04-04,5,4,1,31,27.0,28.0,23.857142857142858,21.785714285714285,21.698924731182796
100,2026-04-05,6,4,1,26,31.0,27.0,24.285714285714285,22.428571428571427,21.79787234042553
100,2026-04-06,0,4,0,21,26.0,24.0,24.142857142857142,23.285714285714285,21.842105263157894
100,2026-04-07,1,4,0,29,21.0,17.0,23.714285714285715,23.5,21.833333333333332
100,2026-04-08,2,4,0,25,29.0,24.0,25.428571428571427,23.928571428571427,21.90721649484536
100,2026-04-09,3,4,0,21,25.0,20.0,25.571428571428573,24.285714285714285,21.93877551020408
100,2026-04-10,4,4,0,23,21.0,27.0,25.714285714285715,24.285714285714285,21.92929292929293
100,2026-04-11,5,4,1,22,23.0,31.0,25.142857142857142,24.5,21.94
100,2026-04-12,6,4,1,32,22.0,26.0,23.857142857142858,24.071428571428573,21.940594059405942
100,2026-04-13,0,4,0,32,32.0,21.0,24.714285714285715,24.428571428571427,22.03921568627451
100,2026-04-14,1,4,0,26,32.0,29.0,26.285714285714285,25.0,22.135922330097088
100,2026-04-15,2,4,0,20,26.0,25.0,25.857142857142858,25.642857142857142,22.173076923076923
100,2026-04-16,3,4,0,24,20.0,21.0,25.142857142857142,25.357142857142858,22.152380952380952
100,2026-04-17,4,4,0,21,24.0,23.0,25.571428571428573,25.642857142857142,22.169811320754718
100,2026-04-18,5,4,1,35,21.0,22.0,25.285714285714285,25.214285714285715,22.1588785046729
100,2026-04-19,6,4,1,26,35.0,32.0,27.142857142857142,25.5,22.27777777777778
100,2026-04-20,0,4,0,20,26.0,32.0,26.285714285714285,25.5,22.31192660550459
100,2026-04-21,1,4,0,20,20.0,26.0,24.571428571428573,25.428571428571427,22.29090909090909
100,2026-04-22,2,4,0,26,20.0,20.0,23.714285714285715,24.785714285714285,22.27027027027027
100,2026-04-23,3,4,0,16,26.0,24.0,24.571428571428573,24.857142857142858,22.303571428571427
100,2026-04-24,4,4,0,29,16.0,21.0,23.428571428571427,24.5,22.24778761061947
100,2026-04-25,5,4,1,23,29.0,35.0,24.571428571428573,24.928571428571427,22.30701754385965
100,2026-04-26,6,4,1,31,23.0,26.0,22.857142857142858,25.0,22.31304347826087
100,2026-04-27,0,4,0,22,31.0,20.0,23.571428571428573,24.928571428571427,22.387931034482758
100,2026-04-28,1,4,0,19,22.0,20.0,23.857142857142858,24.214285714285715,22.384615384615383
100,2026-04-29,2,4,0,31,19.0,26.0,23.714285714285715,23.714285714285715,22.35593220338983
100,2026-04-30,3,4,0,33,31.0,16.0,24.428571428571427,24.5,22.428571428571427
