category,current_price,stock_remaining,weekly_sales,day,month,weekend,recommended_price
Bakery,22.26,141,32,Tuesday,March,0,22.26
Bakery,341.58,457,70,Monday,October,0,341.58
Frozen,25.57,48,28,Tuesday,September,0,25.57
Dairy,285.01,367,84,Saturday,September,1,299.26
Frozen,118.02,302,36,Sunday,January,1,118.02
Beverages,352.09,175,36,Tuesday,April,0,352.09
Household,60.08,195,13,Wednesday,June,0,54.07
Personal Care,405.49,374,59,Friday,February,0,405.49
Frozen,48.61,151,107,Saturday,October,1,54.44
Household,292.9,361,9,Monday,November,0,263.61
Snacks,388.8,41,110,Tuesday,February,0,435.46
Frozen,146.21,326,107,Wednesday,March,0,163.76
Household,184.08,344,35,Saturday,November,1,184.08
Bakery,308.47,88,69,Saturday,April,1,323.89
Beverages,236.51,139,119,Saturday,December,1,264.89
Vegetables,117.61,167,108,Sunday,January,1,131.72
Snacks,412.68,413,41,Thursday,May,0,412.68
Bakery,113.38,483,73,Saturday,June,1,119.05
Snacks,331.16,203,114,Saturday,August,1,370.9
Beverages,139.79,127,96,Friday,September,0,156.56
Personal Care,376.04,220,115,Friday,July,0,421.16
Household,117.47,71,66,Thursday,February,0,123.34
Dairy,431.94,79,81,Tuesday,November,0,483.77
Frozen,302.24,198,49,Friday,August,0,302.24
Vegetables,133.19,284,111,Monday,November,0,149.17
Bakery,344.04,275,97,Wednesday,November,0,385.32
Household,64.66,223,21,Thursday,January,0,58.19
Personal Care,486.23,391,23,Friday,February,0,437.61
Personal Care,422.42,260,78,Tuesday,March,0,443.54
Household,383.63,277,100,Friday,January,0,429.67
Household,249.42,58,119,Wednesday,May,0,279.35
Snacks,38.38,450,73,Monday,February,0,38.38
Fruits,409.85,390,69,Sunday,March,1,430.34
Beverages,333.28,485,71,Tuesday,May,0,333.28
Vegetables,437.49,217,28,Friday,December,0,437.49
Snacks,359.34,205,86,Saturday,June,1,402.46
Fruits,450.81,232,16,Tuesday,April,0,405.73
Bakery,175.66,302,71,Tuesday,October,0,184.44
Snacks,13.52,363,81,Monday,April,0,14.2
Bakery,453.66,441,43,Monday,September,0,408.29
Snacks,146.45,249,28,Friday,March,0,131.81
Fruits,129.07,243,104,Thursday,April,0,144.56
Bakery,57.5,221,46,Thursday,July,0,57.5
Fruits,433.28,28,87,Saturday,November,1,485.27
Bakery,39.7,373,44,Sunday,February,1,39.7
Snacks,103.88,275,58,Tuesday,July,0,103.88
Beverages,146.49,128,112,Monday,August,0,164.07
Vegetables,57.98,334,70,Sunday,January,1,60.88
Bakery,463.92,435,31,Tuesday,July,0,417.53
Fruits,245.87,443,52,Monday,March,0,245.87
Frozen,11.06,200,34,Sunday,August,1,11.06
Personal Care,217.27,491,94,Sunday,September,1,228.13
Fruits,85.85,152,28,Monday,October,0,85.85
Vegetables,39.87,161,8,Monday,October,0,35.88
Fruits,256.4,437,68,Tuesday,January,0,256.4
Vegetables,49.25,96,9,Friday,February,0,44.33
Snacks,207.85,483,114,Friday,April,0,232.79
Dairy,313.5,215,85,Friday,October,0,329.18
Vegetables,165.02,134,27,Saturday,December,1,165.02
Household,126.96,203,17,Saturday,November,1,114.26
Personal Care,234.04,476,97,Monday,January,0,245.74
Fruits,314.37,289,13,Monday,September,0,282.93
Snacks,257.88,68,120,Wednesday,February,0,288.83
Snacks,191.07,81,57,Sunday,September,1,200.62
Personal Care,309.72,414,84,Friday,January,0,325.21
Vegetables,156.7,340,14,Tuesday,May,0,141.03
Bakery,445.96,381,71,Tuesday,May,0,468.26
Personal Care,306.37,368,44,Tuesday,November,0,306.37
Personal Care,257.65,129,116,Sunday,January,1,288.57
Bakery,320.8,425,36,Monday,January,0,288.72
Household,387.85,327,34,Tuesday,December,0,349.07
Fruits,280.32,219,72,Monday,February,0,294.34
Bakery,473.07,354,116,Tuesday,September,0,529.84
Dairy,418.95,299,71,Tuesday,July,0,439.9
Beverages,30.5,187,116,Sunday,January,1,34.16
Household,112.94,128,86,Monday,June,0,126.49
Vegetables,443.23,209,80,Saturday,March,1,465.39
Snacks,433.66,500,103,Sunday,March,1,455.34
Frozen,22.15,378,119,Wednesday,July,0,24.81
Snacks,140.73,404,90,Monday,July,0,147.77
Dairy,430.71,114,26,Sunday,August,1,430.71
Household,159.54,408,112,Tuesday,April,0,178.68
Dairy,333.42,205,43,Wednesday,February,0,333.42
Personal Care,182.06,261,52,Saturday,September,1,182.06
Household,470.23,60,113,Wednesday,March,0,526.66
Personal Care,28.75,306,56,Wednesday,December,0,28.75
Household,223.83,262,15,Thursday,October,0,201.45
Snacks,134.81,363,56,Monday,September,0,134.81
Vegetables,346.56,482,95,Saturday,November,1,363.89
Snacks,188.47,36,86,Wednesday,October,0,211.09
Household,335.06,64,93,Wednesday,September,0,375.27
Personal Care,336.78,168,52,Saturday,May,1,353.62
Vegetables,72.37,216,86,Thursday,November,0,75.99
Beverages,311.6,155,52,Friday,January,0,327.18
Personal Care,150.59,221,101,Friday,October,0,168.66
Household,237.84,227,87,Tuesday,September,0,249.73
Fruits,398.93,492,102,Saturday,March,1,418.88
Bakery,149.06,340,82,Friday,June,0,156.51
Bakery,411.03,385,31,Saturday,May,1,369.93
Snacks,405.22,76,4,Monday,April,0,364.7
Fruits,309.52,394,10,Thursday,July,0,278.57
Snacks,361.99,197,64,Thursday,April,0,380.09
Beverages,331.47,3,115,Sunday,February,1,371.25
Frozen,117.23,412,90,Friday,August,0,123.09
Dairy,283.13,470,109,Monday,August,0,297.29
Beverages,402.69,342,68,Friday,October,0,422.82
Household,475.52,457,57,Friday,December,0,475.52
Vegetables,219.1,465,71,Thursday,March,0,219.1
Fruits,230.53,385,32,Sunday,November,1,207.48
Personal Care,385.25,267,63,Saturday,April,1,404.51
Personal Care,225.54,366,37,Tuesday,May,0,202.99
Household,166.66,277,11,Tuesday,March,0,149.99
Snacks,197.69,79,91,Tuesday,February,0,221.41
Frozen,209.72,278,60,Thursday,January,0,209.72
Snacks,418.12,200,116,Sunday,October,1,468.29
Dairy,429.8,392,74,Thursday,August,0,451.29
Dairy,471.94,153,97,Thursday,July,0,528.57
Vegetables,376.28,280,103,Friday,April,0,421.43
Fruits,117.52,224,63,Monday,July,0,123.4
Household,337.75,409,52,Saturday,March,1,337.75
Fruits,460.58,319,69,Monday,July,0,483.61
Dairy,51.13,220,18,Sunday,August,1,46.02
Beverages,34.64,195,42,Tuesday,August,0,34.64
Household,175.38,451,49,Wednesday,July,0,175.38
Personal Care,419.11,241,3,Saturday,September,1,377.2
Dairy,499.95,180,29,Saturday,February,1,499.95
Dairy,379.57,487,32,Tuesday,January,0,341.61
Beverages,126.89,243,86,Monday,October,0,133.23
Snacks,237.87,132,99,Wednesday,March,0,266.41
Bakery,391.12,84,40,Monday,October,0,391.12
Dairy,465.15,295,87,Thursday,July,0,488.41
Snacks,47.24,354,107,Saturday,April,1,52.91
Bakery,351.62,155,109,Saturday,October,1,393.81
Bakery,400.15,290,101,Monday,June,0,448.17
Vegetables,219.91,190,9,Friday,November,0,197.92
Household,16.2,216,106,Thursday,February,0,18.14
Frozen,480.79,326,115,Sunday,August,1,538.48
Beverages,223.39,376,67,Saturday,May,1,234.56
Vegetables,389.57,239,56,Sunday,December,1,409.05
Personal Care,167.93,126,107,Monday,May,0,188.08
Fruits,129.49,238,73,Friday,November,0,135.96
Frozen,174.83,254,109,Wednesday,March,0,195.81
Fruits,113.94,409,34,Wednesday,May,0,102.55
Personal Care,282.34,265,25,Monday,April,0,254.11
Frozen,249.4,389,31,Saturday,August,1,224.46
Fruits,229.61,9,12,Wednesday,April,0,229.61
Frozen,348.98,157,85,Friday,June,0,366.43
Fruits,281.2,177,55,Saturday,September,1,295.26
Household,182.39,233,35,Wednesday,May,0,182.39
Snacks,69.12,99,41,Monday,December,0,69.12
Vegetables,475.93,354,24,Tuesday,April,0,428.34
Fruits,145.48,302,98,Friday,October,0,162.94
Personal Care,490.45,427,25,Wednesday,April,0,441.4
Household,97.93,8,91,Friday,March,0,109.68
Personal Care,32.3,28,71,Wednesday,December,0,33.91
Beverages,322.56,386,63,Monday,January,0,322.56
Personal Care,240.0,226,44,Tuesday,January,0,240.0
Personal Care,471.12,245,15,Sunday,February,1,424.01
Frozen,250.96,296,81,Saturday,January,1,263.51
Beverages,83.11,289,39,Monday,April,0,83.11
Bakery,283.46,214,78,Friday,October,0,297.63
Snacks,390.09,195,58,Thursday,May,0,409.59
Frozen,159.64,318,8,Friday,December,0,143.68
Bakery,474.32,107,81,Tuesday,May,0,498.04
Bakery,86.96,89,71,Monday,March,0,91.31
Dairy,210.17,353,77,Thursday,May,0,220.68
Dairy,123.42,362,37,Saturday,August,1,123.42
Bakery,346.82,474,34,Sunday,November,1,312.14
Snacks,218.32,279,29,Saturday,March,1,218.32
Personal Care,415.05,37,8,Tuesday,May,0,373.55
Personal Care,225.19,240,89,Wednesday,December,0,236.45
Frozen,471.91,257,70,Thursday,August,0,495.51
Bakery,303.04,456,56,Saturday,June,1,303.04
Personal Care,22.67,118,87,Sunday,October,1,25.39
Dairy,499.79,345,106,Wednesday,October,0,559.76
Dairy,383.92,90,61,Friday,November,0,403.12
Fruits,458.88,93,75,Thursday,November,0,481.82
Fruits,484.84,241,45,Thursday,June,0,484.84
Household,338.37,440,21,Wednesday,July,0,304.53
Fruits,151.23,484,52,Sunday,September,1,151.23
Dairy,232.86,162,33,Wednesday,February,0,232.86
Frozen,433.81,423,1,Saturday,September,1,390.43
Fruits,212.49,97,67,Wednesday,October,0,223.11
Fruits,316.45,390,7,Tuesday,May,0,284.81
Vegetables,74.2,148,57,Saturday,August,1,77.91
Bakery,24.15,323,78,Sunday,April,1,25.36
Beverages,162.27,8,71,Thursday,February,0,170.38
Snacks,496.21,468,15,Thursday,February,0,446.59
Beverages,254.2,367,38,Friday,December,0,254.2
Personal Care,213.59,248,61,Tuesday,August,0,224.27
Vegetables,80.87,98,118,Friday,September,0,90.57
Beverages,433.37,142,99,Sunday,July,1,485.37
Household,467.78,260,35,Sunday,January,1,467.78
Personal Care,365.76,429,76,Friday,November,0,384.05
Fruits,433.98,229,69,Thursday,June,0,455.68
Household,280.44,279,49,Thursday,June,0,280.44
Snacks,490.58,123,74,Thursday,April,0,515.11
Frozen,31.39,382,61,Saturday,July,1,31.39
Frozen,494.32,406,106,Saturday,March,1,553.64
Fruits,482.76,65,65,Friday,June,0,506.9
Bakery,438.35,226,13,Friday,August,0,394.52
Dairy,364.0,210,112,Saturday,March,1,407.68
Bakery,240.05,497,34,Wednesday,October,0,216.05
Frozen,328.42,437,43,Sunday,November,1,328.42
Vegetables,196.2,163,81,Saturday,August,1,206.01
Vegetables,27.59,36,31,Saturday,November,1,27.59
Personal Care,498.74,383,12,Thursday,February,0,448.87
Bakery,227.4,356,39,Monday,January,0,227.4
Household,400.11,151,46,Wednesday,July,0,400.11
Beverages,129.66,211,73,Saturday,March,1,136.14
Beverages,95.78,313,112,Thursday,October,0,107.27
Snacks,253.86,299,19,Tuesday,August,0,228.47
Personal Care,235.19,342,2,Sunday,August,1,211.67
Personal Care,342.03,81,10,Thursday,June,0,307.83
Personal Care,323.08,218,89,Wednesday,August,0,339.23
Personal Care,107.62,197,110,Thursday,February,0,120.53
Snacks,196.87,184,74,Wednesday,December,0,206.71
Personal Care,20.75,425,85,Thursday,May,0,21.79
Dairy,287.31,352,100,Saturday,January,1,321.79
Fruits,418.09,463,37,Sunday,April,1,376.28
Household,117.31,98,80,Wednesday,November,0,123.18
Beverages,317.84,463,81,Saturday,January,1,333.73
Personal Care,396.42,18,75,Wednesday,December,0,416.24
Beverages,54.17,152,42,Saturday,July,1,54.17
Beverages,108.39,403,70,Wednesday,September,0,108.39
Vegetables,457.61,426,22,Wednesday,August,0,411.85
Personal Care,375.81,174,103,Monday,August,0,420.91
Bakery,78.97,495,29,Sunday,November,1,71.07
Frozen,483.96,412,72,Wednesday,February,0,508.16
Frozen,16.82,275,16,Thursday,June,0,15.14
Personal Care,296.43,422,82,Wednesday,February,0,311.25
Snacks,241.02,318,114,Friday,June,0,269.94
Snacks,327.35,326,106,Thursday,December,0,366.63
Personal Care,328.13,60,18,Monday,January,0,328.13
Personal Care,498.0,60,13,Tuesday,September,0,448.2
Beverages,200.44,190,86,Saturday,December,1,224.49
Vegetables,215.37,381,94,Tuesday,July,0,226.14
Bakery,418.51,316,53,Wednesday,January,0,418.51
Household,116.46,228,31,Sunday,June,1,116.46
Bakery,490.65,189,70,Saturday,June,1,515.18
Dairy,205.09,98,16,Sunday,August,1,205.09
Bakery,334.76,329,82,Friday,January,0,351.5
Dairy,395.53,125,17,Sunday,October,1,395.53
Snacks,43.62,392,71,Tuesday,October,0,45.8
Snacks,408.4,120,43,Sunday,March,1,408.4
Dairy,145.86,75,17,Friday,May,0,145.86
Beverages,63.86,444,4,Tuesday,January,0,57.47
Household,397.09,122,76,Wednesday,January,0,416.94
Beverages,140.03,65,95,Thursday,September,0,156.83
Bakery,375.38,244,58,Sunday,June,1,394.15
Vegetables,300.9,232,65,Tuesday,October,0,315.94
Dairy,366.35,466,111,Saturday,September,1,410.31
Personal Care,234.44,494,4,Monday,August,0,211.0
Frozen,218.87,56,63,Saturday,August,1,229.81
Bakery,450.64,165,78,Tuesday,February,0,473.17
Beverages,144.76,325,75,Friday,December,0,152.0
Household,196.64,306,68,Wednesday,August,0,206.47
Vegetables,306.66,51,102,Saturday,February,1,343.46
Vegetables,363.21,111,56,Thursday,April,0,381.37
Frozen,176.08,233,52,Thursday,December,0,176.08
Bakery,163.15,161,86,Wednesday,June,0,171.31
Beverages,346.54,243,9,Monday,February,0,311.89
Bakery,221.62,382,95,Wednesday,March,0,232.7
Vegetables,39.39,490,72,Friday,June,0,39.39
Bakery,211.3,448,86,Sunday,July,1,221.87
Dairy,484.52,308,40,Wednesday,February,0,484.52
Vegetables,114.24,337,62,Tuesday,February,0,114.24
Household,424.23,189,15,Sunday,May,1,381.81
Snacks,405.54,433,72,Sunday,October,1,425.82
Vegetables,22.86,476,85,Sunday,December,1,24.0
Personal Care,24.19,140,90,Sunday,May,1,27.09
Household,182.0,93,112,Tuesday,October,0,203.84
Frozen,44.1,380,82,Monday,February,0,46.31
Vegetables,115.42,215,59,Wednesday,March,0,121.19
Household,162.7,167,100,Friday,October,0,182.22
Bakery,442.84,80,21,Sunday,October,1,442.84
Dairy,340.24,140,57,Saturday,July,1,357.25
Fruits,307.47,213,35,Tuesday,September,0,307.47
Bakery,179.13,57,37,Saturday,November,1,179.13
Fruits,268.2,158,6,Tuesday,July,0,241.38
Dairy,13.77,155,28,Sunday,March,1,13.77
Personal Care,151.83,62,1,Thursday,December,0,136.65
Frozen,96.09,195,69,Saturday,April,1,100.89
Vegetables,283.77,343,104,Wednesday,February,0,317.82
Frozen,432.26,22,56,Monday,August,0,453.87
Bakery,432.43,295,55,Friday,July,0,432.43
Frozen,151.86,208,3,Wednesday,March,0,136.67
Fruits,417.69,471,47,Monday,July,0,417.69
Bakery,129.23,302,52,Friday,February,0,129.23
Frozen,436.56,382,44,Tuesday,June,0,436.56
Beverages,47.43,325,15,Friday,September,0,42.69
Snacks,453.9,179,45,Saturday,November,1,453.9
Beverages,125.77,75,33,Tuesday,March,0,125.77
Beverages,382.51,336,10,Tuesday,November,0,344.26
Fruits,237.34,289,98,Friday,August,0,265.82
Household,433.48,322,41,Tuesday,August,0,433.48
Bakery,239.77,324,39,Sunday,May,1,239.77
Dairy,182.45,38,40,Thursday,August,0,182.45
Dairy,37.88,426,37,Monday,November,0,34.09
Bakery,311.35,260,50,Thursday,October,0,311.35
Vegetables,477.57,379,115,Monday,August,0,534.88
Snacks,167.55,244,65,Tuesday,January,0,175.93
Fruits,60.72,461,108,Wednesday,December,0,63.76
Bakery,257.23,89,6,Tuesday,December,0,231.51
Fruits,495.58,269,67,Friday,March,0,520.36
Household,192.7,145,50,Thursday,June,0,192.7
Dairy,396.72,332,43,Monday,June,0,396.72
Bakery,283.4,198,37,Wednesday,December,0,283.4
Beverages,173.35,299,85,Tuesday,June,0,182.02
Personal Care,484.17,358,85,Thursday,March,0,508.38
Bakery,161.7,193,83,Sunday,June,1,169.78
Beverages,338.36,425,95,Saturday,September,1,355.28
Bakery,326.55,217,66,Wednesday,January,0,342.88
Household,161.34,487,28,Wednesday,August,0,145.21
Snacks,121.01,71,20,Monday,May,0,121.01
Bakery,258.77,277,107,Saturday,September,1,289.82
Dairy,334.35,449,99,Friday,March,0,351.07
Frozen,85.58,93,107,Saturday,October,1,95.85
Beverages,363.38,23,53,Wednesday,November,0,381.55
Snacks,485.1,313,37,Sunday,December,1,485.1
Fruits,124.66,123,40,Sunday,August,1,124.66
Snacks,190.24,485,74,Thursday,August,0,190.24
Personal Care,391.28,258,68,Thursday,March,0,410.84
Snacks,402.62,71,112,Wednesday,January,0,450.93
Fruits,438.32,284,120,Monday,December,0,490.92
Vegetables,427.07,146,11,Sunday,March,1,384.36
Personal Care,230.17,263,19,Sunday,July,1,207.15
Bakery,473.74,114,105,Thursday,June,0,530.59
Dairy,213.3,203,65,Wednesday,April,0,223.97
Frozen,497.32,192,29,Monday,June,0,497.32
Bakery,421.2,333,43,Sunday,March,1,421.2
Beverages,28.77,470,107,Thursday,December,0,30.21
Beverages,381.83,241,58,Friday,January,0,381.83
Bakery,19.31,111,107,Tuesday,September,0,21.63
Vegetables,217.39,398,37,Tuesday,May,0,195.65
Bakery,33.4,215,82,Sunday,October,1,35.07
Fruits,40.78,429,116,Thursday,October,0,45.67
Vegetables,18.05,264,74,Tuesday,December,0,18.95
Beverages,152.72,1,79,Wednesday,April,0,171.05
Frozen,101.78,343,11,Friday,June,0,91.6
Bakery,477.17,279,65,Sunday,September,1,501.03
Vegetables,19.96,448,61,Monday,November,0,19.96
Frozen,490.71,130,96,Monday,June,0,549.6
Bakery,178.95,376,85,Saturday,February,1,187.9
Household,75.37,181,70,Wednesday,November,0,79.14
Beverages,416.89,351,60,Saturday,August,1,416.89
Beverages,407.63,33,92,Sunday,August,1,456.55
Dairy,153.79,23,102,Tuesday,January,0,172.24
Household,467.35,264,51,Sunday,September,1,467.35
Fruits,134.12,386,83,Tuesday,May,0,140.83
Household,432.45,25,111,Saturday,June,1,484.34
Personal Care,70.99,189,56,Thursday,December,0,74.54
Fruits,448.37,198,44,Tuesday,August,0,448.37
Fruits,190.0,409,67,Wednesday,February,0,190.0
Frozen,48.67,309,106,Tuesday,September,0,54.51
Personal Care,167.39,41,42,Saturday,May,1,175.76
Personal Care,228.5,368,55,Tuesday,December,0,228.5
Fruits,182.26,22,94,Sunday,June,1,204.13
Frozen,144.53,406,8,Monday,November,0,130.08
Frozen,188.02,411,96,Saturday,March,1,197.42
Dairy,79.96,312,87,Sunday,August,1,83.96
Dairy,71.85,121,100,Saturday,June,1,80.47
Household,197.6,291,5,Friday,March,0,177.84
Fruits,474.92,191,57,Sunday,February,1,498.67
Beverages,269.44,204,41,Saturday,May,1,269.44
Snacks,480.65,14,95,Tuesday,August,0,538.33
Vegetables,199.62,288,16,Wednesday,May,0,179.66
Fruits,115.14,314,37,Saturday,August,1,115.14
Snacks,70.09,437,10,Thursday,March,0,63.08
Fruits,498.66,415,88,Sunday,June,1,523.59
Household,357.67,282,70,Wednesday,May,0,375.55
Beverages,358.79,475,90,Saturday,March,1,376.73
Household,259.29,63,26,Sunday,March,1,259.29
Snacks,397.28,14,47,Friday,October,0,417.14
Household,239.03,283,17,Friday,February,0,215.13
Bakery,161.55,368,93,Thursday,September,0,169.63
Frozen,386.89,422,74,Monday,March,0,406.23
Household,324.75,231,60,Saturday,September,1,340.99
Household,72.88,425,100,Friday,November,0,76.52
Beverages,386.21,67,56,Friday,January,0,405.52
Bakery,263.87,156,22,Tuesday,June,0,263.87
Snacks,179.55,482,67,Wednesday,February,0,179.55
Personal Care,106.19,490,71,Wednesday,March,0,106.19
Personal Care,311.07,48,65,Saturday,March,1,326.62
Beverages,93.89,320,93,Friday,June,0,98.58
Dairy,414.37,15,11,Monday,November,0,372.93
Personal Care,329.05,393,74,Thursday,October,0,345.5
Dairy,254.04,322,70,Wednesday,November,0,266.74
Personal Care,246.64,413,104,Saturday,July,1,276.24
Personal Care,232.24,353,8,Tuesday,August,0,209.02
Frozen,247.28,105,44,Friday,March,0,247.28
Household,432.13,164,94,Sunday,June,1,483.99
Frozen,74.08,190,66,Friday,February,0,77.78
Household,128.45,63,35,Thursday,April,0,128.45
Beverages,57.44,149,50,Sunday,October,1,60.31
Frozen,131.65,444,116,Tuesday,June,0,147.45
Household,103.02,82,64,Friday,August,0,108.17
Fruits,440.75,255,3,Monday,July,0,396.68
Vegetables,234.04,124,28,Friday,June,0,234.04
Dairy,34.76,254,77,Sunday,November,1,36.5
Fruits,150.02,5,109,Monday,July,0,168.02
Beverages,442.4,373,47,Sunday,July,1,442.4
Household,32.17,27,73,Friday,April,0,33.78
Household,281.08,38,50,Friday,August,0,295.13
Vegetables,147.06,320,88,Friday,February,0,154.41
Beverages,487.79,202,48,Sunday,June,1,487.79
Vegetables,470.08,387,19,Tuesday,October,0,423.07
Vegetables,206.68,21,6,Monday,March,0,186.01
Household,403.94,266,59,Tuesday,October,0,403.94
Vegetables,78.49,477,79,Wednesday,March,0,82.41
Frozen,495.4,379,108,Wednesday,October,0,554.85
Household,258.58,261,69,Thursday,December,0,271.51
Personal Care,242.7,9,48,Wednesday,November,0,254.84
Bakery,490.15,299,40,Sunday,December,1,490.15
Dairy,302.49,136,84,Sunday,October,1,338.79
Snacks,363.49,299,62,Tuesday,September,0,363.49
Frozen,82.41,349,32,Monday,October,0,74.17
Bakery,103.48,226,41,Thursday,March,0,103.48
Frozen,348.35,211,65,Sunday,October,1,365.77
Fruits,437.68,377,94,Monday,December,0,459.56
Beverages,264.15,288,42,Saturday,August,1,264.15
Vegetables,194.64,490,23,Thursday,September,0,175.18
Household,277.67,347,99,Sunday,December,1,310.99
Personal Care,308.94,99,32,Wednesday,September,0,308.94
Personal Care,120.18,499,39,Sunday,May,1,108.16
Snacks,348.22,251,41,Thursday,June,0,348.22
Vegetables,467.51,408,93,Wednesday,May,0,490.89
Bakery,291.0,279,49,Thursday,June,0,291.0
Beverages,152.32,148,92,Monday,June,0,170.6
Fruits,331.43,383,62,Tuesday,April,0,331.43
Vegetables,142.86,288,90,Wednesday,March,0,150.0
Bakery,311.68,301,31,Tuesday,January,0,280.51
Vegetables,120.58,120,7,Monday,July,0,108.52
Household,361.51,52,88,Sunday,March,1,404.89
Dairy,482.61,476,21,Thursday,November,0,434.35
Fruits,243.95,103,97,Wednesday,June,0,273.22
Personal Care,326.49,465,99,Monday,November,0,342.81
Snacks,272.22,371,109,Monday,March,0,304.89
Frozen,442.3,91,120,Monday,July,0,495.38
Fruits,101.29,384,112,Wednesday,January,0,113.44
Dairy,156.21,309,14,Wednesday,May,0,140.59
Fruits,494.66,279,68,Thursday,March,0,519.39
Vegetables,239.33,99,104,Monday,June,0,268.05
Beverages,368.25,332,33,Saturday,March,1,368.25
Dairy,370.94,405,38,Friday,November,0,333.85
Snacks,95.99,439,82,Thursday,July,0,100.79
Vegetables,170.68,206,86,Monday,March,0,179.21
Beverages,243.95,480,32,Monday,May,0,219.56
Frozen,125.41,386,35,Wednesday,May,0,112.87
Dairy,138.16,185,89,Tuesday,January,0,154.74
Bakery,238.04,82,52,Saturday,September,1,249.94
Personal Care,348.24,328,118,Wednesday,June,0,390.03
Snacks,117.37,69,62,Tuesday,August,0,123.24
Household,213.76,282,117,Thursday,September,0,239.41
Snacks,383.31,349,97,Friday,February,0,402.48
Vegetables,228.91,361,47,Monday,October,0,228.91
Bakery,40.26,281,116,Friday,April,0,45.09
Vegetables,83.43,168,110,Friday,August,0,93.44
Bakery,343.34,368,75,Thursday,February,0,360.51
Vegetables,228.29,29,59,Tuesday,September,0,239.7
Frozen,233.83,30,72,Thursday,November,0,245.52
Personal Care,364.41,203,33,Sunday,January,1,364.41
Snacks,293.37,24,55,Wednesday,December,0,308.04
Bakery,275.17,31,120,Monday,August,0,308.19
Dairy,150.67,93,99,Tuesday,November,0,168.75
Frozen,193.49,457,49,Thursday,July,0,193.49
Frozen,49.32,494,85,Sunday,September,1,51.79
Beverages,330.23,179,16,Tuesday,September,0,297.21
Frozen,269.13,373,29,Sunday,January,1,242.22
Dairy,489.46,238,87,Saturday,September,1,513.93
Frozen,270.65,422,30,Tuesday,August,0,243.58
Household,86.01,97,120,Saturday,February,1,96.33
Dairy,406.64,215,79,Sunday,January,1,426.97
Snacks,110.98,52,77,Monday,August,0,116.53
Dairy,129.92,23,52,Thursday,April,0,136.42
Vegetables,116.46,443,100,Monday,March,0,122.28
Vegetables,496.81,120,105,Saturday,October,1,556.43
Household,292.96,396,87,Sunday,June,1,307.61
Snacks,157.86,74,85,Friday,April,0,176.8
Frozen,157.25,32,72,Friday,December,0,165.11
Beverages,316.74,219,72,Thursday,January,0,332.58
Household,471.38,344,49,Sunday,September,1,471.38
Household,351.19,210,20,Wednesday,July,0,316.07
Beverages,379.66,243,31,Sunday,April,1,379.66
Personal Care,430.2,74,104,Thursday,January,0,481.82
Vegetables,212.21,214,72,Friday,March,0,222.82
Frozen,129.0,105,43,Saturday,February,1,135.45
Fruits,425.1,48,69,Saturday,April,1,446.36
Dairy,141.55,345,78,Friday,January,0,148.63
Bakery,102.2,390,76,Saturday,November,1,107.31
Vegetables,116.34,107,112,Wednesday,May,0,130.3
Dairy,113.79,98,95,Monday,December,0,127.44
Fruits,458.08,357,78,Saturday,April,1,480.98
Frozen,458.41,283,42,Sunday,May,1,458.41
Frozen,238.46,333,46,Wednesday,May,0,238.46
Household,261.28,255,60,Monday,December,0,274.34
Fruits,383.2,164,118,Tuesday,June,0,429.18
Household,212.83,289,111,Tuesday,December,0,238.37
Beverages,17.95,284,120,Friday,October,0,20.1
Frozen,154.64,101,43,Tuesday,July,0,154.64
Snacks,254.66,336,88,Wednesday,May,0,267.39
Fruits,483.59,329,95,Thursday,August,0,507.77
Beverages,369.06,181,22,Tuesday,December,0,332.15
Vegetables,249.27,470,114,Friday,November,0,279.18
Dairy,266.73,430,109,Monday,November,0,298.74
Dairy,384.53,212,18,Sunday,November,1,346.08
Snacks,43.3,78,2,Tuesday,September,0,38.97
Fruits,192.87,317,82,Saturday,October,1,202.51
Fruits,333.05,9,1,Friday,September,0,299.75
Frozen,15.81,272,93,Wednesday,September,0,16.6
Personal Care,18.4,417,90,Saturday,July,1,19.32
Beverages,62.44,50,68,Tuesday,April,0,65.56
Snacks,313.69,130,105,Wednesday,May,0,351.33
Frozen,48.72,492,52,Thursday,October,0,48.72
Snacks,495.21,116,39,Saturday,February,1,495.21
Dairy,55.82,195,49,Friday,August,0,55.82
Dairy,322.01,360,22,Monday,August,0,289.81
Frozen,326.0,170,73,Sunday,February,1,342.3
Vegetables,460.38,118,28,Sunday,December,1,460.38
Fruits,142.84,474,10,Saturday,May,1,128.56
Vegetables,286.12,17,23,Sunday,June,1,286.12
Dairy,481.12,301,19,Sunday,December,1,433.01
Frozen,465.15,154,21,Friday,April,0,418.63
Frozen,341.75,277,43,Thursday,December,0,341.75
Beverages,397.34,353,93,Monday,September,0,417.21
Household,36.31,224,30,Sunday,February,1,36.31
Household,306.53,315,77,Thursday,June,0,321.86
Dairy,320.72,402,58,Thursday,April,0,320.72
Household,280.99,193,56,Tuesday,November,0,295.04
Frozen,51.99,317,38,Sunday,April,1,51.99
Bakery,50.2,79,49,Saturday,November,1,52.71
Beverages,372.43,163,47,Monday,February,0,372.43
Dairy,472.05,228,47,Sunday,May,1,472.05
Bakery,74.93,96,56,Thursday,September,0,78.68
Vegetables,261.1,53,4,Monday,June,0,234.99
Vegetables,55.6,307,101,Wednesday,July,0,62.27
Dairy,153.01,199,100,Monday,December,0,171.37
Vegetables,453.55,125,74,Friday,March,0,476.23
Frozen,93.06,138,39,Wednesday,August,0,93.06
Beverages,41.0,223,36,Thursday,May,0,41.0
Fruits,393.51,185,33,Tuesday,December,0,393.51
Fruits,300.97,101,59,Monday,March,0,316.02
Personal Care,13.32,203,43,Sunday,October,1,13.32
Frozen,404.0,169,57,Wednesday,July,0,424.2
Beverages,157.21,309,89,Tuesday,August,0,165.07
Household,97.04,204,41,Wednesday,December,0,97.04
Fruits,484.2,401,32,Wednesday,July,0,435.78
Personal Care,410.08,202,47,Monday,October,0,410.08
Snacks,300.19,280,24,Saturday,September,1,270.17
Dairy,476.97,237,91,Tuesday,August,0,500.82
Personal Care,417.33,36,105,Sunday,July,1,467.41
Fruits,78.2,156,31,Wednesday,November,0,78.2
Beverages,360.47,405,49,Monday,August,0,360.47
Fruits,295.3,274,65,Sunday,December,1,310.06
Frozen,276.39,405,47,Saturday,September,1,276.39
Bakery,63.59,128,85,Saturday,June,1,71.22
Beverages,327.03,23,73,Saturday,November,1,366.27
Frozen,483.74,170,102,Thursday,February,0,541.79
Dairy,58.32,114,66,Saturday,September,1,61.24
Vegetables,294.45,295,29,Thursday,June,0,265.0
Frozen,236.9,348,76,Saturday,September,1,248.75
Beverages,179.03,13,62,Monday,May,0,187.98
Frozen,461.07,44,15,Sunday,December,1,461.07
Beverages,180.68,176,59,Sunday,April,1,189.71
Vegetables,246.63,244,13,Thursday,December,0,221.97
Fruits,166.27,154,6,Sunday,December,1,149.64
Bakery,21.07,176,83,Monday,November,0,22.12
Beverages,465.66,380,32,Friday,March,0,419.09
Vegetables,88.47,287,55,Thursday,April,0,88.47
Frozen,318.58,96,82,Saturday,July,1,356.81
Frozen,24.3,315,114,Tuesday,August,0,27.22
Frozen,200.53,361,28,Tuesday,May,0,180.48
Bakery,292.9,410,112,Friday,March,0,328.05
Household,169.73,235,15,Wednesday,November,0,152.76
Fruits,268.58,328,41,Friday,July,0,268.58
Frozen,297.63,179,46,Sunday,August,1,297.63
Beverages,408.73,362,103,Wednesday,October,0,457.78
Bakery,339.33,161,16,Tuesday,May,0,305.4
Bakery,99.69,356,19,Friday,July,0,89.72
Frozen,302.25,295,50,Thursday,March,0,302.25
Fruits,321.4,356,118,Saturday,March,1,359.97
Vegetables,91.76,148,18,Tuesday,June,0,82.58
Fruits,313.51,444,46,Monday,August,0,313.51
Beverages,105.61,197,72,Friday,November,0,110.89
Fruits,210.48,252,54,Saturday,August,1,221.0
Fruits,91.95,290,4,Sunday,April,1,82.76
Personal Care,26.02,116,69,Wednesday,March,0,27.32
Fruits,287.17,396,99,Thursday,September,0,301.53
Vegetables,65.47,59,35,Sunday,September,1,65.47
Household,275.6,388,6,Sunday,December,1,248.04
Fruits,277.71,218,14,Saturday,November,1,249.94
Snacks,155.88,17,58,Wednesday,June,0,163.67
Bakery,225.14,61,100,Sunday,April,1,252.16
Snacks,407.24,302,89,Wednesday,December,0,427.6
Frozen,91.33,72,101,Tuesday,April,0,102.29
Dairy,289.34,273,36,Friday,September,0,289.34
Beverages,168.59,361,38,Wednesday,October,0,168.59
Personal Care,476.67,264,116,Saturday,February,1,533.87
Beverages,481.76,403,53,Monday,May,0,481.76
Beverages,353.7,68,32,Tuesday,December,0,353.7
Household,415.96,390,108,Saturday,July,1,465.88
Fruits,79.66,324,35,Saturday,July,1,79.66
Frozen,231.48,325,102,Sunday,February,1,259.26
Frozen,262.65,143,89,Wednesday,August,0,294.17
Fruits,170.37,2,112,Sunday,December,1,190.81
Bakery,368.16,235,82,Saturday,December,1,386.57
Household,426.55,408,69,Thursday,April,0,426.55
Frozen,414.18,254,35,Wednesday,May,0,414.18
Household,278.18,67,73,Sunday,August,1,292.09
Household,448.14,391,7,Monday,February,0,403.33
Fruits,17.98,476,110,Tuesday,August,0,18.88
Fruits,10.33,491,55,Tuesday,December,0,10.33
Beverages,442.25,155,21,Sunday,May,1,442.25
Bakery,330.75,129,11,Wednesday,November,0,297.68
Beverages,35.38,321,40,Saturday,December,1,35.38
Snacks,220.32,47,91,Monday,January,0,246.76
Snacks,243.64,68,76,Tuesday,September,0,255.82
Fruits,14.55,357,44,Sunday,February,1,14.55
Frozen,350.08,245,10,Tuesday,July,0,315.07
Bakery,368.07,53,14,Wednesday,June,0,368.07
Personal Care,77.19,397,105,Sunday,March,1,86.45
Beverages,43.52,289,2,Friday,November,0,39.17
Beverages,225.65,370,28,Saturday,December,1,203.09
Beverages,460.75,316,88,Thursday,April,0,483.79
Bakery,449.33,72,97,Monday,October,0,503.25
Frozen,182.25,220,41,Sunday,March,1,182.25
Snacks,145.71,44,32,Friday,October,0,145.71
Personal Care,391.7,354,4,Sunday,November,1,352.53
Personal Care,110.67,311,66,Tuesday,December,0,116.2
Frozen,154.82,28,101,Sunday,April,1,173.4
Fruits,199.08,124,64,Saturday,October,1,209.03
Bakery,268.86,7,47,Wednesday,March,0,282.3
Frozen,431.8,292,54,Wednesday,September,0,431.8
Beverages,383.74,489,99,Monday,January,0,402.93
Bakery,16.76,111,6,Monday,July,0,15.08
Vegetables,150.38,365,65,Sunday,July,1,157.9
Frozen,353.89,43,82,Friday,September,0,396.36
Beverages,145.96,159,11,Friday,April,0,131.36
Beverages,272.83,201,76,Saturday,November,1,286.47
Bakery,161.98,224,94,Sunday,April,1,181.42
Dairy,129.8,474,56,Monday,August,0,129.8
Dairy,161.55,380,85,Saturday,March,1,169.63
Bakery,16.21,71,90,Monday,March,0,18.16
Fruits,476.98,268,67,Sunday,December,1,500.83
Personal Care,91.81,65,96,Sunday,May,1,102.83
Bakery,388.0,16,43,Sunday,July,1,407.4
Personal Care,266.69,135,92,Friday,November,0,298.69
Bakery,253.11,262,47,Monday,August,0,253.11
Beverages,190.17,131,99,Monday,October,0,212.99
Bakery,121.92,261,1,Monday,January,0,109.73
Snacks,32.53,187,50,Tuesday,March,0,32.53
Dairy,280.9,468,92,Saturday,November,1,294.94
Frozen,120.01,128,54,Saturday,June,1,126.01
Personal Care,414.74,293,48,Monday,September,0,414.74
Dairy,97.88,412,67,Monday,July,0,97.88
Bakery,439.73,444,37,Sunday,May,1,395.76
Household,52.33,234,2,Wednesday,April,0,47.1
Personal Care,286.27,156,95,Friday,April,0,320.62
Fruits,190.45,498,64,Sunday,April,1,190.45
Vegetables,382.64,126,20,Monday,July,0,382.64
Dairy,124.17,178,82,Sunday,December,1,130.38
Dairy,475.99,1,98,Saturday,July,1,533.11
Personal Care,60.94,272,31,Thursday,August,0,60.94
Dairy,486.55,73,92,Wednesday,February,0,544.94
Dairy,461.42,460,109,Friday,July,0,484.49
Household,234.64,383,11,Friday,February,0,211.18
Vegetables,75.42,420,51,Monday,October,0,75.42
Dairy,223.14,494,17,Tuesday,May,0,200.83
Personal Care,426.95,475,103,Thursday,December,0,448.3
Household,165.85,140,30,Monday,April,0,165.85
Beverages,392.17,300,14,Tuesday,February,0,352.95
Beverages,230.29,161,53,Monday,September,0,241.8
Household,482.67,107,58,Wednesday,August,0,506.8
Personal Care,427.72,47,21,Sunday,November,1,427.72
Personal Care,414.93,357,78,Monday,April,0,435.68
Household,82.68,365,32,Wednesday,July,0,74.41
Vegetables,33.99,154,34,Sunday,March,1,33.99
Dairy,476.53,438,58,Friday,December,0,476.53
Vegetables,132.43,237,14,Sunday,March,1,119.19
Bakery,15.86,426,100,Tuesday,March,0,16.65
Snacks,413.6,191,88,Saturday,November,1,463.23
Bakery,295.34,133,118,Sunday,February,1,330.78
Dairy,498.61,102,116,Saturday,August,1,558.44
Beverages,55.07,434,107,Sunday,June,1,61.68
Bakery,30.92,237,7,Tuesday,October,0,27.83
Frozen,412.63,203,64,Monday,July,0,433.26
Frozen,94.68,110,117,Tuesday,May,0,106.04
Personal Care,228.55,77,5,Friday,October,0,205.7
Snacks,327.17,256,53,Friday,August,0,327.17
Dairy,52.98,197,18,Thursday,April,0,47.68
Vegetables,132.08,411,70,Sunday,January,1,138.68
Frozen,393.14,184,62,Friday,August,0,412.8
Household,457.21,258,42,Thursday,May,0,457.21
Beverages,22.77,306,29,Monday,May,0,20.49
Dairy,406.24,242,68,Wednesday,October,0,426.55
Snacks,487.25,52,32,Saturday,April,1,487.25
Personal Care,271.51,406,118,Saturday,January,1,304.09
Snacks,292.09,409,50,Wednesday,March,0,292.09
Beverages,125.91,163,104,Saturday,December,1,141.02
Household,457.85,15,91,Saturday,June,1,512.79
Beverages,285.92,97,108,Sunday,August,1,320.23
Vegetables,161.44,252,5,Monday,January,0,145.3
Snacks,304.81,11,68,Thursday,January,0,320.05
Household,459.77,104,104,Tuesday,June,0,514.94
Beverages,460.2,433,112,Wednesday,January,0,515.42
Dairy,82.38,361,118,Tuesday,February,0,92.27
Vegetables,431.73,492,10,Wednesday,December,0,388.56
Frozen,297.15,173,39,Wednesday,March,0,297.15
Beverages,368.85,224,102,Saturday,August,1,413.11
Household,95.36,496,72,Saturday,October,1,95.36
Household,119.39,302,105,Tuesday,July,0,133.72
Personal Care,369.66,151,17,Tuesday,December,0,332.69
Dairy,474.91,486,74,Thursday,October,0,474.91
Dairy,99.22,163,118,Sunday,October,1,111.13
Snacks,323.43,54,120,Thursday,March,0,362.24
Household,375.22,122,45,Wednesday,March,0,375.22
Bakery,412.61,344,82,Saturday,June,1,433.24
Fruits,15.58,108,32,Saturday,February,1,15.58
Household,135.76,56,93,Monday,January,0,152.05
Frozen,224.73,215,22,Thursday,August,0,202.26
Frozen,182.1,193,13,Sunday,August,1,163.89
Snacks,89.7,38,103,Sunday,January,1,100.46
Personal Care,19.84,134,14,Monday,June,0,17.86
Beverages,445.09,83,94,Monday,September,0,498.5
Bakery,175.6,315,115,Thursday,December,0,196.67
Dairy,221.35,335,22,Friday,July,0,199.22
Beverages,36.24,170,27,Tuesday,July,0,36.24
Vegetables,363.8,374,70,Wednesday,November,0,381.99
Personal Care,155.73,50,7,Thursday,October,0,140.16
Vegetables,421.53,79,7,Wednesday,January,0,379.38
Frozen,52.94,422,85,Saturday,October,1,55.59
Fruits,107.84,14,27,Tuesday,November,0,107.84
Personal Care,488.76,243,109,Monday,May,0,547.41
Frozen,240.76,459,85,Wednesday,February,0,252.8
Vegetables,199.89,190,114,Thursday,June,0,223.88
Beverages,228.43,135,57,Thursday,May,0,239.85
Snacks,420.17,289,8,Tuesday,December,0,378.15
Bakery,52.0,177,104,Friday,July,0,58.24
Snacks,281.26,431,50,Sunday,September,1,281.26
Frozen,483.16,352,111,Thursday,October,0,541.14
Snacks,243.37,41,51,Sunday,December,1,255.54
Dairy,256.03,462,67,Sunday,October,1,256.03
Beverages,68.94,388,58,Tuesday,March,0,68.94
Snacks,406.15,65,6,Thursday,February,0,365.53
Frozen,108.94,422,81,Tuesday,October,0,114.39
Personal Care,166.68,373,118,Sunday,February,1,186.68
Bakery,200.17,204,71,Wednesday,May,0,210.18
Vegetables,234.5,448,2,Sunday,December,1,211.05
Vegetables,393.03,58,54,Tuesday,March,0,412.68
Bakery,463.21,289,100,Monday,May,0,518.8
Vegetables,441.27,450,53,Wednesday,July,0,441.27
Fruits,290.29,243,5,Tuesday,May,0,261.26
Frozen,80.49,312,88,Saturday,July,1,84.51
Dairy,203.94,451,43,Saturday,April,1,203.94
Dairy,375.42,472,35,Wednesday,January,0,337.88
Household,410.52,156,40,Wednesday,August,0,410.52
Bakery,486.52,117,18,Wednesday,December,0,437.87
Fruits,389.28,165,35,Saturday,July,1,389.28
Bakery,102.09,109,117,Sunday,July,1,114.34
Fruits,382.15,445,48,Sunday,January,1,382.15
Vegetables,397.83,34,40,Saturday,September,1,417.72
Frozen,76.47,436,68,Friday,January,0,76.47
Beverages,104.45,427,26,Sunday,January,1,94.01
Snacks,26.2,26,118,Wednesday,December,0,29.34
Snacks,144.25,422,60,Friday,July,0,144.25
Bakery,343.78,124,48,Thursday,October,0,343.78
Fruits,97.02,446,61,Friday,September,0,97.02
Household,178.68,429,115,Wednesday,December,0,200.12
Bakery,149.68,198,7,Tuesday,October,0,134.71
Snacks,429.98,332,29,Saturday,April,1,386.98
Personal Care,329.28,263,3,Sunday,November,1,296.35
Dairy,242.31,68,83,Tuesday,October,0,271.39
Dairy,119.65,312,104,Wednesday,December,0,134.01
Personal Care,217.67,193,110,Wednesday,August,0,243.79
Personal Care,116.92,155,87,Friday,October,0,130.95
Frozen,296.4,4,66,Saturday,June,1,311.22
Vegetables,327.2,312,37,Wednesday,November,0,327.2
Bakery,246.05,173,36,Saturday,June,1,246.05
Personal Care,137.96,365,115,Saturday,May,1,154.52
Snacks,83.47,392,31,Monday,October,0,75.12
Frozen,333.66,349,18,Saturday,January,1,300.29
Fruits,498.76,133,117,Thursday,July,0,558.61
Frozen,371.0,299,91,Friday,April,0,389.55
Household,366.01,114,88,Friday,November,0,409.93
Fruits,454.2,344,46,Friday,May,0,454.2
Beverages,421.91,449,72,Tuesday,May,0,421.91
Bakery,240.68,380,34,Saturday,September,1,240.68
Beverages,473.99,461,43,Saturday,February,1,473.99
Snacks,184.09,382,112,Wednesday,July,0,206.18
Household,192.12,300,38,Thursday,February,0,192.12
Fruits,36.3,325,75,Friday,October,0,38.12
Bakery,241.39,100,65,Monday,November,0,253.46
Frozen,269.62,212,7,Sunday,March,1,242.66
Beverages,496.25,176,53,Friday,August,0,496.25
Beverages,165.03,367,24,Sunday,February,1,148.53
Fruits,172.99,91,41,Saturday,January,1,172.99
Dairy,231.51,108,98,Sunday,March,1,259.29
Beverages,249.89,391,100,Monday,March,0,262.38
Frozen,320.41,207,55,Thursday,July,0,320.41
Dairy,28.49,103,94,Wednesday,January,0,31.91
Household,380.86,272,25,Monday,November,0,342.77
Dairy,317.08,128,29,Saturday,June,1,317.08
Personal Care,73.18,197,65,Friday,May,0,76.84
Beverages,41.99,24,39,Wednesday,August,0,41.99
Vegetables,302.22,173,56,Saturday,March,1,317.33
Household,498.11,251,46,Sunday,April,1,498.11
Beverages,474.56,471,104,Thursday,January,0,498.29
Snacks,119.92,68,28,Saturday,January,1,119.92
Vegetables,92.8,188,92,Saturday,January,1,103.94
Frozen,439.51,131,99,Friday,October,0,492.25
Dairy,301.02,25,85,Monday,November,0,337.14
Dairy,33.64,60,54,Thursday,July,0,35.32
Bakery,278.17,243,90,Tuesday,April,0,292.08
Dairy,157.55,339,13,Saturday,September,1,141.8
Personal Care,315.17,359,18,Thursday,February,0,283.65
Vegetables,362.2,61,37,Monday,February,0,362.2
Fruits,107.34,103,100,Wednesday,September,0,120.22
Snacks,185.38,210,38,Tuesday,January,0,185.38
Vegetables,253.21,107,89,Thursday,June,0,283.6
Snacks,11.34,344,12,Monday,October,0,10.21
Fruits,83.08,47,100,Friday,February,0,93.05
Bakery,453.34,330,30,Thursday,May,0,408.01
Personal Care,237.5,52,105,Tuesday,January,0,266.0
Personal Care,186.51,347,41,Thursday,December,0,186.51
Bakery,56.55,389,114,Monday,January,0,63.34
Beverages,335.04,88,43,Wednesday,August,0,335.04
Personal Care,440.45,48,48,Sunday,June,1,462.47
Beverages,65.78,205,59,Wednesday,July,0,69.07
Fruits,401.95,333,114,Sunday,March,1,450.18
Bakery,74.93,372,8,Sunday,March,1,67.44
Bakery,213.85,303,62,Sunday,October,1,224.54
Fruits,98.82,195,100,Wednesday,October,0,110.68
Dairy,432.66,451,108,Saturday,March,1,484.58
Fruits,461.0,58,114,Thursday,August,0,516.32
Dairy,41.03,336,41,Monday,December,0,41.03
Vegetables,386.09,296,93,Friday,April,0,405.39
Household,264.36,353,90,Friday,February,0,277.58
Frozen,334.24,128,62,Wednesday,November,0,350.95
Frozen,82.84,424,72,Friday,January,0,86.98
Dairy,325.27,81,65,Sunday,August,1,341.53
Fruits,436.01,39,97,Thursday,June,0,488.33
Snacks,172.14,143,7,Friday,April,0,154.93
Vegetables,325.23,207,105,Tuesday,February,0,364.26
Fruits,227.65,294,58,Monday,August,0,227.65
Fruits,164.87,255,96,Saturday,January,1,184.65
Bakery,207.69,19,72,Friday,January,0,218.07
Bakery,397.97,494,80,Saturday,May,1,417.87
Vegetables,285.54,336,86,Thursday,June,0,299.82
Household,414.4,419,29,Sunday,August,1,372.96
Household,284.47,318,77,Thursday,December,0,298.69
Household,360.8,59,13,Sunday,November,1,360.8
Snacks,11.08,182,107,Saturday,May,1,12.41
Vegetables,265.77,360,14,Monday,March,0,239.19
Fruits,78.82,368,96,Saturday,July,1,82.76
Bakery,134.6,101,25,Monday,July,0,134.6
Snacks,233.95,401,25,Saturday,June,1,210.56
Bakery,381.0,24,119,Saturday,November,1,426.72
Bakery,388.35,231,59,Saturday,October,1,407.77
Vegetables,75.97,256,1,Friday,December,0,68.37
Dairy,281.08,222,108,Friday,August,0,314.81
Vegetables,392.73,467,23,Saturday,October,1,353.46
Beverages,367.94,66,14,Thursday,November,0,331.15
Household,257.01,197,54,Friday,December,0,257.01
Snacks,144.06,494,44,Wednesday,August,0,129.65
Beverages,77.71,309,90,Saturday,September,1,81.6
Personal Care,423.11,281,111,Wednesday,December,0,473.88
Vegetables,319.97,103,27,Friday,December,0,319.97
Personal Care,346.44,472,87,Tuesday,December,0,363.76
Beverages,256.91,356,82,Wednesday,December,0,269.76
Bakery,382.78,288,62,Friday,October,0,401.92
Frozen,340.38,458,108,Friday,May,0,357.4
Frozen,406.07,268,14,Monday,July,0,365.46
Beverages,36.0,29,26,Wednesday,March,0,36.0
Personal Care,344.86,75,108,Monday,December,0,386.24
Personal Care,109.96,278,5,Wednesday,August,0,98.96
Bakery,311.89,346,95,Friday,April,0,327.48
Vegetables,200.55,262,101,Sunday,December,1,224.62
Personal Care,349.54,25,119,Thursday,July,0,391.48
Frozen,478.78,500,88,Wednesday,September,0,502.72
Dairy,16.35,129,26,Friday,August,0,16.35
Snacks,456.63,361,91,Saturday,June,1,479.46
Vegetables,371.84,101,100,Saturday,April,1,416.46
Personal Care,229.92,350,10,Tuesday,March,0,206.93
Vegetables,68.48,21,55,Wednesday,September,0,71.9
Personal Care,73.73,300,109,Wednesday,January,0,82.58
Household,238.5,480,20,Monday,March,0,214.65
Household,302.47,397,120,Saturday,October,1,338.77
Personal Care,250.37,294,71,Wednesday,February,0,262.89
Household,267.44,490,24,Friday,February,0,240.7
Vegetables,88.09,279,69,Thursday,February,0,92.49
Household,118.39,110,85,Wednesday,June,0,132.6
Household,153.85,487,97,Friday,September,0,161.54
Fruits,498.35,422,97,Saturday,January,1,523.27
Bakery,337.78,229,31,Saturday,October,1,337.78
Snacks,479.86,350,114,Wednesday,July,0,537.44
Bakery,199.08,277,93,Wednesday,January,0,209.03
Vegetables,412.83,192,66,Sunday,September,1,433.47
Fruits,248.53,152,115,Saturday,April,1,278.35
Household,261.81,486,13,Tuesday,September,0,235.63
Vegetables,13.59,34,27,Saturday,November,1,13.59
Snacks,433.83,218,107,Monday,April,0,485.89
Vegetables,416.09,450,95,Sunday,July,1,436.89
Bakery,375.98,79,4,Thursday,December,0,338.38
Household,28.56,38,7,Tuesday,May,0,25.7
Vegetables,44.52,421,30,Wednesday,July,0,40.07
Frozen,231.05,208,56,Wednesday,January,0,242.6
Frozen,339.92,274,1,Saturday,December,1,305.93
Bakery,380.42,300,6,Saturday,February,1,342.38
Household,464.74,55,38,Sunday,November,1,464.74
Personal Care,307.22,145,98,Thursday,July,0,344.09
Frozen,412.84,16,61,Tuesday,September,0,433.48
Snacks,76.83,201,102,Sunday,September,1,86.05
Personal Care,480.47,74,39,Saturday,December,1,480.47
Household,479.12,6,71,Sunday,September,1,536.61
Beverages,70.39,3,74,Friday,July,0,73.91
Vegetables,278.29,44,40,Tuesday,December,0,278.29
Household,113.75,464,83,Sunday,September,1,119.44
Beverages,88.87,114,79,Sunday,May,1,99.53
Snacks,66.17,344,103,Friday,January,0,74.11
Vegetables,236.02,282,10,Wednesday,November,0,212.42
Bakery,132.84,102,93,Friday,August,0,148.78
Household,185.0,344,84,Tuesday,February,0,194.25
Personal Care,313.56,461,25,Wednesday,August,0,282.2
Fruits,170.89,338,40,Saturday,October,1,170.89
Beverages,287.12,187,104,Wednesday,July,0,321.57
Beverages,12.37,127,101,Tuesday,December,0,13.85
Frozen,145.57,185,18,Saturday,December,1,131.01
Household,440.16,237,58,Wednesday,May,0,462.17
Fruits,280.32,90,83,Friday,February,0,313.96
Personal Care,430.77,72,115,Friday,April,0,482.46
Personal Care,369.44,321,10,Saturday,February,1,332.5
Dairy,426.3,324,4,Sunday,October,1,383.67
Frozen,386.91,109,117,Monday,September,0,433.34
Personal Care,276.3,277,61,Saturday,March,1,290.12
Household,202.32,457,99,Friday,December,0,212.44
Personal Care,75.6,257,66,Monday,July,0,79.38
Household,256.06,340,31,Sunday,October,1,256.06
Beverages,381.03,72,58,Tuesday,March,0,400.08
Beverages,370.6,248,46,Monday,April,0,370.6
Fruits,123.56,136,48,Tuesday,January,0,123.56
Snacks,263.76,406,47,Thursday,August,0,263.76
Fruits,441.96,21,84,Wednesday,February,0,495.0
Vegetables,320.45,141,107,Saturday,May,1,358.9
Vegetables,289.38,193,84,Thursday,June,0,303.85
Bakery,263.16,193,117,Tuesday,September,0,294.74
Frozen,182.92,445,45,Thursday,August,0,182.92
Dairy,255.9,72,57,Tuesday,April,0,268.69
Bakery,262.13,144,28,Tuesday,March,0,262.13
Beverages,187.49,368,105,Monday,November,0,209.99
Snacks,213.16,170,93,Monday,August,0,238.74
Fruits,244.72,303,21,Saturday,July,1,220.25
Dairy,129.4,66,74,Friday,March,0,135.87
Beverages,318.47,21,115,Friday,March,0,356.69
Dairy,91.51,473,24,Friday,July,0,82.36
Dairy,440.47,373,85,Sunday,May,1,462.49
Bakery,116.13,311,61,Sunday,August,1,121.94
Beverages,117.49,211,77,Tuesday,October,0,123.36
Beverages,315.37,262,34,Tuesday,December,0,315.37
Household,461.95,306,76,Monday,April,0,485.05
Frozen,198.88,56,3,Tuesday,September,0,178.99
Vegetables,345.34,424,20,Friday,February,0,310.81
Beverages,243.18,315,77,Monday,September,0,255.34
Vegetables,378.67,48,62,Saturday,March,1,397.6
Vegetables,415.49,460,100,Saturday,November,1,436.26
Frozen,265.8,190,112,Monday,December,0,297.7
Vegetables,220.19,481,103,Thursday,July,0,231.2
Household,298.63,380,117,Sunday,December,1,334.47
Bakery,218.49,131,62,Sunday,April,1,229.41
Bakery,148.8,449,70,Thursday,May,0,148.8
Snacks,12.68,381,102,Monday,October,0,13.31
Vegetables,67.74,4,49,Saturday,April,1,71.13
Household,210.33,55,20,Thursday,November,0,210.33
Personal Care,138.04,275,55,Friday,June,0,138.04
Personal Care,495.98,204,97,Tuesday,July,0,555.5
Vegetables,394.06,248,23,Wednesday,September,0,354.65
Vegetables,247.04,158,74,Wednesday,December,0,259.39
Frozen,370.53,438,111,Saturday,February,1,414.99
Snacks,228.83,359,21,Monday,April,0,205.95
Vegetables,206.27,174,103,Friday,October,0,231.02
Dairy,88.76,494,82,Monday,February,0,93.2
Beverages,241.12,308,56,Monday,February,0,241.12
Personal Care,118.67,41,78,Monday,December,0,124.6
Frozen,466.04,206,79,Saturday,September,1,489.34
Personal Care,358.69,306,8,Sunday,March,1,322.82
Fruits,225.1,104,109,Saturday,September,1,252.11
Personal Care,105.43,402,77,Friday,September,0,110.7
Snacks,311.44,346,5,Wednesday,April,0,280.3
Dairy,488.07,45,36,Sunday,July,1,488.07
Household,338.13,208,76,Tuesday,September,0,355.04
Dairy,371.09,36,118,Monday,September,0,415.62
Personal Care,365.81,287,118,Friday,June,0,409.71
Household,482.01,142,29,Friday,April,0,482.01
Fruits,465.56,295,1,Wednesday,March,0,419.0
Frozen,258.06,287,10,Friday,May,0,232.25
Household,474.04,412,66,Wednesday,September,0,474.04
Personal Care,350.15,495,49,Friday,August,0,350.15
Snacks,381.16,493,100,Thursday,November,0,400.22
Fruits,449.3,442,4,Thursday,February,0,404.37
Personal Care,43.1,325,101,Tuesday,November,0,48.27
Snacks,402.08,212,46,Friday,September,0,402.08
Dairy,353.4,135,32,Wednesday,February,0,353.4
Frozen,340.11,421,44,Monday,September,0,340.11
Beverages,243.51,182,28,Friday,May,0,243.51
Beverages,474.09,350,120,Tuesday,August,0,530.98
Snacks,125.08,124,112,Wednesday,April,0,140.09
Snacks,109.36,128,108,Friday,June,0,122.48
Beverages,391.68,62,118,Monday,November,0,438.68
Fruits,310.78,392,110,Friday,January,0,348.07
Fruits,191.89,162,64,Friday,May,0,201.48
Fruits,99.61,392,118,Friday,May,0,111.56
Frozen,118.83,296,17,Monday,September,0,106.95
Frozen,244.38,277,5,Friday,June,0,219.94
Frozen,431.6,398,23,Thursday,February,0,388.44
Vegetables,235.43,353,2,Monday,November,0,211.89
Snacks,195.92,52,42,Wednesday,October,0,195.92
Personal Care,101.7,135,31,Wednesday,August,0,101.7
Household,189.3,256,55,Tuesday,July,0,189.3
Household,188.89,206,36,Thursday,March,0,188.89
Beverages,489.84,352,30,Sunday,February,1,440.86
Personal Care,404.0,285,56,Sunday,July,1,404.0
Snacks,81.46,492,95,Tuesday,August,0,85.53
Dairy,96.54,256,18,Sunday,November,1,86.89
Vegetables,271.65,162,101,Thursday,May,0,304.25
Personal Care,285.45,291,7,Thursday,February,0,256.9
Beverages,39.42,417,33,Thursday,November,0,35.48
Bakery,230.43,172,34,Wednesday,June,0,230.43
Vegetables,283.17,415,33,Wednesday,January,0,254.85
Frozen,69.41,445,87,Friday,April,0,72.88
Vegetables,95.52,400,37,Wednesday,June,0,85.97
Vegetables,248.87,378,58,Monday,July,0,248.87
Personal Care,237.24,490,19,Sunday,March,1,213.52
Household,216.69,314,74,Thursday,February,0,227.52
Bakery,89.38,117,41,Wednesday,November,0,89.38
Personal Care,358.11,310,83,Thursday,May,0,376.02
Fruits,392.68,481,47,Saturday,October,1,392.68
Vegetables,483.11,212,22,Tuesday,January,0,434.8
Beverages,366.61,339,33,Saturday,December,1,366.61
Bakery,113.18,204,14,Monday,February,0,101.86
Fruits,278.73,14,99,Thursday,September,0,312.18
Bakery,60.92,317,20,Monday,November,0,54.83
Frozen,161.59,127,95,Wednesday,August,0,180.98
Beverages,74.33,430,22,Monday,January,0,66.9
Household,431.58,167,111,Thursday,August,0,483.37
Vegetables,468.08,281,57,Tuesday,December,0,468.08
Vegetables,96.75,306,59,Saturday,December,1,101.59
Frozen,266.5,328,69,Wednesday,June,0,279.82
Fruits,274.44,413,12,Thursday,May,0,247.0
Household,211.98,80,39,Monday,January,0,211.98
Vegetables,409.54,435,18,Wednesday,May,0,368.59
Fruits,272.2,353,119,Thursday,August,0,304.86
Personal Care,14.47,221,103,Wednesday,October,0,16.21
Snacks,400.42,281,48,Tuesday,July,0,400.42
Vegetables,224.18,128,21,Saturday,December,1,224.18
Frozen,415.93,113,34,Monday,July,0,415.93
Snacks,263.14,410,117,Friday,December,0,294.72
Personal Care,149.49,381,69,Sunday,May,1,156.96
Frozen,102.12,36,24,Tuesday,May,0,102.12
Bakery,322.08,317,58,Wednesday,December,0,322.08
Fruits,102.02,10,20,Monday,September,0,102.02
Dairy,101.11,53,37,Wednesday,March,0,101.11
Fruits,366.28,120,12,Tuesday,January,0,329.65
Fruits,116.42,216,40,Sunday,August,1,116.42
Household,237.21,406,5,Wednesday,February,0,213.49
Beverages,37.46,398,51,Monday,September,0,37.46
Fruits,98.99,459,108,Wednesday,July,0,103.94
Dairy,69.76,394,92,Tuesday,July,0,73.25
Fruits,131.11,18,26,Thursday,December,0,131.11
Bakery,265.36,107,61,Thursday,November,0,278.63
Personal Care,468.75,82,81,Saturday,January,1,525.0
Vegetables,265.25,130,62,Saturday,May,1,278.51
Snacks,186.61,27,111,Saturday,April,1,209.0
Bakery,125.62,223,42,Monday,March,0,125.62
Personal Care,296.5,203,102,Tuesday,January,0,332.08
Dairy,294.73,354,61,Saturday,October,1,294.73
Beverages,191.99,46,32,Tuesday,August,0,191.99
Bakery,346.11,174,120,Sunday,November,1,387.64
Dairy,39.29,331,20,Saturday,September,1,35.36
Bakery,71.66,120,41,Friday,November,0,71.66
Household,404.71,225,94,Tuesday,January,0,453.28
Frozen,185.5,69,33,Monday,August,0,185.5
Fruits,283.92,278,90,Thursday,April,0,298.12
Beverages,276.37,166,94,Thursday,May,0,309.53
Vegetables,88.57,272,20,Thursday,May,0,79.71
Personal Care,275.39,233,1,Sunday,November,1,247.85
Vegetables,195.73,95,114,Monday,October,0,219.22
Household,390.25,123,42,Saturday,February,1,390.25
Vegetables,411.33,98,68,Saturday,August,1,431.9
Vegetables,85.52,145,42,Thursday,November,0,85.52
Household,64.13,268,85,Monday,January,0,67.34
Beverages,97.53,17,26,Monday,August,0,97.53
Snacks,58.39,293,83,Sunday,July,1,61.31
Fruits,267.65,360,76,Wednesday,January,0,281.03
Household,118.15,368,10,Monday,April,0,106.34
Fruits,464.92,427,11,Thursday,November,0,418.43
Dairy,186.85,381,114,Thursday,June,0,209.27
Dairy,413.59,137,68,Monday,December,0,434.27
Bakery,418.88,40,28,Friday,February,0,418.88
Bakery,365.33,273,50,Tuesday,April,0,365.33
Vegetables,331.87,292,81,Tuesday,September,0,348.46
Vegetables,213.44,55,99,Saturday,October,1,239.05
Household,340.5,360,86,Thursday,February,0,357.53
Beverages,398.31,282,52,Friday,June,0,398.31
Beverages,271.61,308,57,Wednesday,June,0,271.61
Vegetables,495.82,167,109,Wednesday,July,0,555.32
Frozen,414.82,166,78,Tuesday,October,0,435.56
Vegetables,114.82,393,71,Saturday,May,1,120.56
Household,481.21,230,51,Monday,December,0,481.21
Dairy,491.65,306,3,Friday,March,0,442.49
Personal Care,13.22,114,28,Sunday,June,1,13.22
Dairy,388.05,483,89,Sunday,May,1,407.45
Vegetables,260.52,293,119,Friday,March,0,291.78
Bakery,28.49,183,20,Tuesday,May,0,25.64
Household,445.92,128,30,Wednesday,May,0,445.92
Bakery,289.54,292,118,Tuesday,December,0,324.28
Bakery,364.55,406,62,Tuesday,August,0,364.55
Bakery,301.66,154,5,Saturday,October,1,271.49
Frozen,48.45,29,118,Sunday,June,1,54.26
Household,441.1,223,54,Sunday,February,1,463.16
Snacks,376.36,435,78,Monday,November,0,395.18
Frozen,36.52,269,6,Wednesday,September,0,32.87
Beverages,170.15,358,29,Tuesday,January,0,153.14
Frozen,485.81,386,77,Friday,September,0,510.1
Bakery,118.82,149,101,Thursday,March,0,133.08
Beverages,174.72,244,74,Saturday,January,1,183.46
Vegetables,205.6,44,52,Friday,July,0,215.88
Beverages,383.4,247,72,Tuesday,August,0,402.57
Frozen,329.6,101,72,Friday,December,0,346.08
Vegetables,130.66,37,35,Sunday,July,1,130.66
Household,345.52,295,12,Monday,November,0,310.97
Frozen,217.53,179,25,Wednesday,June,0,217.53
Dairy,387.14,87,45,Friday,August,0,387.14
Beverages,225.83,474,105,Tuesday,April,0,237.12
Household,86.44,373,110,Monday,February,0,96.81
Dairy,129.09,318,119,Tuesday,May,0,144.58
Dairy,178.2,412,15,Wednesday,August,0,160.38
Fruits,21.15,108,95,Friday,April,0,23.69
Snacks,277.75,385,34,Friday,August,0,249.97
Beverages,350.58,343,3,Thursday,October,0,315.52
Vegetables,31.31,88,8,Wednesday,April,0,28.18
Personal Care,36.01,336,2,Monday,July,0,32.41
Personal Care,334.86,468,85,Wednesday,February,0,351.6
Dairy,153.32,453,84,Thursday,April,0,160.99
Frozen,259.18,364,13,Wednesday,August,0,233.26
Vegetables,53.13,102,65,Thursday,September,0,55.79
Dairy,29.48,473,68,Wednesday,June,0,29.48
Fruits,202.77,81,3,Wednesday,November,0,182.49
Household,184.14,155,31,Friday,May,0,184.14
Dairy,316.64,450,50,Sunday,January,1,316.64
Vegetables,475.07,116,20,Wednesday,July,0,475.07
Beverages,53.02,196,67,Saturday,October,1,55.67
Snacks,214.49,294,20,Thursday,May,0,193.04
Household,230.09,68,27,Saturday,March,1,230.09
Vegetables,345.18,104,111,Tuesday,May,0,386.6
Vegetables,455.69,221,117,Sunday,March,1,510.37
Beverages,165.57,286,69,Saturday,February,1,173.85
Beverages,165.62,451,19,Saturday,January,1,149.06
Household,441.26,212,53,Wednesday,August,0,441.26
Personal Care,84.46,97,14,Tuesday,March,0,76.01
Dairy,383.6,314,79,Wednesday,October,0,402.78
Snacks,302.22,119,88,Monday,June,0,338.49
Bakery,347.19,245,18,Friday,October,0,312.47
Fruits,358.89,192,24,Sunday,July,1,358.89
Fruits,242.18,84,25,Tuesday,January,0,242.18
Frozen,384.62,8,119,Wednesday,July,0,430.77
Snacks,373.76,104,97,Tuesday,February,0,418.61
Beverages,464.28,225,111,Friday,August,0,519.99
Household,434.72,455,32,Thursday,July,0,391.25
Dairy,307.89,423,49,Saturday,June,1,307.89
Frozen,309.64,381,74,Friday,September,0,325.12
Vegetables,324.28,361,101,Monday,September,0,340.49
Bakery,231.29,424,113,Monday,April,0,259.04
Vegetables,273.56,377,6,Friday,July,0,246.2
Vegetables,384.93,493,7,Tuesday,May,0,346.44
Fruits,205.04,156,100,Sunday,May,1,229.64
Fruits,91.58,151,79,Monday,December,0,96.16
Vegetables,452.8,238,107,Saturday,August,1,507.14
Bakery,364.1,58,24,Sunday,October,1,364.1
Vegetables,76.3,212,42,Thursday,January,0,76.3
Beverages,232.3,460,92,Tuesday,August,0,243.92
Bakery,132.54,355,84,Saturday,March,1,139.17
Bakery,54.68,362,58,Saturday,June,1,54.68
Bakery,266.67,197,94,Sunday,September,1,298.67
Beverages,195.55,195,6,Sunday,March,1,176.0
Household,287.09,338,111,Tuesday,March,0,321.54
Beverages,97.64,365,7,Thursday,May,0,87.88
Personal Care,367.78,493,58,Wednesday,November,0,367.78
Beverages,67.6,68,26,Monday,October,0,67.6
Personal Care,15.98,255,110,Thursday,September,0,17.9
Dairy,307.91,253,31,Tuesday,October,0,307.91
Fruits,232.33,227,11,Friday,October,0,209.1
Dairy,129.91,281,36,Friday,November,0,129.91
Vegetables,411.86,107,7,Tuesday,March,0,370.67
Dairy,330.11,19,19,Sunday,January,1,330.11
Personal Care,172.24,45,7,Monday,July,0,155.02
Beverages,89.05,146,79,Saturday,December,1,93.5
Vegetables,96.94,234,96,Friday,June,0,108.57
Dairy,55.63,154,42,Wednesday,July,0,55.63
Bakery,381.64,432,71,Monday,May,0,381.64
Fruits,75.93,356,111,Wednesday,June,0,85.04
Vegetables,212.74,108,90,Tuesday,October,0,238.27
Dairy,63.56,374,81,Friday,February,0,66.74
Fruits,364.8,310,120,Sunday,December,1,408.58
Personal Care,219.26,435,41,Wednesday,September,0,197.33
Household,464.28,315,73,Thursday,September,0,487.49
Fruits,251.33,93,114,Friday,April,0,281.49
Personal Care,489.84,1,16,Monday,August,0,489.84
Bakery,371.36,107,103,Friday,July,0,415.92
Frozen,32.29,180,72,Sunday,November,1,33.9
Snacks,15.54,104,89,Wednesday,May,0,17.4
Bakery,160.81,260,71,Wednesday,January,0,168.85
Bakery,346.06,175,51,Saturday,October,1,363.36
Dairy,417.7,100,43,Sunday,June,1,438.58
Fruits,458.92,409,5,Saturday,March,1,413.03
Fruits,86.14,236,115,Sunday,September,1,96.48
Household,236.61,417,53,Saturday,January,1,236.61
Vegetables,156.68,372,87,Wednesday,September,0,164.51
Vegetables,19.17,296,88,Wednesday,June,0,20.13
Bakery,485.11,144,108,Monday,June,0,543.32
Frozen,316.99,432,22,Friday,October,0,285.29
Frozen,101.82,60,111,Sunday,May,1,114.04
Household,357.82,140,53,Monday,August,0,375.71
Snacks,192.08,425,39,Tuesday,September,0,172.87
Personal Care,95.76,192,101,Monday,April,0,107.25
Bakery,227.45,13,103,Thursday,September,0,254.74
Beverages,103.2,473,62,Saturday,September,1,103.2
Personal Care,390.01,74,99,Sunday,February,1,436.81
Vegetables,341.59,68,27,Saturday,January,1,341.59
Fruits,199.92,443,67,Monday,January,0,199.92
Personal Care,466.85,352,109,Friday,February,0,522.87
Household,238.77,24,14,Friday,November,0,238.77
Personal Care,21.02,389,40,Saturday,April,1,21.02
Household,108.27,147,36,Friday,June,0,108.27
Fruits,338.85,140,20,Tuesday,May,0,304.97
Bakery,17.48,319,72,Friday,February,0,18.35
Snacks,275.84,282,41,Wednesday,March,0,275.84
Personal Care,291.3,88,10,Wednesday,October,0,262.17
Household,274.88,26,17,Monday,August,0,274.88
Dairy,61.9,28,12,Thursday,July,0,55.71
Beverages,355.29,457,76,Saturday,December,1,373.05
Fruits,311.99,160,43,Sunday,April,1,311.99
Vegetables,48.49,473,97,Sunday,August,1,50.91
Beverages,55.53,411,118,Saturday,August,1,62.19
Bakery,233.24,351,83,Saturday,August,1,244.9
Fruits,123.53,115,19,Sunday,October,1,123.53
Personal Care,457.3,201,24,Saturday,November,1,457.3
Household,396.5,452,42,Thursday,August,0,356.85
Dairy,42.03,58,45,Thursday,August,0,44.13
Beverages,148.31,179,78,Friday,March,0,155.73
Vegetables,60.44,419,92,Sunday,February,1,63.46
Household,282.51,37,102,Wednesday,September,0,316.41
Fruits,206.4,212,31,Friday,April,0,206.4
Vegetables,87.92,247,50,Monday,June,0,87.92
Snacks,408.82,303,56,Sunday,July,1,408.82
Household,276.82,121,23,Saturday,November,1,276.82
Bakery,372.29,365,74,Sunday,August,1,390.9
Bakery,300.16,238,42,Friday,February,0,300.16
Fruits,96.33,490,52,Monday,October,0,96.33
Bakery,345.9,306,99,Sunday,July,1,387.41
Household,252.2,339,8,Monday,April,0,226.98
Beverages,444.76,463,97,Saturday,January,1,467.0
Beverages,333.83,232,69,Wednesday,July,0,350.52
Fruits,105.88,349,113,Wednesday,May,0,118.59
Personal Care,460.07,480,56,Saturday,June,1,460.07
Bakery,295.54,314,66,Thursday,March,0,310.32
Personal Care,40.58,462,71,Monday,January,0,40.58
Vegetables,412.17,184,15,Sunday,May,1,370.95
Dairy,125.27,360,76,Thursday,November,0,131.53
Household,358.77,208,49,Thursday,September,0,358.77
Snacks,334.62,244,18,Tuesday,September,0,301.16
Frozen,423.23,185,108,Thursday,March,0,474.02
Personal Care,498.75,344,17,Tuesday,January,0,448.88
Bakery,327.71,74,93,Thursday,November,0,367.04
Frozen,487.74,70,11,Tuesday,November,0,438.97
Frozen,431.47,458,101,Saturday,October,1,453.04
Frozen,315.39,233,66,Thursday,September,0,331.16
Fruits,198.51,116,24,Thursday,October,0,198.51
Dairy,293.19,434,94,Tuesday,December,0,307.85
Vegetables,141.93,475,70,Friday,June,0,141.93
Dairy,489.33,291,62,Saturday,June,1,513.8
Bakery,294.33,493,89,Monday,March,0,309.05
Vegetables,491.95,385,100,Wednesday,August,0,516.55
Vegetables,48.33,456,79,Monday,April,0,50.75
Fruits,319.02,340,86,Monday,November,0,334.97
Vegetables,401.07,160,79,Monday,June,0,421.12
Vegetables,391.48,241,59,Friday,August,0,411.05
Household,216.3,492,103,Wednesday,May,0,227.12
Beverages,27.31,473,77,Saturday,May,1,28.68
Personal Care,40.09,243,75,Tuesday,October,0,42.09
Dairy,331.6,150,104,Saturday,October,1,371.39
Dairy,150.54,43,17,Friday,February,0,150.54
Personal Care,133.5,316,36,Wednesday,May,0,133.5
Dairy,373.3,310,23,Friday,December,0,335.97
Beverages,332.99,190,104,Tuesday,May,0,372.95
Snacks,247.61,410,68,Sunday,January,1,259.99
Household,492.2,496,19,Friday,March,0,442.98
Fruits,378.85,212,99,Thursday,April,0,424.31
Fruits,365.74,86,27,Friday,December,0,365.74
Household,36.62,136,97,Sunday,February,1,41.01
Dairy,92.12,205,61,Wednesday,August,0,96.73
Vegetables,124.49,350,91,Thursday,August,0,130.71
Personal Care,81.12,446,56,Monday,May,0,81.12
Fruits,197.18,162,68,Saturday,January,1,207.04
Bakery,459.68,327,46,Sunday,July,1,459.68
Personal Care,174.13,137,103,Monday,May,0,195.03
Frozen,235.94,346,96,Tuesday,December,0,247.74
Snacks,264.78,347,89,Tuesday,June,0,278.02
Vegetables,15.18,5,107,Monday,January,0,17.0
Frozen,57.87,54,88,Thursday,June,0,64.81
Snacks,365.37,129,25,Monday,January,0,365.37
Bakery,37.87,305,85,Sunday,April,1,39.76
Bakery,356.96,62,12,Sunday,October,1,356.96
Beverages,194.22,392,116,Saturday,October,1,217.53
Beverages,449.04,357,24,Wednesday,May,0,404.14
Fruits,333.63,39,82,Thursday,May,0,373.67
Frozen,349.19,342,99,Sunday,June,1,391.09
Personal Care,89.36,38,36,Sunday,January,1,89.36
Frozen,200.41,31,34,Sunday,May,1,200.41
Beverages,225.88,252,119,Tuesday,October,0,252.99
Frozen,97.44,252,14,Tuesday,September,0,87.7
Frozen,117.01,330,14,Thursday,December,0,105.31
Personal Care,60.61,38,10,Friday,December,0,54.55
Personal Care,390.85,10,115,Thursday,March,0,437.75
Dairy,467.12,341,50,Wednesday,March,0,467.12
Household,453.26,295,1,Friday,December,0,407.93
Fruits,244.29,207,109,Saturday,February,1,273.6
Vegetables,120.66,197,89,Sunday,August,1,135.14
Bakery,287.95,479,46,Wednesday,November,0,287.95
Personal Care,206.3,324,83,Monday,June,0,216.62
Vegetables,428.14,175,11,Sunday,August,1,385.33
Personal Care,327.42,91,71,Monday,July,0,343.79
Snacks,156.45,200,115,Monday,November,0,175.22
Household,248.39,454,81,Thursday,December,0,260.81
Snacks,78.57,99,4,Saturday,October,1,70.71
Snacks,249.72,33,102,Friday,November,0,279.69
Personal Care,254.85,495,107,Sunday,August,1,267.59
Dairy,28.15,29,44,Sunday,December,1,29.56
Dairy,208.7,109,104,Saturday,November,1,233.74
Vegetables,234.6,348,112,Sunday,September,1,262.75
Beverages,373.12,120,119,Monday,January,0,417.89
Beverages,249.56,10,61,Friday,January,0,262.04
Snacks,353.64,67,2,Tuesday,November,0,318.28
Dairy,453.28,421,102,Monday,August,0,475.94
Beverages,419.32,33,105,Sunday,February,1,469.64
Bakery,253.6,410,79,Tuesday,February,0,266.28
Snacks,218.84,416,107,Saturday,November,1,245.1
Frozen,168.88,500,88,Friday,September,0,177.32
Beverages,167.58,494,102,Tuesday,January,0,175.96
Beverages,174.4,62,36,Tuesday,July,0,174.4
Beverages,351.18,284,22,Thursday,April,0,316.06
Dairy,75.35,406,109,Saturday,October,1,84.39
Frozen,391.05,9,113,Thursday,February,0,437.98
Dairy,13.54,475,12,Saturday,November,1,12.19
Personal Care,213.95,414,102,Sunday,August,1,239.62
Beverages,111.02,328,35,Friday,August,0,111.02
Frozen,127.23,90,79,Saturday,January,1,142.5
Beverages,361.43,314,12,Saturday,May,1,325.29
Household,215.21,286,31,Tuesday,February,0,193.69
Vegetables,488.63,317,47,Sunday,September,1,488.63
Vegetables,117.45,395,81,Saturday,April,1,123.32
Personal Care,36.0,58,102,Tuesday,November,0,40.32
Fruits,253.78,82,86,Monday,January,0,284.23
Household,149.68,223,33,Wednesday,October,0,149.68
Fruits,31.23,380,7,Friday,March,0,28.11
Beverages,394.89,249,66,Monday,February,0,414.63
Snacks,363.49,304,75,Wednesday,July,0,381.66
Snacks,376.07,460,42,Tuesday,February,0,338.46
Household,121.61,122,95,Thursday,April,0,136.2
Frozen,446.77,38,61,Friday,August,0,469.11
Dairy,446.34,75,28,Friday,August,0,446.34
Beverages,199.79,70,59,Saturday,April,1,209.78
Household,488.02,104,43,Tuesday,January,0,488.02
Dairy,147.5,57,110,Thursday,August,0,165.2
Frozen,93.89,176,29,Wednesday,October,0,93.89
Beverages,396.88,327,79,Tuesday,October,0,416.72
Vegetables,428.95,45,53,Sunday,September,1,450.4
Fruits,432.48,111,76,Thursday,August,0,454.1
Personal Care,17.11,220,95,Sunday,April,1,19.16
Snacks,170.38,297,29,Friday,March,0,153.34
Dairy,214.71,23,6,Thursday,December,0,193.24
Vegetables,26.47,272,51,Thursday,December,0,26.47
Bakery,231.7,124,11,Friday,January,0,208.53
Frozen,475.47,68,46,Wednesday,April,0,499.24
Bakery,17.81,343,40,Tuesday,December,0,17.81
Fruits,430.38,383,75,Monday,August,0,451.9
Fruits,388.2,448,91,Thursday,March,0,407.61
Household,317.14,361,82,Monday,November,0,333.0
Bakery,198.59,354,43,Friday,January,0,198.59
Personal Care,218.69,139,90,Friday,September,0,244.93
Snacks,395.97,42,80,Wednesday,December,0,443.49
Dairy,262.22,466,87,Wednesday,January,0,275.33
Bakery,197.65,239,80,Monday,June,0,207.53
Household,95.88,287,91,Monday,September,0,100.67
Snacks,77.82,172,31,Friday,February,0,77.82
Fruits,371.32,386,75,Sunday,December,1,389.89
Snacks,379.06,390,29,Wednesday,June,0,341.15
Personal Care,256.75,217,36,Monday,February,0,256.75
Household,179.16,249,65,Friday,February,0,188.12
Fruits,357.81,348,106,Friday,May,0,400.75
Fruits,314.27,410,87,Saturday,February,1,329.98
Snacks,447.03,235,12,Monday,July,0,402.33
Beverages,151.3,490,10,Monday,March,0,136.17
Personal Care,64.89,76,64,Tuesday,April,0,68.13
Vegetables,476.53,12,38,Thursday,November,0,476.53
Vegetables,466.54,243,45,Thursday,August,0,466.54
Dairy,152.84,33,3,Sunday,April,1,137.56
Vegetables,325.89,211,75,Wednesday,November,0,342.18
Household,248.21,341,90,Friday,September,0,260.62
Fruits,234.42,291,17,Sunday,May,1,210.98
Beverages,396.74,117,62,Wednesday,May,0,416.58
Dairy,82.69,146,59,Tuesday,October,0,86.82
Beverages,358.79,147,24,Tuesday,December,0,358.79
Beverages,89.01,60,6,Wednesday,October,0,80.11
Beverages,226.04,190,24,Tuesday,September,0,203.44
Dairy,336.12,177,19,Wednesday,August,0,302.51
Vegetables,487.98,274,39,Monday,January,0,487.98
Frozen,466.22,394,19,Thursday,June,0,419.6
Beverages,12.1,379,70,Friday,June,0,12.71
Personal Care,242.22,149,97,Friday,November,0,271.29
Beverages,401.79,374,117,Thursday,June,0,450.0
Bakery,368.5,461,6,Tuesday,November,0,331.65
Vegetables,67.27,13,52,Friday,April,0,70.63
Fruits,185.12,168,8,Friday,November,0,166.61
Snacks,295.88,114,101,Sunday,May,1,331.39
Snacks,21.05,276,109,Thursday,November,0,23.58
Bakery,488.16,202,25,Thursday,June,0,439.34
Vegetables,472.27,466,86,Wednesday,July,0,495.88
Beverages,360.82,219,48,Thursday,June,0,360.82
Dairy,149.48,180,40,Thursday,September,0,149.48
Bakery,115.69,455,57,Saturday,July,1,115.69
Fruits,151.43,413,94,Thursday,December,0,159.0
Frozen,78.39,301,77,Monday,March,0,82.31
Snacks,158.58,445,68,Wednesday,February,0,158.58
Frozen,53.34,210,82,Wednesday,July,0,56.01
Beverages,282.35,364,73,Sunday,March,1,296.47
Snacks,101.14,196,38,Friday,August,0,101.14
Dairy,413.17,155,107,Friday,May,0,462.75
Fruits,284.05,238,29,Monday,January,0,284.05
Beverages,138.71,490,82,Sunday,November,1,145.65
Fruits,70.85,341,115,Wednesday,July,0,79.35
Beverages,251.02,353,83,Tuesday,January,0,263.57
Bakery,384.71,253,9,Friday,December,0,346.24
Household,294.72,290,56,Sunday,May,1,294.72
Fruits,487.39,419,16,Wednesday,September,0,438.65
Dairy,424.19,84,75,Monday,March,0,445.4
Household,235.91,355,18,Wednesday,March,0,212.32
Dairy,143.61,215,82,Wednesday,January,0,150.79
Personal Care,152.92,328,120,Monday,September,0,171.27
Snacks,385.56,94,98,Monday,October,0,431.83
Beverages,276.42,447,41,Sunday,November,1,276.42
Personal Care,143.01,358,89,Wednesday,February,0,150.16
Vegetables,294.22,422,19,Monday,March,0,264.8
Vegetables,147.89,399,63,Thursday,June,0,147.89
Beverages,60.18,80,65,Tuesday,April,0,63.19
Vegetables,310.58,426,68,Sunday,September,1,326.11
Vegetables,354.11,411,15,Thursday,August,0,318.7
Bakery,67.12,68,119,Monday,August,0,75.17
Household,162.67,186,18,Sunday,August,1,146.4
Vegetables,384.16,176,23,Saturday,May,1,384.16
Dairy,374.79,61,29,Tuesday,December,0,374.79
Beverages,347.14,158,17,Tuesday,March,0,312.43
Bakery,218.15,391,101,Monday,February,0,229.06
Dairy,389.6,388,56,Monday,April,0,389.6
Bakery,26.07,338,66,Friday,January,0,27.37
Fruits,68.27,130,6,Monday,May,0,61.44
Dairy,379.73,401,16,Friday,April,0,341.76
Snacks,100.54,180,4,Monday,March,0,90.49
Personal Care,474.91,179,46,Tuesday,September,0,474.91
Snacks,257.41,35,13,Sunday,October,1,257.41
Dairy,269.13,367,25,Wednesday,March,0,242.22
Vegetables,12.12,372,13,Tuesday,September,0,10.91
Fruits,189.57,302,24,Thursday,November,0,170.61
Bakery,98.62,182,49,Thursday,April,0,98.62
Vegetables,121.5,58,98,Wednesday,February,0,136.08
Fruits,64.05,70,64,Sunday,June,1,67.25
Personal Care,282.99,21,11,Wednesday,August,0,254.69
Bakery,198.54,234,77,Saturday,May,1,208.47
Fruits,120.68,209,38,Sunday,July,1,120.68
Snacks,429.82,459,108,Sunday,August,1,481.4
Household,97.86,346,63,Saturday,February,1,102.75
Frozen,224.65,338,87,Monday,February,0,235.88
Beverages,203.46,356,76,Monday,December,0,213.63
Beverages,41.71,500,26,Wednesday,April,0,37.54
Frozen,70.15,430,55,Saturday,August,1,70.15
Personal Care,384.76,393,75,Friday,May,0,404.0
Frozen,184.49,342,78,Thursday,August,0,193.71
Vegetables,146.66,394,59,Monday,February,0,146.66
Personal Care,249.78,119,81,Tuesday,January,0,262.27
Bakery,371.52,426,9,Thursday,November,0,334.37
Dairy,486.32,196,78,Saturday,June,1,510.64
Beverages,158.35,320,13,Sunday,February,1,142.51
Vegetables,386.11,406,60,Tuesday,May,0,386.11
Fruits,250.22,134,70,Wednesday,September,0,262.73
Vegetables,18.66,392,5,Thursday,February,0,16.79
Frozen,230.56,437,49,Thursday,August,0,230.56
Dairy,26.1,286,85,Sunday,May,1,27.41
Beverages,250.83,69,40,Saturday,July,1,250.83
Fruits,384.37,292,87,Thursday,November,0,403.59
Vegetables,345.83,293,61,Thursday,September,0,345.83
Beverages,258.28,201,34,Thursday,October,0,258.28
Frozen,312.3,181,99,Wednesday,June,0,349.78
Dairy,23.79,24,17,Sunday,June,1,23.79
Household,406.68,299,4,Sunday,November,1,366.01
Household,196.48,220,45,Wednesday,July,0,196.48
Household,37.66,126,32,Tuesday,November,0,37.66
Personal Care,300.34,467,89,Monday,May,0,315.36
Bakery,175.42,11,69,Wednesday,January,0,184.19
Fruits,332.31,217,73,Friday,July,0,348.93
Personal Care,20.0,241,76,Monday,June,0,21.0
Frozen,289.47,166,74,Monday,August,0,303.94
Bakery,348.52,106,44,Thursday,September,0,348.52
Household,91.65,154,47,Thursday,April,0,91.65
Fruits,321.37,499,101,Monday,September,0,337.44
Snacks,150.8,25,39,Friday,July,0,150.8
Snacks,316.04,491,12,Saturday,October,1,284.44
Bakery,300.01,140,9,Friday,September,0,270.01
Fruits,219.28,178,102,Monday,November,0,245.59
Personal Care,257.27,154,56,Saturday,September,1,270.13
Household,108.04,206,33,Friday,September,0,108.04
Fruits,339.06,281,24,Monday,November,0,305.15
Vegetables,432.73,296,64,Tuesday,November,0,454.37
Fruits,141.29,327,69,Sunday,October,1,148.35
Frozen,467.97,373,81,Monday,September,0,491.37
Snacks,188.49,76,31,Tuesday,December,0,188.49
Personal Care,423.62,211,41,Sunday,February,1,423.62
Snacks,424.52,137,106,Wednesday,November,0,475.46
Beverages,135.66,308,31,Thursday,April,0,122.09
Bakery,83.48,15,32,Sunday,May,1,83.48
Fruits,247.84,224,55,Saturday,January,1,260.23
Snacks,88.09,70,4,Wednesday,May,0,79.28
Vegetables,96.23,437,6,Saturday,August,1,86.61
Dairy,37.11,460,11,Wednesday,October,0,33.4
Personal Care,434.91,462,53,Wednesday,November,0,434.91
Bakery,204.48,430,93,Sunday,March,1,214.7
Snacks,64.85,377,65,Monday,September,0,64.85
Vegetables,133.39,453,12,Tuesday,October,0,120.05
Bakery,388.86,161,43,Sunday,October,1,388.86
Frozen,404.86,381,31,Thursday,April,0,364.37
Beverages,62.34,110,36,Thursday,July,0,62.34
Personal Care,432.82,29,63,Friday,June,0,454.46
Bakery,165.08,217,61,Saturday,April,1,173.33
Personal Care,440.92,480,19,Wednesday,August,0,396.83
Household,412.47,11,83,Friday,January,0,461.97
Dairy,348.43,404,86,Tuesday,May,0,365.85
Vegetables,198.5,328,90,Wednesday,November,0,208.43
Bakery,272.11,122,110,Thursday,July,0,304.76
Dairy,455.8,202,119,Wednesday,May,0,510.5
Bakery,468.8,388,31,Wednesday,April,0,421.92
Beverages,458.79,324,41,Sunday,November,1,458.79
Frozen,396.77,141,111,Monday,August,0,444.38
Fruits,371.1,475,108,Wednesday,December,0,389.66
Frozen,439.61,420,13,Sunday,March,1,395.65
Personal Care,258.1,181,54,Friday,December,0,271.01
Vegetables,371.51,233,89,Monday,January,0,390.09
Beverages,318.78,406,83,Tuesday,January,0,334.72
Frozen,108.04,157,41,Friday,February,0,108.04
Bakery,87.33,265,92,Sunday,November,1,97.81
Beverages,425.01,352,53,Sunday,June,1,425.01
Fruits,244.4,377,18,Wednesday,March,0,219.96
Household,401.77,102,11,Thursday,June,0,361.59
Beverages,202.81,194,107,Friday,April,0,227.15
Dairy,474.57,473,72,Saturday,October,1,498.3
Snacks,454.35,499,60,Tuesday,May,0,454.35
Beverages,34.39,317,55,Friday,May,0,34.39
Beverages,53.64,189,22,Friday,February,0,48.28
Dairy,362.11,223,99,Thursday,November,0,405.56
Fruits,68.07,366,27,Tuesday,May,0,61.26
Personal Care,375.76,196,17,Thursday,April,0,338.18
Snacks,497.65,145,94,Saturday,April,1,557.37
Frozen,98.38,406,19,Monday,May,0,88.54
Personal Care,125.39,231,117,Tuesday,June,0,140.44
Fruits,52.01,241,18,Sunday,June,1,46.81
Frozen,346.56,366,50,Saturday,July,1,346.56
Personal Care,45.8,286,8,Monday,June,0,41.22
Snacks,240.76,182,78,Saturday,October,1,252.8
Dairy,12.63,259,80,Thursday,May,0,13.26
Frozen,338.92,68,115,Friday,January,0,379.59
Beverages,137.54,258,64,Wednesday,August,0,144.42
Beverages,53.93,364,68,Thursday,March,0,56.63
Personal Care,67.25,23,17,Thursday,May,0,67.25
Household,463.86,145,116,Wednesday,October,0,519.52
Personal Care,263.32,224,115,Tuesday,June,0,294.92
Fruits,384.2,78,72,Sunday,November,1,403.41
Fruits,36.08,77,7,Tuesday,March,0,32.47
Dairy,240.42,84,91,Thursday,July,0,269.27
Bakery,497.65,475,64,Monday,August,0,497.65
Household,494.52,288,63,Thursday,August,0,519.25
Bakery,424.46,444,19,Monday,June,0,382.01
Bakery,109.83,146,24,Sunday,March,1,109.83
Vegetables,413.06,289,115,Saturday,October,1,462.63
Snacks,295.94,498,1,Friday,October,0,266.35
Beverages,214.05,40,32,Sunday,August,1,214.05
Bakery,444.81,14,37,Saturday,November,1,467.05
Bakery,203.14,303,119,Monday,June,0,227.52
Beverages,24.15,236,107,Saturday,November,1,27.05
Fruits,232.49,490,35,Friday,November,0,209.24
Dairy,171.42,23,84,Friday,August,0,191.99
Household,474.24,376,117,Sunday,October,1,531.15
Beverages,113.57,25,103,Saturday,May,1,127.2
Household,401.09,381,10,Friday,October,0,360.98
Frozen,55.35,131,23,Tuesday,July,0,55.35
Bakery,20.05,107,21,Thursday,July,0,20.05
Personal Care,327.11,489,84,Tuesday,February,0,343.47
Personal Care,250.51,222,95,Sunday,May,1,280.57
Beverages,185.93,50,107,Wednesday,September,0,208.24
Snacks,249.92,454,50,Thursday,May,0,249.92
Frozen,54.21,217,104,Wednesday,October,0,60.72
Beverages,222.71,219,12,Monday,September,0,200.44
Household,486.9,347,29,Saturday,November,1,438.21
Beverages,466.03,270,81,Saturday,September,1,489.33
Bakery,152.44,224,11,Sunday,August,1,137.2
Personal Care,82.82,66,88,Wednesday,April,0,92.76
Vegetables,219.59,292,7,Friday,February,0,197.63
Dairy,261.57,262,55,Thursday,February,0,261.57
Fruits,333.82,292,105,Wednesday,June,0,373.88
Personal Care,296.93,394,65,Monday,February,0,296.93
Fruits,97.98,94,108,Thursday,January,0,109.74
Bakery,213.96,361,39,Wednesday,October,0,213.96
Fruits,381.1,231,80,Sunday,May,1,400.16
Household,483.69,447,104,Tuesday,April,0,507.87
Beverages,48.33,310,34,Sunday,November,1,48.33
Bakery,222.56,10,1,Thursday,February,0,200.3
Dairy,94.15,245,59,Saturday,July,1,98.86
Fruits,158.37,417,79,Wednesday,December,0,166.29
Frozen,404.27,45,17,Tuesday,January,0,404.27
Snacks,64.84,9,90,Tuesday,January,0,72.62
Snacks,245.75,75,84,Tuesday,July,0,275.24
Vegetables,103.55,155,99,Thursday,March,0,115.98
Fruits,216.72,60,22,Tuesday,December,0,216.72
Fruits,482.29,242,3,Sunday,August,1,434.06
Snacks,108.66,292,107,Sunday,July,1,121.7
Dairy,173.59,53,81,Sunday,December,1,194.42
Frozen,489.95,435,64,Saturday,October,1,489.95
Vegetables,499.52,19,63,Thursday,August,0,524.5
Vegetables,299.61,314,120,Saturday,August,1,335.56
Snacks,360.0,271,3,Thursday,October,0,324.0
Household,281.1,138,115,Saturday,July,1,314.83
Fruits,67.3,319,83,Wednesday,August,0,70.67
Frozen,20.2,148,93,Tuesday,August,0,22.62
Household,224.67,260,29,Friday,November,0,202.2
Household,461.65,437,108,Saturday,November,1,517.05
Fruits,74.27,151,93,Saturday,July,1,83.18
Frozen,418.21,345,84,Saturday,June,1,439.12
Fruits,401.88,433,21,Friday,April,0,361.69
Personal Care,348.44,45,86,Thursday,March,0,390.25
Beverages,107.75,311,63,Monday,July,0,107.75
Fruits,158.79,108,72,Monday,January,0,166.73
Household,441.64,183,87,Tuesday,March,0,463.72
Vegetables,25.67,33,44,Thursday,February,0,26.95
Snacks,69.14,115,63,Wednesday,June,0,72.6
Household,386.99,395,113,Friday,May,0,433.43
Beverages,428.17,448,66,Friday,November,0,428.17
Bakery,356.14,475,57,Sunday,August,1,356.14
Bakery,487.58,401,79,Friday,February,0,511.96
Vegetables,30.57,54,22,Saturday,February,1,30.57
Snacks,456.38,81,94,Wednesday,December,0,511.15
Fruits,383.36,256,94,Sunday,February,1,429.36
Beverages,327.08,172,105,Tuesday,February,0,366.33
Snacks,225.16,213,99,Sunday,January,1,252.18
Snacks,419.06,243,44,Wednesday,September,0,419.06
Beverages,51.76,191,92,Sunday,July,1,57.97
Household,318.43,126,20,Sunday,September,1,318.43
Frozen,395.74,71,103,Thursday,July,0,443.23
Frozen,450.05,488,110,Friday,November,0,472.55
Household,472.43,227,19,Sunday,January,1,425.19
Vegetables,472.38,44,44,Wednesday,July,0,496.0
Beverages,222.7,202,98,Monday,November,0,249.42
Beverages,452.23,30,81,Saturday,November,1,506.5
Vegetables,486.6,215,52,Saturday,December,1,510.93
Vegetables,438.04,370,96,Wednesday,June,0,459.94
Dairy,415.23,461,68,Friday,March,0,415.23
Frozen,228.63,106,114,Friday,October,0,256.07
Fruits,351.76,455,104,Sunday,November,1,369.35
Frozen,389.95,452,39,Monday,January,0,350.95
Vegetables,173.9,372,93,Saturday,March,1,182.6
Vegetables,496.04,146,28,Monday,September,0,496.04
Vegetables,163.0,175,97,Saturday,March,1,182.56
Dairy,23.67,408,70,Friday,May,0,23.67
Snacks,417.79,156,93,Thursday,September,0,467.92
Bakery,368.67,431,48,Wednesday,November,0,368.67
Vegetables,183.69,25,97,Saturday,February,1,205.73
Fruits,156.0,378,1,Thursday,June,0,140.4
Snacks,404.64,298,73,Saturday,November,1,424.87
Vegetables,423.8,120,45,Wednesday,May,0,423.8
Beverages,360.03,267,95,Tuesday,February,0,378.03
Household,263.06,99,106,Sunday,June,1,294.63
Fruits,58.01,365,55,Sunday,July,1,58.01
Bakery,55.2,218,114,Tuesday,August,0,61.82
Snacks,228.62,190,87,Friday,July,0,240.05
Vegetables,264.28,203,112,Wednesday,October,0,295.99
Fruits,321.87,226,89,Thursday,December,0,337.96
Frozen,413.67,74,65,Tuesday,August,0,434.35
Fruits,73.4,361,66,Sunday,September,1,77.07
Bakery,350.29,234,61,Monday,December,0,367.8
Beverages,472.59,190,118,Monday,October,0,529.3
Frozen,64.06,190,74,Wednesday,January,0,67.26
Vegetables,85.12,191,40,Wednesday,May,0,85.12
Personal Care,248.1,406,19,Tuesday,October,0,223.29
Frozen,33.84,458,40,Wednesday,April,0,30.46
Beverages,411.37,251,1,Monday,September,0,370.23
Household,43.11,23,54,Thursday,October,0,45.27
Personal Care,287.22,461,44,Sunday,July,1,287.22
Fruits,418.89,427,78,Tuesday,March,0,439.83
Vegetables,321.87,390,58,Saturday,August,1,321.87
Beverages,434.51,167,12,Sunday,October,1,391.06
Frozen,199.75,461,51,Wednesday,September,0,199.75
Dairy,479.46,456,57,Saturday,May,1,479.46
Bakery,434.32,363,4,Friday,November,0,390.89
Personal Care,284.91,64,83,Friday,February,0,319.1
Snacks,478.03,278,74,Sunday,January,1,501.93
Vegetables,102.8,244,65,Monday,February,0,107.94
Vegetables,98.07,10,36,Sunday,April,1,102.97
Snacks,416.55,430,114,Friday,August,0,466.54
Bakery,405.39,311,42,Thursday,October,0,405.39
Dairy,250.82,479,3,Wednesday,July,0,225.74
Beverages,213.32,441,68,Wednesday,July,0,213.32
Personal Care,54.6,51,70,Tuesday,May,0,57.33
Beverages,99.51,394,12,Tuesday,May,0,89.56
Frozen,342.52,31,79,Wednesday,March,0,383.62
Dairy,359.52,153,50,Monday,June,0,359.52
Beverages,212.28,166,34,Thursday,February,0,212.28
Dairy,109.25,386,77,Friday,April,0,114.71
Fruits,259.22,259,50,Monday,May,0,259.22
Dairy,165.98,284,53,Monday,August,0,165.98
Dairy,209.67,120,117,Monday,May,0,234.83
Vegetables,482.1,346,13,Tuesday,September,0,433.89
Beverages,159.26,209,58,Monday,November,0,167.22
Vegetables,109.69,496,19,Wednesday,September,0,98.72
Beverages,393.19,276,55,Friday,August,0,393.19
Dairy,10.49,238,107,Friday,May,0,11.75
Beverages,10.27,478,118,Thursday,May,0,11.5
Personal Care,421.35,195,45,Sunday,November,1,421.35
Snacks,296.73,262,37,Monday,March,0,296.73
Vegetables,285.91,154,12,Thursday,December,0,257.32
Bakery,416.94,372,72,Wednesday,July,0,437.79
Snacks,309.12,491,103,Wednesday,November,0,324.58
Household,321.23,386,91,Thursday,May,0,337.29
Snacks,334.52,165,44,Tuesday,August,0,334.52
Household,17.78,355,18,Saturday,January,1,16.0
Fruits,12.1,5,87,Tuesday,July,0,13.55
Vegetables,448.68,361,63,Sunday,July,1,471.11
Vegetables,49.76,449,84,Saturday,February,1,52.25
Vegetables,25.16,427,105,Saturday,August,1,28.18
Bakery,182.97,417,49,Sunday,October,1,182.97
Household,199.51,430,99,Sunday,December,1,209.49
Dairy,71.13,190,120,Tuesday,August,0,79.67
Dairy,118.55,11,98,Wednesday,November,0,132.78
Household,103.84,418,79,Saturday,May,1,109.03
Snacks,124.79,253,47,Monday,May,0,124.79
Fruits,453.21,362,78,Tuesday,January,0,475.87
Snacks,492.29,327,51,Monday,May,0,492.29
Vegetables,252.07,283,25,Saturday,December,1,226.86
Beverages,42.03,66,96,Monday,March,0,47.07
Personal Care,467.45,439,30,Friday,December,0,420.7
Personal Care,104.01,348,3,Saturday,November,1,93.61
Vegetables,311.08,349,72,Thursday,January,0,326.63
Frozen,324.07,483,84,Monday,June,0,340.27
Frozen,423.73,209,36,Monday,November,0,423.73
Vegetables,238.63,186,67,Sunday,January,1,250.56
Snacks,33.01,471,54,Friday,August,0,33.01
Household,12.53,100,43,Monday,October,0,12.53
Dairy,495.23,116,89,Thursday,February,0,554.66
Snacks,106.47,169,40,Monday,November,0,106.47
Bakery,23.66,222,104,Monday,October,0,26.5
Household,421.85,127,14,Thursday,April,0,379.67
Household,417.93,421,43,Friday,April,0,417.93
Bakery,390.12,318,57,Sunday,February,1,390.12
Fruits,293.68,44,8,Monday,July,0,264.31
Household,446.14,356,9,Sunday,March,1,401.53
Dairy,460.37,227,8,Wednesday,October,0,414.33
Frozen,42.24,347,8,Friday,January,0,38.02
Personal Care,426.47,206,13,Friday,July,0,383.82
Snacks,433.65,404,85,Friday,January,0,455.33
Fruits,198.12,408,55,Friday,October,0,198.12
Bakery,176.41,481,87,Sunday,January,1,185.23
Fruits,263.43,301,25,Monday,February,0,237.09
Dairy,301.64,35,76,Sunday,April,1,337.84
Beverages,322.31,132,46,Thursday,August,0,322.31
Fruits,101.1,71,103,Monday,January,0,113.23
Beverages,162.72,224,66,Saturday,June,1,170.86
Personal Care,296.0,278,100,Tuesday,March,0,331.52
Fruits,161.25,176,38,Wednesday,January,0,161.25
Vegetables,297.36,348,19,Monday,April,0,267.62
Vegetables,411.4,287,110,Monday,July,0,460.77
Household,105.75,103,82,Tuesday,February,0,111.04
Household,102.78,244,89,Saturday,August,1,115.11
Household,427.48,290,43,Friday,May,0,427.48
Frozen,171.02,54,59,Sunday,January,1,179.57
Fruits,117.51,2,82,Tuesday,December,0,131.61
Snacks,238.6,110,31,Thursday,December,0,238.6
Household,405.56,193,27,Thursday,March,0,405.56
Dairy,187.78,38,46,Monday,September,0,197.17
Bakery,79.78,226,25,Saturday,October,1,79.78
Household,31.51,16,26,Tuesday,May,0,31.51
Beverages,117.28,135,93,Tuesday,June,0,131.35
Vegetables,130.52,101,3,Tuesday,May,0,117.47
Bakery,20.29,347,18,Thursday,November,0,18.26
Bakery,175.81,108,40,Thursday,April,0,175.81
Household,406.65,339,22,Friday,October,0,365.99
Frozen,440.41,34,16,Tuesday,March,0,440.41
Snacks,103.92,194,89,Wednesday,June,0,109.12
Frozen,488.72,126,118,Monday,October,0,547.37
Snacks,428.67,151,102,Tuesday,June,0,480.11
Snacks,36.1,408,36,Sunday,March,1,36.1
Vegetables,484.51,454,63,Tuesday,December,0,484.51
Bakery,394.49,405,85,Friday,February,0,414.21
Beverages,259.22,385,113,Saturday,September,1,290.33
Household,254.31,238,23,Wednesday,December,0,228.88
Household,267.48,248,92,Thursday,August,0,280.85
Personal Care,294.78,327,118,Sunday,October,1,330.15
Dairy,111.53,459,26,Thursday,April,0,100.38
Frozen,117.11,218,114,Thursday,October,0,131.16
Beverages,468.39,192,33,Friday,February,0,468.39
Beverages,378.3,152,57,Friday,June,0,397.22
Snacks,296.14,239,66,Friday,June,0,310.95
Frozen,231.06,222,53,Wednesday,August,0,231.06
Household,143.78,13,23,Thursday,April,0,143.78
Personal Care,326.22,184,116,Monday,May,0,365.37
Vegetables,261.27,330,11,Sunday,May,1,235.14
Snacks,58.22,37,47,Monday,September,0,61.13
Snacks,173.54,346,43,Wednesday,May,0,173.54
Personal Care,103.41,310,18,Sunday,December,1,93.07
Vegetables,457.07,5,99,Wednesday,May,0,511.92
Household,393.73,207,52,Sunday,October,1,413.42
Dairy,241.28,263,98,Tuesday,July,0,270.23
Snacks,121.19,384,27,Thursday,April,0,109.07
Vegetables,297.63,283,97,Thursday,December,0,333.35
Fruits,176.92,44,41,Sunday,April,1,185.77
Frozen,387.36,358,54,Tuesday,August,0,387.36
Fruits,427.94,16,48,Tuesday,October,0,449.34
Beverages,159.73,378,2,Thursday,November,0,143.76
Household,176.51,215,55,Saturday,July,1,185.34
Vegetables,156.82,301,3,Friday,January,0,141.14
Beverages,85.31,488,43,Friday,November,0,76.78
Frozen,490.28,105,51,Monday,September,0,514.79
Frozen,102.29,56,43,Friday,August,0,102.29
Personal Care,55.69,54,87,Friday,March,0,62.37
Dairy,414.97,309,63,Monday,March,0,414.97
Snacks,44.05,494,50,Wednesday,April,0,44.05
Snacks,152.64,269,9,Thursday,January,0,137.38
Household,264.08,88,42,Sunday,July,1,277.28
Frozen,86.95,57,17,Friday,July,0,86.95
Fruits,374.14,200,116,Sunday,April,1,419.04
Beverages,436.52,159,56,Sunday,December,1,458.35
Fruits,87.8,295,40,Friday,April,0,87.8
Vegetables,361.22,235,36,Tuesday,January,0,361.22
Beverages,228.41,423,52,Friday,April,0,228.41
Vegetables,171.16,292,113,Thursday,August,0,191.7
Fruits,292.31,378,12,Wednesday,November,0,263.08
Fruits,179.92,432,92,Sunday,May,1,188.92
Frozen,310.38,415,109,Tuesday,July,0,347.63
Snacks,97.99,317,94,Thursday,August,0,102.89
Frozen,456.31,94,90,Friday,February,0,511.07
Frozen,352.34,23,31,Sunday,March,1,352.34
Personal Care,442.45,276,38,Saturday,February,1,442.45
Snacks,455.28,211,98,Friday,February,0,509.91
Household,47.5,54,65,Sunday,June,1,49.88
Frozen,230.96,130,27,Friday,January,0,230.96
Fruits,23.09,328,89,Saturday,December,1,24.24
Fruits,196.77,382,52,Sunday,April,1,196.77
Frozen,28.51,129,15,Saturday,March,1,28.51
Household,338.44,238,63,Thursday,February,0,355.36
Bakery,278.73,125,92,Thursday,March,0,312.18
Fruits,412.01,431,21,Tuesday,January,0,370.81
Bakery,96.85,64,69,Saturday,July,1,101.69
Beverages,48.02,391,2,Saturday,May,1,43.22
Beverages,225.92,92,28,Saturday,January,1,225.92
Vegetables,115.92,357,7,Sunday,November,1,104.33
Vegetables,324.1,367,85,Monday,July,0,340.31
Personal Care,227.55,307,1,Monday,July,0,204.8
Snacks,465.12,192,117,Tuesday,April,0,520.93
Bakery,17.86,15,2,Wednesday,April,0,16.07
Bakery,118.08,452,13,Sunday,November,1,106.27
Beverages,364.77,23,54,Friday,February,0,383.01
Household,168.11,321,25,Friday,April,0,151.3
Vegetables,203.58,220,16,Tuesday,April,0,183.22
Bakery,184.72,89,2,Thursday,November,0,166.25
Household,15.87,109,59,Tuesday,February,0,16.66
Personal Care,328.47,189,6,Monday,April,0,295.62
Frozen,157.75,307,64,Monday,December,0,165.64
Vegetables,397.72,473,109,Friday,March,0,417.61
Personal Care,479.93,308,42,Saturday,December,1,479.93
Frozen,342.17,498,99,Saturday,March,1,359.28
Household,95.91,390,114,Saturday,June,1,107.42
Fruits,43.08,10,78,Friday,August,0,48.25
Frozen,260.4,380,30,Friday,October,0,234.36
Dairy,123.98,316,98,Monday,May,0,130.18
Snacks,371.58,388,32,Friday,February,0,334.42
Dairy,77.4,256,38,Tuesday,March,0,77.4
Frozen,110.15,20,31,Saturday,October,1,110.15
Fruits,372.24,169,18,Wednesday,June,0,335.02
Dairy,265.23,213,83,Sunday,May,1,278.49
Dairy,122.21,376,43,Wednesday,April,0,122.21
Snacks,274.26,465,118,Saturday,April,1,307.17
Snacks,307.95,196,67,Wednesday,March,0,323.35
Fruits,318.59,34,112,Thursday,February,0,356.82
Snacks,35.53,73,27,Tuesday,February,0,35.53
Beverages,300.39,426,102,Tuesday,April,0,315.41
Vegetables,48.3,372,60,Wednesday,March,0,48.3
Snacks,130.01,91,78,Tuesday,May,0,136.51
Personal Care,292.45,496,82,Tuesday,May,0,307.07
Fruits,49.21,498,47,Thursday,July,0,44.29
Beverages,240.65,217,65,Friday,December,0,252.68
Frozen,382.56,420,102,Thursday,January,0,401.69
Frozen,219.42,43,98,Wednesday,October,0,245.75
Vegetables,84.87,373,23,Wednesday,July,0,76.38
Fruits,159.87,146,49,Friday,October,0,159.87
Fruits,45.25,70,92,Thursday,April,0,50.68
Beverages,458.9,3,2,Sunday,September,1,413.01
Household,250.81,474,54,Thursday,December,0,250.81
Household,198.18,158,83,Friday,February,0,208.09
Frozen,443.65,472,16,Thursday,October,0,399.28
Beverages,105.17,224,33,Sunday,December,1,105.17
Household,259.71,251,82,Saturday,June,1,272.7
Dairy,328.94,475,55,Saturday,April,1,328.94
Snacks,244.09,472,105,Wednesday,November,0,256.29
Dairy,351.76,331,19,Wednesday,October,0,316.58
Fruits,472.69,76,33,Tuesday,October,0,472.69
Beverages,16.05,395,12,Saturday,December,1,14.45
Frozen,204.86,301,116,Monday,September,0,229.44
Snacks,439.24,85,107,Thursday,May,0,491.95
Personal Care,255.32,273,85,Thursday,October,0,268.09
Personal Care,369.63,386,113,Saturday,February,1,413.99
Bakery,321.73,398,103,Wednesday,March,0,337.82
Personal Care,376.88,477,96,Thursday,December,0,395.72
Personal Care,13.15,87,105,Thursday,January,0,14.73
Bakery,44.22,357,54,Friday,July,0,44.22
Personal Care,369.19,88,23,Wednesday,March,0,369.19
Beverages,107.03,94,65,Monday,August,0,112.38
Snacks,100.96,31,96,Tuesday,April,0,113.08
Personal Care,491.64,447,53,Thursday,November,0,491.64
Bakery,435.5,86,11,Wednesday,February,0,391.95
Frozen,71.09,33,44,Monday,October,0,74.64
Snacks,244.17,345,98,Monday,January,0,256.38
Dairy,140.38,490,1,Saturday,October,1,126.34
Dairy,57.45,268,102,Monday,July,0,64.34
Vegetables,493.58,390,35,Thursday,August,0,444.22
Household,306.14,173,48,Saturday,June,1,321.45
Household,410.26,482,47,Saturday,July,1,410.26
Frozen,309.3,500,46,Sunday,June,1,309.3
Bakery,11.51,446,90,Thursday,December,0,12.09
Beverages,22.58,63,112,Friday,May,0,25.29
Snacks,190.53,317,88,Saturday,August,1,200.06
Vegetables,212.43,97,1,Saturday,June,1,191.19
Dairy,320.55,448,6,Sunday,December,1,288.5
Household,342.19,120,78,Thursday,July,0,359.3
Bakery,180.68,481,120,Thursday,November,0,202.36
Bakery,369.8,151,78,Tuesday,December,0,388.29
Beverages,436.23,449,74,Sunday,December,1,458.04
Vegetables,25.56,255,102,Monday,May,0,28.63
Vegetables,493.74,240,22,Thursday,February,0,444.37
Fruits,334.69,124,32,Tuesday,March,0,334.69
Bakery,61.68,367,4,Tuesday,June,0,55.51
Frozen,385.49,113,93,Wednesday,November,0,431.75
Fruits,476.24,344,16,Saturday,March,1,428.62
Vegetables,320.44,252,12,Sunday,December,1,288.4
Household,437.25,478,74,Sunday,October,1,459.11
Bakery,325.55,194,117,Saturday,December,1,364.62
Frozen,330.42,402,72,Sunday,July,1,346.94
Snacks,119.54,60,38,Monday,February,0,119.54
Bakery,176.72,304,120,Tuesday,December,0,197.93
Bakery,290.69,66,110,Wednesday,July,0,325.57
Dairy,162.29,303,69,Tuesday,July,0,170.4
Frozen,166.63,187,103,Saturday,March,1,186.63
Vegetables,335.23,303,29,Monday,July,0,301.71
Dairy,273.76,236,41,Tuesday,May,0,273.76
Snacks,254.92,234,19,Friday,May,0,229.43
Beverages,376.06,435,103,Sunday,December,1,421.19
Dairy,303.45,159,65,Saturday,February,1,318.62
Personal Care,498.46,362,74,Thursday,November,0,523.38
Snacks,252.56,361,49,Monday,June,0,252.56
Beverages,415.66,108,109,Saturday,April,1,465.54
Dairy,462.35,398,23,Sunday,August,1,416.12
Frozen,156.56,418,85,Sunday,March,1,164.39
Dairy,278.49,173,55,Saturday,August,1,292.41
Household,381.28,201,10,Friday,December,0,343.15
Personal Care,148.36,473,25,Saturday,September,1,133.52
Frozen,57.69,166,97,Sunday,October,1,64.61
Dairy,426.41,364,39,Thursday,November,0,426.41
Beverages,292.81,227,90,Thursday,May,0,307.45
Beverages,112.79,412,96,Tuesday,December,0,118.43
Dairy,187.49,439,74,Monday,November,0,196.86
Beverages,194.51,219,87,Sunday,March,1,217.85
Dairy,57.06,499,61,Tuesday,January,0,57.06
Bakery,490.34,333,44,Friday,July,0,490.34
Beverages,317.22,207,32,Monday,February,0,317.22
Snacks,204.36,155,89,Friday,March,0,228.88
Frozen,390.17,408,86,Saturday,February,1,409.68
Fruits,433.8,333,49,Wednesday,November,0,433.8
Fruits,189.99,62,15,Monday,February,0,189.99
Fruits,324.29,466,66,Tuesday,January,0,324.29
Fruits,144.13,382,13,Sunday,October,1,129.72
Beverages,198.14,331,90,Thursday,May,0,208.05
Beverages,58.73,33,92,Sunday,September,1,65.78
Beverages,208.61,359,3,Thursday,September,0,187.75
Vegetables,393.9,272,63,Monday,September,0,413.59
Vegetables,359.74,405,84,Monday,April,0,377.73
Bakery,98.53,307,89,Tuesday,January,0,103.46
Vegetables,229.14,161,16,Monday,March,0,206.23
Snacks,329.79,45,72,Wednesday,January,0,346.28
Bakery,490.16,260,39,Wednesday,September,0,490.16
Beverages,217.3,484,85,Monday,April,0,228.17
Personal Care,32.62,485,67,Sunday,May,1,32.62
Vegetables,228.01,296,63,Saturday,June,1,239.41
Vegetables,456.28,181,78,Friday,September,0,479.09
Snacks,347.09,340,105,Monday,April,0,388.74
Dairy,102.16,154,110,Sunday,April,1,114.42
Beverages,305.05,111,76,Wednesday,May,0,320.3
Beverages,367.26,217,10,Friday,May,0,330.53
Personal Care,197.07,463,21,Thursday,August,0,177.36
Bakery,472.92,347,55,Saturday,March,1,472.92
Vegetables,109.84,323,94,Wednesday,November,0,115.33
Snacks,360.08,289,85,Saturday,September,1,378.08
Beverages,215.65,79,41,Sunday,July,1,226.43
Frozen,22.7,310,32,Monday,May,0,20.43
Bakery,270.42,351,71,Thursday,February,0,283.94
Household,323.69,186,117,Wednesday,May,0,362.53
Beverages,435.74,116,36,Monday,February,0,435.74
Frozen,489.95,114,49,Monday,February,0,514.45
Beverages,267.97,449,40,Friday,August,0,241.17
Bakery,269.19,359,74,Sunday,May,1,282.65
Vegetables,142.82,51,115,Monday,March,0,159.96
Household,473.79,200,24,Wednesday,December,0,426.41
Vegetables,280.32,452,109,Thursday,August,0,313.96
Beverages,136.94,352,66,Saturday,March,1,143.79
Beverages,79.91,291,95,Wednesday,January,0,83.91
Household,356.68,128,87,Friday,July,0,399.48
Fruits,99.72,182,103,Thursday,September,0,111.69
Personal Care,145.15,220,67,Saturday,April,1,152.41
Personal Care,321.46,45,40,Thursday,June,0,321.46
Bakery,320.99,40,94,Tuesday,February,0,359.51
Beverages,291.91,44,96,Wednesday,September,0,326.94
Fruits,406.09,6,55,Saturday,September,1,426.39
Beverages,245.03,264,88,Saturday,September,1,257.28
Bakery,208.68,316,25,Sunday,December,1,187.81
Dairy,359.94,360,69,Saturday,June,1,377.94
Snacks,497.17,339,118,Sunday,September,1,556.83
Dairy,307.61,494,22,Saturday,September,1,276.85
Snacks,95.66,188,108,Tuesday,September,0,107.14
Household,476.72,217,64,Thursday,March,0,500.56
Household,485.17,174,117,Saturday,April,1,543.39
Vegetables,426.88,440,16,Wednesday,May,0,384.19
Fruits,153.84,110,1,Saturday,November,1,138.46
Frozen,116.56,157,119,Saturday,September,1,130.55
Dairy,468.35,457,80,Sunday,August,1,491.77
Dairy,184.31,316,59,Wednesday,May,0,184.31
Household,62.51,180,114,Saturday,March,1,70.01
Frozen,183.72,52,56,Thursday,April,0,192.91
Bakery,269.26,461,20,Thursday,February,0,242.33
Fruits,13.39,394,85,Wednesday,April,0,14.06
Fruits,203.73,154,47,Thursday,March,0,203.73
Vegetables,407.66,56,57,Saturday,August,1,428.04
Beverages,78.54,383,56,Monday,June,0,78.54
Snacks,64.23,146,6,Tuesday,July,0,57.81
Frozen,374.52,462,5,Tuesday,November,0,337.07
Snacks,474.7,492,86,Wednesday,February,0,498.44
Frozen,249.64,254,103,Saturday,December,1,279.6
Beverages,169.19,392,100,Thursday,September,0,177.65
Frozen,74.39,491,14,Sunday,January,1,66.95
Beverages,86.22,257,2,Sunday,November,1,77.6
Snacks,35.5,425,44,Thursday,October,0,35.5
Dairy,222.82,149,37,Thursday,February,0,222.82
Frozen,131.4,79,94,Friday,March,0,147.17
Snacks,147.76,59,111,Wednesday,December,0,165.49
Snacks,336.5,220,26,Thursday,December,0,302.85
Bakery,353.56,258,79,Tuesday,April,0,371.24
Beverages,122.4,68,52,Monday,May,0,128.52
Snacks,465.26,219,3,Friday,April,0,418.73
Bakery,433.53,195,53,Friday,May,0,433.53
Snacks,118.67,219,62,Monday,September,0,124.6
Frozen,325.5,156,15,Wednesday,June,0,292.95
Personal Care,472.07,365,54,Tuesday,June,0,472.07
Dairy,99.06,1,7,Saturday,December,1,99.06
Household,113.87,242,36,Friday,February,0,113.87
Frozen,100.57,486,63,Wednesday,June,0,100.57
Personal Care,64.65,343,2,Saturday,September,1,58.19
Beverages,172.29,380,104,Wednesday,December,0,192.96
Vegetables,306.31,122,84,Wednesday,April,0,321.63
Frozen,52.74,55,17,Saturday,December,1,52.74
Bakery,30.11,496,117,Saturday,April,1,33.72
Snacks,355.28,474,13,Monday,September,0,319.75
Household,157.72,243,98,Tuesday,September,0,176.65
Beverages,31.47,99,54,Friday,December,0,33.04
Personal Care,446.88,389,110,Sunday,September,1,500.51
Household,448.51,230,81,Saturday,February,1,470.94
Frozen,43.18,215,68,Friday,January,0,45.34
Beverages,303.59,357,17,Wednesday,January,0,273.23
Dairy,399.25,356,25,Saturday,July,1,359.32
Fruits,345.5,446,66,Monday,March,0,345.5
Fruits,377.86,197,72,Sunday,July,1,396.75
Frozen,307.54,106,24,Monday,March,0,307.54
Snacks,300.14,5,113,Sunday,September,1,336.16
Fruits,256.87,369,68,Wednesday,May,0,269.71
Snacks,155.22,138,71,Monday,March,0,162.98
Snacks,32.35,122,38,Monday,November,0,32.35
Beverages,471.6,143,119,Tuesday,May,0,528.19
Dairy,324.78,128,106,Tuesday,September,0,363.75
Bakery,10.69,178,81,Friday,June,0,11.22
Household,50.79,362,114,Friday,May,0,56.88
Beverages,210.09,314,38,Wednesday,January,0,210.09
Dairy,413.73,113,94,Wednesday,March,0,463.38
Personal Care,486.09,276,85,Sunday,October,1,510.39
Bakery,364.08,353,49,Saturday,May,1,364.08
Vegetables,111.02,227,29,Wednesday,May,0,111.02
Snacks,295.02,414,110,Sunday,July,1,330.42
Beverages,228.57,374,93,Thursday,June,0,240.0
Beverages,452.06,48,64,Tuesday,August,0,474.66
Beverages,409.64,91,25,Friday,August,0,409.64
Beverages,327.31,11,40,Tuesday,March,0,327.31
Frozen,346.81,97,9,Tuesday,February,0,312.13
Frozen,130.17,466,83,Thursday,February,0,136.68
Vegetables,77.27,385,104,Monday,October,0,86.54
Bakery,195.16,11,15,Sunday,January,1,195.16
Dairy,74.77,395,11,Wednesday,March,0,67.29
Dairy,398.28,5,102,Monday,September,0,446.07
Household,427.83,44,26,Tuesday,August,0,427.83
Fruits,409.58,158,43,Thursday,March,0,409.58
Snacks,37.38,355,35,Saturday,September,1,37.38
Bakery,20.39,23,14,Friday,May,0,20.39
Bakery,260.66,429,54,Tuesday,January,0,260.66
Snacks,21.76,219,50,Tuesday,June,0,21.76
Personal Care,120.68,451,88,Thursday,November,0,126.71
Bakery,250.99,57,29,Monday,May,0,250.99
Household,47.38,171,16,Wednesday,February,0,42.64
Dairy,306.21,92,55,Friday,June,0,321.52
Beverages,342.92,77,115,Saturday,November,1,384.07
Personal Care,316.13,147,45,Monday,May,0,316.13
Fruits,334.25,478,34,Sunday,December,1,300.82
Bakery,396.54,442,120,Tuesday,November,0,444.12
Beverages,166.93,200,58,Saturday,August,1,175.28
Bakery,65.45,219,94,Wednesday,March,0,73.3
Bakery,168.3,66,24,Sunday,July,1,168.3
Household,166.46,218,62,Saturday,July,1,174.78
Household,77.73,484,84,Tuesday,July,0,81.62
Frozen,279.18,276,69,Thursday,September,0,293.14
Vegetables,412.49,197,11,Friday,December,0,371.24
Frozen,268.2,398,89,Sunday,December,1,281.61
Snacks,354.52,121,47,Monday,April,0,354.52
Dairy,187.58,243,18,Monday,January,0,168.82
Household,186.82,435,111,Sunday,March,1,209.24
Personal Care,235.59,428,110,Friday,July,0,263.86
Snacks,113.26,115,8,Saturday,March,1,101.93
Bakery,481.41,361,19,Thursday,December,0,433.27
Dairy,351.1,218,48,Monday,December,0,351.1
Bakery,334.75,38,62,Sunday,October,1,351.49
Beverages,24.79,188,19,Monday,April,0,22.31
Bakery,16.11,426,105,Thursday,March,0,16.92
Beverages,240.18,72,96,Friday,December,0,269.0
Personal Care,240.39,370,44,Thursday,November,0,240.39
Dairy,150.52,80,8,Saturday,January,1,135.47
Beverages,256.61,6,51,Sunday,July,1,269.44
Fruits,281.54,425,34,Friday,September,0,253.39
Personal Care,357.58,217,120,Tuesday,May,0,400.49
Bakery,265.54,487,17,Saturday,April,1,238.99
Frozen,313.33,113,51,Tuesday,December,0,329.0
Vegetables,306.49,40,105,Saturday,August,1,343.27
Fruits,163.46,329,52,Sunday,July,1,163.46
Beverages,36.79,191,83,Thursday,April,0,38.63
Personal Care,63.12,40,47,Friday,June,0,66.28
Dairy,127.37,84,70,Monday,February,0,133.74
Snacks,302.58,388,117,Wednesday,April,0,338.89
Vegetables,108.85,476,5,Tuesday,May,0,97.97
Bakery,488.56,290,6,Friday,August,0,439.7
Dairy,33.54,48,40,Monday,June,0,33.54
Personal Care,479.78,257,25,Wednesday,July,0,431.8
Household,487.19,360,87,Monday,June,0,511.55
Frozen,449.29,258,13,Friday,March,0,404.36
Dairy,297.72,196,62,Friday,January,0,312.61
Personal Care,89.0,350,60,Monday,November,0,89.0
Bakery,476.88,119,114,Tuesday,November,0,534.11
Beverages,386.72,83,65,Friday,December,0,406.06
Vegetables,465.81,175,58,Sunday,March,1,489.1
Household,152.51,320,110,Thursday,January,0,170.81
Frozen,127.16,313,78,Monday,March,0,133.52
Fruits,57.73,8,19,Sunday,May,1,57.73
Vegetables,435.09,409,101,Monday,August,0,456.84
Bakery,232.86,87,120,Wednesday,March,0,260.8
Bakery,147.26,187,46,Monday,February,0,147.26
Beverages,358.22,236,34,Thursday,May,0,358.22
Fruits,328.64,72,16,Friday,August,0,328.64
Dairy,188.1,147,52,Thursday,October,0,197.5
Beverages,226.01,263,109,Friday,June,0,253.13
Household,50.91,212,65,Thursday,May,0,53.46
Dairy,314.1,330,8,Saturday,April,1,282.69
Vegetables,13.89,437,14,Wednesday,July,0,12.5
Beverages,289.37,438,10,Tuesday,July,0,260.43
Fruits,337.88,179,60,Thursday,November,0,354.77
Vegetables,451.06,239,14,Monday,March,0,405.95
Bakery,459.56,473,51,Sunday,July,1,459.56
Snacks,206.75,34,41,Wednesday,October,0,206.75
Fruits,114.19,380,61,Monday,May,0,114.19
Fruits,28.76,80,61,Tuesday,November,0,30.2
Snacks,166.89,17,77,Sunday,July,1,186.92
Dairy,468.87,186,102,Thursday,August,0,525.13
Snacks,36.5,445,3,Sunday,November,1,32.85
Frozen,142.23,326,23,Monday,March,0,128.01
Bakery,144.21,42,39,Sunday,December,1,151.42
Fruits,436.93,269,28,Saturday,May,1,436.93
Beverages,416.97,48,115,Thursday,June,0,467.01
Personal Care,90.62,179,54,Thursday,August,0,95.15
Vegetables,347.53,83,90,Thursday,June,0,389.23
Frozen,413.28,288,101,Friday,April,0,462.87
Bakery,364.13,297,79,Tuesday,June,0,382.34
Household,16.95,460,59,Tuesday,August,0,16.95
Household,65.67,497,87,Thursday,May,0,68.95
Vegetables,363.92,231,107,Sunday,March,1,407.59
Fruits,323.07,297,13,Monday,April,0,290.76
Snacks,215.89,280,100,Tuesday,October,0,241.8
Frozen,115.91,108,25,Saturday,October,1,115.91
Dairy,191.43,187,3,Wednesday,May,0,172.29
Vegetables,411.34,64,90,Thursday,November,0,460.7
Fruits,212.89,181,46,Sunday,September,1,212.89
Frozen,266.35,392,43,Monday,March,0,266.35
Fruits,219.91,91,71,Friday,March,0,230.91
Vegetables,223.58,146,109,Saturday,December,1,250.41
Frozen,320.71,360,80,Sunday,February,1,336.75
Bakery,404.91,54,12,Saturday,January,1,404.91
Frozen,60.8,384,97,Friday,September,0,63.84
Bakery,320.43,258,75,Sunday,January,1,336.45
Personal Care,427.34,109,29,Sunday,August,1,427.34
Vegetables,196.73,101,110,Thursday,February,0,220.34
Household,484.13,468,60,Thursday,November,0,484.13
Frozen,13.73,192,101,Tuesday,September,0,15.38
Personal Care,141.13,338,34,Wednesday,July,0,127.02
Snacks,12.04,466,54,Monday,January,0,12.04
Dairy,85.15,192,108,Sunday,September,1,95.37
Household,174.19,492,74,Thursday,April,0,174.19
Vegetables,487.01,99,79,Saturday,July,1,545.45
Dairy,402.65,296,55,Tuesday,November,0,402.65
Frozen,488.9,89,52,Wednesday,September,0,513.35
Beverages,224.33,51,91,Sunday,March,1,251.25
Vegetables,68.0,296,101,Thursday,November,0,76.16
Personal Care,420.3,82,42,Tuesday,February,0,420.3
Bakery,22.56,6,81,Sunday,October,1,25.27
Beverages,23.63,363,70,Monday,October,0,24.81
Frozen,22.39,376,17,Thursday,November,0,20.15
Household,101.41,335,115,Tuesday,May,0,113.58
Snacks,272.35,126,93,Sunday,July,1,305.03
Personal Care,333.04,141,11,Tuesday,November,0,299.74
Dairy,322.81,297,111,Monday,February,0,361.55
Fruits,464.33,63,14,Tuesday,May,0,417.9
Personal Care,448.36,48,10,Thursday,June,0,403.52
Snacks,201.49,252,102,Monday,July,0,225.67
Bakery,248.39,321,10,Tuesday,November,0,223.55
Frozen,193.87,161,82,Thursday,March,0,203.56
Beverages,156.39,463,23,Saturday,October,1,140.75
Dairy,67.43,176,45,Thursday,October,0,67.43
Vegetables,12.46,268,95,Wednesday,February,0,13.08
Snacks,306.99,275,3,Friday,September,0,276.29
Beverages,115.99,187,15,Tuesday,January,0,104.39
Household,77.9,43,94,Saturday,March,1,87.25
Personal Care,144.1,103,12,Wednesday,December,0,129.69
Vegetables,329.44,240,96,Sunday,August,1,368.97
Frozen,261.2,205,119,Tuesday,May,0,292.54
Beverages,106.96,434,114,Saturday,May,1,119.8
Frozen,60.42,407,99,Friday,May,0,63.44
Beverages,399.11,489,93,Thursday,July,0,419.07
Fruits,217.63,383,35,Sunday,June,1,217.63
Bakery,307.57,220,26,Friday,June,0,276.81
Household,449.97,420,9,Thursday,March,0,404.97
Dairy,479.47,130,76,Thursday,May,0,503.44
Vegetables,182.6,16,15,Tuesday,June,0,182.6
Frozen,397.54,184,32,Monday,April,0,397.54
Household,192.26,400,41,Monday,January,0,192.26
Household,347.26,368,43,Tuesday,August,0,347.26
Household,450.38,288,9,Thursday,May,0,405.34
Snacks,268.36,53,72,Wednesday,December,0,281.78
Bakery,291.23,331,54,Saturday,July,1,291.23
Household,408.56,102,26,Monday,August,0,408.56
Fruits,32.93,141,54,Monday,February,0,34.58
Fruits,93.86,168,76,Thursday,April,0,98.55
Dairy,149.67,330,101,Sunday,October,1,167.63
Dairy,456.71,146,17,Sunday,July,1,456.71
Dairy,448.96,471,68,Monday,June,0,448.96
Dairy,44.03,49,107,Sunday,July,1,49.31
Personal Care,144.59,386,45,Thursday,February,0,144.59
Vegetables,389.56,253,79,Monday,July,0,409.04
Personal Care,351.26,233,64,Sunday,November,1,368.82
Bakery,423.11,481,80,Monday,January,0,444.27
Snacks,33.44,6,18,Monday,June,0,33.44
Frozen,120.91,46,25,Saturday,June,1,120.91
Vegetables,494.89,479,89,Sunday,January,1,519.63
Personal Care,442.83,23,15,Monday,May,0,442.83
Bakery,139.23,353,79,Sunday,July,1,146.19
Personal Care,352.35,474,18,Friday,August,0,317.12
Bakery,71.88,442,19,Sunday,October,1,64.69
Frozen,322.08,343,16,Friday,September,0,289.87
Snacks,293.16,339,63,Wednesday,June,0,293.16
Fruits,120.66,136,99,Wednesday,December,0,135.14
Bakery,182.97,428,112,Tuesday,November,0,204.93
Snacks,350.53,39,64,Monday,April,0,368.06
Dairy,338.54,240,105,Thursday,April,0,379.16
Fruits,61.22,107,105,Friday,September,0,68.57
Vegetables,430.64,390,40,Saturday,August,1,430.64
Beverages,425.43,55,118,Tuesday,April,0,476.48
Household,198.93,232,112,Friday,September,0,222.8
Snacks,392.21,97,9,Wednesday,July,0,352.99
Beverages,346.27,488,112,Friday,November,0,387.82
Bakery,82.17,449,14,Saturday,February,1,73.95
Snacks,18.13,236,24,Wednesday,January,0,16.32
Fruits,334.32,232,46,Wednesday,February,0,334.32
Vegetables,51.19,221,28,Tuesday,July,0,51.19
Vegetables,221.12,171,7,Thursday,May,0,199.01
Household,57.93,333,49,Saturday,July,1,57.93
Snacks,154.06,207,23,Friday,May,0,138.65
Vegetables,307.65,266,56,Monday,November,0,307.65
Dairy,326.71,491,15,Tuesday,February,0,294.04
Dairy,448.58,295,35,Tuesday,February,0,448.58
Vegetables,59.51,116,113,Friday,December,0,66.65
Frozen,202.03,52,29,Saturday,December,1,202.03
Personal Care,252.63,88,101,Tuesday,June,0,282.95
Personal Care,355.87,148,94,Monday,February,0,398.57
Beverages,256.59,359,80,Thursday,December,0,269.42
Personal Care,427.76,353,31,Tuesday,June,0,384.98
Bakery,91.66,171,116,Thursday,March,0,102.66
Dairy,336.36,220,43,Monday,March,0,336.36
Personal Care,441.82,88,87,Sunday,January,1,494.84
Household,485.08,299,1,Thursday,April,0,436.57
Fruits,63.6,420,3,Friday,November,0,57.24
Personal Care,419.33,269,65,Tuesday,March,0,440.3
Bakery,59.0,412,95,Wednesday,August,0,61.95
Fruits,370.06,280,33,Saturday,August,1,370.06
Personal Care,188.5,7,106,Wednesday,May,0,211.12
Household,446.77,397,85,Sunday,October,1,469.11
Fruits,65.25,352,67,Saturday,November,1,68.51
Dairy,82.47,211,110,Tuesday,November,0,92.37
Beverages,185.03,16,32,Friday,December,0,185.03
Frozen,186.12,382,12,Tuesday,July,0,167.51
Bakery,483.07,450,81,Saturday,September,1,507.22
Fruits,493.79,449,68,Tuesday,May,0,493.79
Household,445.12,201,76,Thursday,May,0,467.38
Personal Care,103.38,297,67,Saturday,June,1,108.55
Bakery,222.4,233,73,Sunday,June,1,233.52
Personal Care,63.99,5,64,Saturday,March,1,67.19
Fruits,343.65,268,38,Friday,September,0,343.65
Beverages,158.79,148,9,Sunday,May,1,142.91
Dairy,232.39,112,37,Sunday,October,1,232.39
Bakery,36.06,157,1,Thursday,June,0,32.45
Dairy,34.45,71,45,Wednesday,September,0,34.45
Vegetables,85.97,45,92,Wednesday,March,0,96.29
Snacks,221.7,471,11,Wednesday,April,0,199.53
Dairy,241.86,182,32,Sunday,November,1,241.86
Frozen,217.06,496,116,Monday,May,0,243.11
Personal Care,302.55,89,73,Thursday,November,0,317.68
Household,404.15,72,88,Sunday,April,1,452.65
Personal Care,76.49,284,26,Wednesday,May,0,68.84
Bakery,155.69,475,81,Thursday,September,0,163.47
Beverages,194.22,449,107,Thursday,February,0,203.93
Beverages,268.02,356,41,Friday,November,0,268.02
Household,239.51,219,60,Thursday,July,0,251.49
Fruits,23.56,287,4,Sunday,July,1,21.2
Bakery,380.37,315,117,Wednesday,April,0,426.01
Vegetables,192.82,318,70,Friday,May,0,202.46
Dairy,380.11,202,17,Thursday,November,0,342.1
Dairy,236.78,391,112,Friday,August,0,265.19
Dairy,51.48,139,107,Saturday,February,1,57.66
Household,301.23,421,38,Friday,August,0,271.11
Household,433.51,63,95,Friday,November,0,485.53
Vegetables,372.29,28,90,Tuesday,September,0,416.96
Beverages,285.4,496,64,Tuesday,April,0,285.4
Beverages,157.44,160,93,Monday,August,0,176.33
Snacks,66.21,1,20,Friday,February,0,66.21
Vegetables,57.46,105,14,Thursday,January,0,51.71
Vegetables,227.47,29,119,Monday,May,0,254.77
Frozen,247.02,95,105,Tuesday,September,0,276.66
Personal Care,412.63,349,57,Sunday,November,1,412.63
Bakery,221.85,326,3,Tuesday,March,0,199.66
Snacks,93.68,380,90,Friday,April,0,98.36
Fruits,245.43,149,86,Monday,October,0,257.7
Fruits,190.0,141,51,Thursday,December,0,199.5
Bakery,237.34,417,55,Tuesday,January,0,237.34
Personal Care,233.97,289,50,Monday,October,0,233.97
Personal Care,26.7,334,115,Saturday,October,1,29.9
Fruits,30.89,465,46,Tuesday,August,0,30.89
Fruits,145.68,82,46,Friday,September,0,145.68
Snacks,180.93,362,68,Thursday,September,0,189.98
Bakery,95.5,78,46,Saturday,December,1,100.28
Household,235.15,440,101,Tuesday,May,0,246.91
Personal Care,462.5,35,118,Sunday,November,1,518.0
Fruits,194.5,242,78,Saturday,March,1,204.23
Vegetables,389.95,270,34,Tuesday,December,0,389.95
Household,298.54,298,45,Friday,October,0,298.54
Frozen,43.11,16,110,Saturday,March,1,48.28
Snacks,57.3,55,64,Saturday,August,1,60.16
Household,382.36,396,104,Saturday,April,1,428.24
Bakery,450.9,90,94,Thursday,July,0,505.01
Bakery,40.34,129,15,Monday,December,0,36.31
Bakery,226.35,192,78,Saturday,January,1,237.67
Beverages,167.37,358,58,Thursday,March,0,167.37
Vegetables,107.87,130,63,Thursday,November,0,113.26
Personal Care,120.49,380,21,Thursday,September,0,108.44
Snacks,52.15,13,81,Saturday,February,1,58.41
Snacks,26.29,72,115,Monday,June,0,29.44
Frozen,288.46,443,10,Wednesday,March,0,259.61
Vegetables,253.13,427,27,Friday,August,0,227.82
Vegetables,182.53,317,116,Friday,March,0,204.43
Bakery,225.05,321,49,Sunday,February,1,225.05
Bakery,72.32,265,39,Monday,February,0,72.32
Fruits,122.98,308,70,Wednesday,January,0,129.13
Snacks,412.45,149,119,Sunday,May,1,461.94
Frozen,354.6,35,112,Sunday,March,1,397.15
Personal Care,46.64,295,31,Sunday,September,1,46.64
Vegetables,163.0,317,8,Friday,December,0,146.7
Bakery,295.56,480,118,Wednesday,November,0,331.03
Dairy,25.81,216,34,Tuesday,June,0,25.81
Dairy,78.25,281,105,Saturday,June,1,87.64
Dairy,125.45,38,104,Friday,October,0,140.5
Dairy,179.46,37,54,Friday,December,0,188.43
Bakery,444.88,246,17,Wednesday,December,0,400.39
Dairy,60.99,255,65,Tuesday,November,0,64.04
Household,221.44,156,101,Sunday,April,1,248.01
Dairy,466.31,14,100,Sunday,April,1,522.27
Vegetables,307.99,195,88,Saturday,December,1,344.95
Dairy,280.72,27,50,Sunday,July,1,294.76
Beverages,220.56,219,71,Tuesday,February,0,231.59
Fruits,67.82,316,116,Wednesday,June,0,75.96
Snacks,178.13,471,8,Tuesday,April,0,160.32
Bakery,298.42,117,53,Saturday,September,1,313.34
Dairy,495.56,8,112,Saturday,April,1,555.03
Dairy,47.54,65,57,Tuesday,May,0,49.92
Dairy,163.92,309,84,Tuesday,May,0,172.12
Beverages,307.0,246,85,Monday,November,0,322.35
Bakery,47.43,481,70,Tuesday,August,0,47.43
Household,449.84,440,29,Thursday,December,0,404.86
Personal Care,471.3,400,71,Wednesday,November,0,494.87
Snacks,268.15,137,41,Saturday,September,1,268.15
Vegetables,61.15,178,116,Thursday,December,0,68.49
Fruits,147.09,105,117,Tuesday,September,0,164.74
Snacks,159.42,284,27,Monday,June,0,143.48
Beverages,27.58,121,90,Thursday,November,0,30.89
Fruits,476.99,11,64,Sunday,January,1,500.84
Personal Care,146.2,197,39,Sunday,February,1,146.2
Dairy,146.76,313,50,Thursday,January,0,146.76
Frozen,198.48,23,29,Tuesday,July,0,198.48
Beverages,333.36,273,7,Saturday,May,1,300.02
Dairy,275.36,179,120,Monday,October,0,308.4
Household,462.12,465,34,Sunday,October,1,415.91
Snacks,381.05,175,93,Sunday,October,1,426.78
Frozen,434.21,401,94,Saturday,January,1,455.92
Bakery,281.11,488,93,Saturday,May,1,295.17
Vegetables,237.12,294,93,Friday,September,0,248.98
Personal Care,89.65,196,60,Saturday,April,1,94.13
Beverages,454.78,144,103,Saturday,May,1,509.35
Bakery,499.41,395,70,Wednesday,June,0,524.38
Frozen,28.92,141,47,Wednesday,November,0,28.92
Personal Care,393.39,415,99,Friday,January,0,413.06
Bakery,160.38,339,42,Sunday,May,1,160.38
Beverages,227.47,9,57,Monday,August,0,238.84
Dairy,483.28,246,82,Sunday,September,1,507.44
Snacks,210.22,297,11,Wednesday,October,0,189.2
Vegetables,163.87,33,57,Tuesday,May,0,172.06
Personal Care,137.17,254,17,Tuesday,November,0,123.45
Beverages,81.98,317,84,Monday,April,0,86.08
Bakery,330.75,95,88,Friday,August,0,370.44
Household,30.56,368,30,Monday,December,0,27.5
Personal Care,487.89,9,87,Sunday,June,1,546.44
Vegetables,361.98,308,31,Wednesday,February,0,325.78
Bakery,258.4,58,66,Monday,April,0,271.32
Snacks,169.64,191,107,Sunday,November,1,190.0
Frozen,44.98,219,113,Wednesday,March,0,50.38
Dairy,170.0,404,47,Wednesday,July,0,170.0
Household,240.64,499,38,Friday,January,0,216.58
Beverages,190.47,149,120,Tuesday,October,0,213.33
Dairy,62.05,109,104,Wednesday,September,0,69.5
Vegetables,393.9,365,45,Tuesday,July,0,393.9
Dairy,331.96,77,49,Sunday,November,1,348.56
Bakery,478.04,491,120,Tuesday,October,0,535.4
Vegetables,498.93,323,71,Saturday,July,1,523.88
Vegetables,369.19,434,113,Friday,January,0,413.49
Fruits,333.01,267,57,Wednesday,May,0,333.01
Snacks,419.64,151,117,Tuesday,June,0,470.0
Snacks,401.51,186,30,Thursday,June,0,401.51
Bakery,349.61,228,94,Thursday,June,0,391.56
Bakery,182.47,259,10,Wednesday,November,0,164.22
Fruits,306.56,230,101,Thursday,April,0,343.35
Beverages,463.6,126,100,Thursday,November,0,519.23
Beverages,306.72,408,37,Wednesday,June,0,276.05
Bakery,49.94,216,65,Tuesday,October,0,52.44
Fruits,319.99,396,26,Tuesday,August,0,287.99
Dairy,91.72,215,34,Sunday,September,1,91.72
Fruits,374.0,65,112,Monday,July,0,418.88
Dairy,348.12,38,17,Friday,September,0,348.12
Frozen,453.09,182,17,Thursday,December,0,407.78
Vegetables,128.3,151,16,Wednesday,June,0,115.47
Bakery,497.13,24,10,Saturday,June,1,497.13
Fruits,456.23,323,58,Saturday,July,1,456.23
Personal Care,381.25,359,18,Saturday,March,1,343.12
Vegetables,51.06,459,1,Friday,October,0,45.95
Household,340.21,233,49,Wednesday,August,0,340.21
Beverages,259.25,302,36,Sunday,February,1,259.25
Snacks,155.7,175,7,Friday,September,0,140.13
Vegetables,294.12,433,119,Thursday,May,0,329.41
Household,198.19,388,23,Tuesday,January,0,178.37
Snacks,220.96,143,74,Friday,June,0,232.01
Bakery,180.2,85,16,Wednesday,May,0,162.18
Fruits,225.07,454,22,Wednesday,May,0,202.56
Bakery,463.01,342,36,Tuesday,February,0,463.01
Snacks,280.56,261,97,Tuesday,January,0,314.23
Dairy,480.33,277,69,Sunday,April,1,504.35
Dairy,249.3,422,4,Wednesday,April,0,224.37
Personal Care,471.48,293,55,Saturday,August,1,471.48
Vegetables,71.83,233,38,Monday,December,0,71.83
Bakery,227.76,222,64,Wednesday,February,0,239.15
Beverages,496.61,375,86,Monday,June,0,521.44
Bakery,374.7,114,94,Monday,June,0,419.66
Beverages,258.46,142,59,Saturday,December,1,271.38
Vegetables,339.32,38,91,Saturday,June,1,380.04
Dairy,222.36,478,91,Sunday,September,1,233.48
Household,103.3,286,85,Sunday,November,1,108.47
Dairy,475.1,322,2,Tuesday,March,0,427.59
Frozen,437.34,113,87,Tuesday,May,0,489.82
Fruits,84.2,417,24,Saturday,August,1,75.78
Personal Care,74.58,326,113,Monday,September,0,83.53
Snacks,11.57,35,63,Friday,October,0,12.15
Snacks,357.9,20,54,Saturday,May,1,375.8
Frozen,319.2,121,82,Wednesday,August,0,335.16
Vegetables,331.9,93,113,Wednesday,April,0,371.73
Personal Care,337.31,251,102,Saturday,July,1,377.79
Household,276.27,152,13,Tuesday,February,0,248.64
Personal Care,215.6,229,42,Tuesday,November,0,215.6
Frozen,66.75,238,41,Saturday,February,1,66.75
Household,351.51,361,17,Sunday,August,1,316.36
Fruits,304.52,352,31,Monday,May,0,274.07
Personal Care,258.67,456,109,Sunday,July,1,289.71
Dairy,285.51,166,34,Saturday,June,1,285.51
Frozen,201.78,227,55,Thursday,May,0,201.78
Dairy,141.48,373,29,Wednesday,November,0,127.33
Dairy,161.17,210,29,Friday,March,0,161.17
Vegetables,111.04,321,15,Friday,October,0,99.94
Household,73.32,277,3,Saturday,January,1,65.99
Frozen,54.22,361,43,Wednesday,September,0,54.22
Bakery,330.92,266,27,Wednesday,September,0,297.83
Snacks,492.76,430,69,Thursday,December,0,492.76
Snacks,152.19,83,117,Wednesday,June,0,170.45
Frozen,115.65,376,32,Monday,January,0,104.09
Dairy,380.01,270,14,Friday,July,0,342.01
Fruits,30.72,145,39,Monday,April,0,30.72
Snacks,26.55,384,16,Sunday,July,1,23.89
Frozen,74.28,380,113,Wednesday,February,0,83.19
Bakery,46.21,370,91,Sunday,December,1,48.52
Frozen,19.88,381,107,Friday,October,0,22.27
Beverages,56.82,302,102,Thursday,April,0,63.64
Personal Care,394.54,218,66,Saturday,January,1,414.27
Personal Care,144.28,104,13,Wednesday,November,0,129.85
Fruits,194.52,220,12,Tuesday,July,0,175.07
Vegetables,146.49,146,117,Saturday,September,1,164.07
Vegetables,129.86,9,64,Saturday,July,1,136.35
Household,383.72,366,14,Thursday,April,0,345.35
Dairy,204.7,119,58,Wednesday,August,0,214.94
Bakery,324.98,171,19,Sunday,November,1,324.98
Bakery,56.74,87,27,Sunday,August,1,56.74
Snacks,51.11,207,79,Sunday,August,1,53.67
Vegetables,364.29,291,98,Tuesday,January,0,408.0
Fruits,133.49,160,95,Wednesday,March,0,149.51
Dairy,167.51,290,77,Thursday,January,0,175.89
Personal Care,348.29,387,72,Sunday,August,1,365.7
Vegetables,254.91,492,84,Tuesday,June,0,267.66
Fruits,357.35,264,72,Sunday,December,1,375.22
Bakery,461.4,218,90,Monday,July,0,484.47
Beverages,380.87,83,67,Saturday,February,1,399.91
Beverages,106.71,446,15,Monday,July,0,96.04
Fruits,93.65,412,68,Thursday,March,0,93.65
Vegetables,214.89,5,38,Monday,July,0,214.89
Personal Care,362.77,451,87,Wednesday,September,0,380.91
Household,311.4,191,73,Saturday,March,1,326.97
Beverages,152.2,351,27,Sunday,October,1,136.98
Household,264.5,129,61,Thursday,April,0,277.73
Household,464.27,369,110,Tuesday,March,0,519.98
Vegetables,360.39,243,2,Wednesday,July,0,324.35
Beverages,83.67,35,1,Wednesday,December,0,75.3
Snacks,107.64,49,69,Thursday,June,0,113.02
Bakery,39.94,240,77,Tuesday,February,0,41.94
Household,321.81,453,29,Wednesday,November,0,289.63
Dairy,464.66,141,37,Sunday,July,1,464.66
Personal Care,189.96,393,52,Wednesday,September,0,189.96
Vegetables,324.38,104,10,Friday,March,0,291.94
Bakery,368.02,144,23,Wednesday,October,0,368.02
Bakery,72.09,268,76,Saturday,July,1,75.69
Household,292.07,437,76,Friday,May,0,306.67
Fruits,112.56,2,101,Tuesday,April,0,126.07
Bakery,465.48,315,19,Tuesday,March,0,418.93
Fruits,438.56,166,10,Monday,March,0,394.7
Vegetables,405.54,218,86,Thursday,June,0,425.82
Personal Care,255.18,61,31,Friday,July,0,255.18
Frozen,389.22,362,61,Wednesday,May,0,389.22
Vegetables,165.32,41,114,Friday,April,0,185.16
Beverages,473.29,427,36,Saturday,March,1,425.96
Frozen,284.64,251,89,Sunday,May,1,318.8
Bakery,283.37,223,84,Wednesday,March,0,297.54
Dairy,434.41,438,60,Sunday,November,1,434.41
Household,366.96,110,79,Friday,April,0,385.31
Frozen,193.36,478,96,Monday,April,0,203.03
Fruits,186.89,100,1,Friday,May,0,168.2
Household,56.11,189,118,Wednesday,September,0,62.84
Dairy,307.32,18,83,Wednesday,November,0,344.2
Fruits,205.16,357,91,Wednesday,May,0,215.42
Dairy,485.86,422,4,Sunday,December,1,437.27
Fruits,498.64,324,59,Thursday,March,0,498.64
Fruits,377.47,332,97,Friday,February,0,396.34
Dairy,191.07,314,115,Saturday,March,1,214.0
Beverages,436.75,68,11,Thursday,February,0,393.07
Dairy,227.26,364,8,Wednesday,February,0,204.53
Vegetables,145.96,437,25,Saturday,October,1,131.36
Dairy,173.01,345,109,Wednesday,December,0,193.77
Beverages,453.81,301,93,Wednesday,September,0,476.5
Dairy,470.87,207,54,Sunday,November,1,494.41
Dairy,41.83,423,98,Friday,March,0,43.92
Personal Care,51.14,228,6,Wednesday,October,0,46.03
Snacks,347.47,210,23,Saturday,December,1,347.47
Dairy,162.47,288,45,Monday,June,0,162.47
Fruits,288.4,357,12,Friday,August,0,259.56
Bakery,66.97,47,24,Saturday,February,1,66.97
Beverages,165.58,321,3,Sunday,March,1,149.02
Dairy,116.59,192,59,Monday,December,0,122.42
Snacks,160.81,349,83,Sunday,April,1,168.85
Beverages,162.14,195,91,Wednesday,March,0,181.6
Personal Care,78.81,162,53,Tuesday,April,0,82.75
Personal Care,442.95,91,38,Wednesday,December,0,442.95
Fruits,139.63,251,46,Friday,June,0,139.63
Household,388.46,268,58,Sunday,November,1,407.88
Beverages,28.0,428,75,Thursday,March,0,29.4
Vegetables,288.67,360,56,Wednesday,November,0,288.67
Personal Care,111.65,359,65,Friday,December,0,111.65
Personal Care,54.47,396,27,Wednesday,April,0,49.02
Fruits,137.81,473,15,Friday,November,0,124.03
Beverages,242.85,240,76,Wednesday,June,0,254.99
Frozen,332.57,462,5,Wednesday,December,0,299.31
Bakery,318.44,446,116,Monday,March,0,356.65
Frozen,242.99,173,83,Monday,March,0,255.14
Household,160.08,240,70,Tuesday,January,0,168.08
Fruits,406.52,234,76,Friday,December,0,426.85
Frozen,368.17,243,107,Tuesday,May,0,412.35
Household,304.46,248,87,Thursday,May,0,319.68
Dairy,485.68,450,30,Sunday,September,1,437.11
Bakery,216.28,397,35,Friday,July,0,194.65
Dairy,90.37,86,119,Wednesday,October,0,101.21
Vegetables,107.25,498,73,Sunday,March,1,112.61
Beverages,335.07,404,7,Monday,May,0,301.56
Beverages,402.73,235,51,Tuesday,August,0,402.73
Dairy,332.72,103,114,Tuesday,May,0,372.65
Personal Care,49.38,121,110,Tuesday,July,0,55.31
Bakery,364.83,79,88,Friday,June,0,408.61
Dairy,243.9,177,13,Thursday,September,0,219.51
Frozen,352.4,468,61,Saturday,July,1,352.4
Fruits,356.05,391,118,Monday,July,0,398.78
Beverages,165.99,479,18,Thursday,June,0,149.39
Personal Care,411.7,374,112,Thursday,October,0,461.1
Frozen,271.72,178,63,Saturday,December,1,285.31
Dairy,118.63,312,23,Sunday,April,1,106.77
Household,187.52,257,106,Monday,October,0,210.02
Frozen,458.15,331,30,Tuesday,August,0,412.33
Snacks,31.68,155,56,Monday,June,0,33.26
Frozen,330.48,218,20,Wednesday,May,0,297.43
Frozen,340.88,247,5,Wednesday,July,0,306.79
Beverages,90.14,350,67,Sunday,February,1,94.65
Fruits,405.05,178,88,Saturday,February,1,453.66
Frozen,403.74,7,21,Wednesday,March,0,403.74
Vegetables,198.16,233,2,Thursday,November,0,178.34
Frozen,217.0,28,39,Thursday,May,0,217.0
Bakery,305.78,411,117,Thursday,September,0,342.47
Household,392.69,365,43,Sunday,September,1,392.69
Household,64.72,92,55,Friday,July,0,67.96
Bakery,83.69,173,120,Saturday,October,1,93.73
Personal Care,106.83,417,79,Saturday,August,1,112.17
Frozen,33.79,145,6,Monday,August,0,30.41
Fruits,189.88,456,77,Saturday,June,1,199.37
Personal Care,218.59,346,38,Sunday,January,1,218.59
Vegetables,140.95,151,46,Thursday,January,0,140.95
Fruits,169.07,326,5,Friday,February,0,152.16
Household,368.63,273,95,Thursday,April,0,387.06
Beverages,51.18,49,17,Saturday,March,1,51.18
Fruits,221.24,141,45,Thursday,December,0,221.24
Snacks,460.2,463,107,Saturday,September,1,515.42
Fruits,29.91,168,48,Monday,March,0,29.91
Bakery,197.14,372,11,Wednesday,November,0,177.43
Personal Care,217.04,12,24,Saturday,May,1,217.04
Bakery,420.06,222,15,Sunday,April,1,378.05
Personal Care,497.51,316,66,Friday,April,0,522.39
Dairy,193.38,243,28,Sunday,July,1,193.38
Personal Care,375.97,399,24,Wednesday,September,0,338.37
Dairy,306.27,466,24,Saturday,May,1,275.64
Personal Care,12.48,107,3,Sunday,July,1,11.23
Beverages,144.64,237,77,Sunday,November,1,151.87
Household,57.6,116,3,Saturday,June,1,51.84
Snacks,41.22,148,94,Saturday,October,1,46.17
Fruits,298.08,326,77,Wednesday,September,0,312.98
Frozen,243.05,286,2,Wednesday,June,0,218.75
Household,179.72,228,20,Thursday,December,0,161.75
Fruits,113.21,358,22,Saturday,July,1,101.89
Personal Care,207.44,339,110,Friday,February,0,232.33
Fruits,285.05,177,11,Tuesday,December,0,256.55
Vegetables,190.9,150,97,Wednesday,August,0,213.81
Fruits,24.49,320,75,Tuesday,October,0,25.71
Household,286.8,213,98,Monday,May,0,321.22
Vegetables,374.59,121,49,Friday,March,0,374.59
Frozen,307.49,436,16,Monday,July,0,276.74
Snacks,113.54,57,74,Wednesday,March,0,119.22
Beverages,385.77,377,52,Friday,July,0,385.77
Household,378.13,215,116,Friday,May,0,423.51
Household,387.54,323,14,Saturday,November,1,348.79
Household,256.13,273,51,Tuesday,July,0,256.13
Fruits,380.85,147,106,Thursday,March,0,426.55
Beverages,206.03,2,69,Sunday,June,1,216.33
Fruits,331.53,350,117,Monday,July,0,371.31
Frozen,487.38,211,25,Saturday,January,1,487.38
Snacks,77.9,318,65,Monday,October,0,81.8
Frozen,473.29,167,79,Tuesday,March,0,496.95
Fruits,345.34,488,48,Monday,December,0,345.34
Frozen,280.51,443,25,Sunday,March,1,252.46
Fruits,190.84,448,31,Tuesday,August,0,171.76
Snacks,168.13,151,9,Monday,April,0,151.32
Fruits,235.0,351,78,Thursday,April,0,246.75
Beverages,486.67,257,83,Monday,October,0,511.0
Household,437.32,466,21,Tuesday,August,0,393.59
Bakery,13.37,17,88,Saturday,July,1,14.97
Vegetables,497.81,442,50,Monday,July,0,497.81
Personal Care,442.84,276,16,Saturday,October,1,398.56
Vegetables,360.23,225,62,Sunday,December,1,378.24
Dairy,153.55,204,107,Sunday,December,1,171.98
Dairy,188.05,367,119,Friday,November,0,210.62
Fruits,220.01,64,14,Tuesday,May,0,198.01
Bakery,363.78,188,53,Saturday,June,1,381.97
Beverages,457.36,408,62,Tuesday,May,0,457.36
Bakery,171.71,356,10,Thursday,December,0,154.54
Fruits,378.73,388,34,Wednesday,May,0,340.86
Fruits,172.02,231,90,Wednesday,October,0,180.62
Personal Care,301.27,390,18,Tuesday,September,0,271.14
Personal Care,22.71,451,48,Friday,June,0,22.71
Personal Care,160.26,367,21,Friday,November,0,144.23
Personal Care,242.89,226,87,Wednesday,March,0,255.03
Beverages,81.8,150,110,Thursday,May,0,91.62
Snacks,23.72,109,75,Wednesday,March,0,24.91
Dairy,137.12,370,66,Saturday,September,1,143.98
Frozen,243.72,461,22,Wednesday,November,0,219.35
Beverages,297.7,257,41,Friday,June,0,297.7
Frozen,434.05,249,83,Tuesday,September,0,455.75
Fruits,95.94,460,49,Monday,November,0,95.94
Bakery,177.76,159,27,Tuesday,March,0,177.76
Personal Care,308.23,374,102,Monday,November,0,323.64
Snacks,184.69,236,73,Saturday,January,1,193.92
Vegetables,450.09,380,26,Wednesday,November,0,405.08
Dairy,205.26,51,43,Friday,February,0,205.26
Personal Care,281.11,274,109,Saturday,September,1,314.84
Bakery,485.51,29,58,Friday,September,0,509.79
Snacks,129.9,409,95,Tuesday,December,0,136.4
Snacks,121.89,368,59,Tuesday,January,0,121.89
Personal Care,280.47,47,96,Tuesday,December,0,314.13
Bakery,454.01,68,67,Wednesday,January,0,476.71
Snacks,121.52,300,98,Friday,August,0,136.1
Fruits,58.15,452,101,Monday,June,0,61.06
Bakery,106.25,60,57,Monday,August,0,111.56
Snacks,58.94,302,28,Friday,August,0,53.05
Personal Care,288.97,298,56,Sunday,February,1,288.97
Fruits,390.92,100,76,Sunday,November,1,410.47
Fruits,496.2,129,97,Thursday,October,0,555.74
Personal Care,251.38,91,43,Friday,August,0,251.38
Vegetables,149.04,331,39,Wednesday,September,0,149.04
Snacks,177.16,348,72,Friday,May,0,186.02
Fruits,64.62,388,24,Thursday,January,0,58.16
Household,447.75,261,61,Thursday,March,0,470.14
Beverages,42.12,222,87,Wednesday,February,0,44.23
Fruits,177.79,352,69,Sunday,March,1,186.68
Snacks,391.61,391,30,Tuesday,May,0,352.45
Vegetables,159.64,393,68,Thursday,February,0,159.64
Personal Care,464.5,108,74,Saturday,March,1,487.73
Household,86.63,393,51,Sunday,March,1,86.63
Beverages,308.96,81,42,Friday,August,0,308.96
Frozen,392.08,138,30,Wednesday,August,0,392.08
Personal Care,191.69,157,43,Saturday,June,1,191.69
Household,230.36,218,73,Thursday,July,0,241.88
Dairy,383.49,207,8,Thursday,June,0,345.14
Beverages,487.74,393,36,Monday,December,0,438.97
Snacks,112.22,367,33,Wednesday,June,0,101.0
Dairy,167.7,405,49,Wednesday,September,0,167.7
Vegetables,372.12,409,28,Friday,September,0,334.91
Fruits,429.64,55,10,Tuesday,March,0,386.68
Household,364.2,483,93,Friday,August,0,382.41
Dairy,392.8,200,89,Saturday,August,1,439.94
Snacks,147.27,311,76,Thursday,January,0,154.63
Bakery,37.5,176,36,Friday,June,0,37.5
Fruits,462.57,57,61,Tuesday,December,0,485.7
Bakery,169.03,397,94,Thursday,March,0,177.48
Beverages,299.01,294,26,Friday,February,0,269.11
Fruits,130.16,294,70,Sunday,November,1,136.67
Personal Care,282.77,419,38,Saturday,January,1,282.77
Beverages,388.33,35,112,Sunday,December,1,434.93
Household,479.03,185,116,Sunday,August,1,536.51
Snacks,100.23,240,30,Thursday,June,0,100.23
Household,107.5,498,91,Wednesday,May,0,112.88
Dairy,78.73,329,53,Thursday,July,0,78.73
Fruits,401.07,426,68,Monday,September,0,401.07
Household,17.94,224,5,Friday,June,0,16.15
Vegetables,251.08,295,43,Saturday,February,1,251.08
Bakery,287.0,499,72,Sunday,February,1,287.0
Vegetables,87.53,263,109,Sunday,February,1,98.03
Fruits,308.92,98,97,Monday,November,0,345.99
Frozen,410.7,239,58,Saturday,March,1,431.24
Household,45.78,332,74,Wednesday,August,0,48.07
Vegetables,392.75,379,105,Thursday,January,0,439.88
Frozen,291.62,4,80,Sunday,July,1,326.61
Dairy,14.18,166,55,Tuesday,May,0,14.89
Snacks,296.34,394,42,Friday,August,0,296.34
Snacks,387.26,295,119,Wednesday,December,0,433.73
Beverages,102.54,76,27,Wednesday,March,0,102.54
Bakery,22.85,309,109,Monday,March,0,25.59
Vegetables,180.77,36,42,Sunday,June,1,189.81
Snacks,332.5,104,39,Tuesday,July,0,332.5
Personal Care,124.16,471,28,Sunday,June,1,111.74
Dairy,77.28,461,57,Monday,July,0,77.28
Dairy,227.54,381,110,Saturday,April,1,254.84
Frozen,34.12,225,52,Tuesday,April,0,34.12
Frozen,299.21,64,12,Tuesday,September,0,269.29
Vegetables,69.63,388,27,Monday,August,0,62.67
Household,377.34,163,54,Tuesday,April,0,396.21
Bakery,401.9,185,62,Wednesday,September,0,422.0
Bakery,473.0,9,1,Thursday,July,0,425.7
Frozen,481.17,52,46,Wednesday,May,0,505.23
Bakery,222.73,435,84,Wednesday,April,0,233.87
Bakery,328.71,415,50,Thursday,January,0,328.71
Personal Care,367.52,460,42,Monday,March,0,330.77
Snacks,96.91,5,17,Friday,March,0,96.91
Beverages,350.58,391,5,Monday,October,0,315.52
Snacks,434.51,339,38,Wednesday,October,0,434.51
Frozen,413.39,215,23,Tuesday,September,0,372.05
Beverages,373.56,415,86,Tuesday,June,0,392.24
Bakery,395.41,16,64,Tuesday,May,0,415.18
Frozen,316.4,466,108,Wednesday,October,0,332.22
Household,23.95,14,43,Monday,August,0,25.15
Dairy,370.13,74,117,Thursday,January,0,414.55
Vegetables,194.75,307,93,Friday,March,0,204.49
Beverages,59.06,179,115,Tuesday,February,0,66.15
Frozen,494.21,58,61,Thursday,July,0,518.92
Vegetables,225.8,439,78,Sunday,November,1,237.09
Dairy,162.6,241,116,Wednesday,March,0,182.11
Household,331.62,188,79,Saturday,December,1,348.2
Bakery,244.12,384,107,Sunday,October,1,273.41
Snacks,71.66,264,17,Sunday,March,1,64.49
Snacks,333.01,381,13,Saturday,July,1,299.71
Personal Care,444.59,54,32,Tuesday,May,0,444.59
Beverages,367.71,155,43,Saturday,August,1,367.71
Vegetables,263.28,453,35,Sunday,March,1,236.95
Household,216.79,339,19,Friday,December,0,195.11
Dairy,376.49,410,50,Saturday,January,1,376.49
Snacks,489.97,8,19,Saturday,January,1,489.97
Snacks,89.32,166,2,Friday,August,0,80.39
Fruits,430.26,97,81,Sunday,October,1,481.89
Frozen,231.53,110,59,Friday,May,0,243.11
Vegetables,225.53,382,36,Saturday,September,1,225.53
Household,175.25,457,24,Wednesday,June,0,157.72
Fruits,388.28,234,85,Monday,November,0,407.69
Household,384.0,135,9,Sunday,June,1,345.6
Frozen,324.72,494,70,Tuesday,February,0,324.72
Snacks,487.79,425,15,Monday,September,0,439.01
Personal Care,71.89,178,40,Thursday,July,0,71.89
Vegetables,492.31,43,111,Friday,March,0,551.39
Frozen,411.81,454,66,Tuesday,March,0,411.81
Snacks,390.2,102,94,Saturday,June,1,437.02
Vegetables,304.46,78,73,Sunday,September,1,319.68
Vegetables,33.03,273,47,Friday,April,0,33.03
Vegetables,91.71,82,13,Saturday,March,1,91.71
Snacks,423.19,385,92,Tuesday,September,0,444.35
Frozen,430.56,143,7,Thursday,May,0,387.5
Frozen,451.47,498,54,Thursday,August,0,451.47
Household,76.7,481,39,Monday,February,0,69.03
Personal Care,357.09,343,40,Tuesday,December,0,357.09
Bakery,39.02,211,18,Tuesday,August,0,35.12
Beverages,384.65,414,32,Thursday,March,0,346.19
Frozen,201.59,100,32,Sunday,June,1,201.59
Bakery,120.89,486,36,Tuesday,July,0,108.8
Bakery,365.73,300,87,Tuesday,April,0,384.02
Fruits,79.78,142,98,Wednesday,January,0,89.35
Bakery,265.1,269,14,Sunday,November,1,238.59
Fruits,123.77,225,39,Sunday,February,1,123.77
Vegetables,374.03,233,20,Monday,December,0,336.63
Household,438.87,487,6,Thursday,May,0,394.98
Bakery,317.18,219,75,Tuesday,December,0,333.04
Fruits,381.65,116,67,Monday,February,0,400.73
Household,128.23,436,86,Thursday,December,0,134.64
Frozen,216.62,327,14,Sunday,May,1,194.96
Personal Care,453.32,328,66,Wednesday,July,0,475.99
Personal Care,491.71,43,2,Monday,December,0,442.54
Fruits,128.94,254,29,Friday,July,0,116.05
Personal Care,60.94,400,106,Saturday,August,1,68.25
Vegetables,307.25,290,49,Friday,September,0,307.25
Frozen,30.63,56,76,Sunday,November,1,34.31
Bakery,292.06,61,98,Tuesday,June,0,327.11
Frozen,409.49,368,96,Monday,June,0,429.96
Fruits,427.59,294,111,Friday,January,0,478.9
Frozen,408.45,322,96,Sunday,July,1,457.46
Dairy,115.86,93,4,Saturday,June,1,104.27
Bakery,153.22,212,103,Monday,December,0,171.61
Fruits,426.22,130,46,Sunday,November,1,447.53
Household,182.67,495,32,Wednesday,August,0,164.4
Dairy,169.01,358,82,Wednesday,March,0,177.46
Snacks,283.65,443,71,Saturday,June,1,297.83
Frozen,379.13,400,105,Tuesday,August,0,398.09
Bakery,173.54,316,69,Saturday,April,1,182.22
Household,416.05,52,118,Saturday,February,1,465.98
Frozen,163.33,255,82,Tuesday,July,0,171.5
Snacks,139.69,363,63,Wednesday,June,0,139.69
Fruits,448.93,387,21,Tuesday,June,0,404.04
Dairy,64.63,298,40,Friday,December,0,64.63
Vegetables,155.14,287,69,Tuesday,July,0,162.9
Bakery,107.32,47,92,Friday,November,0,120.2
Frozen,427.58,75,92,Wednesday,September,0,478.89
Household,204.41,472,50,Monday,December,0,204.41
Personal Care,310.58,498,11,Wednesday,April,0,279.52
Fruits,414.81,126,71,Tuesday,November,0,435.55
Personal Care,22.92,115,107,Saturday,April,1,25.67
Snacks,438.82,226,83,Sunday,April,1,460.76
Beverages,16.08,125,3,Sunday,October,1,14.47
Fruits,420.59,213,72,Friday,October,0,441.62
Snacks,212.04,435,67,Friday,July,0,212.04
Frozen,375.93,362,102,Wednesday,May,0,394.73
Frozen,191.41,461,119,Tuesday,June,0,214.38
Vegetables,184.97,491,89,Tuesday,June,0,194.22
Snacks,399.82,297,17,Monday,September,0,359.84
Fruits,272.33,54,104,Sunday,October,1,305.01
Snacks,362.85,368,90,Saturday,September,1,380.99
Snacks,237.99,295,108,Monday,August,0,266.55
Fruits,253.6,224,9,Tuesday,January,0,228.24
Vegetables,229.75,333,8,Wednesday,August,0,206.78
Beverages,41.25,182,9,Saturday,May,1,37.12
Personal Care,474.2,373,4,Saturday,October,1,426.78
Fruits,221.11,392,18,Thursday,April,0,199.0
Fruits,161.81,357,87,Wednesday,June,0,169.9
Snacks,289.23,449,66,Thursday,March,0,289.23
Vegetables,490.29,301,41,Sunday,January,1,490.29
Dairy,358.94,184,76,Monday,February,0,376.89
Bakery,269.59,374,21,Saturday,April,1,242.63
Snacks,490.09,397,98,Tuesday,March,0,514.59
Dairy,328.21,254,94,Monday,June,0,344.62
Bakery,56.14,207,74,Saturday,November,1,58.95
Frozen,404.41,196,90,Thursday,March,0,452.94
Household,99.66,160,46,Tuesday,December,0,99.66
Frozen,440.74,256,12,Tuesday,May,0,396.67
Frozen,108.3,180,83,Saturday,February,1,113.72
Household,231.35,49,68,Wednesday,January,0,242.92
Dairy,491.18,31,88,Wednesday,February,0,550.12
Beverages,10.85,271,2,Monday,June,0,9.77
Frozen,160.07,410,116,Friday,October,0,179.28
Household,431.09,490,23,Tuesday,November,0,387.98
Fruits,99.08,112,45,Monday,November,0,99.08
Beverages,303.86,294,23,Thursday,December,0,273.47
Beverages,258.59,417,105,Thursday,January,0,271.52
Dairy,468.29,455,102,Monday,May,0,491.7
Personal Care,62.81,350,24,Friday,September,0,56.53
Beverages,451.11,255,25,Friday,March,0,406.0
Household,469.53,476,85,Friday,July,0,493.01
Fruits,472.57,343,71,Monday,June,0,496.2
Snacks,189.19,123,105,Thursday,April,0,211.89
Frozen,30.38,31,118,Thursday,November,0,34.03
Bakery,425.41,47,85,Saturday,June,1,476.46
Vegetables,285.87,360,69,Friday,July,0,300.16
Vegetables,325.17,145,42,Tuesday,August,0,325.17
Snacks,153.55,321,55,Thursday,July,0,153.55
Frozen,50.37,13,63,Monday,June,0,52.89
Vegetables,247.21,200,40,Thursday,May,0,247.21
Dairy,268.5,22,25,Monday,May,0,268.5
Vegetables,94.95,161,95,Monday,September,0,106.34
Dairy,33.13,156,50,Tuesday,June,0,33.13
Vegetables,35.69,423,88,Sunday,July,1,37.47
Vegetables,266.75,92,66,Wednesday,November,0,280.09
Dairy,456.22,51,59,Tuesday,April,0,479.03
Household,45.75,105,64,Tuesday,October,0,48.04
Dairy,32.16,196,27,Saturday,February,1,32.16
Personal Care,12.32,124,85,Sunday,June,1,13.8
Beverages,493.67,424,30,Wednesday,July,0,444.3
Dairy,86.41,307,32,Friday,November,0,77.77
Personal Care,442.15,217,88,Friday,December,0,464.26
Personal Care,110.39,450,84,Saturday,May,1,115.91
Frozen,348.24,213,106,Thursday,July,0,390.03
Personal Care,422.89,98,105,Sunday,August,1,473.64
Personal Care,304.06,321,89,Thursday,January,0,319.26
Fruits,73.16,354,29,Monday,November,0,65.84
Bakery,66.49,462,102,Thursday,February,0,69.81
Beverages,273.1,86,95,Wednesday,November,0,305.87
Frozen,149.56,147,37,Sunday,October,1,149.56
Personal Care,63.16,62,51,Sunday,April,1,66.32
Bakery,281.83,255,26,Tuesday,September,0,253.65
Dairy,239.79,56,15,Tuesday,January,0,239.79
Frozen,100.39,391,89,Sunday,February,1,105.41
Snacks,223.61,190,57,Saturday,March,1,234.79
Fruits,302.53,22,85,Friday,April,0,338.83
Snacks,365.21,23,73,Monday,March,0,383.47
Household,431.15,129,118,Tuesday,June,0,482.89
Fruits,108.32,330,8,Thursday,July,0,97.49
Beverages,473.94,259,9,Tuesday,March,0,426.55
Snacks,174.59,370,57,Monday,August,0,174.59
Bakery,423.28,309,68,Wednesday,September,0,444.44
Beverages,80.25,494,41,Monday,February,0,72.23
Bakery,210.86,274,3,Friday,December,0,189.77
Beverages,364.8,165,48,Monday,March,0,364.8
Bakery,345.32,4,49,Monday,October,0,362.59
Dairy,408.72,394,73,Monday,April,0,429.16
Dairy,286.18,38,3,Saturday,August,1,257.56
Frozen,148.41,316,50,Thursday,December,0,148.41
Snacks,344.61,314,33,Wednesday,November,0,310.15
Fruits,244.77,461,20,Thursday,September,0,220.29
Household,119.68,147,82,Saturday,March,1,134.04
Frozen,499.58,452,21,Wednesday,December,0,449.62
Dairy,221.55,154,19,Monday,August,0,199.4
Frozen,358.24,278,110,Tuesday,July,0,401.23
Beverages,421.67,181,27,Thursday,July,0,421.67
Frozen,235.68,232,57,Thursday,August,0,235.68
Household,175.52,341,52,Tuesday,December,0,175.52
Vegetables,110.9,112,92,Tuesday,October,0,124.21
Snacks,474.52,374,85,Sunday,October,1,498.25
Household,451.17,281,111,Sunday,July,1,505.31
Household,325.56,110,51,Tuesday,August,0,341.84
Bakery,275.99,232,39,Sunday,October,1,275.99
Frozen,34.93,112,44,Friday,March,0,34.93
Frozen,469.19,222,24,Thursday,January,0,422.27
Snacks,199.13,342,23,Wednesday,December,0,179.22
Beverages,324.21,295,101,Sunday,April,1,363.12
Beverages,211.53,240,32,Sunday,December,1,211.53
Beverages,383.68,250,41,Friday,October,0,383.68
Vegetables,370.31,449,5,Saturday,February,1,333.28
Bakery,52.02,5,118,Sunday,January,1,58.26
Household,427.77,161,120,Wednesday,April,0,479.1
Beverages,479.4,158,108,Monday,June,0,536.93
Household,295.89,425,58,Thursday,June,0,295.89
Beverages,151.97,52,103,Friday,March,0,170.21
Beverages,90.0,61,69,Friday,July,0,94.5
Beverages,285.22,322,61,Saturday,May,1,299.48
Snacks,488.3,340,19,Thursday,February,0,439.47
Dairy,76.44,196,61,Thursday,August,0,80.26
Beverages,385.9,301,89,Sunday,June,1,405.19
Fruits,296.6,94,58,Monday,August,0,311.43
Household,443.95,44,114,Wednesday,February,0,497.22
Beverages,76.12,154,87,Thursday,March,0,85.25
Bakery,496.52,405,86,Tuesday,November,0,521.35
Household,153.25,406,101,Monday,June,0,160.91
Fruits,17.82,457,76,Thursday,March,0,18.71
Household,427.11,99,66,Wednesday,September,0,448.47
Dairy,249.91,464,22,Monday,November,0,224.92
Snacks,353.25,135,58,Thursday,June,0,370.91
Dairy,143.69,389,85,Thursday,November,0,150.87
Bakery,173.13,17,17,Sunday,October,1,173.13
Dairy,369.97,10,39,Thursday,April,0,369.97
Fruits,196.21,19,89,Saturday,May,1,219.76
Frozen,174.46,412,66,Sunday,July,1,183.18
Frozen,356.57,68,45,Saturday,May,1,374.4
Vegetables,104.52,145,35,Monday,August,0,104.52
Bakery,404.68,468,41,Sunday,September,1,404.68
Bakery,21.27,66,104,Sunday,February,1,23.82
Snacks,46.46,192,9,Tuesday,October,0,41.81
Snacks,391.65,443,10,Monday,December,0,352.49
Dairy,370.89,175,112,Friday,February,0,415.4
Beverages,295.55,495,112,Thursday,November,0,310.33
Household,395.2,55,79,Monday,January,0,414.96
Beverages,107.77,382,119,Monday,March,0,120.7
Bakery,361.94,47,1,Thursday,November,0,325.75
Snacks,113.01,368,11,Thursday,June,0,101.71
Vegetables,104.39,419,26,Saturday,August,1,93.95
Beverages,239.91,375,87,Friday,January,0,251.91
Fruits,100.61,4,11,Tuesday,April,0,100.61
Personal Care,80.51,278,74,Tuesday,December,0,84.54
Bakery,354.41,39,25,Tuesday,June,0,354.41
Snacks,89.59,326,108,Friday,May,0,100.34
Frozen,258.26,147,28,Thursday,May,0,258.26
Household,370.37,272,1,Saturday,November,1,333.33
Personal Care,147.91,83,9,Monday,February,0,133.12
Fruits,178.67,376,8,Friday,July,0,160.8
Bakery,340.28,461,92,Thursday,January,0,357.29
Bakery,166.02,395,118,Wednesday,December,0,185.94
Bakery,288.91,373,108,Wednesday,August,0,323.58
Household,373.67,246,48,Thursday,May,0,373.67
Fruits,163.6,382,25,Tuesday,October,0,147.24
Beverages,30.92,181,53,Thursday,August,0,30.92
Household,462.49,434,52,Thursday,August,0,462.49
Fruits,84.82,378,97,Thursday,July,0,89.06
Dairy,437.95,404,41,Thursday,November,0,437.95
Beverages,205.71,8,56,Sunday,November,1,216.0
Beverages,84.01,485,24,Tuesday,February,0,75.61
Dairy,201.73,77,35,Wednesday,April,0,201.73
Dairy,253.69,82,39,Sunday,September,1,253.69
Personal Care,121.59,250,78,Saturday,August,1,127.67
Frozen,223.2,437,21,Thursday,November,0,200.88
Dairy,183.15,55,9,Wednesday,December,0,164.84
Fruits,307.83,73,31,Friday,August,0,307.83
Snacks,214.01,7,40,Saturday,March,1,224.71
Household,318.92,351,80,Thursday,October,0,334.87
Bakery,303.57,272,37,Wednesday,December,0,303.57
Household,405.49,443,17,Wednesday,October,0,364.94
Fruits,40.93,229,48,Thursday,April,0,40.93
Snacks,472.84,353,30,Sunday,June,1,425.56
Fruits,395.54,285,44,Friday,June,0,395.54
Snacks,451.91,495,42,Sunday,November,1,406.72
Snacks,356.97,313,31,Sunday,April,1,356.97
Fruits,286.02,456,3,Wednesday,September,0,257.42
Bakery,198.23,76,80,Wednesday,February,0,208.14
Vegetables,250.56,309,116,Saturday,May,1,280.63
Bakery,230.25,399,25,Sunday,May,1,207.22
Beverages,188.25,399,8,Thursday,April,0,169.43
Snacks,320.2,168,46,Sunday,October,1,320.2
Fruits,285.32,402,35,Wednesday,August,0,256.79
Household,306.34,275,26,Sunday,November,1,306.34
Snacks,479.29,306,78,Monday,May,0,503.25
Dairy,370.39,100,68,Sunday,September,1,388.91
Personal Care,131.63,193,55,Saturday,January,1,138.21
Personal Care,137.88,74,38,Monday,January,0,137.88
Frozen,48.57,239,100,Tuesday,August,0,54.4
Frozen,282.08,305,57,Sunday,June,1,282.08
Bakery,469.08,234,36,Tuesday,December,0,469.08
Fruits,149.53,301,17,Wednesday,January,0,134.58
Bakery,35.69,168,71,Thursday,June,0,37.47
Beverages,164.48,369,49,Friday,January,0,164.48
Frozen,326.7,203,23,Wednesday,October,0,294.03
Dairy,325.37,166,73,Sunday,October,1,341.64
Dairy,442.8,29,93,Saturday,December,1,495.94
Beverages,253.37,475,9,Tuesday,March,0,228.03
Bakery,266.16,482,92,Tuesday,February,0,279.47
Household,486.44,174,11,Thursday,June,0,437.8
Bakery,251.3,280,8,Friday,July,0,226.17
Frozen,350.35,281,106,Monday,April,0,392.39
Fruits,87.94,391,117,Sunday,May,1,98.49
Snacks,127.24,331,88,Friday,January,0,133.6
Dairy,325.02,358,29,Thursday,January,0,292.52
Dairy,117.31,120,20,Sunday,March,1,117.31
Vegetables,166.53,199,97,Saturday,November,1,186.51
Frozen,19.44,392,38,Thursday,January,0,17.5
Frozen,279.52,21,26,Friday,January,0,279.52
Snacks,122.46,252,1,Wednesday,December,0,110.21
Bakery,294.98,189,66,Sunday,March,1,309.73
Frozen,114.26,275,1,Saturday,December,1,102.83
Personal Care,140.17,192,66,Thursday,March,0,147.18
Snacks,379.54,132,43,Tuesday,June,0,379.54
Personal Care,202.39,334,37,Thursday,January,0,202.39
Fruits,305.65,334,86,Friday,July,0,320.93
Snacks,100.57,22,50,Sunday,February,1,105.6
Snacks,108.07,292,95,Saturday,May,1,121.04
Snacks,444.46,419,39,Wednesday,August,0,400.01
Dairy,327.44,118,73,Sunday,May,1,343.81
Snacks,260.44,159,2,Tuesday,March,0,234.4
Household,111.11,485,93,Thursday,December,0,116.67
Household,234.36,201,78,Sunday,March,1,246.08
Fruits,245.29,306,37,Sunday,November,1,245.29
Snacks,48.06,55,114,Monday,January,0,53.83
Dairy,430.01,485,36,Monday,May,0,387.01
Fruits,196.9,291,21,Monday,January,0,177.21
Household,115.5,98,55,Saturday,June,1,121.28
Bakery,147.19,335,3,Wednesday,January,0,132.47
Bakery,158.0,135,59,Sunday,April,1,165.9
Bakery,460.51,382,88,Sunday,January,1,483.54
Fruits,95.54,58,12,Saturday,April,1,95.54
Fruits,436.2,297,89,Friday,May,0,458.01
Personal Care,21.05,289,62,Monday,December,0,22.1
Beverages,115.58,204,87,Thursday,January,0,121.36
Dairy,253.74,426,60,Thursday,March,0,253.74
Dairy,292.61,23,85,Monday,May,0,327.72
Personal Care,362.25,104,103,Wednesday,January,0,405.72
Personal Care,481.96,97,31,Saturday,August,1,481.96
Dairy,497.96,23,112,Friday,July,0,557.72
Vegetables,476.55,251,102,Tuesday,December,0,533.74
Dairy,150.39,46,77,Wednesday,August,0,157.91
Fruits,276.85,192,85,Wednesday,December,0,290.69
Vegetables,274.98,165,95,Saturday,June,1,307.98
Frozen,95.24,206,48,Thursday,June,0,95.24
Personal Care,82.34,345,97,Thursday,November,0,86.46
Vegetables,209.83,493,56,Monday,October,0,209.83
Personal Care,443.54,171,119,Wednesday,November,0,496.76
Fruits,230.88,277,111,Saturday,March,1,258.59
Dairy,178.29,471,111,Saturday,March,1,199.68
Household,274.7,426,96,Tuesday,October,0,288.44
Beverages,488.84,406,27,Sunday,December,1,439.96
Frozen,50.05,215,113,Monday,September,0,56.06
Vegetables,30.57,54,74,Monday,May,0,32.1
Vegetables,335.67,85,95,Tuesday,November,0,375.95
Household,249.7,167,94,Sunday,June,1,279.66
Vegetables,469.09,268,85,Sunday,July,1,492.54
Snacks,292.74,384,53,Saturday,February,1,292.74
Snacks,323.83,233,20,Sunday,December,1,291.45
Snacks,360.94,458,102,Friday,February,0,378.99
Fruits,80.73,37,89,Wednesday,April,0,90.42
Frozen,158.4,108,70,Saturday,February,1,166.32
Snacks,21.52,16,38,Monday,April,0,21.52
Beverages,415.55,349,10,Monday,May,0,374.0
Fruits,476.0,217,46,Saturday,July,1,476.0
Dairy,351.93,154,44,Thursday,June,0,351.93
Snacks,158.86,318,76,Thursday,November,0,166.8
Dairy,342.77,17,64,Wednesday,June,0,359.91
Dairy,135.33,243,111,Sunday,July,1,151.57
Vegetables,387.2,217,89,Friday,October,0,406.56
Household,475.07,351,63,Monday,July,0,475.07
Dairy,481.76,389,116,Monday,August,0,539.57
Personal Care,276.43,43,32,Saturday,December,1,276.43
Bakery,232.8,384,44,Tuesday,October,0,232.8
Fruits,26.83,159,71,Sunday,December,1,28.17
Fruits,116.11,211,13,Monday,November,0,104.5
Beverages,300.78,346,100,Monday,September,0,315.82
Fruits,43.86,93,60,Wednesday,December,0,46.05
Frozen,402.64,275,84,Saturday,January,1,422.77
Personal Care,296.97,358,67,Thursday,March,0,311.82
Fruits,153.76,84,6,Wednesday,October,0,138.38
Household,219.1,352,20,Sunday,February,1,197.19
Snacks,246.25,128,1,Thursday,December,0,221.62
Beverages,388.51,23,39,Tuesday,April,0,388.51
Household,434.13,299,109,Thursday,April,0,486.23
Fruits,406.13,486,117,Monday,February,0,454.87
Beverages,78.21,380,78,Friday,January,0,82.12
Fruits,253.11,407,90,Thursday,January,0,265.77
Vegetables,449.87,189,82,Friday,February,0,472.36
Frozen,242.09,143,56,Friday,December,0,254.19
Frozen,42.8,45,34,Saturday,June,1,42.8
Fruits,206.65,471,32,Tuesday,February,0,185.99
Dairy,89.38,293,24,Saturday,April,1,80.44
Fruits,333.33,280,48,Friday,May,0,333.33
Fruits,42.74,405,85,Tuesday,October,0,44.88
Frozen,66.77,21,30,Tuesday,March,0,66.77
Personal Care,75.28,360,51,Monday,June,0,75.28
Dairy,260.0,7,15,Friday,November,0,260.0
Personal Care,296.93,5,39,Sunday,March,1,311.78
Household,461.16,441,62,Sunday,April,1,461.16
Snacks,335.38,245,62,Tuesday,February,0,352.15
Beverages,200.05,325,81,Friday,February,0,210.05
Beverages,336.87,440,66,Tuesday,February,0,336.87
Fruits,261.56,38,73,Tuesday,April,0,274.64
Frozen,421.49,186,29,Sunday,May,1,421.49
Frozen,39.24,222,6,Sunday,June,1,35.32
Frozen,23.56,344,93,Wednesday,July,0,24.74
Fruits,307.15,444,29,Saturday,March,1,276.44
Fruits,311.3,405,66,Thursday,November,0,311.3
Beverages,128.26,267,37,Thursday,February,0,128.26
Frozen,303.91,214,9,Friday,February,0,273.52
Beverages,388.73,21,48,Wednesday,July,0,408.17
Personal Care,237.61,414,118,Wednesday,May,0,266.12
Vegetables,306.59,471,40,Sunday,August,1,275.93
Vegetables,249.02,388,112,Sunday,December,1,278.9
Vegetables,462.49,310,77,Saturday,October,1,485.61
Beverages,239.97,47,89,Thursday,June,0,268.77
Vegetables,263.33,324,9,Wednesday,November,0,237.0
Personal Care,467.74,448,37,Friday,September,0,420.97
Snacks,163.4,464,42,Tuesday,October,0,147.06
Snacks,180.77,157,25,Sunday,June,1,180.77
Vegetables,341.29,143,34,Friday,July,0,341.29
Snacks,386.47,456,101,Tuesday,December,0,405.79
Personal Care,103.08,352,47,Saturday,September,1,103.08
Vegetables,167.36,409,60,Friday,September,0,167.36
Beverages,67.43,371,113,Wednesday,November,0,75.52
Snacks,110.81,405,82,Sunday,June,1,116.35
Beverages,444.76,415,64,Wednesday,April,0,444.76
Frozen,247.33,139,120,Friday,August,0,277.01
Vegetables,177.29,131,78,Monday,May,0,186.15
Bakery,483.59,417,71,Thursday,January,0,483.59
Bakery,102.57,479,33,Thursday,August,0,92.31
Vegetables,295.96,142,66,Friday,July,0,310.76
Snacks,140.19,219,81,Thursday,October,0,147.2
Bakery,243.42,199,41,Monday,March,0,243.42
Beverages,70.23,390,103,Monday,January,0,73.74
Bakery,145.9,281,69,Wednesday,March,0,153.2
Bakery,463.62,352,55,Tuesday,January,0,463.62
Dairy,14.83,173,80,Saturday,May,1,15.57
Personal Care,220.6,119,29,Friday,October,0,220.6
Personal Care,464.65,182,108,Tuesday,March,0,520.41
Dairy,281.32,163,98,Tuesday,March,0,315.08
Frozen,109.54,316,3,Tuesday,February,0,98.59
Personal Care,406.68,64,13,Tuesday,July,0,366.01
Snacks,128.59,313,22,Tuesday,April,0,115.73
Personal Care,62.62,123,86,Wednesday,July,0,70.13
Frozen,228.62,119,13,Sunday,February,1,205.76
Frozen,359.09,227,20,Saturday,July,1,323.18
Frozen,21.28,392,35,Tuesday,November,0,19.15
Fruits,223.96,449,68,Wednesday,June,0,223.96
Dairy,254.53,316,50,Sunday,August,1,254.53
Snacks,192.75,361,10,Friday,December,0,173.47
Frozen,92.51,207,27,Tuesday,June,0,92.51
Household,208.5,128,92,Wednesday,April,0,233.52
Frozen,304.21,241,4,Saturday,October,1,273.79
Snacks,326.28,34,58,Saturday,January,1,342.59
Frozen,290.11,185,49,Monday,August,0,290.11
Frozen,364.85,466,55,Monday,July,0,364.85
Personal Care,180.63,138,47,Wednesday,August,0,180.63
Beverages,92.59,438,75,Saturday,September,1,97.22
Vegetables,406.97,434,5,Thursday,June,0,366.27
Dairy,382.75,47,91,Tuesday,February,0,428.68
Vegetables,34.53,41,68,Wednesday,August,0,36.26
Beverages,153.64,440,56,Wednesday,March,0,153.64
Snacks,210.64,86,67,Monday,April,0,221.17
Bakery,314.26,294,84,Sunday,December,1,329.97
Beverages,151.24,241,55,Tuesday,April,0,151.24
Dairy,405.79,101,78,Saturday,February,1,454.48
Bakery,388.69,138,105,Sunday,March,1,435.33
Vegetables,70.83,237,71,Sunday,June,1,74.37
Beverages,84.83,478,24,Tuesday,January,0,76.35
Household,429.15,393,35,Friday,January,0,386.24
Vegetables,257.21,30,51,Tuesday,March,0,270.07
Dairy,239.84,434,17,Tuesday,October,0,215.86
Household,291.19,143,60,Tuesday,August,0,305.75
Beverages,358.0,366,32,Tuesday,November,0,322.2
Dairy,42.87,194,18,Monday,May,0,38.58
Fruits,269.16,251,87,Sunday,July,1,282.62
Vegetables,275.32,207,114,Friday,August,0,308.36
Vegetables,183.43,311,74,Saturday,December,1,192.6
Frozen,378.3,269,120,Thursday,March,0,423.7
Vegetables,430.38,65,104,Monday,April,0,482.03
Bakery,303.9,189,108,Wednesday,February,0,340.37
Frozen,197.46,154,48,Monday,June,0,197.46
Fruits,107.36,9,28,Thursday,November,0,107.36
Beverages,230.47,303,102,Sunday,December,1,258.13
Beverages,328.04,155,51,Tuesday,March,0,328.04
Dairy,451.25,463,57,Wednesday,August,0,451.25
Frozen,238.51,239,48,Tuesday,August,0,238.51
Beverages,213.74,27,32,Tuesday,November,0,213.74
Bakery,154.75,28,45,Thursday,July,0,162.49
Frozen,48.28,151,46,Sunday,September,1,48.28
Vegetables,243.78,479,112,Sunday,August,1,273.03
Bakery,182.72,100,40,Friday,March,0,182.72
Dairy,496.13,75,96,Saturday,September,1,555.67
Personal Care,39.34,261,28,Saturday,September,1,39.34
Household,21.83,207,43,Sunday,October,1,21.83
Fruits,179.99,168,37,Wednesday,January,0,179.99
Vegetables,296.95,453,57,Sunday,August,1,296.95
Frozen,384.18,19,86,Sunday,September,1,430.28
Vegetables,42.97,496,20,Sunday,July,1,38.67
Household,333.7,226,94,Saturday,November,1,373.74
Personal Care,80.54,391,118,Tuesday,February,0,90.2
Frozen,145.12,113,6,Monday,May,0,130.61
Dairy,477.24,100,54,Friday,April,0,501.1
Frozen,401.74,453,20,Thursday,September,0,361.57
Personal Care,495.31,108,1,Monday,March,0,445.78
Dairy,140.1,248,101,Monday,April,0,156.91
Fruits,458.42,85,119,Saturday,August,1,513.43
Bakery,49.19,236,104,Wednesday,October,0,55.09
Household,426.79,490,34,Friday,September,0,384.11
Vegetables,445.69,417,95,Wednesday,November,0,467.97
Household,268.09,342,88,Sunday,December,1,281.49
Vegetables,344.47,413,77,Sunday,April,1,361.69
Snacks,409.32,223,62,Wednesday,June,0,429.79
Vegetables,157.28,499,93,Thursday,January,0,165.14
Personal Care,402.82,132,14,Sunday,March,1,362.54
Vegetables,119.58,402,29,Tuesday,August,0,107.62
Beverages,463.77,358,70,Friday,June,0,486.96
Frozen,373.84,215,73,Wednesday,May,0,392.53
Bakery,128.82,320,62,Saturday,February,1,135.26
Household,463.8,30,56,Thursday,July,0,486.99
Beverages,212.97,16,43,Wednesday,February,0,223.62
Personal Care,125.48,451,63,Thursday,October,0,125.48
Snacks,208.61,435,31,Wednesday,April,0,187.75
Beverages,174.69,307,42,Friday,July,0,174.69
Bakery,59.32,43,102,Saturday,January,1,66.44
Beverages,274.78,253,115,Monday,December,0,307.75
Beverages,496.0,2,61,Tuesday,January,0,520.8
Beverages,152.8,432,47,Saturday,November,1,152.8
Household,336.37,45,6,Tuesday,May,0,302.73
Household,58.99,299,11,Monday,October,0,53.09
Dairy,412.5,99,102,Tuesday,July,0,462.0
Fruits,62.69,304,38,Friday,September,0,62.69
Bakery,417.58,146,18,Monday,August,0,375.82
Personal Care,87.12,398,90,Friday,February,0,91.48
Fruits,307.18,353,37,Monday,July,0,307.18
Household,335.85,356,61,Sunday,August,1,335.85
Household,476.34,157,38,Saturday,December,1,476.34
Frozen,214.81,477,31,Sunday,May,1,193.33
Household,113.17,237,20,Saturday,March,1,101.85
Dairy,48.93,301,113,Monday,March,0,54.8
Bakery,499.13,65,20,Saturday,February,1,499.13
Personal Care,387.48,353,41,Friday,April,0,387.48
Fruits,223.31,63,120,Saturday,November,1,250.11
Vegetables,367.4,155,120,Saturday,April,1,411.49
Fruits,331.53,187,21,Thursday,April,0,298.38
Household,42.37,17,108,Sunday,May,1,47.45
Frozen,101.42,255,60,Saturday,July,1,106.49
Household,230.31,418,42,Saturday,December,1,230.31
Frozen,332.62,491,118,Sunday,October,1,372.53
Beverages,13.64,402,22,Wednesday,July,0,12.28
Bakery,248.58,172,19,Monday,March,0,223.72
Snacks,261.26,254,36,Tuesday,December,0,261.26
Beverages,214.76,395,2,Saturday,June,1,193.28
Household,402.1,191,44,Monday,February,0,402.1
Fruits,388.07,497,65,Tuesday,April,0,388.07
Beverages,172.93,338,110,Saturday,December,1,193.68
Vegetables,143.99,201,114,Friday,October,0,161.27
Snacks,223.12,487,94,Sunday,January,1,234.28
Fruits,482.43,303,71,Wednesday,September,0,506.55
Fruits,31.81,171,3,Thursday,October,0,28.63
Bakery,242.51,450,54,Thursday,October,0,242.51
Snacks,462.31,428,76,Tuesday,August,0,485.43
Personal Care,157.14,334,110,Monday,April,0,176.0
Personal Care,203.46,3,68,Tuesday,January,0,213.63
Snacks,476.48,231,31,Thursday,January,0,476.48
Frozen,33.4,39,103,Sunday,May,1,37.41
Vegetables,409.07,280,54,Monday,September,0,409.07
Personal Care,386.76,340,7,Thursday,October,0,348.08
Snacks,271.7,283,37,Sunday,February,1,271.7
Snacks,463.56,200,72,Saturday,June,1,486.74
Beverages,277.08,103,2,Saturday,July,1,249.37
Bakery,171.1,126,62,Monday,February,0,179.66
Beverages,466.23,375,34,Tuesday,November,0,419.61
Personal Care,339.19,213,21,Thursday,April,0,305.27
Beverages,187.1,392,120,Wednesday,May,0,209.55
Vegetables,348.86,328,9,Monday,March,0,313.97
Bakery,427.98,2,31,Monday,May,0,427.98
Beverages,65.55,232,44,Monday,September,0,65.55
Vegetables,238.0,63,62,Saturday,October,1,249.9
Personal Care,394.89,183,101,Monday,June,0,442.28
Beverages,200.06,97,70,Wednesday,December,0,210.06
Dairy,456.35,318,103,Sunday,February,1,511.11
Bakery,89.52,176,21,Friday,December,0,80.57
Vegetables,105.14,474,97,Saturday,June,1,110.4
Dairy,176.69,200,102,Sunday,July,1,197.89
Bakery,405.56,398,104,Thursday,April,0,425.84
Beverages,103.17,327,62,Sunday,October,1,108.33
Bakery,488.31,382,30,Sunday,November,1,439.48
Fruits,283.15,235,50,Wednesday,November,0,283.15
Household,107.57,22,5,Thursday,April,0,96.81
Dairy,289.76,9,86,Wednesday,November,0,324.53
Household,213.61,429,1,Wednesday,August,0,192.25
Bakery,75.7,50,77,Friday,September,0,79.48
Bakery,300.51,243,64,Friday,September,0,315.54
Household,68.68,416,5,Sunday,November,1,61.81
Household,130.56,275,106,Thursday,May,0,146.23
Dairy,430.74,29,39,Saturday,March,1,452.28
Personal Care,409.69,79,36,Wednesday,July,0,409.69
Bakery,487.81,187,10,Thursday,May,0,439.03
Personal Care,209.37,14,37,Wednesday,March,0,209.37
Bakery,436.06,477,68,Friday,October,0,436.06
Bakery,187.64,49,34,Sunday,June,1,187.64
Household,445.32,94,74,Tuesday,October,0,467.59
Bakery,123.44,142,40,Sunday,September,1,123.44
Vegetables,457.36,41,104,Saturday,September,1,512.24
Vegetables,155.63,283,85,Wednesday,February,0,163.41
Frozen,378.63,21,40,Thursday,February,0,378.63
Household,141.83,27,18,Monday,February,0,141.83
Dairy,62.35,245,6,Thursday,June,0,56.12
Frozen,275.56,136,21,Friday,September,0,275.56
Snacks,50.18,87,24,Saturday,October,1,50.18
Bakery,319.11,9,61,Tuesday,December,0,335.07
Beverages,92.99,491,106,Sunday,November,1,97.64
Vegetables,126.91,209,1,Saturday,September,1,114.22
Personal Care,292.58,374,100,Sunday,April,1,327.69
Fruits,278.31,31,56,Tuesday,October,0,292.23
Frozen,104.31,271,38,Wednesday,March,0,104.31
Frozen,487.12,211,117,Friday,May,0,545.57
Personal Care,132.03,439,114,Monday,December,0,147.87
Frozen,134.95,310,64,Monday,February,0,141.7
Frozen,299.46,383,33,Saturday,March,1,269.51
Beverages,409.08,298,16,Saturday,April,1,368.17
Beverages,358.42,119,32,Saturday,January,1,358.42
Bakery,345.19,69,28,Wednesday,February,0,345.19
Dairy,329.41,368,15,Sunday,December,1,296.47
Dairy,212.54,175,27,Thursday,March,0,212.54
Beverages,364.91,403,16,Sunday,June,1,328.42
Household,488.85,194,85,Friday,November,0,513.29
Personal Care,227.27,104,110,Saturday,March,1,254.54
Snacks,200.71,97,112,Saturday,November,1,224.8
Snacks,250.06,486,36,Thursday,January,0,225.05
Personal Care,11.5,238,21,Monday,January,0,10.35
Fruits,266.9,105,53,Monday,May,0,280.25
Beverages,148.89,91,55,Sunday,January,1,156.33
Fruits,394.99,272,9,Friday,August,0,355.49
Household,158.57,115,58,Tuesday,December,0,166.5
Personal Care,421.34,494,50,Wednesday,March,0,421.34
Fruits,118.08,464,18,Monday,April,0,106.27
Fruits,198.45,486,71,Friday,November,0,198.45
Beverages,63.81,370,48,Friday,May,0,63.81
Bakery,143.19,338,67,Sunday,May,1,150.35
Frozen,19.95,291,114,Monday,April,0,22.34
Personal Care,133.53,126,97,Saturday,September,1,149.55
Vegetables,461.7,322,64,Friday,January,0,461.7
Beverages,479.72,168,99,Saturday,September,1,537.29
Frozen,288.3,1,62,Tuesday,March,0,302.72
Bakery,368.98,370,98,Thursday,May,0,387.43
Personal Care,297.23,322,52,Saturday,October,1,297.23
Household,57.08,242,80,Tuesday,April,0,59.93
Household,32.44,173,46,Thursday,April,0,32.44
Vegetables,173.38,117,56,Friday,January,0,182.05
Bakery,60.56,459,18,Tuesday,July,0,54.5
Dairy,110.43,212,69,Saturday,February,1,115.95
Bakery,343.67,500,71,Thursday,December,0,343.67
Beverages,118.16,110,28,Wednesday,February,0,118.16
Dairy,135.66,471,76,Thursday,February,0,142.44
Personal Care,325.08,456,58,Tuesday,February,0,325.08
Household,462.55,314,16,Monday,May,0,416.3
Vegetables,375.74,481,98,Tuesday,January,0,394.53
Fruits,347.61,278,22,Saturday,December,1,312.85
Dairy,463.85,251,105,Tuesday,July,0,519.51
Household,59.05,258,75,Tuesday,October,0,62.0
Personal Care,10.05,357,45,Wednesday,August,0,10.05
Vegetables,351.01,14,95,Monday,November,0,393.13
Dairy,336.98,99,23,Sunday,March,1,336.98
Snacks,371.36,376,23,Tuesday,April,0,334.22
Snacks,74.99,236,8,Saturday,August,1,67.49
Snacks,313.14,17,16,Saturday,December,1,313.14
Snacks,189.65,388,113,Sunday,May,1,212.41
Frozen,85.43,33,107,Tuesday,August,0,95.68
Frozen,13.74,192,5,Friday,March,0,12.37
Frozen,63.18,392,21,Tuesday,February,0,56.86
Beverages,213.38,223,30,Saturday,March,1,213.38
Personal Care,359.71,366,72,Saturday,September,1,377.7
Household,444.33,81,107,Friday,September,0,497.65
Snacks,477.27,218,23,Friday,August,0,429.54
Personal Care,164.71,311,28,Saturday,January,1,148.24
Snacks,208.85,193,99,Friday,August,0,233.91
Bakery,438.62,60,102,Saturday,March,1,491.25
Dairy,122.57,359,69,Sunday,February,1,128.7
Vegetables,244.87,466,84,Friday,December,0,257.11
Beverages,35.89,93,69,Tuesday,March,0,37.68
Snacks,454.92,261,110,Friday,September,0,509.51
Bakery,128.33,283,11,Wednesday,September,0,115.5
Vegetables,55.83,134,43,Friday,March,0,55.83
Beverages,31.57,252,109,Sunday,April,1,35.36
Beverages,403.41,113,90,Saturday,February,1,451.82
Vegetables,82.43,227,10,Thursday,December,0,74.19
Vegetables,49.28,390,42,Thursday,March,0,49.28
Personal Care,496.45,173,4,Monday,January,0,446.81
Dairy,389.9,354,4,Sunday,December,1,350.91
Dairy,50.98,85,97,Saturday,November,1,57.1
Bakery,50.49,98,62,Sunday,February,1,53.01
Fruits,393.99,276,83,Wednesday,January,0,413.69
Dairy,362.42,181,41,Thursday,November,0,362.42
Bakery,399.4,259,83,Wednesday,May,0,419.37
Personal Care,88.04,280,105,Tuesday,October,0,98.6
Vegetables,243.62,252,67,Sunday,February,1,255.8
Beverages,96.11,391,37,Friday,October,0,86.5
Dairy,163.92,241,6,Friday,July,0,147.53
Fruits,22.86,307,7,Monday,November,0,20.57
Personal Care,444.04,194,45,Saturday,June,1,444.04
Bakery,187.12,265,36,Friday,March,0,187.12
Frozen,195.08,63,31,Thursday,March,0,195.08
Personal Care,260.72,165,48,Saturday,January,1,273.76
Household,161.96,88,101,Friday,July,0,181.4
Dairy,280.75,21,81,Thursday,January,0,314.44
Frozen,111.88,211,78,Sunday,October,1,117.47
Vegetables,235.41,182,101,Monday,October,0,263.66
Vegetables,100.54,34,8,Wednesday,January,0,90.49
Bakery,433.97,130,107,Friday,February,0,486.05
Vegetables,458.47,379,1,Wednesday,November,0,412.62
Personal Care,481.45,330,23,Friday,August,0,433.31
Fruits,441.42,128,67,Tuesday,July,0,463.49
Snacks,268.88,33,52,Wednesday,April,0,282.32
Beverages,339.77,73,90,Thursday,October,0,380.54
Personal Care,365.73,268,74,Saturday,November,1,384.02
Personal Care,209.74,82,3,Tuesday,July,0,188.77
Beverages,190.45,372,109,Friday,July,0,213.3
Snacks,61.01,492,100,Wednesday,February,0,64.06
Fruits,437.99,421,50,Wednesday,November,0,437.99
Frozen,86.77,485,97,Wednesday,May,0,91.11
Dairy,101.43,404,30,Saturday,November,1,91.29
Household,176.57,350,24,Wednesday,April,0,158.91
Dairy,337.65,241,49,Wednesday,July,0,337.65
Personal Care,432.91,263,74,Sunday,September,1,454.56
Vegetables,458.97,12,99,Tuesday,December,0,514.05
Bakery,190.5,285,90,Friday,September,0,200.03
Beverages,416.9,142,43,Saturday,March,1,416.9
Fruits,308.95,357,8,Saturday,December,1,278.06
Household,28.4,352,82,Monday,May,0,29.82
Snacks,110.27,111,27,Sunday,June,1,110.27
Snacks,415.98,132,76,Wednesday,December,0,436.78
Bakery,203.41,114,104,Tuesday,February,0,227.82
Bakery,56.34,308,59,Friday,August,0,56.34
Bakery,276.75,311,26,Tuesday,October,0,249.08
Bakery,319.13,102,64,Tuesday,March,0,335.09
Frozen,325.57,116,6,Thursday,January,0,293.01
Bakery,478.54,471,97,Friday,September,0,502.47
Fruits,381.62,168,50,Monday,August,0,381.62
Vegetables,430.61,399,71,Saturday,September,1,452.14
Dairy,15.23,95,27,Sunday,January,1,15.23
Dairy,297.18,172,100,Thursday,February,0,332.84
Vegetables,72.67,306,68,Monday,April,0,76.3
Frozen,173.59,327,90,Thursday,May,0,182.27
Personal Care,413.29,306,16,Saturday,July,1,371.96
Dairy,442.32,349,28,Thursday,June,0,398.09
Household,75.62,30,10,Wednesday,October,0,68.06
Bakery,406.17,446,68,Saturday,October,1,406.17
Personal Care,63.34,150,29,Tuesday,July,0,63.34
Vegetables,243.9,430,4,Friday,March,0,219.51
Frozen,105.41,418,93,Tuesday,April,0,110.68
Vegetables,82.46,123,58,Wednesday,June,0,86.58
Household,214.95,48,33,Monday,December,0,214.95
Personal Care,73.73,275,53,Saturday,January,1,73.73
Household,318.93,399,102,Wednesday,April,0,334.88
Fruits,468.44,220,56,Sunday,December,1,491.86
Dairy,264.48,50,15,Saturday,March,1,264.48
Frozen,392.35,10,6,Tuesday,January,0,353.12
Vegetables,443.62,185,50,Thursday,October,0,443.62
Bakery,410.9,391,4,Thursday,March,0,369.81
Fruits,45.61,482,96,Tuesday,February,0,47.89
Beverages,386.12,131,115,Wednesday,June,0,432.45
Dairy,410.52,261,71,Tuesday,July,0,431.05
Bakery,247.84,434,63,Thursday,September,0,247.84
Beverages,314.38,269,107,Wednesday,May,0,352.11
Dairy,66.76,156,115,Friday,January,0,74.77
Vegetables,492.72,400,25,Wednesday,May,0,443.45
Snacks,243.67,342,117,Friday,December,0,272.91
Vegetables,76.88,24,28,Tuesday,November,0,76.88
Household,311.11,64,7,Monday,November,0,280.0
Household,231.25,356,3,Friday,January,0,208.12
Vegetables,190.44,290,75,Saturday,February,1,199.96
Personal Care,150.02,94,120,Monday,December,0,168.02
Fruits,496.03,299,104,Tuesday,July,0,555.55
Frozen,385.65,294,104,Thursday,November,0,431.93
Personal Care,416.84,329,78,Sunday,October,1,437.68
Fruits,53.93,268,38,Tuesday,September,0,53.93
Household,293.85,327,73,Tuesday,March,0,308.54
Household,287.02,151,3,Sunday,September,1,258.32
Personal Care,289.05,406,110,Tuesday,March,0,323.74
Snacks,63.09,430,100,Sunday,April,1,66.24
Personal Care,392.46,398,56,Thursday,October,0,392.46
Vegetables,480.71,29,53,Friday,December,0,504.75
Dairy,495.11,243,20,Thursday,November,0,445.6
Bakery,234.02,214,115,Monday,November,0,262.1
Fruits,95.22,111,40,Friday,December,0,95.22
Snacks,264.8,113,42,Saturday,November,1,264.8
Household,328.59,461,67,Tuesday,November,0,328.59
Vegetables,380.94,429,105,Wednesday,January,0,399.99
Household,480.41,455,85,Monday,March,0,504.43
Frozen,177.26,282,103,Sunday,March,1,198.53
Frozen,299.35,184,70,Saturday,March,1,314.32
Frozen,333.85,48,101,Friday,July,0,373.91
Frozen,178.91,323,10,Sunday,April,1,161.02
Dairy,285.28,415,55,Monday,November,0,285.28
Beverages,385.58,414,68,Wednesday,October,0,385.58
Household,490.43,385,16,Wednesday,April,0,441.39
Personal Care,205.35,77,31,Friday,May,0,205.35
Vegetables,143.23,461,6,Sunday,January,1,128.91
Beverages,244.42,115,1,Monday,November,0,219.98
Vegetables,222.78,201,117,Thursday,February,0,249.51
Dairy,67.22,391,50,Friday,April,0,67.22
Bakery,49.79,99,105,Friday,June,0,55.76
Dairy,33.48,34,49,Friday,January,0,35.15
Personal Care,49.25,323,78,Monday,December,0,51.71
Household,36.62,209,100,Tuesday,November,0,41.01
Vegetables,105.99,299,57,Saturday,July,1,105.99
Beverages,34.65,189,29,Saturday,May,1,34.65
Personal Care,18.24,254,57,Thursday,October,0,18.24
Personal Care,201.46,30,92,Thursday,March,0,225.64
Frozen,383.85,211,86,Tuesday,October,0,403.04
Beverages,178.83,285,103,Monday,December,0,200.29
Fruits,365.24,423,61,Thursday,January,0,365.24
Beverages,287.06,478,78,Monday,May,0,301.41
Dairy,204.67,269,87,Friday,May,0,214.9
Bakery,485.45,102,26,Thursday,April,0,485.45
Bakery,469.25,489,120,Wednesday,June,0,525.56
Beverages,109.28,469,52,Monday,August,0,109.28
Vegetables,464.31,238,2,Tuesday,March,0,417.88
Bakery,48.51,84,1,Thursday,February,0,43.66
Snacks,377.67,122,106,Friday,November,0,422.99
Household,74.85,254,70,Friday,June,0,78.59
Frozen,69.42,112,58,Monday,November,0,72.89
Vegetables,155.4,136,76,Monday,December,0,163.17
Beverages,433.63,166,7,Tuesday,July,0,390.27
Personal Care,260.03,499,105,Monday,July,0,273.03
Personal Care,149.53,28,31,Thursday,April,0,149.53
Personal Care,417.68,204,61,Friday,February,0,438.56
Beverages,453.47,380,102,Thursday,November,0,476.14
Vegetables,93.46,96,10,Monday,March,0,84.11
Bakery,440.31,458,106,Friday,September,0,462.33
Beverages,60.15,100,34,Friday,July,0,60.15
Beverages,290.53,175,95,Sunday,August,1,325.39
Fruits,124.59,219,111,Sunday,April,1,139.54
Vegetables,129.08,59,109,Friday,March,0,144.57
Vegetables,343.95,164,53,Monday,June,0,361.15
Snacks,290.49,231,95,Monday,August,0,325.35
Vegetables,362.4,220,52,Saturday,February,1,380.52
Fruits,244.38,32,52,Sunday,August,1,256.6
Snacks,451.15,266,100,Sunday,March,1,505.29
Dairy,188.89,2,49,Friday,March,0,198.33
Bakery,332.87,88,24,Tuesday,November,0,332.87
Household,170.67,82,12,Thursday,November,0,153.6
Household,17.27,172,70,Thursday,February,0,18.13
Personal Care,208.42,77,94,Monday,September,0,233.43
Beverages,45.65,293,18,Wednesday,October,0,41.09
Frozen,484.77,387,77,Monday,September,0,509.01
Vegetables,388.56,138,31,Thursday,October,0,388.56
Vegetables,151.51,280,112,Monday,March,0,169.69
Beverages,447.17,20,109,Wednesday,January,0,500.83
Snacks,334.53,278,56,Saturday,October,1,351.26
Personal Care,258.61,150,83,Tuesday,May,0,271.54
Household,424.61,313,66,Friday,November,0,445.84
Bakery,327.16,146,45,Thursday,November,0,327.16
Vegetables,258.69,493,104,Sunday,January,1,271.62
Fruits,54.92,473,23,Tuesday,September,0,49.43
Frozen,229.31,245,26,Friday,November,0,206.38
Beverages,22.85,316,58,Wednesday,July,0,22.85
Bakery,482.13,33,93,Saturday,November,1,539.99
Fruits,252.5,273,64,Thursday,September,0,265.12
Beverages,429.94,295,118,Thursday,September,0,481.53
Fruits,362.08,79,108,Sunday,March,1,405.53
Household,262.9,101,64,Saturday,January,1,276.05
Vegetables,165.94,269,1,Thursday,November,0,149.35
Beverages,344.35,406,31,Wednesday,January,0,309.92
Personal Care,442.68,340,115,Sunday,June,1,495.8
Frozen,196.66,318,43,Saturday,August,1,196.66
Dairy,25.01,64,22,Wednesday,September,0,25.01
Beverages,391.41,176,110,Wednesday,May,0,438.38
Personal Care,99.45,269,51,Thursday,October,0,99.45
Frozen,106.09,181,106,Sunday,October,1,118.82
Personal Care,100.99,127,82,Tuesday,November,0,106.04
Vegetables,372.29,434,35,Sunday,July,1,335.06
Snacks,434.48,100,70,Friday,February,0,456.2
Household,208.4,134,11,Saturday,November,1,187.56
Household,101.43,390,44,Saturday,August,1,101.43
Beverages,457.84,176,50,Tuesday,October,0,457.84
Beverages,207.79,302,29,Sunday,December,1,207.79
Snacks,178.23,312,101,Saturday,June,1,199.62
Bakery,119.54,482,65,Monday,September,0,119.54
Frozen,190.92,14,83,Thursday,September,0,213.83
Personal Care,478.57,487,109,Friday,June,0,502.5
Dairy,308.84,388,63,Sunday,November,1,308.84
Personal Care,414.18,115,1,Tuesday,May,0,372.76
Bakery,440.1,458,66,Sunday,October,1,440.1
Bakery,463.9,58,117,Thursday,October,0,519.57
Fruits,90.76,102,67,Sunday,December,1,95.3
Household,295.17,138,102,Monday,February,0,330.59
Household,112.99,158,12,Wednesday,May,0,101.69
Fruits,62.69,424,42,Tuesday,February,0,62.69
Snacks,367.18,188,80,Tuesday,July,0,385.54
Fruits,366.64,487,68,Monday,April,0,366.64
Frozen,229.19,163,6,Monday,October,0,206.27
Personal Care,476.84,77,90,Sunday,November,1,534.06
Bakery,148.9,395,102,Monday,January,0,156.34
Household,96.89,197,79,Friday,February,0,101.73
Vegetables,241.71,31,78,Saturday,March,1,270.72
Fruits,13.3,185,17,Tuesday,September,0,11.97
Vegetables,283.32,393,45,Thursday,March,0,283.32
Beverages,468.24,286,104,Sunday,July,1,524.43
Frozen,38.6,167,111,Sunday,October,1,43.23
Vegetables,213.6,387,58,Friday,August,0,213.6
Personal Care,156.34,86,18,Thursday,December,0,156.34
Household,260.0,380,115,Saturday,May,1,291.2
Vegetables,319.76,376,76,Thursday,June,0,335.75
Household,395.93,431,79,Wednesday,March,0,415.73
Vegetables,73.16,491,79,Monday,February,0,76.82
Frozen,492.84,14,18,Sunday,January,1,492.84
Dairy,31.01,411,40,Wednesday,November,0,27.91
Snacks,297.3,450,30,Monday,April,0,267.57
Beverages,324.9,423,114,Sunday,February,1,363.89
Household,435.56,36,27,Monday,June,0,435.56
Household,245.46,268,27,Saturday,November,1,245.46
Frozen,282.22,94,88,Monday,May,0,316.09
Personal Care,149.34,267,68,Friday,July,0,156.81
Frozen,297.35,367,63,Tuesday,August,0,297.35
Snacks,217.31,461,82,Sunday,August,1,228.18
Personal Care,325.14,77,96,Monday,March,0,364.16
Household,424.52,379,91,Tuesday,June,0,445.75
Personal Care,112.48,491,9,Friday,April,0,101.23
Beverages,356.71,414,105,Monday,December,0,374.55
Beverages,103.31,33,17,Tuesday,October,0,103.31
Beverages,440.55,331,1,Saturday,May,1,396.5
Bakery,38.9,379,2,Monday,September,0,35.01
Snacks,213.53,251,21,Tuesday,December,0,192.18
Vegetables,236.96,13,69,Tuesday,August,0,248.81
Frozen,264.15,45,86,Thursday,March,0,295.85
Beverages,450.93,246,60,Wednesday,May,0,473.48
Household,285.4,137,62,Tuesday,July,0,299.67
Beverages,432.74,483,5,Wednesday,March,0,389.47
Bakery,260.35,398,110,Saturday,December,1,291.59
Fruits,197.38,337,71,Tuesday,December,0,207.25
Bakery,202.32,282,112,Tuesday,December,0,226.6
Fruits,480.57,331,61,Tuesday,February,0,480.57
Fruits,346.87,102,57,Sunday,December,1,364.21
Snacks,463.64,336,75,Tuesday,January,0,486.82
Household,99.08,80,74,Friday,October,0,104.03
Snacks,373.09,452,22,Monday,December,0,335.78
Frozen,401.71,337,110,Friday,February,0,449.92
Personal Care,125.77,282,19,Tuesday,March,0,113.19
Household,330.13,360,32,Sunday,October,1,330.13
Vegetables,109.56,285,40,Wednesday,July,0,109.56
Bakery,249.66,331,60,Saturday,December,1,262.14
Fruits,117.24,414,51,Wednesday,April,0,117.24
Dairy,289.81,134,111,Wednesday,October,0,324.59
Fruits,309.49,372,15,Tuesday,August,0,278.54
Fruits,11.32,293,23,Thursday,February,0,10.19
Beverages,37.16,127,86,Friday,August,0,41.62
Vegetables,456.23,369,15,Tuesday,August,0,410.61
Household,77.75,488,72,Friday,April,0,77.75
Beverages,83.13,416,87,Sunday,February,1,87.29
Beverages,398.68,204,94,Sunday,December,1,446.52
Dairy,278.51,89,5,Monday,May,0,250.66
Vegetables,249.58,416,88,Thursday,September,0,262.06
Vegetables,257.9,292,57,Wednesday,November,0,257.9
Snacks,349.73,370,91,Wednesday,November,0,367.22
Vegetables,185.11,122,82,Friday,July,0,194.37
Dairy,401.36,473,97,Sunday,January,1,421.43
Snacks,18.5,155,31,Thursday,November,0,18.5
Bakery,409.19,438,102,Friday,June,0,429.65
Bakery,235.51,178,107,Sunday,March,1,263.77
Snacks,437.28,293,116,Sunday,February,1,489.75
Dairy,391.68,330,74,Tuesday,December,0,411.26
Household,335.36,48,39,Tuesday,August,0,335.36
Personal Care,330.34,377,66,Tuesday,January,0,330.34
Snacks,456.71,296,54,Thursday,February,0,456.71
Snacks,346.52,256,12,Friday,February,0,311.87
Beverages,204.93,325,20,Saturday,March,1,184.44
Bakery,111.55,61,111,Saturday,December,1,124.94
Fruits,210.95,386,85,Tuesday,January,0,221.5
Bakery,306.86,382,87,Monday,February,0,322.2
Bakery,197.47,54,17,Tuesday,January,0,197.47
Bakery,312.58,17,58,Tuesday,December,0,328.21
Household,334.24,474,68,Sunday,August,1,334.24
Snacks,107.0,319,96,Saturday,April,1,119.84
Dairy,153.87,99,56,Thursday,June,0,161.56
Snacks,272.71,339,23,Thursday,November,0,245.44
Personal Care,390.56,54,20,Sunday,May,1,390.56
Beverages,59.22,146,3,Sunday,September,1,53.3
Frozen,316.42,72,119,Wednesday,January,0,354.39
Household,491.17,77,77,Wednesday,July,0,515.73
Beverages,18.39,422,76,Tuesday,December,0,19.31
Household,497.34,180,93,Thursday,February,0,557.02
Dairy,404.63,110,92,Saturday,October,1,453.19
Household,72.82,356,75,Thursday,January,0,76.46
Bakery,122.14,233,16,Tuesday,May,0,109.93
Snacks,217.69,184,71,Wednesday,September,0,228.57
Household,199.81,391,119,Tuesday,April,0,223.79
Dairy,137.09,39,114,Saturday,March,1,153.54
Dairy,79.01,247,120,Monday,July,0,88.49
Bakery,187.29,83,62,Tuesday,September,0,196.65
Fruits,146.19,86,77,Friday,January,0,153.5
Fruits,362.23,494,11,Thursday,July,0,326.01
Dairy,212.05,67,17,Sunday,May,1,212.05
Vegetables,328.55,462,14,Wednesday,June,0,295.69
Personal Care,476.93,82,106,Saturday,November,1,534.16
Dairy,118.7,364,111,Wednesday,January,0,132.94
Snacks,38.74,9,79,Wednesday,July,0,43.39
Fruits,286.57,394,82,Thursday,June,0,300.9
Frozen,447.59,158,80,Monday,June,0,469.97
Fruits,299.16,399,45,Wednesday,May,0,299.16
Frozen,423.32,485,32,Wednesday,August,0,380.99
Bakery,77.06,415,33,Thursday,July,0,69.35
Dairy,64.17,285,8,Sunday,February,1,57.75
Vegetables,70.09,107,4,Sunday,December,1,63.08
Frozen,281.38,52,58,Thursday,May,0,295.45
Bakery,249.6,217,67,Monday,September,0,262.08
Dairy,263.26,416,94,Saturday,June,1,276.42
Fruits,62.63,304,4,Sunday,December,1,56.37
Bakery,487.36,361,8,Thursday,February,0,438.62
Snacks,259.1,210,58,Monday,April,0,272.06
Dairy,236.35,118,43,Monday,January,0,236.35
Personal Care,186.95,272,36,Thursday,May,0,186.95
Snacks,402.5,90,15,Saturday,April,1,402.5
Dairy,18.54,223,24,Wednesday,September,0,16.69
Vegetables,341.42,229,55,Saturday,July,1,358.49
Personal Care,253.13,105,16,Friday,January,0,227.82
Household,107.49,344,103,Sunday,April,1,120.39
Frozen,86.73,415,118,Thursday,May,0,97.14
Frozen,445.92,224,106,Tuesday,February,0,499.43
Household,296.72,269,31,Sunday,March,1,296.72
Fruits,19.3,30,35,Thursday,July,0,19.3
Frozen,59.08,495,43,Saturday,October,1,59.08
Dairy,380.0,408,15,Monday,August,0,342.0
Fruits,336.6,64,117,Wednesday,January,0,376.99
Dairy,377.02,135,75,Tuesday,September,0,395.87
Vegetables,43.29,367,73,Sunday,December,1,45.45
Personal Care,291.34,162,32,Saturday,December,1,291.34
Bakery,165.17,89,6,Wednesday,October,0,148.65
Vegetables,28.57,302,39,Saturday,October,1,28.57
Fruits,465.34,203,101,Friday,September,0,521.18
Fruits,323.05,332,9,Tuesday,August,0,290.75
Fruits,345.73,417,54,Thursday,October,0,345.73
Vegetables,377.45,53,53,Thursday,February,0,396.32
Beverages,115.98,147,7,Thursday,August,0,104.38
Personal Care,131.64,426,23,Sunday,June,1,118.48
Frozen,99.68,378,89,Friday,November,0,104.66
Personal Care,295.6,467,15,Friday,August,0,266.04
Dairy,42.83,422,117,Wednesday,March,0,47.97
Frozen,425.58,490,85,Tuesday,January,0,446.86
Snacks,238.96,264,59,Sunday,September,1,250.91
Beverages,61.79,211,8,Sunday,March,1,55.61
Dairy,319.1,339,81,Wednesday,February,0,335.06
Vegetables,472.42,410,11,Tuesday,June,0,425.18
Vegetables,301.78,454,100,Friday,August,0,316.87
Beverages,449.75,43,57,Monday,December,0,472.24
Vegetables,256.79,301,38,Saturday,September,1,256.79
Dairy,409.51,436,10,Friday,July,0,368.56
Personal Care,159.02,71,21,Sunday,February,1,159.02
Fruits,473.93,453,46,Friday,September,0,473.93
Snacks,289.83,226,65,Wednesday,August,0,304.32
Dairy,274.16,32,104,Monday,May,0,307.06
Vegetables,32.94,243,41,Thursday,November,0,32.94
Bakery,416.12,93,108,Tuesday,July,0,466.05
Bakery,156.78,207,12,Sunday,November,1,141.1
Bakery,467.73,262,115,Thursday,November,0,523.86
Personal Care,397.82,308,86,Thursday,September,0,417.71
Vegetables,83.71,372,97,Thursday,October,0,87.9
Fruits,335.65,26,35,Monday,October,0,335.65
Household,122.38,61,34,Sunday,February,1,122.38
Frozen,65.12,219,6,Thursday,September,0,58.61
Snacks,96.74,146,87,Sunday,December,1,108.35
Vegetables,283.51,171,93,Thursday,June,0,317.53
Bakery,391.73,236,75,Sunday,November,1,411.32
Frozen,99.05,328,6,Friday,July,0,89.14
Personal Care,419.19,193,50,Friday,April,0,419.19
Personal Care,468.42,220,4,Wednesday,August,0,421.58
Vegetables,163.07,34,57,Monday,March,0,171.22
Vegetables,175.63,198,19,Tuesday,June,0,158.07
Snacks,414.5,209,36,Friday,September,0,414.5
Beverages,10.17,496,74,Sunday,April,1,10.68
Personal Care,271.96,273,90,Friday,April,0,285.56
Dairy,441.36,71,34,Thursday,August,0,441.36
Beverages,495.39,386,68,Thursday,October,0,495.39
Bakery,218.21,320,107,Monday,February,0,244.4
Personal Care,46.19,425,15,Friday,December,0,41.57
Snacks,185.3,387,77,Saturday,March,1,194.57
Snacks,360.22,56,30,Tuesday,August,0,360.22
Frozen,448.28,175,24,Tuesday,January,0,448.28
Personal Care,167.4,262,13,Thursday,June,0,150.66
Dairy,455.9,185,117,Wednesday,May,0,510.61
Fruits,80.88,64,79,Monday,July,0,84.92
Household,328.64,447,25,Saturday,May,1,295.78
Personal Care,23.84,291,54,Thursday,February,0,23.84
Fruits,380.25,248,115,Saturday,February,1,425.88
Vegetables,72.12,133,77,Friday,October,0,75.73
Vegetables,318.94,280,70,Saturday,January,1,334.89
Frozen,236.25,283,19,Monday,May,0,212.62
Bakery,227.0,212,67,Sunday,February,1,238.35
Snacks,421.47,319,24,Thursday,November,0,379.32
Frozen,474.12,280,55,Friday,November,0,474.12
Vegetables,312.53,469,32,Saturday,October,1,281.28
Frozen,351.27,282,57,Wednesday,September,0,351.27
Frozen,287.94,353,115,Sunday,February,1,322.49
Household,176.74,134,41,Sunday,November,1,176.74
Dairy,64.22,315,18,Saturday,October,1,57.8
Beverages,38.71,352,100,Thursday,June,0,40.65
Snacks,351.53,196,114,Saturday,January,1,393.71
Household,65.56,243,11,Thursday,November,0,59.0
Dairy,121.26,306,69,Sunday,September,1,127.32
Frozen,111.5,161,32,Thursday,December,0,111.5
Beverages,59.0,297,34,Wednesday,June,0,59.0
Dairy,195.7,4,7,Monday,October,0,176.13
Personal Care,405.43,153,68,Friday,May,0,425.7
Beverages,33.01,472,49,Thursday,November,0,33.01
Personal Care,394.9,380,111,Friday,October,0,442.29
Frozen,221.36,211,7,Wednesday,July,0,199.22
Personal Care,89.3,420,102,Wednesday,June,0,93.77
Frozen,433.94,251,97,Thursday,June,0,486.01
Vegetables,447.31,293,58,Sunday,May,1,469.68
Household,482.73,99,101,Friday,October,0,540.66
Dairy,218.32,125,110,Sunday,June,1,244.52
Personal Care,401.48,449,49,Sunday,March,1,401.48
Beverages,387.51,173,90,Wednesday,January,0,434.01
Bakery,204.28,172,78,Friday,June,0,214.49
Snacks,463.42,5,89,Saturday,July,1,519.03
Beverages,429.23,61,23,Tuesday,May,0,429.23
Beverages,482.01,409,58,Thursday,August,0,482.01
Fruits,162.2,69,98,Wednesday,October,0,181.66
Bakery,201.17,54,11,Tuesday,May,0,181.05
Bakery,55.23,467,110,Friday,May,0,57.99
Vegetables,400.47,328,50,Monday,January,0,400.47
Vegetables,17.36,243,76,Friday,July,0,18.23
Fruits,358.37,287,17,Tuesday,February,0,322.53
Beverages,293.14,452,46,Thursday,January,0,293.14
Personal Care,228.6,368,53,Sunday,May,1,228.6
Beverages,322.91,218,10,Tuesday,December,0,290.62
Bakery,460.57,28,27,Friday,May,0,460.57
Snacks,370.35,453,62,Wednesday,April,0,370.35
Frozen,179.4,302,94,Thursday,September,0,188.37
Dairy,235.99,180,105,Saturday,March,1,264.31
Household,491.87,486,66,Tuesday,May,0,491.87
Beverages,70.47,286,89,Sunday,April,1,73.99
Vegetables,168.91,130,47,Sunday,May,1,177.36
Dairy,25.4,484,55,Wednesday,May,0,25.4
Household,149.75,240,44,Saturday,March,1,149.75
Snacks,424.3,40,15,Tuesday,April,0,424.3
Beverages,467.98,230,37,Sunday,September,1,467.98
Fruits,344.26,318,94,Sunday,February,1,385.57
Fruits,224.81,397,51,Sunday,April,1,224.81
Snacks,335.6,331,83,Saturday,December,1,352.38
Beverages,249.75,16,25,Sunday,September,1,249.75
Vegetables,195.96,87,105,Monday,August,0,219.48
Household,359.97,336,70,Monday,February,0,377.97
Frozen,481.53,424,6,Wednesday,June,0,433.38
Snacks,26.27,312,102,Tuesday,June,0,29.42
Vegetables,256.49,75,35,Friday,April,0,256.49
Household,425.41,452,40,Monday,January,0,382.87
Bakery,262.2,367,112,Thursday,August,0,293.66
Fruits,257.53,264,116,Monday,July,0,288.43
Household,494.56,143,33,Wednesday,November,0,494.56
Household,138.21,219,7,Sunday,September,1,124.39
Snacks,411.53,451,47,Saturday,February,1,411.53
Fruits,305.36,112,58,Saturday,September,1,320.63
Bakery,17.63,352,84,Sunday,December,1,18.51
Household,128.05,306,16,Tuesday,September,0,115.25
Fruits,480.57,263,85,Wednesday,September,0,504.6
Frozen,403.91,291,75,Thursday,October,0,424.11
Vegetables,262.1,80,114,Sunday,December,1,293.55
Dairy,159.98,162,62,Friday,December,0,167.98
Beverages,420.38,54,36,Sunday,August,1,420.38
Beverages,134.36,120,5,Sunday,February,1,120.92
Vegetables,376.37,196,91,Wednesday,March,0,421.53
Personal Care,74.78,105,107,Friday,November,0,83.75
Snacks,300.27,84,67,Tuesday,April,0,315.28
Bakery,83.96,58,83,Saturday,September,1,94.04
Fruits,24.74,472,105,Tuesday,October,0,25.98
Snacks,491.87,265,111,Friday,January,0,550.89
Vegetables,462.82,86,19,Monday,January,0,462.82
Bakery,17.3,118,23,Monday,January,0,17.3
Bakery,348.92,198,60,Thursday,July,0,366.37
Bakery,32.2,16,66,Sunday,November,1,33.81
Vegetables,460.58,347,62,Saturday,July,1,483.61
Bakery,15.49,43,105,Wednesday,April,0,17.35
Household,198.02,48,37,Monday,December,0,198.02
Snacks,449.89,149,119,Wednesday,November,0,503.88
Snacks,324.17,44,76,Friday,January,0,340.38
Fruits,145.42,401,97,Sunday,September,1,152.69
Beverages,105.54,159,53,Sunday,October,1,110.82
Household,417.71,405,13,Monday,January,0,375.94
Snacks,369.33,9,59,Sunday,July,1,387.8
Beverages,11.72,419,105,Wednesday,June,0,12.31
Frozen,224.39,39,43,Monday,December,0,235.61
Dairy,223.6,498,115,Saturday,July,1,250.43
Frozen,141.65,38,2,Saturday,July,1,127.49
Household,156.55,45,91,Monday,December,0,175.34
Snacks,493.52,1,104,Thursday,September,0,552.74
Household,59.28,315,105,Friday,May,0,66.39
Fruits,30.56,315,2,Wednesday,September,0,27.5
Snacks,220.65,281,26,Wednesday,September,0,198.59
Beverages,195.18,372,73,Friday,October,0,204.94
Frozen,88.06,311,59,Sunday,January,1,92.46
Vegetables,124.7,222,72,Friday,September,0,130.94
Bakery,241.51,350,85,Saturday,August,1,253.59
Bakery,188.4,190,103,Friday,July,0,211.01
Beverages,187.88,433,10,Friday,August,0,169.09
Frozen,21.45,305,31,Tuesday,January,0,19.3
Bakery,75.02,452,90,Sunday,June,1,78.77
Fruits,426.14,324,67,Friday,September,0,447.45
Beverages,196.27,155,11,Friday,January,0,176.64
Household,467.92,482,10,Sunday,August,1,421.13
Household,174.45,161,16,Thursday,August,0,157.0
Fruits,152.49,47,86,Saturday,March,1,170.79
Fruits,155.43,309,24,Sunday,February,1,139.89
Bakery,275.49,409,107,Saturday,September,1,308.55
Beverages,147.36,312,92,Friday,July,0,154.73
Beverages,223.51,91,21,Tuesday,October,0,223.51
Fruits,173.79,301,10,Thursday,January,0,156.41
Personal Care,363.29,188,35,Tuesday,February,0,363.29
Vegetables,179.84,151,48,Thursday,January,0,179.84
Household,223.21,259,17,Monday,October,0,200.89
Beverages,71.9,446,47,Thursday,January,0,71.9
Dairy,469.67,26,9,Saturday,July,1,469.67
Snacks,463.42,461,44,Thursday,May,0,417.08
Dairy,235.09,109,106,Tuesday,May,0,263.3
Fruits,496.02,258,21,Friday,October,0,446.42
Household,444.84,454,101,Wednesday,January,0,467.08
Dairy,53.59,267,84,Sunday,September,1,56.27
Beverages,88.85,135,92,Thursday,April,0,99.51
Bakery,76.76,215,10,Thursday,September,0,69.08
Household,13.06,34,8,Sunday,June,1,13.06
Vegetables,324.33,386,8,Monday,February,0,291.9
Household,487.62,313,23,Sunday,August,1,438.86
Bakery,490.72,337,12,Wednesday,March,0,441.65
Frozen,49.63,451,6,Saturday,June,1,44.67
Snacks,474.03,442,102,Thursday,January,0,497.73
Beverages,107.81,17,60,Monday,July,0,113.2
Household,343.44,3,62,Wednesday,December,0,360.61
Bakery,439.86,294,101,Wednesday,September,0,492.64
Household,352.57,117,104,Saturday,March,1,394.88
Vegetables,239.48,304,72,Friday,April,0,251.45
Frozen,178.86,305,33,Wednesday,August,0,178.86
Bakery,212.58,376,12,Friday,December,0,191.32
Vegetables,463.59,243,26,Sunday,May,1,463.59
Vegetables,50.49,462,99,Saturday,February,1,53.01
Dairy,136.33,24,20,Wednesday,September,0,136.33
Frozen,118.67,94,9,Thursday,May,0,106.8
Snacks,485.7,402,102,Saturday,June,1,543.98
Fruits,135.46,392,113,Sunday,April,1,151.72
Household,436.96,78,54,Friday,January,0,458.81
Frozen,432.4,280,56,Monday,December,0,432.4
Frozen,229.42,302,71,Tuesday,December,0,240.89
Personal Care,446.59,477,70,Friday,April,0,446.59
Vegetables,158.78,91,41,Sunday,April,1,158.78
Frozen,461.36,409,117,Saturday,May,1,516.72
Frozen,458.35,277,7,Wednesday,June,0,412.52
Dairy,228.3,228,119,Wednesday,December,0,255.7
Dairy,202.8,230,80,Wednesday,June,0,212.94
Bakery,188.47,204,21,Tuesday,October,0,169.62
Beverages,367.3,5,77,Monday,September,0,411.38
Household,452.13,167,14,Monday,August,0,406.92
Personal Care,368.0,342,77,Monday,April,0,386.4
Bakery,476.01,52,60,Sunday,September,1,499.81
Frozen,56.43,352,3,Tuesday,June,0,50.79
Personal Care,355.04,228,88,Thursday,January,0,372.79
Beverages,92.41,13,52,Saturday,October,1,97.03
Household,460.49,162,105,Wednesday,December,0,515.75
Bakery,344.47,1,115,Monday,November,0,385.81
Beverages,99.3,462,41,Sunday,October,1,99.3
Household,437.24,31,2,Tuesday,July,0,393.52
Dairy,48.68,57,44,Tuesday,December,0,48.68
Beverages,454.19,178,103,Saturday,November,1,508.69
Personal Care,225.68,456,80,Wednesday,January,0,236.96
Fruits,148.43,490,107,Thursday,February,0,155.85
Fruits,355.05,433,17,Thursday,October,0,319.55
Vegetables,34.26,182,91,Saturday,October,1,38.37
Household,325.52,468,30,Saturday,February,1,292.97
Dairy,14.76,202,37,Saturday,October,1,14.76
Snacks,485.22,396,93,Monday,April,0,509.48
Bakery,11.47,179,17,Monday,April,0,10.32
Frozen,32.35,314,90,Sunday,May,1,33.97
Bakery,45.28,154,81,Friday,February,0,47.54
Snacks,495.34,173,113,Friday,October,0,554.78
Beverages,480.32,184,45,Sunday,April,1,480.32
Household,346.15,175,19,Monday,June,0,311.53
Frozen,44.62,31,53,Thursday,October,0,46.85
Dairy,325.62,204,74,Thursday,September,0,341.9
Dairy,46.11,199,92,Thursday,August,0,51.64
Personal Care,31.6,357,115,Tuesday,August,0,35.39
Vegetables,140.86,349,17,Saturday,April,1,126.77
Snacks,289.44,148,40,Friday,December,0,289.44
Household,432.33,11,1,Thursday,August,0,389.1
Fruits,194.72,435,109,Tuesday,June,0,218.09
Household,13.94,83,82,Wednesday,January,0,15.61
Bakery,251.68,195,41,Wednesday,March,0,251.68
Frozen,99.99,55,59,Friday,May,0,104.99
Beverages,295.24,322,24,Saturday,October,1,265.72
Beverages,117.23,114,40,Wednesday,February,0,117.23
Bakery,17.46,404,5,Friday,January,0,15.71
Frozen,421.08,24,46,Tuesday,January,0,442.13
Vegetables,282.34,212,66,Wednesday,April,0,296.46
Dairy,84.22,463,15,Monday,July,0,75.8
Frozen,227.6,407,18,Friday,January,0,204.84
Personal Care,449.23,172,119,Thursday,June,0,503.14
Vegetables,397.08,279,58,Wednesday,October,0,397.08
Beverages,52.99,304,95,Friday,July,0,55.64
Personal Care,92.07,24,30,Sunday,April,1,92.07
Frozen,338.81,452,23,Sunday,January,1,304.93
Beverages,234.21,182,67,Tuesday,February,0,245.92
Personal Care,236.35,238,114,Monday,December,0,264.71
Beverages,10.54,228,15,Monday,June,0,9.49
Beverages,120.57,385,71,Monday,March,0,126.6
Snacks,221.41,491,22,Monday,November,0,199.27
Beverages,43.09,465,117,Friday,February,0,48.26
Vegetables,290.7,251,93,Monday,November,0,305.24
Household,287.12,223,14,Sunday,February,1,258.41
Vegetables,223.9,275,48,Wednesday,September,0,223.9
Vegetables,49.96,302,113,Wednesday,October,0,55.96
Fruits,348.23,241,22,Saturday,December,1,313.41
Bakery,197.04,265,6,Saturday,January,1,177.34
Household,459.41,246,69,Sunday,December,1,482.38
Snacks,42.91,193,78,Tuesday,September,0,45.06
Fruits,450.62,412,66,Wednesday,June,0,450.62
Personal Care,434.45,337,13,Friday,March,0,391.0
Beverages,363.97,245,21,Monday,January,0,327.57
Beverages,280.09,315,38,Friday,March,0,280.09
Snacks,76.28,485,20,Monday,May,0,68.65
Bakery,145.94,250,36,Saturday,April,1,145.94
Beverages,463.03,441,68,Saturday,February,1,463.03
Bakery,216.52,489,47,Friday,October,0,216.52
Snacks,353.54,345,17,Saturday,November,1,318.19
Dairy,72.51,325,27,Monday,May,0,65.26
Beverages,117.32,68,17,Saturday,August,1,117.32
Fruits,186.0,477,17,Saturday,February,1,167.4
Snacks,192.74,100,6,Sunday,March,1,173.47
Vegetables,55.83,172,114,Monday,July,0,62.53
Personal Care,203.98,2,88,Sunday,January,1,228.46
Household,360.47,305,30,Sunday,August,1,360.47
Fruits,235.2,204,116,Friday,February,0,263.42
Vegetables,119.88,394,10,Saturday,January,1,107.89
Beverages,495.43,46,54,Saturday,November,1,520.2
Bakery,240.14,194,111,Friday,January,0,268.96
Beverages,295.2,490,68,Tuesday,February,0,295.2
Dairy,139.2,432,95,Friday,May,0,146.16
Bakery,313.84,201,21,Tuesday,October,0,282.46
Bakery,402.71,104,16,Thursday,August,0,362.44
Dairy,255.53,188,52,Friday,June,0,255.53
Frozen,422.3,465,51,Thursday,January,0,422.3
Frozen,124.6,202,120,Tuesday,February,0,139.55
Vegetables,404.05,186,47,Monday,May,0,404.05
Personal Care,391.61,402,33,Wednesday,November,0,352.45
Dairy,226.08,221,51,Tuesday,November,0,226.08
Personal Care,306.28,97,92,Tuesday,October,0,343.03
Frozen,178.46,155,83,Friday,July,0,187.38
Beverages,232.27,67,109,Tuesday,July,0,260.14
Beverages,222.58,428,16,Monday,May,0,200.32
Beverages,135.31,403,53,Saturday,March,1,135.31
Household,471.01,285,90,Wednesday,May,0,494.56
Beverages,59.69,264,109,Friday,November,0,66.85
Dairy,271.56,253,77,Saturday,October,1,285.14
Bakery,372.55,477,53,Tuesday,November,0,372.55
Snacks,364.93,465,106,Saturday,February,1,408.72
Frozen,139.2,103,72,Wednesday,April,0,146.16
Beverages,362.88,493,37,Thursday,March,0,326.59
Household,336.69,187,69,Tuesday,April,0,353.52
Snacks,137.76,104,105,Monday,December,0,154.29
Snacks,48.0,362,107,Wednesday,November,0,53.76
Vegetables,254.76,15,48,Saturday,May,1,267.5
Household,433.15,399,94,Thursday,December,0,454.81
Personal Care,254.7,408,59,Thursday,October,0,254.7
Personal Care,363.66,483,116,Saturday,June,1,407.3
Snacks,186.64,123,56,Wednesday,October,0,195.97
Fruits,495.65,139,51,Thursday,December,0,520.43
Vegetables,197.33,414,9,Thursday,April,0,177.6
Personal Care,71.97,91,44,Wednesday,June,0,71.97
Dairy,272.39,466,2,Friday,June,0,245.15
Personal Care,258.94,418,44,Tuesday,July,0,258.94
Beverages,168.32,482,48,Friday,July,0,168.32
Frozen,158.02,229,24,Monday,April,0,142.22
Dairy,232.07,142,18,Tuesday,June,0,208.86
Bakery,140.19,198,16,Sunday,May,1,126.17
Dairy,498.87,489,34,Saturday,September,1,448.98
Snacks,131.43,460,21,Thursday,February,0,118.29
Personal Care,390.61,454,40,Tuesday,December,0,351.55
Dairy,231.87,212,29,Saturday,August,1,231.87
Snacks,61.08,465,88,Monday,January,0,64.13
Vegetables,326.35,375,16,Thursday,September,0,293.72
Household,460.68,73,120,Monday,February,0,515.96
Household,367.65,229,12,Friday,May,0,330.88
Household,86.65,186,105,Saturday,May,1,97.05
Beverages,222.14,464,65,Sunday,August,1,222.14
Personal Care,140.86,349,84,Saturday,August,1,147.9
Dairy,65.09,100,83,Tuesday,November,0,72.9
Dairy,348.84,211,102,Wednesday,December,0,390.7
Beverages,119.06,228,60,Thursday,March,0,125.01
Frozen,206.15,166,53,Tuesday,April,0,216.46
Fruits,11.67,143,117,Monday,November,0,13.07
Dairy,463.25,323,90,Wednesday,March,0,486.41
Fruits,466.89,33,4,Wednesday,June,0,420.2
Vegetables,332.56,24,5,Monday,March,0,299.3
Fruits,429.6,92,94,Tuesday,February,0,481.15
Personal Care,101.29,238,85,Sunday,April,1,106.35
Bakery,218.46,310,39,Tuesday,October,0,218.46
Bakery,386.93,112,98,Thursday,September,0,433.36
Bakery,252.24,85,117,Monday,April,0,282.51
Bakery,107.08,319,45,Wednesday,December,0,107.08
Beverages,263.87,201,23,Saturday,January,1,263.87
Beverages,292.05,324,110,Thursday,April,0,327.1
Household,72.63,192,79,Wednesday,November,0,76.26
Snacks,455.68,76,22,Tuesday,November,0,455.68
Fruits,121.15,316,25,Friday,October,0,109.04
Beverages,10.7,187,110,Thursday,December,0,11.98
Snacks,393.11,116,17,Tuesday,July,0,353.8
Frozen,52.68,180,5,Thursday,July,0,47.41
Bakery,454.63,283,59,Monday,September,0,454.63
Beverages,200.65,255,101,Monday,September,0,224.73
Beverages,416.58,103,49,Monday,February,0,437.41
Dairy,250.78,80,51,Monday,June,0,263.32
Vegetables,118.91,493,72,Saturday,September,1,124.86
Beverages,355.98,494,110,Thursday,November,0,373.78
Frozen,462.29,391,34,Friday,May,0,416.06
Frozen,244.45,167,57,Sunday,May,1,256.67
Beverages,81.12,497,28,Saturday,March,1,73.01
Beverages,476.62,471,92,Friday,January,0,500.45
Bakery,379.65,150,33,Tuesday,June,0,379.65
Vegetables,495.29,440,95,Friday,March,0,520.05
Beverages,97.53,491,46,Thursday,January,0,87.78
Frozen,99.69,455,80,Wednesday,April,0,104.67
Household,331.48,461,50,Tuesday,November,0,331.48
Fruits,433.6,126,9,Sunday,November,1,390.24
Bakery,270.47,140,51,Saturday,August,1,283.99
Personal Care,61.23,121,1,Thursday,November,0,55.11
Household,122.27,287,40,Sunday,February,1,122.27
Vegetables,168.74,7,114,Saturday,February,1,188.99
Snacks,389.64,90,52,Saturday,January,1,409.12
Vegetables,394.43,340,52,Tuesday,October,0,394.43
Fruits,331.86,198,9,Wednesday,December,0,298.67
Personal Care,397.47,24,47,Wednesday,May,0,417.34
Bakery,401.65,480,81,Saturday,February,1,421.73
Household,52.37,369,35,Monday,February,0,47.13
Household,171.67,140,3,Friday,November,0,154.5
Bakery,292.35,193,76,Tuesday,October,0,306.97
Household,230.92,255,46,Sunday,March,1,230.92
Dairy,243.81,1,104,Tuesday,January,0,273.07
Personal Care,92.68,500,21,Saturday,January,1,83.41
Bakery,315.15,334,64,Monday,March,0,315.15
Bakery,83.34,38,26,Friday,April,0,83.34
Frozen,453.91,318,52,Thursday,September,0,453.91
Fruits,208.93,290,67,Thursday,April,0,219.38
Bakery,90.84,252,115,Thursday,April,0,101.74
Bakery,400.97,395,24,Tuesday,August,0,360.87
Frozen,340.73,15,59,Wednesday,December,0,357.77
Vegetables,272.03,244,84,Friday,July,0,285.63
Household,126.24,327,120,Tuesday,November,0,141.39
Personal Care,109.48,309,12,Saturday,July,1,98.53
Household,161.3,16,66,Saturday,December,1,169.37
Household,99.03,64,19,Monday,March,0,99.03
Bakery,297.19,181,108,Monday,June,0,332.85
Fruits,405.7,140,37,Friday,November,0,405.7
Fruits,401.78,146,62,Monday,December,0,421.87
Dairy,10.58,216,72,Thursday,July,0,11.11
Personal Care,161.5,341,98,Thursday,August,0,169.58
Frozen,155.89,230,76,Thursday,May,0,163.68
Bakery,215.7,104,50,Wednesday,July,0,226.48
Dairy,135.9,170,5,Monday,July,0,122.31
Snacks,182.97,358,29,Thursday,April,0,164.67
Dairy,298.54,198,35,Friday,July,0,298.54
Beverages,481.81,226,11,Monday,November,0,433.63
Household,77.3,357,49,Tuesday,June,0,77.3
Snacks,34.28,190,76,Thursday,December,0,35.99
Dairy,97.83,180,15,Tuesday,September,0,88.05
Beverages,236.71,346,27,Thursday,May,0,213.04
Snacks,493.85,437,41,Friday,May,0,444.47
Vegetables,314.17,287,108,Friday,June,0,351.87
Frozen,180.85,145,53,Saturday,July,1,189.89
Snacks,156.28,170,97,Wednesday,May,0,175.03
Snacks,160.62,132,101,Monday,May,0,179.89
Bakery,203.81,476,78,Friday,April,0,214.0
Snacks,418.55,484,110,Wednesday,May,0,439.48
Fruits,149.69,295,113,Wednesday,July,0,167.65
Personal Care,18.42,389,87,Sunday,November,1,19.34
Vegetables,93.96,115,7,Friday,June,0,84.56
Vegetables,215.86,310,93,Thursday,December,0,226.65
Snacks,494.28,343,105,Friday,November,0,553.59
Vegetables,295.49,479,35,Monday,April,0,265.94
Beverages,60.77,5,115,Sunday,October,1,68.06
Fruits,73.25,354,23,Monday,August,0,65.92
Dairy,244.68,155,116,Sunday,September,1,274.04
Household,104.43,323,91,Sunday,July,1,109.65
Household,174.97,410,75,Tuesday,March,0,183.72
Dairy,129.77,22,39,Wednesday,October,0,129.77
Frozen,425.65,196,119,Monday,March,0,476.73
Snacks,287.62,422,4,Tuesday,December,0,258.86
Household,62.25,399,15,Tuesday,December,0,56.02
Fruits,173.33,202,111,Wednesday,September,0,194.13
Frozen,103.25,299,44,Saturday,November,1,103.25
Fruits,482.28,285,56,Sunday,February,1,482.28
Snacks,472.75,134,91,Wednesday,September,0,529.48
Personal Care,102.68,357,42,Thursday,July,0,102.68
Snacks,51.47,115,120,Friday,September,0,57.65
Household,33.55,105,38,Tuesday,April,0,33.55
Frozen,87.21,344,95,Tuesday,January,0,91.57
Snacks,105.5,235,38,Tuesday,May,0,105.5
Frozen,111.88,56,3,Wednesday,April,0,100.69
Fruits,359.96,213,65,Saturday,December,1,377.96
Frozen,392.9,277,107,Monday,January,0,440.05
Vegetables,397.82,487,84,Wednesday,December,0,417.71
Beverages,288.85,144,49,Sunday,October,1,303.29
Dairy,84.97,413,84,Monday,November,0,89.22
Fruits,224.7,147,9,Thursday,May,0,202.23
Snacks,496.84,155,27,Sunday,June,1,496.84
Dairy,86.03,275,102,Sunday,June,1,96.35
Dairy,90.05,418,72,Friday,May,0,94.55
Frozen,201.51,93,58,Sunday,June,1,211.59
Beverages,107.5,69,67,Tuesday,October,0,112.88
Snacks,14.57,9,18,Wednesday,July,0,14.57
Bakery,115.61,450,2,Tuesday,January,0,104.05
Snacks,106.66,210,60,Thursday,February,0,111.99
Bakery,338.46,220,101,Thursday,June,0,379.08
Dairy,224.39,219,19,Sunday,August,1,201.95
Household,377.94,162,32,Saturday,January,1,377.94
Beverages,146.22,190,27,Monday,February,0,146.22
Beverages,456.02,377,75,Friday,May,0,478.82
Fruits,93.61,15,28,Wednesday,December,0,93.61
Beverages,32.87,277,38,Thursday,February,0,32.87
Dairy,54.52,368,21,Tuesday,November,0,49.07
Beverages,153.41,452,48,Monday,August,0,153.41
Frozen,458.98,133,85,Friday,August,0,514.06
Bakery,417.53,244,83,Saturday,December,1,438.41
Fruits,167.35,134,53,Monday,October,0,175.72
Beverages,463.57,26,50,Wednesday,November,0,486.75
Vegetables,121.42,447,118,Thursday,March,0,135.99
Fruits,318.17,174,65,Sunday,February,1,334.08
Beverages,86.22,307,6,Sunday,October,1,77.6
Household,198.79,389,69,Wednesday,December,0,198.79
Personal Care,458.28,372,95,Tuesday,April,0,481.19
Fruits,132.06,97,58,Friday,February,0,138.66
Beverages,58.87,44,12,Monday,February,0,52.98
Vegetables,234.37,263,6,Tuesday,December,0,210.93
Household,491.43,284,54,Sunday,December,1,491.43
Dairy,338.11,457,116,Monday,August,0,378.68
Dairy,432.85,249,38,Saturday,January,1,432.85
Snacks,303.15,181,14,Friday,October,0,272.83
Personal Care,350.28,92,77,Wednesday,December,0,367.79
Bakery,252.06,89,23,Tuesday,August,0,252.06
Frozen,376.73,128,29,Friday,August,0,376.73
Beverages,90.14,185,110,Wednesday,March,0,100.96
Beverages,65.36,91,49,Saturday,June,1,68.63
Personal Care,299.64,331,49,Sunday,April,1,299.64
Snacks,372.62,1,89,Friday,April,0,417.33
Snacks,488.32,151,39,Thursday,January,0,488.32
Personal Care,256.08,266,64,Friday,October,0,268.88
Household,15.75,238,3,Sunday,March,1,14.18
Dairy,431.49,315,88,Thursday,September,0,453.06
Household,44.97,393,112,Wednesday,April,0,50.37
Fruits,253.45,320,90,Tuesday,July,0,266.12
Frozen,320.98,108,21,Friday,December,0,320.98
Household,212.92,138,24,Thursday,August,0,212.92
Fruits,166.26,88,21,Wednesday,October,0,166.26
Beverages,18.59,42,114,Thursday,June,0,20.82
Vegetables,51.02,415,78,Tuesday,January,0,53.57
Household,290.63,475,21,Tuesday,October,0,261.57
Personal Care,67.34,166,119,Sunday,July,1,75.42
Snacks,30.6,303,41,Wednesday,November,0,30.6
Frozen,123.97,126,60,Saturday,December,1,130.17
Beverages,326.42,89,106,Friday,December,0,365.59
Personal Care,335.4,489,24,Monday,July,0,301.86
Frozen,47.24,340,34,Friday,September,0,42.52
Dairy,326.69,283,44,Monday,April,0,326.69
Snacks,364.69,115,84,Friday,January,0,408.45
Dairy,143.58,274,110,Sunday,April,1,160.81
Beverages,41.47,329,11,Tuesday,March,0,37.32
Bakery,475.38,89,101,Monday,June,0,532.43
Personal Care,260.57,467,114,Monday,December,0,291.84
Household,273.78,446,56,Friday,July,0,273.78
Vegetables,254.76,206,39,Monday,February,0,254.76
Bakery,270.11,135,72,Friday,January,0,283.62
Frozen,161.56,157,97,Tuesday,November,0,180.95
Dairy,30.86,199,23,Friday,September,0,27.77
Fruits,226.7,269,62,Tuesday,June,0,238.03
Vegetables,170.37,378,50,Saturday,July,1,170.37
Personal Care,473.41,205,96,Wednesday,December,0,530.22
Bakery,301.94,371,17,Tuesday,May,0,271.75
Beverages,64.78,73,92,Thursday,March,0,72.55
Beverages,46.8,94,3,Wednesday,December,0,42.12
Bakery,32.28,84,79,Wednesday,September,0,33.89
Snacks,399.96,58,37,Saturday,August,1,399.96
Vegetables,459.35,291,99,Sunday,December,1,514.47
Bakery,54.12,442,79,Thursday,March,0,56.83
Frozen,298.18,305,79,Wednesday,October,0,313.09
Vegetables,57.3,83,66,Saturday,April,1,60.16
Bakery,370.32,11,8,Tuesday,July,0,333.29
Frozen,210.81,378,89,Saturday,March,1,221.35
Dairy,40.57,179,120,Tuesday,December,0,45.44
Beverages,274.23,100,70,Thursday,April,0,287.94
Bakery,11.89,324,6,Wednesday,March,0,10.7
Personal Care,129.69,272,116,Tuesday,September,0,145.25
Dairy,468.31,284,89,Tuesday,July,0,491.73
Beverages,333.39,290,99,Friday,January,0,373.4
Dairy,231.04,274,90,Thursday,March,0,242.59
Fruits,380.58,478,32,Sunday,April,1,342.52
Beverages,423.48,456,27,Sunday,September,1,381.13
Frozen,339.86,452,27,Tuesday,August,0,305.87
Frozen,451.06,43,65,Wednesday,November,0,473.61
Bakery,442.8,494,70,Sunday,July,1,442.8
Beverages,204.85,54,32,Thursday,September,0,204.85
Personal Care,482.91,56,1,Monday,April,0,434.62
Beverages,335.27,406,21,Tuesday,April,0,301.74
Beverages,58.58,277,109,Friday,December,0,65.61
Snacks,181.17,96,60,Saturday,October,1,190.23
Bakery,268.89,167,91,Sunday,December,1,301.16
Dairy,208.97,459,62,Thursday,July,0,208.97
Bakery,328.81,217,97,Saturday,December,1,368.27
Household,414.51,86,1,Saturday,September,1,373.06
Vegetables,59.22,335,105,Wednesday,April,0,66.33
Bakery,314.37,240,78,Thursday,July,0,330.09
Bakery,235.72,258,89,Monday,June,0,247.51
Frozen,293.98,274,83,Tuesday,September,0,308.68
Personal Care,181.47,255,23,Saturday,November,1,163.32
Dairy,495.43,421,94,Tuesday,December,0,520.2
Frozen,194.67,357,106,Thursday,September,0,218.03
Frozen,384.22,314,112,Wednesday,October,0,430.33
Bakery,77.8,230,27,Wednesday,October,0,70.02
Vegetables,300.66,457,21,Wednesday,June,0,270.59
Snacks,305.15,344,56,Saturday,November,1,305.15
Dairy,384.36,378,39,Tuesday,October,0,384.36
Dairy,228.08,322,61,Tuesday,October,0,228.08
Frozen,217.3,156,9,Sunday,August,1,195.57
Frozen,247.37,288,1,Friday,October,0,222.63
Fruits,160.43,349,64,Wednesday,September,0,160.43
Household,345.94,436,74,Wednesday,July,0,363.24
Personal Care,46.88,261,25,Sunday,October,1,46.88
Vegetables,425.02,58,53,Thursday,April,0,446.27
Personal Care,421.06,266,81,Wednesday,April,0,442.11
Frozen,369.21,275,104,Friday,February,0,413.52
Frozen,153.55,300,69,Monday,May,0,161.23
Personal Care,164.86,406,78,Tuesday,November,0,173.1
Vegetables,405.04,449,2,Wednesday,March,0,364.54
Bakery,419.49,17,21,Thursday,March,0,419.49
Fruits,29.15,205,38,Friday,October,0,29.15
Dairy,18.86,279,23,Wednesday,September,0,16.97
Personal Care,185.7,54,99,Tuesday,January,0,207.98
Vegetables,439.86,294,72,Tuesday,November,0,461.85
Dairy,171.64,157,86,Sunday,September,1,192.24
Vegetables,126.11,305,95,Thursday,May,0,132.42
Bakery,281.13,213,111,Tuesday,January,0,314.87
Beverages,463.47,229,101,Wednesday,January,0,519.09
Dairy,10.31,24,87,Wednesday,December,0,11.55
Frozen,382.29,207,14,Friday,October,0,344.06
Household,326.07,9,117,Wednesday,July,0,365.2
Personal Care,57.57,134,99,Friday,April,0,64.48
Fruits,489.59,341,109,Wednesday,July,0,548.34
Fruits,289.05,258,98,Thursday,December,0,323.74
Dairy,330.28,272,61,Tuesday,July,0,346.79
Dairy,25.3,324,97,Tuesday,July,0,26.57
Household,445.39,63,7,Tuesday,May,0,400.85
Personal Care,158.48,497,33,Tuesday,October,0,142.63
Dairy,202.76,141,86,Wednesday,July,0,227.09
Vegetables,452.17,206,105,Wednesday,March,0,506.43
Personal Care,470.6,194,19,Sunday,March,1,423.54
Bakery,168.57,177,79,Friday,July,0,177.0
Fruits,77.09,478,55,Sunday,March,1,77.09
Beverages,470.08,93,16,Friday,January,0,423.07
Household,125.6,478,82,Saturday,November,1,131.88
Personal Care,225.39,16,34,Thursday,May,0,225.39
Fruits,451.38,156,70,Wednesday,November,0,473.95
Household,192.46,115,77,Thursday,June,0,202.08
Beverages,57.23,422,105,Tuesday,September,0,60.09
Snacks,163.14,251,107,Monday,March,0,182.72
Personal Care,173.18,179,28,Monday,March,0,173.18
Dairy,11.63,128,51,Tuesday,November,0,12.21
Beverages,473.79,477,112,Monday,December,0,530.64
Fruits,126.05,399,82,Tuesday,November,0,132.35
Fruits,252.38,218,99,Wednesday,September,0,282.67
Vegetables,368.44,317,45,Friday,June,0,368.44
Household,281.53,88,24,Friday,November,0,281.53
Personal Care,93.45,431,45,Tuesday,December,0,93.45
Household,59.69,60,65,Wednesday,August,0,62.67
Household,311.32,230,9,Monday,June,0,280.19
Dairy,269.26,327,7,Wednesday,May,0,242.33
Bakery,136.58,233,40,Wednesday,August,0,136.58
Snacks,384.7,327,28,Wednesday,March,0,346.23
Personal Care,224.8,271,94,Saturday,December,1,251.78
Personal Care,64.95,405,109,Thursday,February,0,72.74
Household,294.48,360,104,Friday,August,0,329.82
Snacks,137.38,434,116,Friday,April,0,153.87
Dairy,173.35,251,66,Friday,January,0,182.02
Snacks,105.67,272,28,Thursday,February,0,95.1
Bakery,347.31,123,106,Saturday,September,1,388.99
Beverages,219.29,20,66,Thursday,September,0,230.25
Vegetables,445.92,416,117,Friday,February,0,499.43
Household,399.26,246,70,Thursday,April,0,419.22
Dairy,149.77,285,56,Tuesday,June,0,149.77
Bakery,163.6,63,57,Saturday,May,1,171.78
Frozen,170.09,339,28,Wednesday,December,0,153.08
Snacks,246.49,413,101,Friday,January,0,258.81
Bakery,260.82,443,14,Wednesday,July,0,234.74
Fruits,102.12,143,112,Thursday,August,0,114.37
Bakery,370.26,227,96,Thursday,March,0,414.69
Frozen,298.54,34,40,Tuesday,April,0,298.54
Frozen,76.91,310,74,Wednesday,July,0,80.76
Frozen,138.38,464,44,Monday,October,0,124.54
Dairy,347.85,58,7,Friday,October,0,313.07
Vegetables,176.74,117,74,Monday,September,0,185.58
Snacks,418.0,351,91,Wednesday,March,0,438.9
Bakery,355.09,277,77,Thursday,November,0,372.84
Vegetables,152.35,148,22,Saturday,May,1,152.35
Frozen,145.7,481,66,Sunday,September,1,145.7
Personal Care,313.43,481,116,Sunday,November,1,351.04
Fruits,295.59,225,22,Friday,June,0,266.03
Fruits,171.01,364,74,Wednesday,September,0,179.56
Beverages,473.27,380,15,Sunday,October,1,425.94
Dairy,97.78,37,57,Saturday,October,1,102.67
Fruits,368.25,312,85,Saturday,November,1,386.66
Bakery,411.8,154,68,Friday,April,0,432.39
Fruits,450.37,237,2,Wednesday,October,0,405.33
Vegetables,156.63,495,34,Wednesday,February,0,140.97
Personal Care,399.45,106,55,Thursday,March,0,419.42
Vegetables,497.51,268,14,Monday,March,0,447.76
Snacks,322.72,108,68,Friday,June,0,338.86
Frozen,425.97,59,100,Monday,October,0,477.09
Snacks,308.78,252,107,Friday,February,0,345.83
Personal Care,473.18,173,74,Monday,January,0,496.84
Beverages,418.36,228,60,Friday,January,0,439.28
Household,164.66,287,111,Thursday,July,0,184.42
Snacks,118.3,405,48,Monday,November,0,118.3
Household,374.81,276,97,Monday,December,0,419.79
Fruits,480.98,7,99,Sunday,November,1,538.7
Household,105.63,345,51,Monday,December,0,105.63
Bakery,69.71,124,101,Friday,February,0,78.08
Dairy,131.82,440,69,Tuesday,October,0,131.82
Fruits,160.61,331,111,Wednesday,June,0,179.88
Bakery,129.24,219,6,Friday,January,0,116.32
Vegetables,170.76,274,103,Monday,September,0,191.25
Bakery,30.93,168,8,Tuesday,May,0,27.84
Snacks,360.17,106,52,Monday,June,0,378.18
Vegetables,253.13,195,97,Thursday,March,0,283.51
Fruits,48.64,354,45,Friday,December,0,48.64
Frozen,288.49,108,46,Tuesday,October,0,288.49
Dairy,355.11,321,43,Friday,June,0,355.11
Frozen,54.27,325,38,Thursday,November,0,54.27
Snacks,52.11,172,111,Thursday,July,0,58.36
Snacks,296.54,291,24,Wednesday,June,0,266.89
Bakery,59.62,149,32,Thursday,November,0,59.62
Dairy,333.41,430,66,Tuesday,August,0,333.41
Fruits,99.04,15,110,Tuesday,September,0,110.92
Frozen,498.42,333,49,Thursday,January,0,498.42
Household,457.92,152,23,Friday,February,0,457.92
Frozen,405.55,132,9,Sunday,December,1,365.0
Frozen,47.51,458,14,Friday,December,0,42.76
Fruits,479.86,166,82,Tuesday,June,0,503.85
Vegetables,437.37,326,118,Wednesday,July,0,489.85
Personal Care,31.0,192,16,Monday,April,0,27.9
Vegetables,277.96,70,63,Tuesday,January,0,291.86
Personal Care,79.93,215,27,Thursday,March,0,79.93
Vegetables,437.46,135,82,Wednesday,November,0,459.33
Personal Care,232.11,271,97,Friday,April,0,259.96
Household,399.18,475,3,Friday,July,0,359.26
Dairy,215.01,206,34,Saturday,November,1,215.01
Dairy,289.14,89,65,Friday,May,0,303.6
Vegetables,232.63,139,112,Wednesday,June,0,260.55
Bakery,429.28,122,107,Sunday,June,1,480.79
Vegetables,376.82,233,18,Sunday,August,1,339.14
Bakery,232.22,455,26,Monday,November,0,209.0
Frozen,404.96,492,72,Monday,February,0,404.96
Frozen,421.18,421,35,Sunday,December,1,379.06
Dairy,109.52,485,27,Friday,September,0,98.57
Vegetables,451.56,260,64,Tuesday,September,0,474.14
Fruits,227.16,383,46,Friday,April,0,227.16
Snacks,115.08,146,98,Thursday,August,0,128.89
Dairy,416.41,49,30,Saturday,January,1,416.41
Dairy,315.12,58,45,Tuesday,September,0,330.88
Frozen,484.97,96,70,Tuesday,July,0,509.22
Beverages,180.85,404,22,Monday,May,0,162.76
Bakery,331.05,88,111,Sunday,April,1,370.78
Bakery,309.49,371,84,Wednesday,August,0,324.96
Fruits,75.64,138,98,Wednesday,February,0,84.72
Dairy,37.73,354,64,Saturday,October,1,39.62
Personal Care,58.86,111,21,Wednesday,June,0,58.86
Snacks,421.69,330,10,Monday,October,0,379.52
Fruits,360.15,159,13,Saturday,March,1,324.13
Beverages,377.82,279,60,Monday,October,0,377.82
Vegetables,242.59,382,50,Wednesday,October,0,242.59
Frozen,110.3,91,48,Monday,August,0,115.81
Personal Care,398.79,95,38,Monday,May,0,398.79
Snacks,94.47,52,14,Friday,October,0,94.47
Dairy,27.37,157,49,Friday,July,0,27.37
Bakery,346.9,111,7,Thursday,January,0,312.21
Beverages,277.62,230,89,Saturday,March,1,310.93
Dairy,467.78,78,100,Monday,January,0,523.91
Household,391.92,122,51,Sunday,July,1,411.52
Beverages,44.34,185,26,Thursday,September,0,44.34
Dairy,14.89,239,61,Friday,June,0,15.63
Dairy,39.37,254,32,Tuesday,June,0,39.37
Dairy,22.74,237,28,Friday,August,0,22.74
Bakery,102.86,399,5,Saturday,August,1,92.57
Beverages,88.52,56,27,Friday,July,0,88.52
Dairy,374.19,242,114,Monday,November,0,419.09
Frozen,252.85,96,16,Monday,May,0,227.56
Household,436.37,364,100,Wednesday,December,0,458.19
Frozen,398.25,254,15,Friday,March,0,358.43
Vegetables,405.79,494,9,Thursday,January,0,365.21
Fruits,135.85,126,53,Monday,March,0,142.64
Snacks,382.19,151,110,Sunday,March,1,428.05
Beverages,186.67,48,83,Thursday,January,0,209.07
Beverages,177.74,110,117,Friday,May,0,199.07
Bakery,79.54,376,117,Saturday,December,1,89.08
Dairy,295.84,157,95,Sunday,August,1,331.34
Fruits,442.82,193,79,Monday,April,0,464.96
Beverages,216.13,321,46,Wednesday,February,0,216.13
Snacks,462.25,241,53,Monday,November,0,462.25
Fruits,305.31,154,93,Friday,January,0,341.95
Beverages,142.47,177,106,Saturday,June,1,159.57
Vegetables,181.87,196,5,Tuesday,February,0,163.68
Bakery,291.74,57,41,Friday,October,0,291.74
Bakery,93.66,221,70,Thursday,December,0,98.34
Personal Care,368.93,411,69,Thursday,May,0,368.93
Fruits,282.44,406,113,Friday,November,0,316.33
Frozen,72.18,238,49,Monday,January,0,72.18
Vegetables,267.5,160,59,Wednesday,January,0,280.88
Vegetables,377.11,225,106,Saturday,September,1,422.36
Bakery,488.59,57,74,Monday,August,0,513.02
Personal Care,313.66,291,17,Monday,July,0,282.29
Personal Care,31.37,207,74,Saturday,December,1,32.94
Vegetables,467.31,394,115,Tuesday,July,0,523.39
Beverages,418.47,403,42,Tuesday,May,0,418.47
Vegetables,141.82,224,35,Thursday,January,0,141.82
Vegetables,87.28,115,74,Friday,July,0,91.64
Household,144.42,96,19,Saturday,January,1,144.42
Beverages,42.3,86,26,Saturday,December,1,42.3
Fruits,346.3,381,19,Sunday,January,1,311.67
Household,452.3,1,113,Tuesday,April,0,506.58
Dairy,39.87,10,71,Friday,July,0,41.86
Snacks,398.71,381,92,Thursday,August,0,418.65
Snacks,300.93,314,1,Monday,September,0,270.84
Vegetables,290.15,399,73,Monday,February,0,304.66
Personal Care,68.36,409,1,Monday,October,0,61.52
Bakery,198.4,386,95,Saturday,March,1,208.32
Snacks,78.04,254,26,Thursday,December,0,70.24
Vegetables,473.08,296,94,Thursday,December,0,496.73
Dairy,200.22,278,102,Saturday,June,1,224.25
Personal Care,276.23,432,11,Sunday,September,1,248.61
Frozen,245.21,133,50,Tuesday,January,0,257.47
Dairy,21.3,306,105,Sunday,October,1,23.86
Vegetables,145.89,113,32,Thursday,February,0,145.89
Bakery,364.28,126,58,Monday,February,0,382.49
Vegetables,442.37,163,12,Saturday,October,1,398.13
Vegetables,326.42,356,34,Wednesday,September,0,293.78
Beverages,382.02,493,104,Wednesday,March,0,401.12
Dairy,102.67,134,104,Sunday,November,1,114.99
Dairy,43.52,105,42,Sunday,April,1,43.52
Personal Care,212.31,16,58,Wednesday,July,0,222.93
Personal Care,148.86,456,91,Wednesday,July,0,156.3
Frozen,226.39,367,7,Monday,January,0,203.75
Vegetables,77.59,452,83,Saturday,January,1,81.47
Beverages,356.11,277,117,Monday,December,0,398.84
Vegetables,84.58,71,84,Tuesday,September,0,94.73
Fruits,302.27,393,37,Monday,March,0,272.04
Frozen,78.96,272,45,Friday,February,0,78.96
Fruits,138.42,167,116,Tuesday,August,0,155.03
Snacks,396.94,184,82,Tuesday,July,0,416.79
Personal Care,88.29,477,29,Wednesday,August,0,79.46
Dairy,14.13,45,21,Friday,February,0,14.13
Vegetables,475.7,283,90,Wednesday,February,0,499.49
Vegetables,66.94,215,9,Saturday,March,1,60.25
Household,179.52,10,37,Saturday,July,1,188.5
Bakery,442.85,32,60,Friday,March,0,464.99
Snacks,37.14,219,53,Monday,January,0,37.14
Bakery,72.62,125,67,Tuesday,August,0,76.25
Bakery,24.52,371,113,Saturday,March,1,27.46
Snacks,491.97,66,73,Saturday,November,1,516.57
Frozen,43.64,46,17,Monday,November,0,43.64
Personal Care,473.79,367,48,Monday,August,0,473.79
Frozen,223.26,167,29,Sunday,December,1,223.26
Personal Care,162.91,372,6,Wednesday,November,0,146.62
Beverages,447.98,226,54,Tuesday,November,0,447.98
Personal Care,197.58,495,4,Monday,October,0,177.82
Bakery,173.12,4,47,Thursday,December,0,181.78
Snacks,482.38,159,63,Sunday,March,1,506.5
Personal Care,125.09,286,54,Monday,August,0,125.09
Frozen,272.03,84,41,Sunday,February,1,272.03
Beverages,414.76,343,24,Thursday,August,0,373.28
Dairy,259.6,434,54,Saturday,July,1,259.6
Household,466.62,401,52,Tuesday,March,0,466.62
Personal Care,491.95,490,119,Friday,August,0,550.98
Frozen,427.63,227,66,Sunday,May,1,449.01
Personal Care,241.92,425,11,Saturday,March,1,217.73
Dairy,323.16,186,2,Monday,July,0,290.84
Bakery,405.08,156,65,Friday,August,0,425.33
Personal Care,487.04,65,31,Wednesday,May,0,487.04
Snacks,160.72,158,93,Thursday,December,0,180.01
Frozen,278.37,486,15,Tuesday,February,0,250.53
Household,397.41,222,108,Wednesday,October,0,445.1
Household,90.18,132,74,Sunday,March,1,94.69
Dairy,485.25,338,89,Wednesday,May,0,509.51
Bakery,385.54,52,86,Saturday,October,1,431.8
Fruits,389.31,280,71,Monday,September,0,408.78
Beverages,237.16,2,110,Saturday,July,1,265.62
Snacks,160.29,173,87,Friday,May,0,168.3
Vegetables,438.47,258,104,Tuesday,December,0,491.09
Bakery,268.84,142,76,Sunday,July,1,282.28
Vegetables,21.37,208,52,Wednesday,January,0,21.37
Household,424.9,419,13,Monday,March,0,382.41
Bakery,88.89,450,48,Wednesday,April,0,88.89
Personal Care,50.31,372,24,Tuesday,January,0,45.28
Bakery,357.03,27,40,Friday,December,0,357.03
Vegetables,217.7,422,31,Thursday,March,0,195.93
Bakery,359.63,329,112,Friday,July,0,402.79
Dairy,493.85,104,21,Monday,December,0,493.85
Snacks,61.47,229,71,Sunday,October,1,64.54
Dairy,49.29,414,36,Monday,January,0,44.36
Snacks,155.93,480,61,Sunday,February,1,155.93
Snacks,62.4,354,64,Saturday,February,1,65.52
Fruits,383.34,285,54,Monday,December,0,383.34
Bakery,443.47,388,50,Tuesday,June,0,443.47
Dairy,363.66,133,13,Friday,November,0,327.29
Personal Care,424.25,326,60,Sunday,September,1,445.46
Household,434.99,472,2,Saturday,February,1,391.49
Bakery,110.96,225,44,Tuesday,June,0,110.96
Vegetables,91.17,62,3,Thursday,March,0,82.05
Vegetables,268.96,445,108,Thursday,September,0,282.41
Dairy,241.12,400,60,Friday,January,0,241.12
Snacks,239.29,485,54,Monday,July,0,239.29
Dairy,280.74,263,15,Sunday,October,1,252.67
Fruits,488.21,80,17,Tuesday,November,0,488.21
Frozen,133.14,252,100,Monday,September,0,149.12
Snacks,247.73,429,30,Monday,August,0,222.96
Frozen,284.23,55,116,Monday,March,0,318.34
Personal Care,278.04,345,93,Saturday,September,1,291.94
Household,394.35,239,111,Friday,January,0,441.67
Dairy,93.16,132,86,Sunday,May,1,104.34
Snacks,401.22,70,28,Thursday,March,0,401.22
Beverages,485.44,63,51,Friday,January,0,509.71
Frozen,305.21,391,49,Friday,June,0,305.21
Fruits,137.19,342,61,Monday,July,0,137.19
Fruits,344.3,183,9,Thursday,October,0,309.87
Bakery,130.49,436,118,Wednesday,December,0,146.15
Beverages,53.83,29,95,Monday,July,0,60.29
Personal Care,413.49,199,10,Monday,August,0,372.14
Dairy,116.62,187,6,Sunday,November,1,104.96
Vegetables,385.75,458,101,Tuesday,May,0,405.04
Snacks,354.38,356,15,Friday,September,0,318.94
Snacks,293.16,148,70,Sunday,May,1,307.82
Vegetables,42.32,13,2,Wednesday,February,0,38.09
Frozen,304.34,415,10,Sunday,January,1,273.91
Household,430.49,24,19,Monday,June,0,430.49
Bakery,194.76,369,47,Sunday,December,1,194.76
Vegetables,494.69,358,38,Thursday,December,0,494.69
Snacks,123.23,445,120,Friday,June,0,138.02
Snacks,161.83,47,12,Monday,June,0,145.65
Dairy,411.89,451,98,Wednesday,August,0,432.48
Frozen,137.19,80,63,Friday,October,0,144.05
Frozen,429.21,63,41,Thursday,April,0,429.21
Vegetables,175.11,382,98,Sunday,February,1,183.87
Beverages,277.54,40,116,Thursday,August,0,310.84
Household,405.52,69,30,Friday,June,0,405.52
Fruits,258.28,175,47,Wednesday,March,0,258.28
Frozen,428.5,328,6,Sunday,November,1,385.65
Fruits,88.78,376,50,Monday,March,0,88.78
Personal Care,395.52,223,98,Saturday,June,1,442.98
Personal Care,217.2,237,60,Tuesday,January,0,228.06
Household,41.68,53,4,Thursday,April,0,37.51
Dairy,415.19,238,16,Wednesday,July,0,373.67
Personal Care,379.8,247,69,Saturday,April,1,398.79
Fruits,335.64,32,28,Monday,August,0,335.64
Household,160.38,117,68,Monday,March,0,168.4
Fruits,155.29,38,108,Wednesday,September,0,173.92
Household,355.78,344,24,Thursday,January,0,320.2
Beverages,285.69,171,34,Sunday,July,1,285.69
Vegetables,207.39,76,115,Thursday,March,0,232.28
Vegetables,262.94,154,6,Thursday,July,0,236.65
Frozen,132.83,6,58,Saturday,July,1,139.47
Snacks,80.47,485,9,Sunday,December,1,72.42
Snacks,472.11,107,94,Friday,July,0,528.76
Fruits,214.61,71,46,Friday,March,0,225.34
Snacks,447.63,221,93,Friday,August,0,501.35
Dairy,209.15,344,89,Monday,May,0,219.61
Vegetables,460.08,268,51,Friday,November,0,460.08
Snacks,96.42,356,43,Sunday,June,1,96.42
Snacks,137.26,178,101,Monday,November,0,153.73
Vegetables,472.36,310,99,Tuesday,August,0,529.04
Snacks,293.08,381,11,Wednesday,October,0,263.77
Fruits,220.24,132,100,Monday,June,0,246.67
Snacks,344.09,378,42,Thursday,August,0,344.09
Dairy,371.01,257,77,Thursday,August,0,389.56
Household,178.69,82,56,Sunday,February,1,187.62
Dairy,128.21,401,68,Wednesday,March,0,128.21
Beverages,243.66,441,52,Saturday,March,1,243.66
Fruits,367.03,93,8,Saturday,March,1,330.33
Beverages,472.41,76,62,Monday,February,0,496.03
Bakery,419.6,426,48,Saturday,August,1,419.6
Frozen,307.31,496,63,Monday,July,0,307.31
Beverages,38.03,151,21,Friday,September,0,34.23
Household,65.87,138,108,Friday,July,0,73.77
Vegetables,124.02,192,23,Monday,July,0,111.62
Dairy,111.59,439,104,Tuesday,March,0,117.17
Dairy,450.26,383,53,Friday,September,0,450.26
Dairy,56.87,456,35,Tuesday,November,0,51.18
Frozen,141.63,425,10,Monday,July,0,127.47
Vegetables,22.38,37,58,Thursday,January,0,23.5
Snacks,405.05,42,52,Tuesday,August,0,425.3
Dairy,445.2,351,2,Monday,May,0,400.68
Snacks,112.25,212,107,Thursday,March,0,125.72
Personal Care,459.24,193,74,Tuesday,February,0,482.2
Fruits,88.36,143,101,Thursday,July,0,98.96
Snacks,458.78,3,70,Tuesday,October,0,481.72
Dairy,373.3,388,119,Wednesday,May,0,418.1
Dairy,86.57,180,79,Saturday,October,1,90.9
Vegetables,169.27,358,78,Tuesday,December,0,177.73
Snacks,72.34,359,21,Sunday,August,1,65.11
Beverages,275.05,45,21,Friday,February,0,275.05
Frozen,118.88,334,7,Wednesday,October,0,106.99
Frozen,39.15,426,56,Saturday,July,1,39.15
Fruits,203.62,170,106,Tuesday,August,0,228.05
Beverages,280.95,156,46,Tuesday,October,0,280.95
Fruits,139.74,384,81,Friday,June,0,146.73
Dairy,231.8,1,65,Sunday,September,1,243.39
Frozen,157.66,2,54,Saturday,August,1,165.54
Household,379.23,434,112,Monday,March,0,424.74
Dairy,277.36,341,92,Monday,October,0,291.23
Beverages,301.56,85,24,Sunday,February,1,301.56
Household,390.55,484,39,Sunday,April,1,351.5
Dairy,146.95,278,74,Monday,October,0,154.3
Snacks,94.94,81,45,Tuesday,April,0,94.94
Snacks,94.92,491,22,Tuesday,June,0,85.43
Bakery,29.96,415,48,Saturday,June,1,29.96
Household,428.22,31,15,Friday,December,0,428.22
Snacks,494.76,146,43,Sunday,December,1,494.76
Dairy,120.76,208,75,Friday,September,0,126.8
Vegetables,149.57,402,27,Friday,April,0,134.61
Snacks,104.45,84,38,Sunday,April,1,104.45
Frozen,460.38,304,55,Tuesday,January,0,460.38
Vegetables,23.06,289,96,Saturday,September,1,25.83
Snacks,70.0,426,101,Wednesday,May,0,73.5
Bakery,89.23,297,8,Thursday,June,0,80.31
Frozen,163.4,448,79,Friday,October,0,171.57
Beverages,476.18,61,19,Tuesday,August,0,476.18
Frozen,107.06,247,59,Wednesday,October,0,112.41
Household,146.15,34,117,Monday,July,0,163.69
Beverages,301.7,444,35,Saturday,February,1,271.53
Snacks,451.83,176,80,Sunday,February,1,474.42
Beverages,98.6,229,10,Saturday,April,1,88.74
Bakery,245.99,119,93,Thursday,March,0,275.51
Frozen,428.94,141,61,Wednesday,March,0,450.39
Vegetables,318.48,205,33,Thursday,February,0,318.48
Beverages,353.6,456,80,Thursday,February,0,371.28
Fruits,406.24,118,4,Monday,October,0,365.62
Beverages,333.32,451,69,Wednesday,June,0,333.32
Beverages,142.54,98,22,Saturday,February,1,142.54
Bakery,183.38,118,111,Wednesday,June,0,205.39
Dairy,165.72,139,27,Saturday,March,1,165.72
Bakery,295.12,54,39,Tuesday,November,0,295.12
Dairy,263.54,227,63,Friday,August,0,276.72
Beverages,137.85,310,17,Wednesday,December,0,124.06
Personal Care,431.39,79,12,Friday,September,0,388.25
Snacks,357.02,131,81,Sunday,November,1,399.86
Household,353.2,277,102,Monday,October,0,395.58
Beverages,370.62,497,1,Wednesday,September,0,333.56
Fruits,251.39,221,64,Saturday,July,1,263.96
Snacks,481.2,451,31,Sunday,March,1,433.08
Vegetables,220.7,49,46,Sunday,October,1,231.73
Dairy,91.31,240,92,Friday,November,0,95.88
Personal Care,480.42,141,8,Friday,June,0,432.38
Vegetables,394.95,184,95,Friday,September,0,442.34
Snacks,416.48,278,22,Sunday,June,1,374.83
Frozen,358.19,245,18,Thursday,March,0,322.37
Dairy,372.43,137,51,Thursday,March,0,391.05
Beverages,187.58,474,28,Sunday,November,1,168.82
Household,371.19,42,101,Friday,July,0,415.73
Beverages,282.17,89,24,Sunday,June,1,282.17
Dairy,379.94,274,24,Wednesday,December,0,341.95
Frozen,92.32,453,39,Thursday,March,0,83.09
Vegetables,211.48,302,98,Wednesday,March,0,236.86
Dairy,54.41,485,22,Sunday,March,1,48.97
Snacks,461.81,45,37,Friday,October,0,461.81
Beverages,301.07,404,2,Friday,December,0,270.96
Frozen,203.27,426,89,Thursday,January,0,213.43
Beverages,210.86,1,34,Sunday,June,1,210.86
Dairy,481.81,185,56,Tuesday,March,0,505.9
Bakery,243.83,146,83,Monday,January,0,256.02
Snacks,311.12,26,95,Sunday,February,1,348.45
Snacks,130.35,391,26,Friday,October,0,117.31
Beverages,75.89,153,108,Thursday,February,0,85.0
Bakery,475.32,114,49,Sunday,January,1,499.09
Dairy,215.74,11,120,Friday,March,0,241.63
Fruits,248.07,20,42,Thursday,May,0,260.47
Frozen,64.34,351,96,Thursday,January,0,67.56
Fruits,488.05,446,17,Thursday,May,0,439.25
Snacks,357.27,366,46,Monday,January,0,357.27
Household,121.85,89,26,Wednesday,July,0,121.85
Bakery,227.9,218,85,Tuesday,April,0,239.3
Bakery,110.74,445,114,Tuesday,July,0,124.03
Bakery,16.09,480,102,Friday,May,0,16.89
Personal Care,359.15,495,56,Wednesday,March,0,359.15
Snacks,360.55,200,45,Wednesday,May,0,360.55
Bakery,458.54,101,59,Tuesday,August,0,481.47
Fruits,332.66,199,67,Wednesday,August,0,349.29
Frozen,448.2,386,5,Thursday,December,0,403.38
Snacks,397.12,310,38,Tuesday,October,0,397.12
Dairy,411.21,451,55,Sunday,February,1,411.21
Fruits,170.62,175,13,Friday,September,0,153.56
Fruits,19.69,45,107,Sunday,August,1,22.05
Snacks,94.49,358,24,Monday,March,0,85.04
Personal Care,284.58,228,40,Wednesday,May,0,284.58
Bakery,386.61,87,29,Wednesday,June,0,386.61
Frozen,392.64,408,26,Friday,July,0,353.38
Personal Care,229.83,390,2,Tuesday,June,0,206.85
Personal Care,388.63,190,96,Tuesday,July,0,435.27
Beverages,214.83,291,6,Wednesday,December,0,193.35
Fruits,94.75,265,56,Saturday,December,1,99.49
Personal Care,40.98,7,1,Friday,June,0,36.88
Snacks,255.42,173,81,Wednesday,August,0,268.19
Personal Care,95.45,201,93,Wednesday,April,0,106.9
Household,392.31,309,3,Sunday,January,1,353.08
Snacks,243.71,40,34,Saturday,July,1,243.71
Dairy,159.32,434,83,Saturday,July,1,167.29
Bakery,153.86,234,65,Friday,May,0,161.55
Personal Care,114.02,27,51,Saturday,July,1,119.72
Bakery,275.69,232,108,Saturday,June,1,308.77
Frozen,135.64,213,109,Thursday,March,0,151.92
Frozen,379.96,207,71,Sunday,February,1,398.96
Household,332.97,452,89,Monday,September,0,349.62
Household,410.07,383,78,Friday,January,0,430.57
Dairy,83.08,244,119,Saturday,March,1,93.05
Bakery,15.44,265,40,Wednesday,January,0,15.44
Fruits,328.41,429,72,Thursday,January,0,328.41
Personal Care,488.38,187,53,Sunday,July,1,512.8
Dairy,175.36,19,30,Saturday,April,1,175.36
Fruits,140.83,218,76,Friday,April,0,147.87
Snacks,23.25,248,83,Thursday,November,0,24.41
Snacks,20.9,208,61,Saturday,February,1,21.95
Vegetables,467.18,94,95,Tuesday,July,0,523.24
Frozen,445.05,244,117,Friday,November,0,498.46
Personal Care,390.29,315,3,Sunday,September,1,351.26
Fruits,258.96,260,56,Wednesday,April,0,258.96
Vegetables,382.36,347,77,Sunday,January,1,401.48
Frozen,240.66,106,74,Thursday,April,0,252.69
Personal Care,343.07,87,90,Friday,December,0,384.24
Vegetables,380.41,205,4,Saturday,June,1,342.37
Household,425.6,433,86,Saturday,May,1,446.88
Beverages,78.11,61,89,Thursday,January,0,87.48
Personal Care,327.48,288,55,Sunday,December,1,327.48
Bakery,277.08,206,88,Saturday,August,1,310.33
Dairy,209.5,106,24,Sunday,January,1,209.5
Bakery,207.09,84,74,Saturday,January,1,217.44
Fruits,103.91,415,75,Friday,March,0,109.11
Vegetables,421.26,42,87,Friday,September,0,471.81
Beverages,250.36,288,20,Thursday,December,0,225.32
Household,483.23,394,27,Sunday,April,1,434.91
Fruits,54.31,378,118,Monday,September,0,60.83
Frozen,412.96,158,79,Wednesday,March,0,433.61
Frozen,297.78,81,4,Tuesday,December,0,268.0
Vegetables,346.61,341,31,Monday,November,0,311.95
Snacks,479.24,155,88,Saturday,October,1,536.75
Dairy,65.35,184,100,Friday,October,0,73.19
Frozen,230.32,195,77,Tuesday,February,0,241.84
Household,411.57,225,25,Monday,June,0,370.41
Personal Care,498.15,272,21,Wednesday,April,0,448.33
Vegetables,457.11,381,100,Wednesday,November,0,479.97
Snacks,407.74,358,19,Sunday,December,1,366.97
Bakery,238.3,276,15,Thursday,August,0,214.47
Vegetables,431.42,3,50,Saturday,July,1,452.99
Personal Care,335.03,348,15,Wednesday,November,0,301.53
Vegetables,294.15,387,98,Monday,February,0,308.86
Frozen,328.74,130,113,Sunday,October,1,368.19
Beverages,451.61,335,66,Monday,June,0,474.19
Dairy,107.86,230,100,Monday,February,0,120.8
Fruits,36.66,307,20,Thursday,November,0,32.99
Personal Care,30.84,451,7,Tuesday,January,0,27.76
Vegetables,318.26,17,67,Saturday,February,1,334.17
Fruits,88.07,77,68,Tuesday,October,0,92.47
Frozen,279.63,334,112,Sunday,May,1,313.19
Personal Care,422.8,168,97,Monday,November,0,473.54
Dairy,234.25,265,65,Saturday,October,1,245.96
Household,476.19,95,83,Saturday,August,1,533.33
Personal Care,53.52,215,70,Monday,July,0,56.2
Bakery,362.42,453,115,Thursday,February,0,405.91
Beverages,401.91,208,51,Tuesday,January,0,401.91
Vegetables,26.22,69,108,Monday,April,0,29.37
Bakery,233.58,326,97,Sunday,March,1,261.61
Frozen,105.36,462,113,Wednesday,May,0,118.0
Personal Care,116.99,412,77,Thursday,November,0,122.84
Beverages,324.54,172,67,Saturday,August,1,340.77
Dairy,49.8,6,95,Saturday,May,1,55.78
Beverages,156.15,337,113,Wednesday,April,0,174.89
Frozen,302.37,300,12,Tuesday,April,0,272.13
Fruits,188.47,5,24,Friday,May,0,188.47
Fruits,208.48,418,119,Saturday,January,1,233.5
Snacks,308.92,333,98,Thursday,January,0,324.37
Beverages,459.96,151,32,Thursday,June,0,459.96
Beverages,423.79,457,89,Wednesday,January,0,444.98
Household,183.88,358,98,Thursday,May,0,193.07
Vegetables,379.41,359,69,Sunday,August,1,398.38
Household,391.65,143,87,Monday,April,0,438.65
Frozen,415.26,140,108,Friday,September,0,465.09
Beverages,68.24,448,92,Friday,August,0,71.65
Fruits,131.9,190,36,Saturday,July,1,131.9
Frozen,84.61,102,17,Tuesday,July,0,76.15
Dairy,196.77,414,60,Friday,October,0,196.77
Vegetables,209.8,300,10,Tuesday,June,0,188.82
Personal Care,287.8,249,117,Sunday,November,1,322.34
Beverages,76.1,26,33,Tuesday,October,0,76.1
Vegetables,199.61,85,53,Friday,October,0,209.59
Beverages,15.43,214,51,Monday,August,0,15.43
Frozen,96.69,457,45,Thursday,October,0,96.69
Beverages,298.11,378,78,Sunday,December,1,313.02
Vegetables,131.49,165,97,Friday,December,0,147.27
Fruits,433.93,205,72,Friday,August,0,455.63
Fruits,230.96,96,48,Sunday,July,1,242.51
Dairy,157.54,127,33,Friday,March,0,157.54
Dairy,266.4,444,104,Wednesday,October,0,279.72
Snacks,56.87,103,78,Friday,December,0,59.71
Snacks,488.26,307,11,Tuesday,March,0,439.43
Frozen,14.82,3,115,Monday,May,0,16.6
Personal Care,34.34,338,90,Thursday,July,0,36.06
Beverages,421.64,371,96,Monday,May,0,442.72
Snacks,427.92,446,37,Saturday,October,1,385.13
Bakery,116.69,61,3,Tuesday,September,0,105.02
Fruits,167.48,462,82,Sunday,September,1,175.85
Fruits,74.87,303,79,Friday,July,0,78.61
Household,418.08,197,39,Tuesday,December,0,418.08
Beverages,155.46,6,43,Friday,December,0,163.23
Beverages,37.25,94,30,Wednesday,April,0,37.25
Dairy,289.41,249,55,Thursday,October,0,289.41
Bakery,314.97,134,72,Friday,July,0,330.72
Beverages,458.53,292,106,Sunday,September,1,513.55
Dairy,328.03,439,48,Thursday,September,0,328.03
Beverages,440.88,44,61,Saturday,June,1,462.92
Snacks,317.69,2,58,Friday,July,0,333.57
Frozen,59.25,270,56,Friday,June,0,59.25
Fruits,84.94,392,84,Saturday,November,1,89.19
Personal Care,426.29,4,40,Tuesday,May,0,426.29
Fruits,136.24,364,21,Wednesday,April,0,122.62
Bakery,331.76,247,85,Friday,June,0,348.35
Frozen,57.5,27,64,Thursday,August,0,60.38
Snacks,324.76,38,64,Wednesday,January,0,341.0
Snacks,215.33,388,74,Sunday,November,1,226.1
Beverages,483.34,76,89,Wednesday,October,0,541.34
Bakery,299.49,265,62,Tuesday,April,0,314.46
Fruits,29.75,153,94,Tuesday,May,0,33.32
Personal Care,144.78,230,37,Friday,October,0,144.78
Dairy,392.07,253,56,Monday,August,0,392.07
Vegetables,213.83,66,100,Tuesday,June,0,239.49
Bakery,462.27,454,1,Saturday,August,1,416.04
Frozen,167.46,399,97,Friday,February,0,175.83
Fruits,318.64,471,89,Friday,June,0,334.57
Bakery,246.83,123,85,Tuesday,September,0,276.45
Household,48.44,181,50,Tuesday,May,0,48.44
Dairy,306.46,38,72,Sunday,June,1,321.78
Vegetables,10.71,178,70,Saturday,February,1,11.25
Bakery,167.27,428,58,Wednesday,May,0,167.27
Frozen,337.85,128,78,Saturday,February,1,354.74
Frozen,32.98,252,106,Thursday,January,0,36.94
Dairy,149.68,301,32,Sunday,January,1,149.68
Personal Care,166.28,160,16,Friday,May,0,149.65
Dairy,497.29,128,78,Sunday,December,1,522.15
Vegetables,83.31,42,103,Friday,January,0,93.31
Snacks,298.4,202,99,Tuesday,December,0,334.21
Dairy,126.89,191,118,Sunday,September,1,142.12
Vegetables,205.68,486,36,Saturday,December,1,185.11
Dairy,333.44,274,70,Monday,March,0,350.11
Frozen,167.63,312,90,Wednesday,February,0,176.01
Frozen,148.42,224,91,Friday,April,0,155.84
Snacks,363.96,176,93,Thursday,March,0,407.64
Snacks,37.19,98,78,Thursday,May,0,39.05
Personal Care,426.5,258,117,Friday,January,0,477.68
Frozen,248.82,259,93,Friday,September,0,261.26
Fruits,496.28,22,77,Tuesday,January,0,555.83
Bakery,303.75,315,12,Friday,December,0,273.38
Personal Care,434.17,41,12,Tuesday,November,0,390.75
Beverages,407.27,194,13,Monday,June,0,366.54
Vegetables,145.08,174,72,Monday,June,0,152.33
Beverages,402.17,124,24,Saturday,February,1,402.17
Bakery,301.06,207,5,Wednesday,August,0,270.95
Beverages,81.9,161,29,Friday,August,0,81.9
Dairy,243.26,488,35,Wednesday,December,0,218.93
Personal Care,155.17,372,90,Sunday,January,1,162.93
Vegetables,342.66,348,99,Tuesday,November,0,359.79
Snacks,49.16,385,9,Wednesday,July,0,44.24
Bakery,413.21,294,44,Saturday,April,1,413.21
Personal Care,216.4,406,63,Sunday,July,1,216.4
Frozen,74.81,209,24,Tuesday,June,0,67.33
Frozen,462.2,187,30,Monday,March,0,462.2
Frozen,46.1,274,39,Monday,March,0,46.1
Household,248.22,285,117,Thursday,January,0,278.01
Snacks,454.36,265,52,Monday,June,0,454.36
Dairy,202.75,22,51,Thursday,April,0,212.89
Frozen,416.33,190,6,Tuesday,December,0,374.7
Vegetables,444.68,45,83,Saturday,July,1,498.04
Personal Care,420.34,320,70,Friday,February,0,441.36
Dairy,431.19,301,6,Friday,February,0,388.07
Beverages,38.76,380,31,Saturday,January,1,34.88
Beverages,188.77,12,78,Wednesday,June,0,211.42
Beverages,347.39,393,59,Sunday,June,1,347.39
Fruits,351.1,188,30,Sunday,February,1,351.1
Beverages,484.9,22,7,Friday,December,0,436.41
Vegetables,220.89,69,111,Thursday,June,0,247.4
Fruits,467.88,339,42,Wednesday,May,0,467.88
Beverages,31.48,147,96,Friday,October,0,35.26
Personal Care,349.81,474,43,Tuesday,September,0,314.83
Bakery,70.93,9,81,Friday,February,0,79.44
Vegetables,301.67,179,81,Wednesday,September,0,316.75
Snacks,148.86,430,109,Wednesday,June,0,166.72
Frozen,490.37,81,111,Tuesday,October,0,549.21
Household,83.21,253,79,Thursday,January,0,87.37
Household,352.71,195,2,Tuesday,July,0,317.44
Bakery,407.32,431,18,Wednesday,September,0,366.59
Frozen,24.94,6,38,Thursday,November,0,24.94
Beverages,381.31,462,118,Thursday,January,0,427.07
Beverages,106.4,410,9,Wednesday,September,0,95.76
Household,23.31,192,26,Saturday,January,1,23.31
Bakery,226.2,348,93,Saturday,February,1,237.51
Frozen,253.55,49,41,Thursday,January,0,253.55
Household,268.01,293,8,Wednesday,March,0,241.21
Beverages,135.27,39,27,Tuesday,October,0,135.27
Household,160.72,291,34,Monday,December,0,160.72
Frozen,484.63,375,96,Wednesday,April,0,508.86
Bakery,343.2,164,89,Thursday,October,0,384.38
Dairy,166.47,236,16,Friday,December,0,149.82
Bakery,381.65,478,68,Saturday,October,1,381.65
Vegetables,204.95,494,96,Wednesday,December,0,215.2
Frozen,294.56,220,43,Thursday,February,0,294.56
Vegetables,125.18,452,42,Saturday,October,1,125.18
Fruits,139.28,344,72,Thursday,July,0,146.24
Vegetables,477.87,192,88,Thursday,January,0,501.76
Beverages,485.58,382,89,Thursday,August,0,509.86
Bakery,275.61,126,110,Monday,November,0,308.68
Bakery,286.19,84,4,Friday,June,0,257.57
Frozen,249.55,112,25,Sunday,March,1,249.55
Fruits,114.22,350,18,Tuesday,October,0,102.8
Frozen,151.66,21,24,Sunday,September,1,151.66
Beverages,167.86,391,21,Sunday,July,1,151.07
Fruits,194.27,441,76,Saturday,March,1,203.98
Personal Care,91.02,243,118,Tuesday,October,0,101.94
Beverages,119.68,274,112,Wednesday,November,0,134.04
Beverages,32.9,123,88,Tuesday,January,0,36.85
Bakery,133.17,1,9,Thursday,October,0,119.85
Snacks,121.7,409,23,Friday,May,0,109.53
Personal Care,77.77,493,39,Thursday,November,0,69.99
Bakery,306.28,269,20,Friday,January,0,275.65
Fruits,172.39,165,111,Monday,June,0,193.08
Personal Care,348.12,65,115,Thursday,January,0,389.89
Fruits,168.57,292,89,Friday,October,0,177.0
Bakery,108.85,492,29,Monday,January,0,97.97
Dairy,361.14,202,101,Wednesday,April,0,404.48
Snacks,339.98,95,100,Sunday,July,1,380.78
Beverages,457.67,253,58,Thursday,August,0,457.67
Snacks,109.84,39,54,Saturday,September,1,115.33
Dairy,477.92,206,119,Wednesday,December,0,535.27
Fruits,23.86,411,57,Monday,April,0,23.86
Vegetables,187.14,122,49,Sunday,January,1,196.5
Household,311.04,87,80,Friday,May,0,326.59
Beverages,318.79,44,94,Sunday,January,1,357.04
Fruits,397.63,153,94,Monday,March,0,445.35
Fruits,142.42,346,83,Sunday,July,1,149.54
Fruits,392.94,188,65,Tuesday,July,0,412.59
Fruits,215.92,191,73,Monday,July,0,226.72
Beverages,16.76,21,32,Saturday,July,1,16.76
Snacks,404.38,340,46,Saturday,July,1,404.38
Personal Care,473.47,374,10,Wednesday,October,0,426.12
Fruits,140.96,305,63,Saturday,October,1,148.01
Snacks,61.2,474,28,Friday,December,0,55.08
Fruits,376.8,430,70,Saturday,May,1,395.64
Bakery,136.27,468,91,Friday,July,0,143.08
Dairy,298.75,318,114,Wednesday,June,0,334.6
Dairy,434.72,306,90,Sunday,November,1,456.46
Snacks,80.03,214,100,Sunday,July,1,89.63
Personal Care,116.07,68,96,Tuesday,October,0,130.0
Personal Care,447.66,52,17,Monday,March,0,447.66
Vegetables,297.0,479,113,Friday,November,0,332.64
Bakery,333.66,467,14,Wednesday,October,0,300.29
Personal Care,285.57,174,30,Wednesday,January,0,285.57
Dairy,352.9,94,88,Thursday,July,0,395.25
Beverages,77.36,99,105,Friday,September,0,86.64
Personal Care,470.13,154,23,Sunday,November,1,470.13
Beverages,177.09,367,60,Saturday,September,1,177.09
Fruits,41.46,263,100,Friday,September,0,46.44
Beverages,455.41,66,27,Thursday,September,0,455.41
Vegetables,327.98,30,43,Saturday,September,1,344.38
Personal Care,43.02,268,7,Thursday,December,0,38.72
Bakery,493.85,103,90,Saturday,May,1,553.11
Household,206.4,240,96,Friday,October,0,231.17
Vegetables,486.51,496,35,Thursday,January,0,437.86
Household,262.5,352,57,Friday,May,0,262.5
Frozen,104.47,348,70,Tuesday,January,0,109.69
Fruits,85.54,203,103,Monday,January,0,95.8
Vegetables,39.08,451,19,Thursday,February,0,35.17
Frozen,206.38,4,13,Thursday,June,0,206.38
Household,451.43,376,58,Saturday,September,1,451.43
Frozen,476.03,170,64,Saturday,September,1,499.83
Frozen,168.01,385,98,Wednesday,August,0,176.41
Household,58.94,495,23,Wednesday,August,0,53.05
Frozen,144.55,4,7,Thursday,September,0,130.1
Fruits,175.41,403,104,Thursday,September,0,184.18
Beverages,152.67,30,46,Monday,July,0,160.3
Frozen,182.92,167,14,Tuesday,March,0,164.63
Personal Care,432.17,134,9,Sunday,September,1,388.95
Fruits,467.15,3,19,Sunday,April,1,467.15
Snacks,269.35,468,69,Thursday,January,0,269.35
Vegetables,390.01,429,41,Sunday,August,1,390.01
Dairy,367.79,232,3,Tuesday,July,0,331.01
Snacks,32.34,319,39,Sunday,May,1,32.34
Beverages,458.99,263,83,Thursday,January,0,481.94
Beverages,32.16,356,43,Saturday,January,1,32.16
Vegetables,309.62,274,29,Monday,October,0,278.66
Personal Care,375.89,109,35,Saturday,October,1,375.89
Dairy,296.1,222,82,Monday,October,0,310.91
Fruits,302.22,445,109,Sunday,October,1,338.49
Fruits,76.12,140,44,Tuesday,September,0,76.12
Personal Care,63.66,186,50,Friday,May,0,63.66
Vegetables,16.46,163,118,Monday,August,0,18.44
Snacks,183.43,395,49,Sunday,December,1,183.43
Fruits,156.59,261,2,Friday,June,0,140.93
Fruits,323.71,489,29,Friday,May,0,291.34
Dairy,445.25,300,107,Saturday,September,1,498.68
Dairy,78.77,222,1,Tuesday,December,0,70.89
Personal Care,142.43,334,112,Sunday,January,1,159.52
Snacks,485.03,182,117,Friday,October,0,543.23
Beverages,172.74,144,79,Sunday,January,1,181.38
Fruits,103.69,160,20,Monday,April,0,93.32
Bakery,286.13,226,86,Thursday,August,0,300.44
Personal Care,270.97,236,47,Friday,June,0,270.97
Bakery,331.59,35,66,Thursday,December,0,348.17
Personal Care,496.78,352,67,Saturday,March,1,521.62
Snacks,11.81,268,97,Saturday,March,1,13.23
Household,395.49,267,112,Thursday,December,0,442.95
Vegetables,404.93,142,14,Friday,July,0,364.44
Beverages,129.9,393,29,Tuesday,July,0,116.91
Dairy,371.05,185,93,Friday,July,0,415.58
Personal Care,91.22,216,108,Thursday,May,0,102.17
Vegetables,112.8,435,57,Tuesday,December,0,112.8
Dairy,198.14,94,108,Friday,April,0,221.92
Bakery,192.05,416,68,Sunday,February,1,201.65
Fruits,275.03,77,38,Sunday,March,1,275.03
Frozen,413.43,421,44,Friday,May,0,413.43
Frozen,315.2,304,108,Monday,July,0,353.02
Beverages,125.43,236,93,Tuesday,April,0,140.48
Fruits,68.33,320,65,Friday,January,0,71.75
Beverages,443.11,117,61,Saturday,October,1,465.27
Dairy,27.6,417,102,Sunday,July,1,30.91
Household,413.72,447,103,Saturday,September,1,434.41
Fruits,37.26,455,71,Wednesday,August,0,37.26
Fruits,294.65,361,34,Monday,November,0,265.19
Fruits,216.15,161,41,Tuesday,October,0,216.15
Vegetables,47.92,420,113,Sunday,September,1,53.67
Vegetables,315.91,21,108,Thursday,December,0,353.82
Snacks,236.76,34,46,Friday,February,0,248.6
Household,252.12,30,72,Friday,May,0,264.73
Household,259.86,312,98,Saturday,November,1,291.04
Frozen,92.15,424,71,Tuesday,September,0,92.15
Personal Care,279.74,227,53,Tuesday,September,0,279.74
Dairy,432.01,492,3,Saturday,August,1,388.81
Frozen,48.84,122,76,Thursday,November,0,51.28
Bakery,98.4,480,81,Sunday,November,1,103.32
Dairy,319.7,171,95,Monday,September,0,358.06
Vegetables,58.89,476,73,Saturday,September,1,61.83
Vegetables,325.35,434,84,Sunday,February,1,341.62
Vegetables,385.84,418,104,Monday,November,0,405.13
Fruits,13.45,206,50,Saturday,October,1,13.45
Dairy,437.81,25,59,Friday,March,0,459.7
Snacks,245.71,76,76,Friday,March,0,258.0
Frozen,281.11,458,30,Tuesday,May,0,253.0
Vegetables,334.75,435,56,Saturday,May,1,334.75
Fruits,461.45,125,92,Wednesday,January,0,516.82
Frozen,250.51,236,66,Friday,July,0,263.04
Vegetables,393.64,443,29,Tuesday,June,0,354.28
Household,348.35,7,103,Thursday,August,0,390.15
Snacks,372.47,393,22,Sunday,November,1,335.22
Snacks,59.07,169,44,Saturday,January,1,59.07
Household,225.59,464,5,Wednesday,March,0,203.03
Bakery,267.15,317,78,Saturday,December,1,280.51
Snacks,263.12,364,106,Wednesday,May,0,294.69
Dairy,162.48,261,69,Tuesday,February,0,170.6
Bakery,162.57,158,114,Thursday,January,0,182.08
Bakery,378.75,480,30,Saturday,June,1,340.88
Dairy,107.24,275,57,Monday,June,0,107.24
Frozen,411.38,398,69,Friday,February,0,411.38
Dairy,295.56,225,113,Sunday,August,1,331.03
Fruits,273.49,448,113,Tuesday,April,0,306.31
Personal Care,404.11,322,35,Wednesday,July,0,404.11
Vegetables,153.04,211,61,Friday,May,0,160.69
Dairy,458.34,119,105,Sunday,July,1,513.34
Frozen,477.35,417,3,Monday,July,0,429.62
Snacks,469.44,314,41,Thursday,April,0,469.44
Fruits,257.96,107,112,Monday,June,0,288.92
Fruits,189.37,362,118,Tuesday,October,0,212.09
Beverages,334.65,120,14,Friday,July,0,301.19
Vegetables,389.27,107,91,Monday,March,0,435.98
Bakery,172.4,189,118,Saturday,November,1,193.09
Personal Care,324.84,421,30,Tuesday,March,0,292.36
Personal Care,54.33,438,95,Wednesday,February,0,57.05
Vegetables,180.01,379,33,Friday,April,0,162.01
Frozen,400.58,13,60,Tuesday,May,0,420.61
Personal Care,399.41,434,61,Saturday,May,1,399.41
Frozen,96.58,63,45,Saturday,November,1,101.41
Household,276.94,333,11,Saturday,August,1,249.25
Personal Care,372.95,473,119,Friday,February,0,417.7
Frozen,41.18,2,44,Monday,March,0,43.24
Beverages,47.69,341,13,Thursday,October,0,42.92
Vegetables,45.18,428,37,Monday,April,0,40.66
Personal Care,420.51,342,62,Thursday,December,0,420.51
Dairy,355.56,131,105,Friday,April,0,398.23
Fruits,407.32,148,4,Saturday,March,1,366.59
Beverages,272.65,148,86,Saturday,April,1,305.37
Snacks,387.62,15,104,Tuesday,July,0,434.13
Household,484.93,384,4,Friday,December,0,436.44
Frozen,356.47,96,15,Friday,April,0,320.82
Frozen,194.78,236,16,Friday,December,0,175.3
Frozen,495.07,212,56,Monday,January,0,519.82
Beverages,498.72,383,51,Tuesday,May,0,498.72
Beverages,407.54,472,5,Tuesday,March,0,366.79
Beverages,343.22,113,35,Friday,October,0,343.22
Vegetables,29.41,461,27,Saturday,August,1,26.47
Frozen,281.33,457,54,Thursday,June,0,281.33
Dairy,55.96,443,58,Friday,February,0,55.96
Household,83.36,156,36,Sunday,July,1,83.36
Bakery,144.43,14,79,Tuesday,April,0,161.76
Snacks,390.66,180,9,Thursday,May,0,351.59
Frozen,454.9,223,113,Wednesday,March,0,509.49
Frozen,408.64,57,71,Thursday,April,0,429.07
Fruits,378.29,195,28,Monday,October,0,378.29
Household,370.18,330,49,Friday,November,0,370.18
Household,184.45,389,21,Saturday,March,1,166.0
Fruits,345.8,193,109,Wednesday,February,0,387.3
Personal Care,307.85,14,28,Sunday,September,1,307.85
Household,11.22,92,96,Sunday,June,1,12.57
Household,41.14,370,27,Sunday,May,1,37.03
Personal Care,463.43,131,113,Friday,July,0,519.04
Fruits,78.93,274,117,Friday,April,0,88.4
Dairy,157.34,387,31,Tuesday,February,0,141.61
Personal Care,463.32,142,49,Saturday,December,1,486.49
Bakery,193.16,247,38,Friday,April,0,193.16
Beverages,185.22,59,34,Saturday,October,1,185.22
Fruits,267.73,239,76,Sunday,June,1,281.12
Snacks,41.13,448,89,Monday,May,0,43.19
Dairy,295.75,147,32,Thursday,August,0,295.75
Frozen,218.21,264,25,Monday,December,0,196.39
Vegetables,404.15,258,7,Monday,February,0,363.74
Vegetables,245.41,125,11,Wednesday,April,0,220.87
Bakery,169.04,481,9,Wednesday,April,0,152.14
Frozen,245.88,212,22,Saturday,February,1,245.88
Dairy,248.08,281,10,Friday,August,0,223.27
Bakery,32.22,344,52,Saturday,September,1,32.22
Household,217.39,66,43,Sunday,August,1,228.26
Dairy,209.21,281,84,Sunday,January,1,219.67
Beverages,433.23,421,75,Saturday,April,1,454.89
Snacks,463.0,370,10,Wednesday,May,0,416.7
Beverages,356.3,101,2,Thursday,January,0,320.67
Dairy,100.5,28,24,Friday,July,0,100.5
Household,488.64,354,43,Saturday,January,1,488.64
Household,458.6,71,22,Wednesday,December,0,458.6
Bakery,56.96,404,20,Monday,July,0,51.26
Frozen,245.4,53,41,Monday,May,0,245.4
Household,371.88,290,19,Monday,February,0,334.69
Frozen,217.96,128,27,Sunday,December,1,217.96
Vegetables,78.92,70,110,Tuesday,May,0,88.39
Dairy,25.44,164,30,Sunday,October,1,25.44
Beverages,100.25,91,7,Wednesday,July,0,90.23
Beverages,330.96,49,85,Saturday,October,1,370.68
Dairy,426.66,59,98,Tuesday,May,0,477.86
Vegetables,160.31,115,74,Monday,April,0,168.33
Snacks,324.45,187,24,Friday,July,0,292.0
Bakery,400.34,82,32,Saturday,October,1,400.34
Personal Care,174.41,441,53,Saturday,May,1,174.41
Household,71.86,156,24,Friday,July,0,71.86
Personal Care,388.53,153,79,Thursday,July,0,407.96
Dairy,94.9,299,66,Thursday,July,0,99.65
Snacks,141.14,382,7,Saturday,October,1,127.03
Household,131.28,385,59,Saturday,November,1,131.28
Fruits,316.3,444,106,Tuesday,May,0,332.12
Vegetables,322.12,185,23,Friday,August,0,289.91
Snacks,184.54,428,100,Monday,June,0,193.77
Beverages,498.67,492,52,Wednesday,June,0,498.67
Bakery,141.08,392,115,Thursday,March,0,158.01
Household,395.89,447,82,Friday,January,0,415.68
Frozen,214.08,54,35,Thursday,June,0,214.08
Snacks,132.11,435,75,Saturday,June,1,138.72
Beverages,151.39,227,100,Wednesday,July,0,169.56
Frozen,362.64,342,30,Wednesday,April,0,326.38
Vegetables,294.47,353,90,Thursday,March,0,309.19
Vegetables,445.23,383,32,Tuesday,May,0,400.71
Snacks,439.94,363,97,Thursday,August,0,461.94
Beverages,155.93,174,61,Monday,March,0,163.73
Fruits,433.07,358,120,Thursday,April,0,485.04
Vegetables,466.3,166,35,Tuesday,November,0,466.3
Personal Care,211.3,169,65,Saturday,July,1,221.87
Snacks,337.69,14,53,Sunday,February,1,354.57
Frozen,368.06,76,38,Friday,August,0,368.06
Snacks,311.8,386,114,Sunday,September,1,349.22
Bakery,213.49,182,111,Tuesday,November,0,239.11
Vegetables,50.82,202,115,Sunday,September,1,56.92
Snacks,350.37,46,4,Tuesday,January,0,315.33
Fruits,405.14,243,17,Thursday,January,0,364.63
Fruits,348.66,397,107,Sunday,January,1,390.5
Bakery,144.2,315,55,Sunday,August,1,144.2
Vegetables,452.88,10,72,Tuesday,July,0,475.52
Personal Care,291.18,61,17,Monday,May,0,291.18
Frozen,394.04,304,99,Wednesday,August,0,441.32
Frozen,100.13,329,36,Sunday,March,1,100.13
Beverages,200.41,360,38,Wednesday,July,0,200.41
Snacks,459.41,98,77,Monday,August,0,482.38
Beverages,376.55,300,111,Sunday,October,1,421.74
Personal Care,15.56,203,106,Friday,May,0,17.43
Vegetables,424.78,41,86,Monday,March,0,475.75
Frozen,354.23,197,92,Wednesday,October,0,396.74
Fruits,53.33,210,58,Saturday,January,1,56.0
Frozen,344.14,282,29,Tuesday,June,0,309.73
Snacks,304.04,17,14,Thursday,February,0,304.04
Beverages,181.45,396,74,Monday,February,0,190.52
Frozen,390.27,127,73,Friday,May,0,409.78
Dairy,383.1,42,25,Tuesday,April,0,383.1
Personal Care,486.31,111,61,Saturday,July,1,510.63
Fruits,331.83,106,88,Wednesday,September,0,371.65
Bakery,147.91,423,73,Friday,December,0,155.31
Personal Care,53.42,32,10,Sunday,July,1,53.42
Fruits,304.24,20,10,Wednesday,September,0,273.82
Bakery,60.83,6,37,Friday,November,0,60.83
Bakery,388.11,25,109,Wednesday,November,0,434.68
Beverages,447.88,20,20,Friday,September,0,447.88
Frozen,428.08,475,16,Thursday,September,0,385.27
Dairy,376.51,38,113,Friday,October,0,421.69
Dairy,130.76,74,16,Sunday,April,1,130.76
Personal Care,255.95,381,120,Wednesday,May,0,286.66
Vegetables,137.96,80,8,Tuesday,June,0,124.16
Snacks,46.6,32,90,Thursday,October,0,52.19
Bakery,247.98,481,119,Friday,February,0,277.74
Snacks,461.18,196,8,Monday,June,0,415.06
Fruits,58.45,360,114,Monday,August,0,65.46
Bakery,109.61,70,101,Saturday,February,1,122.76
Personal Care,463.85,419,3,Tuesday,May,0,417.47
Fruits,337.81,3,21,Friday,September,0,337.81
Bakery,151.77,62,17,Sunday,September,1,151.77
Fruits,427.03,154,41,Tuesday,August,0,427.03
Bakery,388.58,312,28,Thursday,August,0,349.72
Vegetables,190.57,195,38,Sunday,July,1,190.57
Snacks,306.55,123,71,Sunday,February,1,321.88
Dairy,459.81,256,39,Friday,February,0,459.81
Frozen,69.84,296,37,Tuesday,April,0,69.84
Beverages,68.3,146,113,Monday,February,0,76.5
Snacks,50.38,172,28,Wednesday,January,0,50.38
Frozen,302.44,222,85,Tuesday,July,0,317.56
Bakery,209.19,130,105,Wednesday,June,0,234.29
Beverages,499.19,90,97,Saturday,August,1,559.09
Personal Care,447.78,2,18,Saturday,June,1,447.78
Personal Care,248.41,415,9,Saturday,August,1,223.57
Vegetables,302.63,315,36,Friday,September,0,302.63
Household,218.7,310,37,Friday,October,0,218.7
Snacks,490.77,16,48,Monday,October,0,515.31
Household,222.02,179,85,Thursday,April,0,233.12
Household,188.39,259,38,Tuesday,March,0,188.39
Fruits,322.69,45,59,Tuesday,July,0,338.82
Frozen,75.3,335,47,Thursday,June,0,75.3
Dairy,136.91,448,2,Thursday,January,0,123.22
Dairy,50.67,440,84,Wednesday,February,0,53.2
Snacks,12.5,420,49,Friday,November,0,12.5
Frozen,431.96,134,6,Sunday,December,1,388.76
Vegetables,228.09,414,14,Monday,January,0,205.28
Frozen,210.5,307,8,Saturday,May,1,189.45
Bakery,248.07,275,19,Monday,August,0,223.26
Frozen,92.57,257,93,Monday,February,0,97.2
Household,436.39,338,21,Tuesday,April,0,392.75
Beverages,280.58,93,23,Friday,March,0,280.58
Personal Care,16.45,143,61,Wednesday,March,0,17.27
Vegetables,104.38,311,76,Friday,May,0,109.6
Dairy,10.63,48,5,Saturday,September,1,9.57
Personal Care,231.66,411,15,Tuesday,June,0,208.49
Bakery,355.22,480,32,Wednesday,November,0,319.7
Dairy,414.76,485,100,Wednesday,April,0,435.5
Household,483.92,484,57,Tuesday,March,0,483.92
Vegetables,300.1,473,106,Monday,July,0,315.11
Personal Care,67.65,359,120,Saturday,June,1,75.77
Fruits,282.7,21,77,Sunday,August,1,316.62
Vegetables,127.73,66,119,Friday,January,0,143.06
Bakery,21.63,154,14,Friday,May,0,19.47
Household,128.87,40,79,Wednesday,March,0,144.33
Vegetables,382.87,49,120,Saturday,May,1,428.81
Personal Care,240.07,210,103,Thursday,May,0,268.88
Beverages,279.8,90,11,Saturday,September,1,251.82
Vegetables,463.91,115,3,Thursday,April,0,417.52
Household,253.88,468,72,Saturday,December,1,266.57
Dairy,340.11,117,60,Friday,October,0,357.12
Bakery,337.14,50,29,Sunday,November,1,337.14
Fruits,132.78,470,116,Tuesday,December,0,148.71
Frozen,302.17,8,41,Sunday,June,1,317.28
Vegetables,168.35,177,118,Thursday,June,0,188.55
Personal Care,351.96,11,70,Sunday,May,1,369.56
Beverages,292.2,378,1,Sunday,July,1,262.98
Frozen,287.55,26,89,Wednesday,June,0,322.06
Beverages,264.71,411,70,Thursday,January,0,264.71
Frozen,42.67,25,50,Wednesday,July,0,44.8
Fruits,127.89,232,97,Wednesday,June,0,143.24
Fruits,447.9,43,52,Wednesday,March,0,470.3
Fruits,213.04,475,29,Thursday,November,0,191.74
Vegetables,43.86,301,116,Friday,January,0,49.12
Beverages,185.28,326,3,Friday,May,0,166.75
Snacks,244.67,205,79,Friday,March,0,256.9
Frozen,154.92,155,59,Sunday,August,1,162.67
Beverages,168.32,449,104,Monday,September,0,176.74
Personal Care,340.9,124,96,Tuesday,May,0,381.81
Beverages,114.17,263,1,Sunday,January,1,102.75
Personal Care,49.21,364,17,Wednesday,February,0,44.29
Household,177.58,483,112,Thursday,October,0,198.89
Bakery,170.54,174,41,Thursday,May,0,170.54
Dairy,198.24,428,64,Friday,July,0,198.24
Dairy,89.45,85,48,Thursday,January,0,93.92
Snacks,498.41,110,29,Saturday,March,1,498.41
Household,341.07,150,46,Tuesday,April,0,341.07
Bakery,167.86,276,118,Sunday,March,1,188.0
Vegetables,199.57,24,36,Monday,March,0,199.57
Frozen,202.23,464,113,Saturday,October,1,226.5
Bakery,226.88,51,63,Wednesday,March,0,238.22
Beverages,416.32,14,39,Monday,July,0,416.32
Fruits,275.37,394,23,Monday,June,0,247.83
Snacks,299.27,461,52,Thursday,October,0,299.27
Snacks,242.67,428,1,Thursday,April,0,218.4
Beverages,411.51,385,5,Tuesday,February,0,370.36
Snacks,297.32,257,6,Wednesday,September,0,267.59
Household,13.72,78,6,Thursday,February,0,12.35
Dairy,62.06,123,83,Tuesday,April,0,65.16
Household,313.31,251,78,Thursday,February,0,328.98
Dairy,11.01,331,3,Tuesday,December,0,9.91
Household,220.84,193,19,Tuesday,June,0,198.76
Frozen,360.62,347,36,Saturday,August,1,360.62
Bakery,261.92,189,46,Friday,May,0,261.92
Dairy,366.28,297,80,Sunday,March,1,384.59
Snacks,10.23,407,100,Wednesday,December,0,10.74
Snacks,76.99,120,11,Thursday,November,0,69.29
Fruits,238.08,401,69,Sunday,February,1,249.98
Personal Care,172.43,149,57,Saturday,May,1,181.05
Snacks,227.53,401,95,Monday,October,0,238.91
Personal Care,473.04,181,26,Saturday,October,1,473.04
Bakery,460.8,344,58,Thursday,July,0,460.8
Frozen,358.63,175,8,Wednesday,March,0,322.77
Fruits,327.57,389,54,Monday,March,0,327.57
Dairy,394.04,82,71,Monday,December,0,413.74
Household,243.63,29,53,Saturday,February,1,255.81
Dairy,86.38,126,9,Saturday,February,1,77.74
Frozen,244.45,281,88,Thursday,January,0,256.67
Frozen,318.31,245,81,Thursday,April,0,334.23
Household,130.58,78,26,Saturday,August,1,130.58
Bakery,274.18,300,20,Monday,March,0,246.76
Frozen,411.18,265,93,Wednesday,November,0,431.74
Vegetables,190.14,113,117,Thursday,February,0,212.96
Bakery,150.17,78,78,Wednesday,April,0,157.68
Dairy,29.62,481,96,Tuesday,August,0,31.1
Household,388.73,126,73,Sunday,September,1,408.17
Beverages,438.11,360,90,Monday,April,0,460.02
Beverages,137.23,177,77,Saturday,November,1,144.09
Vegetables,427.21,195,79,Tuesday,March,0,448.57
Fruits,379.93,275,92,Wednesday,February,0,398.93
Fruits,332.96,104,103,Saturday,August,1,372.92
Frozen,177.82,37,113,Wednesday,April,0,199.16
Vegetables,78.34,49,13,Sunday,May,1,78.34
Dairy,409.12,412,46,Tuesday,December,0,409.12
Frozen,202.53,95,56,Thursday,April,0,212.66
Household,41.17,74,63,Tuesday,May,0,43.23
Household,472.1,113,104,Tuesday,August,0,528.75
Household,339.59,161,120,Sunday,July,1,380.34
Fruits,488.94,134,68,Thursday,September,0,513.39
Personal Care,298.45,82,22,Wednesday,October,0,298.45
Personal Care,357.0,426,16,Monday,May,0,321.3
Frozen,316.48,162,1,Thursday,October,0,284.83
Beverages,485.64,215,42,Thursday,September,0,485.64
Household,430.79,74,105,Saturday,January,1,482.48
Frozen,385.3,385,58,Thursday,December,0,385.3
Fruits,97.87,484,30,Saturday,June,1,88.08
Dairy,310.81,300,100,Tuesday,May,0,348.11
Personal Care,434.57,38,17,Friday,February,0,434.57
Personal Care,224.17,401,85,Wednesday,January,0,235.38
Beverages,82.2,101,38,Thursday,August,0,82.2
Vegetables,492.14,354,120,Sunday,December,1,551.2
Dairy,150.57,177,64,Saturday,October,1,158.1
Fruits,430.41,71,48,Monday,September,0,451.93
Personal Care,352.08,27,59,Monday,April,0,369.68
Snacks,328.37,272,18,Monday,May,0,295.53
Fruits,282.2,431,19,Sunday,April,1,253.98
Snacks,227.91,375,113,Tuesday,December,0,255.26
Dairy,463.97,358,91,Wednesday,June,0,487.17
Bakery,361.71,203,63,Thursday,December,0,379.8
Fruits,15.76,101,53,Saturday,April,1,16.55
Beverages,425.86,402,104,Friday,July,0,447.15
Snacks,12.13,35,18,Sunday,March,1,12.13
Dairy,412.64,431,7,Saturday,November,1,371.38
Vegetables,153.17,471,35,Tuesday,July,0,137.85
Personal Care,388.89,446,70,Tuesday,April,0,388.89
Snacks,217.2,232,87,Friday,July,0,228.06
Dairy,474.03,261,22,Saturday,September,1,426.63
Frozen,254.4,379,82,Monday,December,0,267.12
Snacks,196.78,437,43,Saturday,November,1,196.78
Personal Care,307.23,147,115,Thursday,October,0,344.1
Beverages,21.77,190,118,Thursday,May,0,24.38
Dairy,65.73,97,19,Wednesday,October,0,65.73
Household,384.16,48,117,Friday,April,0,430.26
Household,34.46,335,114,Sunday,January,1,38.6
Bakery,63.06,170,38,Thursday,February,0,63.06
Fruits,179.04,461,68,Saturday,December,1,179.04
Dairy,275.04,25,28,Friday,December,0,275.04
Vegetables,292.77,388,94,Saturday,January,1,307.41
Personal Care,135.09,35,8,Wednesday,January,0,121.58
Personal Care,128.58,179,52,Thursday,September,0,128.58
Household,47.17,110,107,Wednesday,April,0,52.83
Vegetables,320.81,53,36,Friday,November,0,320.81
Snacks,243.88,235,41,Wednesday,September,0,243.88
Dairy,106.57,320,82,Monday,February,0,111.9
Frozen,263.0,163,49,Wednesday,August,0,263.0
Bakery,248.66,418,58,Friday,May,0,248.66
Dairy,54.69,475,78,Monday,March,0,57.42
Fruits,397.25,337,14,Thursday,October,0,357.53
Vegetables,350.02,331,91,Tuesday,August,0,367.52
Bakery,223.61,55,47,Friday,July,0,234.79
Frozen,490.67,265,55,Monday,February,0,490.67
Fruits,415.03,198,57,Wednesday,October,0,435.78
Vegetables,108.96,102,21,Thursday,February,0,108.96
Fruits,436.19,369,42,Sunday,January,1,436.19
Household,485.13,275,27,Wednesday,April,0,436.62
Personal Care,184.7,277,9,Friday,June,0,166.23
Frozen,170.3,362,20,Friday,June,0,153.27
Snacks,188.73,123,32,Friday,November,0,188.73
Vegetables,89.92,82,50,Thursday,November,0,94.42
Beverages,56.19,464,100,Saturday,August,1,59.0
Household,284.18,35,88,Wednesday,September,0,318.28
Personal Care,465.22,220,71,Thursday,October,0,488.48
Snacks,12.11,448,100,Tuesday,January,0,12.72
Beverages,396.46,175,27,Tuesday,August,0,396.46
Beverages,244.71,197,56,Friday,September,0,256.95
Snacks,134.97,36,82,Wednesday,December,0,151.17
Dairy,90.66,65,112,Friday,June,0,101.54
Personal Care,218.97,496,31,Monday,September,0,197.07
Fruits,410.91,482,118,Monday,September,0,460.22
Fruits,71.28,370,108,Monday,November,0,79.83
Fruits,385.11,115,72,Sunday,December,1,404.37
Beverages,475.56,407,61,Thursday,August,0,475.56
Bakery,69.23,390,65,Wednesday,March,0,69.23
Household,72.85,376,62,Saturday,September,1,72.85
Frozen,107.23,400,78,Monday,January,0,112.59
Fruits,454.63,75,10,Monday,March,0,409.17
Personal Care,79.0,152,87,Wednesday,August,0,88.48
Snacks,445.34,494,7,Wednesday,December,0,400.81
Fruits,425.9,355,85,Thursday,August,0,447.19
Bakery,381.12,428,119,Sunday,December,1,426.85
Frozen,467.99,348,75,Friday,November,0,491.39
Fruits,63.08,187,91,Friday,July,0,70.65
Household,388.22,207,99,Thursday,July,0,434.81
Personal Care,29.94,313,93,Saturday,July,1,31.44
Vegetables,428.8,100,37,Sunday,May,1,428.8
Dairy,18.56,366,47,Tuesday,March,0,18.56
Personal Care,473.04,346,49,Saturday,December,1,473.04
Household,106.18,235,80,Tuesday,December,0,111.49
Beverages,72.32,46,75,Monday,May,0,75.94
Snacks,492.2,361,2,Thursday,January,0,442.98
Household,349.71,245,86,Tuesday,July,0,367.2
Dairy,383.51,172,64,Sunday,November,1,402.69
Bakery,50.48,484,43,Monday,December,0,45.43
Bakery,31.49,204,91,Sunday,March,1,35.27
Frozen,14.37,259,5,Tuesday,July,0,12.93
Household,284.66,368,27,Saturday,May,1,256.19
Fruits,455.77,307,59,Sunday,September,1,478.56
Snacks,118.12,148,65,Friday,December,0,124.03
Snacks,185.5,458,12,Friday,March,0,166.95
Bakery,149.01,207,61,Friday,February,0,156.46
Personal Care,198.36,497,115,Saturday,September,1,222.16
Frozen,492.63,199,110,Wednesday,November,0,551.75
Snacks,408.03,12,113,Tuesday,February,0,456.99
Fruits,349.41,419,85,Thursday,July,0,366.88
Household,81.66,266,19,Wednesday,July,0,73.49
Vegetables,173.21,440,114,Friday,March,0,194.0
Fruits,338.21,149,1,Monday,January,0,304.39
Beverages,20.19,201,86,Monday,February,0,21.2
Personal Care,336.6,194,102,Monday,June,0,376.99
Bakery,298.72,287,99,Wednesday,May,0,334.57
Snacks,413.71,254,113,Monday,July,0,463.36
Snacks,367.52,451,83,Saturday,December,1,385.9
Snacks,494.29,164,116,Thursday,November,0,553.6
Snacks,196.88,365,98,Sunday,April,1,220.51
Dairy,53.81,30,8,Saturday,January,1,53.81
Dairy,267.9,305,76,Tuesday,February,0,281.3
Vegetables,227.25,59,94,Monday,May,0,254.52
Vegetables,483.92,89,68,Saturday,April,1,508.12
Household,352.52,143,9,Wednesday,September,0,317.27
Beverages,316.25,26,80,Saturday,April,1,354.2
Dairy,462.5,362,29,Saturday,August,1,416.25
Frozen,218.1,125,99,Thursday,July,0,244.27
Beverages,271.56,330,4,Friday,February,0,244.4
Beverages,492.67,346,82,Thursday,September,0,517.3
Bakery,180.91,443,98,Friday,May,0,189.96
Fruits,448.12,132,99,Thursday,January,0,501.89
Household,456.57,113,10,Sunday,February,1,410.91
Dairy,489.94,349,71,Tuesday,November,0,514.44
Snacks,14.1,314,56,Thursday,April,0,14.1
Fruits,313.18,149,18,Monday,September,0,281.86
Bakery,376.03,72,86,Thursday,October,0,421.15
Snacks,242.44,209,94,Sunday,June,1,271.53
Dairy,381.16,54,52,Sunday,August,1,400.22
Frozen,244.68,444,13,Friday,August,0,220.21
Fruits,205.08,460,17,Saturday,September,1,184.57
Vegetables,407.14,111,53,Tuesday,July,0,427.5
Vegetables,267.72,341,86,Wednesday,January,0,281.11
Bakery,367.07,204,113,Sunday,November,1,411.12
Beverages,235.35,206,23,Friday,March,0,211.81
Beverages,218.31,223,57,Friday,December,0,229.23
Vegetables,15.48,359,89,Tuesday,August,0,16.25
Frozen,51.96,203,105,Wednesday,March,0,58.2
Beverages,279.65,329,78,Saturday,December,1,293.63
Vegetables,484.05,1,60,Wednesday,October,0,508.25
Snacks,406.13,290,69,Monday,March,0,426.44
Household,177.29,245,62,Thursday,March,0,186.15
Frozen,168.13,309,108,Thursday,July,0,188.31
Personal Care,22.22,430,25,Friday,June,0,20.0
Vegetables,22.07,16,119,Monday,December,0,24.72
Personal Care,71.15,226,14,Sunday,July,1,64.04
Household,246.59,299,25,Friday,February,0,221.93
Beverages,299.21,486,111,Wednesday,July,0,314.17
Household,402.7,274,69,Thursday,February,0,422.83
Bakery,422.34,158,68,Thursday,January,0,443.46
Dairy,437.79,185,100,Monday,January,0,490.32
Beverages,138.33,305,91,Saturday,March,1,145.25
Vegetables,474.47,288,107,Thursday,June,0,531.41
Fruits,496.28,321,30,Saturday,January,1,496.28
Beverages,298.93,10,16,Monday,December,0,298.93
Beverages,176.55,7,9,Saturday,September,1,176.55
Frozen,419.45,19,64,Wednesday,March,0,440.42
Dairy,206.74,330,77,Wednesday,March,0,217.08
Beverages,89.4,436,25,Thursday,October,0,80.46
Snacks,412.21,325,72,Monday,July,0,432.82
Beverages,444.35,7,101,Thursday,November,0,497.67
Snacks,19.71,70,104,Wednesday,March,0,22.08
Frozen,329.09,217,18,Wednesday,December,0,296.18
Fruits,188.11,241,102,Saturday,November,1,210.68
Personal Care,497.13,358,104,Wednesday,August,0,556.79
Bakery,405.31,391,36,Wednesday,July,0,364.78
Household,451.63,348,100,Thursday,May,0,474.21
Dairy,362.98,278,116,Thursday,April,0,406.54
Household,326.51,130,48,Tuesday,May,0,326.51
Household,365.03,144,49,Saturday,July,1,383.28
Vegetables,487.84,340,106,Thursday,June,0,546.38
Vegetables,107.33,383,112,Wednesday,September,0,120.21
Snacks,395.41,288,95,Sunday,April,1,442.86
Household,330.91,484,55,Saturday,March,1,330.91
Frozen,417.74,111,56,Thursday,May,0,438.63
Vegetables,163.46,79,4,Sunday,November,1,147.11
Fruits,241.65,269,61,Monday,September,0,253.73
Personal Care,129.41,396,114,Saturday,July,1,144.94
Vegetables,117.04,425,84,Wednesday,May,0,122.89
Snacks,436.92,374,56,Friday,December,0,436.92
Household,434.6,17,46,Monday,December,0,456.33
Personal Care,166.37,31,47,Saturday,January,1,174.69
Beverages,270.69,206,60,Tuesday,December,0,284.22
Dairy,35.06,101,36,Tuesday,October,0,35.06
Snacks,287.9,357,60,Thursday,April,0,287.9
Fruits,454.42,433,76,Wednesday,May,0,477.14
Household,336.81,497,88,Monday,April,0,353.65
Vegetables,463.43,33,54,Tuesday,June,0,486.6
Vegetables,496.48,57,46,Monday,November,0,521.3
Beverages,347.67,326,1,Wednesday,June,0,312.9
Dairy,332.39,492,72,Monday,May,0,332.39
Snacks,178.27,453,9,Tuesday,August,0,160.44
Personal Care,388.17,352,87,Saturday,April,1,407.58
Snacks,377.79,318,110,Sunday,June,1,423.12
Snacks,48.55,370,93,Monday,February,0,50.98
Beverages,127.11,181,74,Monday,May,0,133.47
Beverages,206.54,95,114,Thursday,May,0,231.32
Beverages,280.17,431,87,Thursday,March,0,294.18
Household,64.39,27,68,Wednesday,August,0,67.61
Snacks,268.98,284,92,Saturday,June,1,301.26
Household,153.35,489,11,Wednesday,November,0,138.01
Frozen,488.63,409,78,Sunday,November,1,513.06
Bakery,296.45,166,13,Monday,August,0,266.81
Personal Care,178.57,184,41,Sunday,November,1,178.57
Snacks,347.43,358,5,Sunday,July,1,312.69
Beverages,242.21,279,109,Monday,July,0,271.28
Fruits,107.9,227,33,Thursday,February,0,107.9
Beverages,424.47,342,41,Sunday,August,1,424.47
Household,482.03,369,93,Sunday,December,1,506.13
Beverages,382.91,132,114,Monday,March,0,428.86
Frozen,24.09,132,68,Monday,September,0,25.29
Fruits,202.2,8,76,Friday,January,0,226.46
Frozen,289.8,43,78,Sunday,July,1,324.58
Snacks,19.89,433,31,Friday,October,0,17.9
Household,475.41,224,96,Thursday,January,0,532.46
Personal Care,174.44,365,43,Saturday,October,1,174.44
Vegetables,79.99,421,17,Saturday,December,1,71.99
Frozen,225.95,347,103,Monday,March,0,253.06
Snacks,147.39,118,106,Sunday,September,1,165.08
Vegetables,269.99,20,40,Friday,June,0,269.99
Bakery,332.21,333,20,Monday,March,0,298.99
Household,307.83,125,52,Wednesday,June,0,323.22
Dairy,430.92,75,71,Tuesday,December,0,452.47
Snacks,62.46,131,17,Thursday,June,0,56.21
Household,226.37,239,24,Friday,October,0,203.73
Bakery,64.0,170,38,Friday,January,0,64.0
Personal Care,318.07,100,115,Monday,September,0,356.24
Snacks,326.98,128,56,Friday,June,0,343.33
Snacks,458.52,44,114,Monday,November,0,513.54
Beverages,335.59,300,62,Thursday,February,0,335.59
Bakery,167.14,209,19,Saturday,October,1,150.43
Bakery,474.87,480,60,Friday,March,0,474.87
Frozen,452.59,492,44,Sunday,February,1,452.59
Fruits,114.68,83,66,Monday,July,0,120.41
Beverages,345.8,43,96,Monday,December,0,387.3
Vegetables,249.69,420,80,Tuesday,March,0,262.17
Bakery,300.91,127,51,Friday,February,0,315.96
Household,226.9,348,59,Thursday,August,0,226.9
Bakery,388.71,184,18,Friday,September,0,349.84
Fruits,248.79,227,83,Wednesday,June,0,261.23
Bakery,192.85,101,8,Wednesday,May,0,173.56
Household,35.05,415,23,Monday,March,0,31.54
Frozen,373.78,267,32,Friday,August,0,373.78
Vegetables,310.33,455,28,Saturday,May,1,279.3
Household,441.44,88,77,Wednesday,September,0,463.51
Frozen,231.77,204,7,Tuesday,November,0,208.59
Dairy,143.38,310,100,Saturday,April,1,160.59
Personal Care,209.96,354,59,Saturday,June,1,209.96
Personal Care,316.46,275,92,Saturday,March,1,354.44
Snacks,396.52,278,65,Monday,January,0,416.35
Bakery,445.45,426,71,Saturday,March,1,467.72
Fruits,94.54,25,112,Sunday,June,1,105.88
Bakery,129.41,144,49,Monday,February,0,129.41
Vegetables,162.15,77,1,Monday,April,0,145.94
Vegetables,332.19,87,47,Sunday,April,1,348.8
Beverages,25.45,282,95,Tuesday,November,0,26.72
Bakery,441.93,345,50,Friday,February,0,441.93
Frozen,118.91,431,2,Tuesday,September,0,107.02
Bakery,327.77,360,62,Tuesday,December,0,327.77
Frozen,304.11,239,96,Friday,October,0,340.6
Personal Care,327.53,220,62,Tuesday,January,0,343.91
Dairy,21.34,67,11,Wednesday,December,0,19.21
Bakery,392.47,495,61,Monday,August,0,392.47
Bakery,222.51,138,72,Wednesday,January,0,233.64
Vegetables,420.6,165,14,Tuesday,April,0,378.54
Fruits,13.15,191,11,Sunday,February,1,11.84
Bakery,314.89,409,83,Wednesday,June,0,330.63
Personal Care,468.02,216,78,Thursday,March,0,491.42
Frozen,178.62,200,106,Monday,October,0,200.05
Beverages,232.22,256,11,Tuesday,August,0,209.0
Fruits,369.84,416,15,Saturday,November,1,332.86
Vegetables,255.23,385,19,Sunday,July,1,229.71
Snacks,296.48,206,14,Tuesday,December,0,266.83
Frozen,384.81,196,119,Sunday,August,1,430.99
Vegetables,117.19,13,48,Wednesday,August,0,123.05
Snacks,234.8,101,70,Sunday,September,1,246.54
Fruits,376.25,422,6,Tuesday,December,0,338.62
Beverages,116.53,336,119,Saturday,May,1,130.51
Frozen,481.09,155,39,Sunday,July,1,481.09
Frozen,96.2,218,27,Saturday,April,1,96.2
Dairy,155.46,349,15,Monday,August,0,139.91
Frozen,391.78,351,39,Tuesday,November,0,391.78
Bakery,193.55,152,66,Tuesday,February,0,203.23
Frozen,495.27,378,54,Tuesday,July,0,495.27
Personal Care,244.81,431,33,Thursday,June,0,220.33
Frozen,273.94,290,50,Friday,September,0,273.94
Fruits,464.22,111,49,Friday,September,0,487.43
Snacks,11.47,143,70,Tuesday,August,0,12.04
Snacks,206.77,117,89,Sunday,February,1,231.58
Household,292.56,93,96,Tuesday,December,0,327.67
Bakery,334.05,86,62,Monday,July,0,350.75
Household,303.17,144,9,Monday,May,0,272.85
Dairy,194.79,480,88,Tuesday,October,0,204.53
Bakery,50.16,232,22,Tuesday,September,0,45.14
Beverages,147.58,64,67,Tuesday,January,0,154.96
Bakery,272.87,229,90,Friday,July,0,286.51
Dairy,425.51,246,43,Saturday,August,1,425.51
Vegetables,310.28,405,108,Saturday,September,1,347.51
Personal Care,417.99,245,115,Wednesday,October,0,468.15
Fruits,315.9,30,41,Tuesday,March,0,315.9
Bakery,250.26,57,36,Friday,July,0,250.26
Household,494.04,183,67,Saturday,February,1,518.74
Vegetables,313.71,340,14,Monday,July,0,282.34
Bakery,251.33,324,103,Saturday,December,1,281.49
Household,209.13,125,13,Thursday,April,0,188.22
Bakery,92.4,237,47,Sunday,June,1,92.4
Fruits,410.81,382,111,Sunday,July,1,460.11
Bakery,215.09,157,78,Thursday,April,0,225.84
Fruits,457.79,260,10,Monday,October,0,412.01
Snacks,267.52,354,91,Friday,November,0,280.9
Dairy,202.06,486,22,Saturday,January,1,181.85
Bakery,384.17,330,106,Monday,August,0,430.27
Bakery,218.75,253,45,Tuesday,November,0,218.75
Beverages,66.31,114,103,Saturday,April,1,74.27
Frozen,461.25,411,108,Tuesday,February,0,516.6
Fruits,310.82,270,43,Wednesday,October,0,310.82
Dairy,379.61,24,40,Saturday,October,1,398.59
Dairy,128.91,345,21,Friday,June,0,116.02
Personal Care,192.07,398,43,Friday,April,0,192.07
Household,350.47,463,106,Sunday,April,1,392.53
Vegetables,381.67,64,20,Thursday,May,0,381.67
Snacks,305.84,79,19,Wednesday,June,0,305.84
Bakery,224.59,140,9,Sunday,October,1,202.13
Beverages,168.11,451,113,Monday,November,0,188.28
Personal Care,417.71,445,54,Tuesday,February,0,417.71
Beverages,356.27,208,104,Monday,February,0,399.02
Vegetables,203.63,293,77,Wednesday,June,0,213.81
Personal Care,57.86,107,93,Sunday,September,1,64.8
Personal Care,165.99,49,41,Thursday,April,0,165.99
Dairy,305.52,5,115,Sunday,August,1,342.18
Frozen,265.45,378,44,Sunday,October,1,265.45
Dairy,328.8,220,90,Saturday,May,1,368.26
Household,442.15,297,69,Thursday,March,0,464.26
Personal Care,458.19,17,72,Saturday,October,1,513.17
Beverages,354.28,236,62,Saturday,April,1,371.99
Household,328.92,390,119,Monday,July,0,368.39
Frozen,259.03,35,113,Tuesday,April,0,290.11
Fruits,104.13,220,58,Monday,August,0,109.34
Beverages,69.3,337,29,Saturday,May,1,62.37
Dairy,356.11,93,40,Tuesday,November,0,356.11
Beverages,326.71,377,109,Wednesday,February,0,365.92
Vegetables,440.98,430,93,Tuesday,January,0,463.03
Frozen,340.12,126,24,Saturday,April,1,340.12
Frozen,163.21,462,2,Monday,September,0,146.89
Bakery,327.92,159,38,Wednesday,March,0,327.92
Personal Care,382.78,284,112,Sunday,May,1,428.71
Beverages,338.01,343,4,Tuesday,December,0,304.21
Personal Care,129.88,429,97,Wednesday,January,0,136.37
Personal Care,225.22,180,90,Monday,February,0,252.25
Vegetables,218.64,34,44,Thursday,May,0,229.57
Dairy,310.22,295,37,Monday,May,0,310.22
Fruits,182.26,318,70,Friday,December,0,191.37
Bakery,449.65,240,5,Wednesday,May,0,404.69
Beverages,157.04,167,12,Saturday,November,1,141.34
Dairy,259.2,423,23,Thursday,February,0,233.28
Bakery,23.31,103,41,Thursday,June,0,23.31
Personal Care,98.81,296,76,Tuesday,January,0,103.75
Beverages,128.51,196,92,Thursday,July,0,143.93
Frozen,303.97,397,22,Friday,June,0,273.57
Snacks,123.54,197,12,Friday,May,0,111.19
Bakery,419.03,321,106,Friday,April,0,469.31
Dairy,419.53,407,30,Sunday,May,1,377.58
Beverages,147.42,324,110,Tuesday,May,0,165.11
Dairy,195.49,345,23,Friday,December,0,175.94
Snacks,142.38,98,26,Sunday,May,1,142.38
Vegetables,274.01,118,31,Wednesday,April,0,274.01
Fruits,191.75,481,95,Friday,July,0,201.34
Frozen,452.24,131,94,Monday,September,0,506.51
Frozen,390.26,186,104,Wednesday,March,0,437.09
Personal Care,132.05,288,23,Thursday,October,0,118.85
Beverages,281.7,176,3,Thursday,May,0,253.53
Snacks,176.61,427,3,Friday,June,0,158.95
Beverages,487.3,437,72,Saturday,September,1,511.67
Household,308.3,451,118,Thursday,November,0,345.3
Dairy,131.88,219,104,Friday,July,0,147.71
Personal Care,170.11,166,77,Monday,August,0,178.62
Frozen,170.79,133,59,Monday,September,0,179.33
Vegetables,108.69,20,98,Friday,October,0,121.73
Household,144.24,282,66,Thursday,April,0,151.45
Personal Care,493.12,379,94,Friday,November,0,517.78
Frozen,336.81,265,56,Thursday,August,0,336.81
Vegetables,309.53,133,59,Monday,July,0,325.01
Bakery,234.21,437,110,Saturday,January,1,262.32
Frozen,296.28,44,109,Wednesday,October,0,331.83
Fruits,455.01,42,4,Sunday,April,1,409.51
Vegetables,137.75,488,92,Thursday,February,0,144.64
Household,202.17,425,46,Thursday,July,0,202.17
Household,10.03,174,10,Friday,December,0,9.03
Vegetables,216.96,11,88,Monday,July,0,243.0
Fruits,334.47,134,73,Saturday,November,1,351.19
Beverages,110.16,356,27,Wednesday,October,0,99.14
Frozen,291.99,168,3,Wednesday,June,0,262.79
Dairy,326.4,401,53,Thursday,December,0,326.4
Snacks,247.39,160,6,Tuesday,December,0,222.65
Personal Care,451.61,408,72,Thursday,February,0,474.19
Fruits,417.41,275,76,Tuesday,June,0,438.28
Fruits,70.94,491,5,Sunday,March,1,63.85
Household,37.29,442,88,Sunday,April,1,39.15
Vegetables,168.63,362,63,Thursday,December,0,168.63
Beverages,380.23,448,107,Wednesday,September,0,399.24
Bakery,318.3,390,97,Tuesday,September,0,334.22
Personal Care,290.76,389,96,Thursday,September,0,305.3
Dairy,338.87,101,42,Friday,June,0,338.87
Snacks,19.28,431,11,Monday,February,0,17.35
Beverages,225.24,296,49,Friday,June,0,225.24
Bakery,483.75,313,84,Tuesday,January,0,507.94
Personal Care,324.92,258,111,Wednesday,March,0,363.91
Fruits,235.24,269,49,Sunday,August,1,235.24
Dairy,446.85,199,42,Thursday,March,0,446.85
Dairy,473.22,383,55,Tuesday,May,0,473.22
Personal Care,343.2,109,81,Friday,May,0,360.36
Frozen,259.25,307,49,Saturday,December,1,259.25
Snacks,123.99,276,10,Saturday,March,1,111.59
Snacks,118.95,226,87,Thursday,February,0,124.9
Fruits,359.89,381,116,Monday,August,0,403.08
Snacks,420.72,454,58,Wednesday,May,0,420.72
Household,235.88,454,55,Tuesday,November,0,235.88
Frozen,446.19,199,32,Thursday,August,0,446.19
Vegetables,163.45,22,66,Friday,September,0,171.62
Fruits,408.72,136,101,Thursday,June,0,457.77
Personal Care,345.23,333,31,Wednesday,September,0,310.71
Household,77.79,182,109,Tuesday,August,0,87.12
Fruits,395.73,450,106,Sunday,January,1,443.22
Snacks,243.34,239,54,Friday,August,0,243.34
Personal Care,22.26,447,20,Monday,August,0,20.03
Frozen,238.95,42,40,Friday,August,0,238.95
Household,107.86,46,10,Wednesday,August,0,97.07
Snacks,329.35,107,8,Friday,October,0,296.42
Dairy,396.5,330,92,Monday,October,0,416.33
Personal Care,371.85,408,53,Wednesday,July,0,371.85
Household,365.73,77,31,Saturday,May,1,365.73
Personal Care,178.27,269,103,Wednesday,November,0,199.66
Frozen,189.07,176,24,Tuesday,November,0,189.07
Beverages,471.33,221,5,Saturday,November,1,424.2
Dairy,432.23,19,34,Thursday,January,0,432.23
Bakery,44.37,377,32,Sunday,May,1,39.93
Household,413.99,40,11,Friday,December,0,372.59
Vegetables,288.17,377,52,Sunday,June,1,288.17
Bakery,52.51,53,88,Wednesday,September,0,58.81
Snacks,376.95,230,101,Wednesday,July,0,422.18
Frozen,47.49,374,40,Thursday,August,0,47.49
Frozen,462.43,262,83,Sunday,November,1,485.55
Frozen,260.45,343,1,Wednesday,December,0,234.41
Fruits,369.21,211,52,Saturday,November,1,387.67
Frozen,278.3,76,91,Friday,January,0,311.7
Household,358.89,189,52,Wednesday,October,0,358.89
Household,18.22,329,80,Monday,May,0,19.13
Beverages,353.68,355,30,Monday,December,0,318.31
Beverages,291.38,96,64,Thursday,May,0,305.95
Dairy,164.62,430,62,Saturday,April,1,164.62
Vegetables,216.94,469,20,Monday,May,0,195.25
Dairy,183.73,111,113,Monday,September,0,205.78
Frozen,194.29,158,63,Wednesday,August,0,204.0
Snacks,114.47,303,108,Monday,May,0,128.21
Fruits,369.28,257,44,Tuesday,May,0,369.28
Fruits,156.62,155,106,Tuesday,January,0,175.41
Snacks,170.38,135,37,Monday,January,0,170.38
Beverages,459.0,116,101,Friday,August,0,514.08
Snacks,420.77,43,69,Saturday,November,1,441.81
Frozen,212.67,474,111,Sunday,August,1,238.19
Fruits,158.2,105,12,Tuesday,June,0,142.38
Bakery,257.69,97,2,Tuesday,June,0,231.92
Vegetables,193.21,137,116,Thursday,June,0,216.4
Vegetables,409.21,179,27,Friday,September,0,409.21
Vegetables,188.69,86,89,Monday,August,0,211.33
Vegetables,305.14,176,113,Friday,October,0,341.76
Dairy,406.33,268,39,Saturday,November,1,406.33
Bakery,459.17,498,71,Thursday,June,0,459.17
Household,405.75,430,114,Sunday,February,1,454.44
Frozen,235.75,389,80,Tuesday,April,0,247.54
Vegetables,110.71,438,13,Friday,April,0,99.64
Personal Care,270.92,489,74,Monday,September,0,270.92
Dairy,368.85,101,69,Monday,May,0,387.29
Frozen,102.65,66,91,Friday,March,0,114.97
Personal Care,458.22,53,89,Friday,June,0,513.21
Fruits,374.84,124,98,Sunday,January,1,419.82
Bakery,94.96,264,41,Tuesday,August,0,94.96
Snacks,154.64,45,38,Saturday,July,1,154.64
Bakery,106.35,43,43,Saturday,June,1,111.67
Household,105.93,28,9,Wednesday,April,0,95.34
Dairy,103.01,414,40,Wednesday,January,0,92.71
Fruits,226.07,46,86,Saturday,February,1,253.2
Dairy,312.15,455,95,Thursday,June,0,327.76
Vegetables,158.51,394,41,Wednesday,August,0,158.51
Frozen,373.3,363,56,Tuesday,December,0,373.3
Personal Care,169.51,454,39,Monday,September,0,152.56
Beverages,302.84,51,19,Thursday,October,0,302.84
Personal Care,177.21,29,54,Wednesday,November,0,186.07
Bakery,468.12,470,94,Sunday,February,1,491.53
Dairy,215.48,54,118,Saturday,December,1,241.34
Frozen,491.28,195,89,Friday,February,0,515.84
Dairy,38.85,386,114,Sunday,December,1,43.51
Vegetables,321.86,82,86,Wednesday,March,0,360.48
Bakery,208.2,73,54,Sunday,September,1,218.61
Beverages,84.45,43,82,Sunday,August,1,94.58
Household,464.66,206,22,Saturday,July,1,464.66
Frozen,477.76,16,68,Tuesday,November,0,501.65
Personal Care,253.32,410,120,Saturday,February,1,283.72
Dairy,15.45,292,30,Tuesday,November,0,13.9
Household,251.22,390,17,Friday,November,0,226.1
Fruits,34.09,104,21,Tuesday,January,0,34.09
Dairy,480.48,339,60,Sunday,May,1,480.48
Vegetables,176.4,253,95,Tuesday,May,0,197.57
Snacks,282.69,481,16,Tuesday,October,0,254.42
Household,53.3,172,24,Saturday,January,1,53.3
Household,341.68,263,114,Sunday,November,1,382.68
Dairy,356.18,76,117,Saturday,September,1,398.92
Frozen,17.81,195,6,Wednesday,September,0,16.03
Dairy,95.02,479,107,Tuesday,May,0,99.77
Dairy,215.07,184,109,Wednesday,August,0,240.88
Personal Care,231.07,412,52,Saturday,October,1,231.07
Household,30.41,297,3,Wednesday,February,0,27.37
Vegetables,486.31,300,65,Wednesday,July,0,510.63
Frozen,481.84,133,27,Monday,February,0,481.84
Frozen,171.32,431,46,Thursday,March,0,171.32
Snacks,262.26,252,68,Friday,September,0,275.37
Fruits,366.72,196,45,Thursday,December,0,366.72
Snacks,46.29,200,85,Monday,July,0,48.6
Beverages,443.67,71,108,Friday,January,0,496.91
Bakery,496.22,410,94,Sunday,April,1,521.03
Vegetables,197.27,473,36,Thursday,October,0,177.54
Personal Care,336.05,229,116,Monday,October,0,376.38
Dairy,115.02,9,27,Wednesday,February,0,115.02
Personal Care,429.85,267,76,Sunday,June,1,451.34
Snacks,284.46,487,92,Friday,May,0,298.68
Personal Care,45.97,365,97,Monday,May,0,48.27
Fruits,406.35,375,7,Wednesday,April,0,365.72
Personal Care,225.84,288,31,Friday,June,0,203.26
Bakery,479.08,210,61,Tuesday,November,0,503.03
Dairy,411.84,170,94,Tuesday,March,0,461.26
Frozen,251.78,414,72,Wednesday,September,0,264.37
Vegetables,207.97,321,68,Saturday,July,1,218.37
Household,196.2,339,20,Friday,March,0,176.58
Household,389.41,481,85,Friday,November,0,408.88
Beverages,437.59,82,68,Tuesday,December,0,459.47
Vegetables,451.52,390,98,Monday,September,0,474.1
Snacks,85.59,192,27,Monday,July,0,85.59
Vegetables,261.98,219,69,Saturday,May,1,275.08
Frozen,247.63,210,82,Thursday,September,0,260.01
Dairy,309.3,205,36,Wednesday,September,0,309.3
Snacks,245.02,138,94,Wednesday,October,0,274.42
Household,417.17,244,43,Tuesday,February,0,417.17
Snacks,185.13,103,11,Thursday,June,0,166.62
Household,345.0,364,43,Friday,November,0,345.0
Beverages,462.65,359,80,Thursday,May,0,485.78
Vegetables,357.18,495,36,Monday,November,0,321.46
Bakery,355.82,150,68,Thursday,November,0,373.61
Beverages,219.99,166,98,Monday,December,0,246.39
Bakery,397.06,317,64,Thursday,May,0,416.91
Household,119.77,314,53,Wednesday,June,0,119.77
Bakery,386.08,399,83,Thursday,May,0,405.38
Bakery,309.57,226,68,Friday,July,0,325.05
Snacks,468.33,5,117,Sunday,January,1,524.53
Snacks,181.97,259,105,Tuesday,January,0,203.81
Bakery,204.04,99,108,Monday,February,0,228.52
Household,292.05,334,82,Tuesday,March,0,306.65
Personal Care,80.85,269,36,Sunday,September,1,80.85
Snacks,159.6,340,77,Tuesday,August,0,167.58
Frozen,211.0,25,73,Saturday,September,1,236.32
Personal Care,223.59,356,7,Monday,November,0,201.23
Vegetables,485.71,141,2,Sunday,April,1,437.14
Snacks,455.89,284,1,Monday,June,0,410.3
Snacks,224.93,124,48,Sunday,September,1,236.18
Frozen,206.12,383,63,Monday,June,0,206.12
Household,138.0,214,113,Monday,June,0,154.56
Snacks,297.03,457,51,Monday,October,0,297.03
Frozen,247.43,137,120,Saturday,July,1,277.12
Beverages,252.93,25,81,Wednesday,December,0,283.28
Snacks,203.59,357,110,Sunday,May,1,228.02
Bakery,62.47,354,20,Saturday,September,1,56.22
Household,210.3,379,81,Saturday,March,1,220.82
Vegetables,188.57,22,22,Monday,June,0,188.57
Household,364.1,436,101,Saturday,November,1,382.31
Snacks,282.97,441,3,Saturday,August,1,254.67
Fruits,176.69,164,71,Tuesday,February,0,185.52
Beverages,199.28,214,34,Tuesday,October,0,199.28
Household,204.86,329,66,Wednesday,May,0,215.1
Frozen,11.24,288,79,Sunday,January,1,11.8
Fruits,416.77,43,86,Sunday,October,1,466.78
Bakery,307.5,34,59,Thursday,June,0,322.88
Household,43.58,294,87,Saturday,May,1,45.76
Personal Care,57.03,158,78,Sunday,March,1,59.88
Household,110.94,52,55,Wednesday,October,0,116.49
Vegetables,97.14,389,87,Sunday,April,1,102.0
Vegetables,392.51,173,85,Friday,August,0,412.14
Personal Care,225.59,223,45,Thursday,June,0,225.59
Dairy,245.89,186,42,Wednesday,December,0,245.89
Personal Care,327.83,363,27,Saturday,May,1,295.05
Snacks,492.16,222,69,Thursday,November,0,516.77
Fruits,59.91,441,53,Sunday,October,1,59.91
Beverages,475.87,372,1,Sunday,October,1,428.28
Personal Care,386.16,440,115,Monday,August,0,432.5
Frozen,473.84,356,31,Wednesday,February,0,426.46
Household,113.15,304,60,Thursday,February,0,113.15
Dairy,335.36,57,16,Wednesday,November,0,335.36
Personal Care,236.55,440,30,Sunday,May,1,212.9
Personal Care,127.79,37,105,Saturday,May,1,143.12
Vegetables,247.04,89,46,Wednesday,August,0,247.04
Vegetables,175.02,131,14,Tuesday,June,0,157.52
Personal Care,327.6,375,82,Thursday,May,0,343.98
Bakery,202.82,169,113,Saturday,June,1,227.16
Fruits,114.86,341,41,Tuesday,April,0,114.86
Beverages,272.84,495,48,Wednesday,September,0,272.84
Dairy,418.66,346,96,Friday,June,0,439.59
Fruits,375.95,155,107,Thursday,June,0,421.06
Vegetables,57.88,210,52,Monday,March,0,57.88
Vegetables,388.97,135,81,Saturday,February,1,435.65
Snacks,211.17,123,28,Saturday,December,1,211.17
Personal Care,227.58,154,3,Thursday,February,0,204.82
Personal Care,206.22,304,57,Saturday,December,1,206.22
Bakery,134.7,253,86,Friday,August,0,141.44
Snacks,487.35,64,72,Wednesday,December,0,511.72
Household,290.23,22,67,Saturday,April,1,304.74
Fruits,470.03,191,92,Sunday,July,1,526.43
Dairy,70.1,14,25,Friday,July,0,70.1
Bakery,19.45,236,45,Friday,November,0,19.45
Dairy,332.94,21,98,Monday,August,0,372.89
Dairy,470.66,236,74,Sunday,November,1,494.19
Personal Care,291.57,251,70,Thursday,December,0,306.15
Beverages,472.64,161,41,Saturday,February,1,472.64
Frozen,452.89,80,15,Saturday,June,1,452.89
Snacks,335.65,395,102,Friday,July,0,352.43
Fruits,206.88,128,46,Tuesday,July,0,206.88
Fruits,499.93,189,113,Saturday,June,1,559.92
Vegetables,301.23,24,63,Monday,August,0,316.29
Beverages,75.09,276,28,Wednesday,February,0,67.58
Snacks,122.94,177,105,Monday,April,0,137.69
Dairy,46.46,98,7,Friday,August,0,41.81
Personal Care,90.83,326,40,Friday,April,0,90.83
Frozen,208.54,345,119,Tuesday,June,0,233.56
Fruits,359.01,373,73,Thursday,August,0,376.96
Bakery,475.84,138,67,Monday,April,0,499.63
Dairy,335.45,469,59,Saturday,December,1,335.45
Snacks,404.25,397,81,Thursday,June,0,424.46
Vegetables,408.74,200,106,Monday,September,0,457.79
Beverages,487.41,176,24,Saturday,July,1,487.41
Snacks,449.49,242,104,Friday,May,0,503.43
Bakery,79.33,260,111,Sunday,September,1,88.85
Frozen,220.29,299,14,Monday,March,0,198.26
Beverages,478.89,408,103,Tuesday,February,0,502.83
Personal Care,317.05,86,42,Sunday,March,1,332.9
Frozen,50.48,56,75,Thursday,November,0,53.0
Vegetables,288.13,76,108,Wednesday,October,0,322.71
Personal Care,203.21,389,98,Wednesday,August,0,213.37
Personal Care,318.3,140,49,Wednesday,December,0,318.3
Snacks,98.62,352,105,Wednesday,May,0,110.45
Personal Care,463.02,57,67,Monday,December,0,486.17
Vegetables,336.21,392,116,Saturday,June,1,376.56
Bakery,114.78,472,58,Tuesday,September,0,114.78
Dairy,346.7,74,8,Tuesday,September,0,312.03
Vegetables,59.13,304,28,Thursday,December,0,53.22
Frozen,261.37,400,13,Friday,May,0,235.23
Fruits,470.16,134,49,Saturday,March,1,493.67
Beverages,23.67,39,34,Saturday,September,1,23.67
Snacks,107.18,166,35,Monday,February,0,107.18
Bakery,100.45,87,70,Tuesday,July,0,105.47
Dairy,105.84,261,62,Sunday,July,1,111.13
Personal Care,239.67,248,6,Saturday,October,1,215.7
Dairy,495.78,339,86,Thursday,July,0,520.57
Bakery,485.95,122,100,Thursday,July,0,544.26
Beverages,372.83,192,1,Thursday,July,0,335.55
Fruits,347.63,34,82,Thursday,March,0,389.35
Bakery,254.5,22,37,Friday,September,0,254.5
Vegetables,203.43,26,85,Wednesday,February,0,227.84
Vegetables,201.07,295,29,Monday,April,0,180.96
Beverages,199.69,153,84,Wednesday,July,0,209.67
Personal Care,311.23,240,39,Monday,October,0,311.23
Bakery,206.63,166,92,Saturday,April,1,231.43
Dairy,199.58,467,33,Sunday,October,1,179.62
Dairy,482.98,369,91,Sunday,August,1,507.13
Dairy,122.44,67,44,Sunday,November,1,128.56
Bakery,355.53,306,58,Saturday,January,1,373.31
Bakery,280.63,378,111,Wednesday,September,0,314.31
Bakery,102.04,279,19,Friday,July,0,91.84
Fruits,477.7,237,36,Tuesday,February,0,477.7
Household,461.91,35,77,Tuesday,November,0,485.01
Frozen,367.03,400,112,Wednesday,March,0,411.07
Frozen,399.99,72,23,Monday,July,0,399.99
Dairy,279.7,262,59,Wednesday,May,0,279.7
Vegetables,15.13,443,108,Friday,April,0,15.89
Snacks,388.62,189,70,Tuesday,September,0,408.05
Personal Care,104.14,430,80,Saturday,February,1,109.35
Dairy,210.04,230,31,Sunday,June,1,210.04
Bakery,245.21,174,118,Wednesday,July,0,274.64
Snacks,388.03,362,45,Monday,January,0,388.03
Beverages,369.86,156,7,Sunday,February,1,332.87
Beverages,456.33,126,25,Monday,October,0,456.33
Household,190.15,488,82,Friday,December,0,199.66
Fruits,287.47,7,120,Tuesday,June,0,321.97
Fruits,58.98,476,64,Monday,August,0,58.98
Dairy,104.2,177,53,Friday,August,0,104.2
Dairy,447.69,156,10,Tuesday,May,0,402.92
Frozen,12.36,48,51,Wednesday,September,0,12.98
Snacks,382.78,324,72,Friday,June,0,401.92
Snacks,127.14,198,72,Wednesday,February,0,133.5
Vegetables,232.24,427,52,Thursday,August,0,232.24
Frozen,430.28,5,50,Wednesday,April,0,451.79
Personal Care,169.05,489,84,Sunday,December,1,177.5
Fruits,341.4,343,108,Tuesday,February,0,382.37
Fruits,382.55,23,30,Tuesday,March,0,382.55
Personal Care,294.27,216,96,Sunday,December,1,329.58
Fruits,173.33,387,64,Wednesday,June,0,173.33
Bakery,391.95,155,70,Wednesday,September,0,411.55
Dairy,297.46,359,112,Thursday,December,0,333.16
Snacks,423.41,278,12,Wednesday,July,0,381.07
Dairy,429.66,433,38,Tuesday,August,0,386.69
Dairy,232.96,400,109,Friday,June,0,260.92
Personal Care,403.35,212,107,Monday,February,0,451.75
Bakery,35.1,489,74,Thursday,July,0,35.1
Personal Care,441.75,186,38,Saturday,December,1,441.75
Household,214.98,237,20,Friday,October,0,193.48
Fruits,84.33,199,88,Friday,April,0,88.55
Personal Care,258.39,138,88,Monday,April,0,289.4
Dairy,308.34,133,88,Thursday,September,0,345.34
Household,373.41,6,108,Thursday,July,0,418.22
Beverages,461.86,489,84,Saturday,July,1,484.95
Bakery,117.06,68,120,Thursday,September,0,131.11
Fruits,26.55,393,111,Thursday,August,0,29.74
Fruits,225.13,192,60,Monday,November,0,236.39
Snacks,289.06,458,106,Thursday,March,0,303.51
Frozen,119.18,240,76,Tuesday,December,0,125.14
Fruits,44.18,403,11,Monday,August,0,39.76
Snacks,494.29,64,17,Friday,October,0,494.29
Frozen,94.47,339,102,Monday,July,0,105.81
Vegetables,483.75,335,118,Tuesday,May,0,541.8
Snacks,90.34,99,88,Sunday,April,1,101.18
Dairy,396.02,111,79,Friday,April,0,415.82
Personal Care,147.16,12,101,Thursday,December,0,164.82
Dairy,418.91,488,49,Friday,May,0,418.91
Snacks,343.22,2,52,Friday,June,0,360.38
Beverages,103.46,225,69,Thursday,June,0,108.63
Beverages,303.4,47,18,Friday,June,0,303.4
Snacks,246.37,428,7,Monday,July,0,221.73
Personal Care,134.37,454,106,Friday,June,0,141.09
Personal Care,270.54,400,44,Tuesday,February,0,270.54
Bakery,481.3,324,97,Sunday,September,1,539.06
Dairy,135.4,186,45,Wednesday,March,0,135.4
Vegetables,403.06,166,32,Thursday,July,0,403.06
Personal Care,485.61,187,43,Sunday,January,1,485.61
Fruits,282.99,498,55,Friday,September,0,282.99
Fruits,276.73,15,87,Tuesday,January,0,309.94
Snacks,363.83,487,17,Tuesday,February,0,327.45
Snacks,444.98,470,62,Monday,February,0,444.98
Household,284.49,494,54,Tuesday,October,0,284.49
Beverages,274.57,242,73,Friday,August,0,288.3
Beverages,460.65,266,64,Tuesday,December,0,483.68
Bakery,133.28,81,104,Wednesday,October,0,149.27
Household,400.63,89,74,Sunday,February,1,420.66
Fruits,458.7,296,51,Wednesday,May,0,458.7
Bakery,219.28,121,25,Sunday,March,1,219.28
Vegetables,282.79,4,61,Monday,January,0,296.93
Household,48.5,22,23,Friday,August,0,48.5
Personal Care,175.85,41,20,Monday,March,0,175.85
Beverages,368.01,336,97,Monday,February,0,386.41
Fruits,186.82,188,35,Monday,July,0,186.82
Personal Care,269.62,318,18,Saturday,December,1,242.66
Bakery,37.22,455,35,Thursday,July,0,33.5
Beverages,438.48,164,84,Saturday,January,1,491.1
Bakery,184.2,208,88,Saturday,October,1,206.3
Fruits,133.9,88,106,Monday,April,0,149.97
Frozen,37.15,274,117,Sunday,June,1,41.61
Personal Care,370.12,478,104,Tuesday,April,0,388.63
Dairy,290.7,191,65,Thursday,March,0,305.24
Snacks,347.51,111,51,Friday,December,0,364.89
Dairy,218.86,408,12,Sunday,May,1,196.97
Household,228.26,305,20,Tuesday,March,0,205.43
Frozen,247.86,138,95,Saturday,September,1,277.6
Household,255.08,52,80,Saturday,August,1,285.69
Dairy,56.87,23,93,Monday,October,0,63.69
Frozen,253.21,434,62,Saturday,March,1,253.21
Dairy,312.54,180,10,Friday,March,0,281.29
Dairy,68.39,288,20,Friday,December,0,61.55
Household,71.9,117,91,Tuesday,October,0,80.53
Fruits,422.47,426,35,Friday,November,0,380.22
Snacks,379.44,300,44,Friday,March,0,379.44
Bakery,178.4,494,81,Wednesday,June,0,187.32
Bakery,47.89,432,28,Sunday,October,1,43.1
Fruits,50.81,308,22,Monday,August,0,45.73
Household,416.94,236,39,Saturday,February,1,416.94
Personal Care,458.22,154,72,Sunday,August,1,481.13
Snacks,295.58,82,50,Tuesday,June,0,310.36
Bakery,263.39,280,31,Saturday,February,1,263.39
Beverages,157.19,295,102,Thursday,December,0,176.05
Fruits,125.46,474,83,Thursday,December,0,131.73
Fruits,245.21,452,97,Wednesday,May,0,257.47
Snacks,321.32,102,81,Wednesday,May,0,337.39
Fruits,264.26,85,78,Sunday,July,1,295.97
Household,243.51,173,116,Thursday,December,0,272.73
Personal Care,119.17,266,111,Saturday,November,1,133.47
Dairy,419.11,315,118,Friday,January,0,469.4
Snacks,142.4,274,83,Monday,November,0,149.52
Personal Care,71.43,242,75,Sunday,July,1,75.0
Dairy,316.98,370,7,Friday,May,0,285.28
Dairy,304.69,215,90,Wednesday,August,0,319.92
Snacks,244.16,66,37,Tuesday,July,0,244.16
Frozen,350.32,497,89,Sunday,March,1,367.84
Beverages,189.32,305,20,Monday,April,0,170.39
Frozen,393.13,119,7,Friday,February,0,353.82
Personal Care,462.25,323,8,Monday,November,0,416.03
Household,82.67,124,14,Saturday,February,1,74.4
Fruits,100.33,94,51,Wednesday,February,0,105.35
Personal Care,250.76,444,43,Thursday,October,0,225.68
Dairy,440.61,325,9,Friday,May,0,396.55
Beverages,460.02,409,29,Tuesday,June,0,414.02
Vegetables,492.68,140,58,Sunday,May,1,517.31
Beverages,87.38,276,82,Tuesday,November,0,91.75
Household,312.06,351,54,Saturday,August,1,312.06
Fruits,400.65,43,46,Tuesday,October,0,420.68
Dairy,396.93,86,56,Sunday,March,1,416.78
Personal Care,237.84,400,31,Thursday,June,0,214.06
Dairy,30.93,104,19,Friday,October,0,30.93
Dairy,291.58,361,82,Monday,July,0,306.16
Personal Care,422.79,209,9,Sunday,November,1,380.51
Personal Care,157.54,232,65,Thursday,April,0,165.42
Household,165.87,338,7,Saturday,May,1,149.28
Beverages,324.24,64,52,Friday,August,0,340.45
Beverages,364.82,384,8,Saturday,July,1,328.34
Fruits,475.68,416,111,Wednesday,October,0,532.76
Snacks,314.77,157,30,Saturday,October,1,314.77
Frozen,297.87,142,41,Sunday,April,1,297.87
Beverages,397.68,353,45,Tuesday,September,0,397.68
Fruits,283.39,114,43,Thursday,April,0,283.39
Snacks,415.35,423,66,Monday,April,0,415.35
Snacks,19.65,247,30,Wednesday,June,0,19.65
Snacks,318.24,430,87,Tuesday,January,0,334.15
Beverages,493.02,217,40,Monday,March,0,493.02
Beverages,153.63,244,120,Wednesday,January,0,172.07
Vegetables,193.41,366,105,Thursday,March,0,216.62
Dairy,128.45,178,6,Wednesday,February,0,115.6
Frozen,33.62,128,106,Tuesday,June,0,37.65
Bakery,411.24,250,91,Monday,June,0,431.8
Household,168.89,440,64,Monday,October,0,168.89
Personal Care,320.68,358,7,Wednesday,March,0,288.61
Beverages,448.73,419,88,Saturday,May,1,471.17
Household,202.7,37,11,Friday,October,0,182.43
Beverages,191.95,191,110,Monday,March,0,214.98
Household,123.96,411,105,Monday,August,0,130.16
Vegetables,46.93,47,109,Tuesday,December,0,52.56
Household,452.68,179,92,Saturday,April,1,507.0
Personal Care,309.51,131,120,Sunday,February,1,346.65
Fruits,63.94,355,64,Sunday,June,1,67.14
Household,253.13,63,115,Thursday,July,0,283.51
Snacks,95.1,264,81,Saturday,March,1,99.86
Personal Care,210.69,9,108,Sunday,July,1,235.97
Bakery,375.04,69,109,Sunday,February,1,420.04
Vegetables,332.0,457,92,Thursday,April,0,348.6
Household,74.4,448,100,Monday,August,0,78.12
Frozen,470.38,161,6,Wednesday,March,0,423.34
Dairy,164.05,288,85,Thursday,September,0,172.25
Household,337.15,216,77,Thursday,August,0,354.01
Bakery,159.98,352,28,Saturday,July,1,143.98
Dairy,457.32,259,6,Saturday,October,1,411.59
Dairy,63.56,41,118,Wednesday,July,0,71.19
Bakery,426.29,376,28,Friday,March,0,383.66
Fruits,417.22,269,65,Friday,February,0,438.08
Vegetables,301.01,20,36,Sunday,July,1,301.01
Bakery,199.08,125,72,Friday,February,0,209.03
Frozen,483.77,243,91,Friday,December,0,507.96
Household,53.41,419,88,Wednesday,July,0,56.08
Dairy,496.58,322,5,Saturday,October,1,446.92
Frozen,173.69,205,98,Friday,September,0,194.53
Beverages,196.29,91,68,Monday,January,0,206.1
Fruits,475.13,366,63,Tuesday,January,0,475.13
Vegetables,65.01,343,111,Wednesday,August,0,72.81
Beverages,319.81,235,27,Wednesday,July,0,287.83
Personal Care,18.69,265,29,Saturday,December,1,18.69
Dairy,480.12,114,7,Sunday,July,1,432.11
Fruits,476.63,267,98,Friday,October,0,533.83
Household,60.59,131,45,Wednesday,October,0,60.59
Vegetables,110.17,237,115,Monday,May,0,123.39
Frozen,245.59,289,5,Thursday,July,0,221.03
Vegetables,262.4,214,58,Wednesday,February,0,275.52
Vegetables,175.44,252,115,Monday,February,0,196.49
Frozen,159.12,221,6,Wednesday,November,0,143.21
Household,412.3,107,39,Tuesday,February,0,412.3
Vegetables,33.92,321,84,Thursday,April,0,35.62
Beverages,17.97,17,18,Wednesday,September,0,17.97
Household,219.98,389,102,Tuesday,April,0,230.98
Fruits,354.72,247,102,Tuesday,January,0,397.29
Snacks,58.72,254,89,Friday,August,0,61.66
Bakery,300.03,83,108,Thursday,February,0,336.03
Household,148.75,247,87,Tuesday,January,0,156.19
Bakery,80.35,341,8,Tuesday,June,0,72.31
Personal Care,175.14,13,85,Monday,June,0,196.16
Personal Care,299.03,17,65,Saturday,December,1,313.98
Dairy,336.25,301,118,Friday,April,0,376.6
Fruits,206.72,235,31,Friday,September,0,206.72
Fruits,76.2,194,13,Thursday,April,0,68.58
Dairy,109.08,407,99,Wednesday,April,0,114.53
Vegetables,117.68,344,8,Monday,January,0,105.91
Bakery,152.61,161,21,Friday,May,0,137.35
Snacks,493.1,252,89,Saturday,May,1,552.27
Bakery,224.46,291,73,Saturday,July,1,235.68
Household,495.28,212,97,Thursday,March,0,554.71
Vegetables,313.41,355,25,Wednesday,February,0,282.07
Vegetables,306.76,194,21,Tuesday,June,0,276.08
Beverages,231.65,168,81,Thursday,January,0,243.23
Dairy,91.31,128,5,Tuesday,April,0,82.18
Personal Care,29.09,196,96,Thursday,August,0,32.58
Bakery,100.38,41,85,Wednesday,September,0,112.43
Dairy,414.77,53,119,Friday,November,0,464.54
Beverages,388.38,260,113,Monday,June,0,434.99
Bakery,212.28,221,6,Saturday,September,1,191.05
Bakery,426.4,112,75,Tuesday,August,0,447.72
Vegetables,281.13,395,36,Thursday,November,0,253.02
Dairy,296.01,196,103,Tuesday,July,0,331.53
Bakery,169.93,243,51,Friday,June,0,169.93
Vegetables,407.05,439,110,Wednesday,May,0,455.9
Personal Care,86.09,75,21,Sunday,May,1,86.09
Vegetables,83.1,275,70,Sunday,July,1,87.25
Snacks,364.85,126,112,Thursday,April,0,408.63
Fruits,47.64,188,6,Tuesday,February,0,42.88
Bakery,457.57,17,90,Tuesday,July,0,512.48
Frozen,319.34,416,16,Wednesday,February,0,287.41
Snacks,338.07,210,1,Thursday,February,0,304.26
Dairy,139.21,477,101,Sunday,February,1,146.17
Vegetables,288.25,382,16,Sunday,February,1,259.43
Beverages,369.48,434,49,Saturday,November,1,369.48
Beverages,445.31,372,63,Thursday,September,0,445.31
Vegetables,337.85,109,38,Monday,January,0,337.85
Snacks,138.3,144,12,Tuesday,February,0,124.47
Vegetables,60.79,484,110,Sunday,September,1,68.08
Bakery,162.9,486,44,Monday,December,0,146.61
Snacks,86.72,326,15,Thursday,October,0,78.05
Dairy,161.76,231,5,Friday,June,0,145.58
Frozen,10.67,382,36,Sunday,January,1,10.67
Frozen,232.09,152,85,Sunday,September,1,259.94
Fruits,268.02,36,3,Tuesday,February,0,241.22
Personal Care,406.57,182,98,Thursday,May,0,455.36
Household,242.16,485,98,Tuesday,August,0,254.27
Household,334.08,242,77,Wednesday,January,0,350.78
Fruits,365.57,14,29,Tuesday,August,0,365.57
Personal Care,136.55,322,75,Friday,September,0,143.38
Fruits,11.82,483,30,Tuesday,October,0,10.64
Bakery,356.93,202,96,Friday,May,0,399.76
Bakery,101.05,323,52,Wednesday,February,0,101.05
Dairy,418.39,9,29,Tuesday,July,0,418.39
Fruits,181.79,482,9,Saturday,November,1,163.61
Vegetables,32.28,251,119,Thursday,April,0,36.15
Bakery,345.87,19,11,Monday,September,0,311.28
Frozen,325.56,152,53,Sunday,February,1,341.84
Beverages,167.84,203,5,Thursday,May,0,151.06
Dairy,40.1,226,38,Friday,July,0,40.1
Fruits,303.73,449,72,Thursday,November,0,303.73
Vegetables,299.56,261,33,Friday,February,0,299.56
Fruits,15.94,333,32,Thursday,February,0,14.35
Dairy,494.23,472,115,Thursday,August,0,553.54
Dairy,379.21,228,63,Sunday,April,1,398.17
Fruits,163.47,465,40,Friday,April,0,147.12
Snacks,409.78,479,5,Thursday,September,0,368.8
Bakery,64.22,454,10,Thursday,February,0,57.8
Frozen,417.75,19,36,Friday,January,0,417.75
Beverages,461.74,138,37,Wednesday,February,0,461.74
Household,173.75,304,55,Thursday,May,0,173.75
Snacks,123.86,341,85,Friday,May,0,130.05
Frozen,492.61,474,44,Wednesday,March,0,443.35
Snacks,288.1,56,62,Sunday,November,1,302.51
Dairy,411.09,373,30,Wednesday,April,0,369.98
Dairy,439.45,388,8,Wednesday,October,0,395.5
Beverages,198.52,207,45,Tuesday,December,0,198.52
Frozen,361.64,491,95,Friday,August,0,379.72
Fruits,125.33,233,28,Friday,May,0,125.33
Frozen,350.29,80,35,Friday,August,0,350.29
Beverages,465.26,101,102,Saturday,September,1,521.09
Household,424.44,193,110,Wednesday,November,0,475.37
Snacks,419.44,79,111,Thursday,November,0,469.77
Frozen,281.17,340,12,Wednesday,December,0,253.05
Bakery,495.61,491,31,Wednesday,October,0,446.05
Snacks,397.61,459,98,Thursday,October,0,417.49
Frozen,225.76,18,56,Monday,June,0,237.05
Household,284.02,52,62,Sunday,April,1,298.22
Household,236.63,65,16,Saturday,February,1,236.63
Frozen,76.76,13,51,Saturday,October,1,80.6
Vegetables,310.05,479,113,Wednesday,May,0,347.26
Frozen,158.11,107,105,Friday,September,0,177.08
Fruits,17.63,481,38,Saturday,November,1,15.87
Household,186.7,3,109,Sunday,April,1,209.1
Snacks,132.76,68,61,Saturday,February,1,139.4
Vegetables,492.93,204,96,Friday,March,0,552.08
Household,167.86,310,107,Sunday,November,1,188.0
Dairy,171.34,319,119,Tuesday,July,0,191.9
Dairy,13.47,342,11,Sunday,February,1,12.12
Dairy,50.75,168,55,Monday,July,0,53.29
Bakery,424.58,236,25,Friday,May,0,382.12
Personal Care,484.29,383,80,Saturday,September,1,508.5
Bakery,78.26,45,110,Tuesday,January,0,87.65
Dairy,339.57,285,66,Tuesday,November,0,356.55
Snacks,270.12,156,86,Thursday,October,0,283.63
Dairy,384.44,352,114,Saturday,September,1,430.57
Frozen,244.25,101,87,Tuesday,February,0,273.56
Dairy,139.21,135,68,Monday,August,0,146.17
Fruits,474.86,126,81,Thursday,June,0,498.6
Household,365.07,36,78,Tuesday,March,0,408.88
Bakery,388.33,272,71,Tuesday,March,0,407.75
Dairy,211.22,385,11,Friday,December,0,190.1
Frozen,412.75,63,62,Thursday,February,0,433.39
Snacks,415.95,80,25,Thursday,May,0,415.95
Bakery,348.24,224,78,Tuesday,July,0,365.65
Vegetables,102.74,468,81,Friday,October,0,107.88
Bakery,212.78,237,56,Wednesday,January,0,212.78
Snacks,82.2,401,74,Saturday,February,1,86.31
Snacks,332.71,176,18,Sunday,September,1,299.44
Beverages,443.9,326,104,Thursday,August,0,497.17
Bakery,95.65,455,78,Tuesday,August,0,100.43
Personal Care,306.46,320,73,Wednesday,March,0,321.78
Beverages,163.38,465,79,Thursday,May,0,171.55
Personal Care,157.63,267,36,Sunday,April,1,157.63
Frozen,385.7,374,70,Thursday,September,0,404.99
Bakery,437.33,453,15,Monday,May,0,393.6
Snacks,118.19,219,33,Monday,October,0,118.19
Vegetables,22.02,288,64,Thursday,February,0,23.12
Household,165.46,179,77,Saturday,November,1,173.73
Dairy,387.75,466,50,Saturday,March,1,387.75
Fruits,270.02,476,79,Monday,March,0,283.52
Household,292.79,353,20,Monday,December,0,263.51
Personal Care,477.72,489,31,Thursday,March,0,429.95
Bakery,212.1,454,93,Thursday,July,0,222.71
Dairy,116.02,98,42,Friday,May,0,116.02
Bakery,272.24,4,23,Friday,June,0,272.24
Household,332.37,302,73,Thursday,August,0,348.99
Snacks,363.53,497,118,Sunday,October,1,407.15
Snacks,304.81,184,63,Sunday,October,1,320.05
Household,384.18,35,73,Saturday,March,1,430.28
Personal Care,362.71,138,88,Monday,February,0,406.24
Bakery,244.95,111,51,Thursday,January,0,257.2
Snacks,358.14,218,19,Wednesday,July,0,322.33
Fruits,432.79,54,14,Tuesday,June,0,389.51
Vegetables,152.92,436,21,Tuesday,April,0,137.63
Dairy,400.28,279,6,Wednesday,July,0,360.25
Snacks,25.72,486,66,Saturday,March,1,25.72
Beverages,317.86,327,72,Tuesday,September,0,333.75
Fruits,119.35,466,108,Sunday,March,1,133.67
Bakery,29.26,242,88,Saturday,September,1,30.72
Vegetables,109.33,88,82,Thursday,April,0,122.45
Frozen,490.98,391,118,Wednesday,September,0,549.9
Household,83.18,2,61,Tuesday,January,0,87.34
Bakery,312.42,433,3,Friday,May,0,281.18
Beverages,276.94,130,107,Saturday,February,1,310.17
Frozen,344.12,83,63,Friday,December,0,361.33
Frozen,383.4,108,81,Thursday,June,0,402.57
Bakery,86.93,375,94,Wednesday,June,0,91.28
Household,54.77,364,3,Monday,June,0,49.29
Bakery,25.86,59,80,Wednesday,December,0,28.96
Vegetables,386.61,364,17,Tuesday,July,0,347.95
Beverages,111.92,25,2,Tuesday,July,0,100.73
Dairy,498.06,69,17,Tuesday,June,0,498.06
Dairy,85.23,335,68,Tuesday,January,0,89.49
Snacks,338.14,350,19,Sunday,November,1,304.33
Personal Care,106.77,234,43,Sunday,April,1,106.77
Bakery,490.5,393,74,Tuesday,September,0,515.02
Dairy,433.59,58,112,Thursday,December,0,485.62
Frozen,118.35,217,108,Sunday,July,1,132.55
Frozen,419.71,242,94,Saturday,May,1,470.08
Dairy,131.88,440,1,Wednesday,June,0,118.69
Personal Care,455.84,33,3,Thursday,February,0,410.26
Frozen,201.57,298,60,Monday,January,0,201.57
Vegetables,150.82,404,95,Wednesday,September,0,158.36
Dairy,58.93,374,84,Monday,August,0,61.88
Frozen,156.67,298,53,Sunday,December,1,156.67
Beverages,262.7,301,17,Wednesday,February,0,236.43
Bakery,185.75,163,105,Monday,November,0,208.04
Frozen,311.48,362,54,Monday,December,0,311.48
Snacks,69.86,429,21,Saturday,June,1,62.87
Household,88.3,126,90,Tuesday,March,0,98.9
Vegetables,468.37,167,65,Sunday,September,1,491.79
Snacks,492.21,332,57,Saturday,May,1,492.21
Snacks,181.42,139,95,Monday,December,0,203.19
Personal Care,253.5,208,23,Wednesday,December,0,228.15
Snacks,301.95,24,99,Monday,February,0,338.18
Bakery,458.17,398,21,Sunday,June,1,412.35
Household,258.21,223,107,Tuesday,August,0,289.2
Fruits,355.02,283,69,Tuesday,July,0,372.77
Dairy,118.31,228,36,Friday,October,0,118.31
Dairy,484.99,11,33,Wednesday,September,0,484.99
Vegetables,13.43,389,76,Thursday,February,0,14.1
Vegetables,221.57,410,114,Sunday,May,1,248.16
Beverages,97.26,458,29,Wednesday,December,0,87.53
Household,480.22,394,38,Saturday,December,1,480.22
Household,302.17,93,6,Wednesday,December,0,271.95
Household,286.13,227,42,Thursday,August,0,286.13
Bakery,62.42,97,101,Thursday,October,0,69.91
Vegetables,119.51,363,40,Sunday,June,1,119.51
Fruits,211.72,74,57,Sunday,May,1,222.31
Household,385.86,350,14,Monday,July,0,347.27
Dairy,279.25,457,109,Wednesday,September,0,293.21
Fruits,456.67,20,103,Sunday,February,1,511.47
Household,333.06,494,22,Tuesday,February,0,299.75
Snacks,108.69,364,67,Friday,July,0,108.69
Dairy,13.8,264,26,Wednesday,August,0,12.42
Frozen,343.57,37,17,Saturday,September,1,343.57
Vegetables,297.49,370,30,Monday,November,0,267.74
Fruits,147.57,463,14,Saturday,February,1,132.81
Snacks,367.96,293,78,Sunday,November,1,386.36
Fruits,292.88,441,109,Friday,March,0,328.03
Fruits,61.51,465,119,Wednesday,December,0,68.89
Frozen,468.17,468,101,Sunday,April,1,491.58
Snacks,265.23,249,96,Friday,September,0,297.06
Household,442.43,75,66,Wednesday,December,0,464.55
Vegetables,431.78,263,51,Friday,November,0,431.78
Bakery,277.59,393,34,Sunday,April,1,249.83
Fruits,204.0,125,7,Saturday,October,1,183.6
Dairy,326.07,241,31,Thursday,October,0,326.07
Personal Care,311.58,314,109,Sunday,December,1,348.97
Personal Care,393.1,161,60,Saturday,November,1,412.76
Personal Care,436.08,159,36,Monday,January,0,436.08
Fruits,207.47,464,107,Tuesday,December,0,217.84
Frozen,76.36,328,99,Wednesday,May,0,80.18
Snacks,155.88,232,107,Wednesday,October,0,174.59
Bakery,347.79,16,120,Sunday,December,1,389.52
Personal Care,132.25,297,84,Friday,April,0,138.86
Vegetables,171.4,321,82,Saturday,October,1,179.97
Dairy,236.41,311,91,Sunday,October,1,248.23
Frozen,188.3,438,41,Thursday,September,0,169.47
Snacks,461.75,255,43,Thursday,November,0,461.75
Vegetables,45.3,245,68,Wednesday,April,0,47.56
Personal Care,341.82,251,108,Saturday,April,1,382.84
Dairy,498.08,334,86,Monday,November,0,522.98
Fruits,238.19,199,13,Saturday,November,1,214.37
Snacks,164.99,14,83,Saturday,January,1,184.79
Fruits,258.85,112,50,Friday,March,0,271.79
Beverages,103.47,367,92,Friday,June,0,108.64
Personal Care,16.69,463,25,Thursday,October,0,15.02
Household,73.65,284,43,Saturday,January,1,73.65
Beverages,119.86,392,18,Sunday,November,1,107.87
Frozen,164.38,82,59,Tuesday,June,0,172.6
Household,406.34,146,80,Thursday,March,0,426.66
Personal Care,301.18,28,25,Tuesday,March,0,301.18
Snacks,141.24,250,10,Wednesday,July,0,127.12
Household,444.25,300,32,Saturday,June,1,444.25
Household,190.39,356,58,Monday,March,0,190.39
Dairy,30.07,59,61,Wednesday,February,0,31.57
Snacks,214.87,159,34,Sunday,June,1,214.87
Personal Care,401.67,410,51,Monday,March,0,401.67
Bakery,280.0,128,119,Saturday,October,1,313.6
Bakery,478.71,76,62,Saturday,December,1,502.65
Dairy,422.94,167,4,Thursday,December,0,380.65
Frozen,60.65,79,22,Sunday,March,1,60.65
Vegetables,328.06,336,91,Saturday,January,1,344.46
Household,199.24,146,54,Friday,December,0,209.2
Household,131.68,3,120,Wednesday,June,0,147.48
Household,168.68,482,44,Friday,June,0,151.81
Dairy,71.77,209,28,Saturday,June,1,71.77
Frozen,13.24,256,63,Sunday,September,1,13.9
Personal Care,462.24,111,30,Saturday,March,1,462.24
Fruits,210.87,99,74,Saturday,October,1,221.41
Dairy,138.8,422,53,Monday,January,0,138.8
Vegetables,97.19,380,106,Tuesday,July,0,108.85
Frozen,363.23,420,107,Tuesday,July,0,406.82
Dairy,100.03,352,24,Tuesday,January,0,90.03
Fruits,193.52,173,87,Monday,July,0,203.2
Bakery,234.38,311,5,Thursday,November,0,210.94
Fruits,21.64,370,9,Wednesday,November,0,19.48
Bakery,94.6,29,27,Friday,April,0,94.6
Personal Care,161.58,17,59,Thursday,October,0,169.66
Fruits,448.08,468,15,Thursday,March,0,403.27
Bakery,280.1,100,88,Tuesday,November,0,313.71
Snacks,298.2,326,110,Sunday,February,1,333.98
Beverages,293.22,194,101,Saturday,October,1,328.41
Beverages,65.11,436,44,Tuesday,January,0,65.11
Fruits,51.67,89,118,Thursday,January,0,57.87
Dairy,449.88,65,114,Tuesday,September,0,503.87
Snacks,329.66,228,96,Wednesday,March,0,369.22
Fruits,391.91,162,37,Friday,September,0,391.91
Household,250.59,278,69,Thursday,March,0,263.12
Vegetables,467.43,32,52,Tuesday,March,0,490.8
Beverages,349.56,266,107,Saturday,December,1,391.51
Dairy,480.39,86,54,Friday,September,0,504.41
Dairy,451.75,133,54,Saturday,July,1,474.34
Household,256.6,166,18,Saturday,May,1,256.6
Fruits,210.09,433,73,Thursday,December,0,220.59
Dairy,326.9,454,107,Wednesday,August,0,343.25
Beverages,350.44,132,118,Sunday,June,1,392.49
Beverages,187.28,112,58,Friday,August,0,196.64
Personal Care,239.94,281,116,Friday,May,0,268.73
Dairy,226.34,415,90,Saturday,October,1,237.66
Personal Care,214.12,246,60,Thursday,January,0,224.83
Frozen,52.34,464,79,Friday,September,0,54.96
Fruits,477.21,79,70,Wednesday,March,0,501.07
Frozen,266.0,408,77,Tuesday,September,0,279.3
Beverages,447.85,352,93,Monday,December,0,470.24
Frozen,136.01,225,4,Monday,June,0,122.41
Snacks,434.19,39,83,Friday,July,0,486.29
Dairy,174.0,374,92,Thursday,September,0,182.7
Vegetables,15.18,104,10,Saturday,November,1,13.66
Frozen,195.22,242,112,Friday,June,0,218.65
Bakery,80.73,299,68,Tuesday,February,0,84.77
Beverages,382.88,135,18,Friday,November,0,344.59
Household,126.73,192,87,Saturday,May,1,141.94
Bakery,420.84,406,3,Monday,October,0,378.76
Bakery,488.78,285,88,Wednesday,September,0,513.22
Dairy,265.93,2,120,Saturday,February,1,297.84
Fruits,10.58,264,100,Saturday,November,1,11.85
Frozen,248.09,460,14,Wednesday,March,0,223.28
Dairy,244.97,333,14,Saturday,January,1,220.47
Fruits,415.24,30,37,Tuesday,April,0,415.24
Frozen,487.77,297,48,Saturday,August,1,487.77
Frozen,231.98,78,83,Wednesday,July,0,259.82
Bakery,338.15,168,9,Monday,January,0,304.33
Dairy,35.11,241,7,Sunday,February,1,31.6
Fruits,282.08,186,4,Saturday,March,1,253.87
Dairy,192.39,77,45,Saturday,May,1,202.01
Fruits,90.1,391,120,Saturday,April,1,100.91
Beverages,26.06,7,87,Tuesday,October,0,29.19
Fruits,188.59,320,102,Friday,August,0,211.22
Personal Care,327.73,346,89,Saturday,November,1,344.12
Household,323.6,445,77,Thursday,June,0,339.78
Fruits,376.6,131,107,Sunday,March,1,421.79
Household,84.16,340,87,Saturday,October,1,88.37
Personal Care,337.79,85,8,Wednesday,February,0,304.01
Frozen,149.26,179,100,Saturday,April,1,167.17
Fruits,152.94,482,102,Sunday,November,1,160.59
Household,55.53,460,25,Tuesday,August,0,49.98
Snacks,435.52,405,55,Sunday,July,1,435.52
Fruits,195.87,59,96,Saturday,July,1,219.37
Dairy,420.37,164,44,Thursday,February,0,420.37
Fruits,157.58,337,6,Sunday,June,1,141.82
Vegetables,156.15,371,51,Friday,September,0,156.15
Bakery,144.77,302,79,Monday,September,0,152.01
Dairy,113.61,420,103,Wednesday,September,0,119.29
Frozen,93.75,377,6,Saturday,June,1,84.38
Fruits,135.19,170,4,Friday,October,0,121.67
Vegetables,224.0,94,34,Wednesday,April,0,224.0
Household,81.22,226,95,Friday,February,0,90.97
Bakery,451.67,47,89,Monday,December,0,505.87
Vegetables,192.25,355,111,Monday,September,0,215.32
Personal Care,211.08,218,115,Friday,October,0,236.41
Vegetables,337.47,373,42,Friday,April,0,337.47
Beverages,47.42,183,106,Friday,July,0,53.11
Bakery,255.04,108,7,Sunday,November,1,229.54
Fruits,364.37,102,84,Wednesday,December,0,408.09
Vegetables,14.07,389,6,Tuesday,March,0,12.66
Frozen,139.7,178,79,Thursday,November,0,146.69
Beverages,14.24,436,43,Wednesday,September,0,14.24
Beverages,413.09,265,112,Thursday,September,0,462.66
Bakery,361.95,73,9,Sunday,May,1,325.75
Fruits,486.15,131,78,Saturday,September,1,510.46
Personal Care,228.96,198,1,Wednesday,March,0,206.06
Snacks,468.38,491,14,Thursday,December,0,421.54
Vegetables,460.24,350,61,Sunday,March,1,460.24
Bakery,138.5,41,59,Tuesday,August,0,145.43
Household,272.31,415,35,Wednesday,March,0,245.08
Beverages,217.67,443,108,Thursday,October,0,228.55
Vegetables,264.05,317,59,Friday,September,0,264.05
Vegetables,235.9,241,43,Wednesday,May,0,235.9
Household,261.23,453,58,Sunday,May,1,261.23
Bakery,125.44,3,15,Friday,March,0,125.44
Snacks,213.81,456,118,Monday,December,0,239.47
Household,481.65,223,24,Saturday,August,1,481.65
Household,335.11,33,90,Friday,April,0,375.32
Personal Care,194.67,128,67,Friday,January,0,204.4
Bakery,85.06,143,108,Friday,May,0,95.27
Personal Care,244.47,125,55,Saturday,November,1,256.69
Household,209.49,472,114,Monday,June,0,234.63
Frozen,281.65,206,18,Saturday,March,1,253.48
Snacks,435.23,32,104,Thursday,January,0,487.46
Frozen,174.29,130,67,Monday,June,0,183.0
Snacks,60.05,18,17,Saturday,March,1,60.05
Fruits,321.48,154,31,Tuesday,January,0,321.48
Snacks,420.13,492,87,Tuesday,November,0,441.14
Fruits,43.03,212,82,Saturday,March,1,45.18
Personal Care,156.14,447,112,Wednesday,July,0,174.88
Snacks,432.17,410,104,Monday,March,0,453.78
Bakery,112.76,358,2,Thursday,September,0,101.48
Beverages,283.22,250,70,Sunday,January,1,297.38
Frozen,213.94,164,90,Wednesday,June,0,239.61
Vegetables,172.35,206,49,Tuesday,June,0,172.35
Frozen,169.79,427,38,Monday,September,0,152.81
Dairy,90.97,438,71,Saturday,September,1,95.52
Beverages,175.91,39,22,Saturday,September,1,175.91
Vegetables,196.8,300,6,Wednesday,October,0,177.12
Personal Care,201.16,473,92,Friday,September,0,211.22
Personal Care,96.05,257,114,Tuesday,December,0,107.58
Vegetables,495.17,230,114,Monday,June,0,554.59
Beverages,31.78,41,86,Tuesday,November,0,35.59
Beverages,409.1,277,72,Sunday,August,1,429.56
Bakery,398.41,387,111,Tuesday,April,0,446.22
Beverages,459.8,107,112,Thursday,July,0,514.98
Vegetables,223.87,151,17,Sunday,August,1,223.87
Fruits,277.12,70,55,Friday,December,0,290.98
Household,101.21,74,68,Thursday,December,0,106.27
Frozen,490.96,370,32,Tuesday,January,0,441.86
Vegetables,497.03,248,58,Friday,April,0,497.03
Personal Care,224.44,41,96,Monday,July,0,251.37
Beverages,336.26,117,106,Tuesday,May,0,376.61
Household,408.5,387,97,Saturday,December,1,428.93
Household,245.37,176,115,Thursday,March,0,274.81
Snacks,477.48,67,110,Sunday,August,1,534.78
Fruits,325.72,393,5,Monday,May,0,293.15
Household,114.35,272,46,Saturday,October,1,114.35
Fruits,116.98,483,17,Sunday,August,1,105.28
Snacks,375.28,343,106,Tuesday,March,0,420.31
Vegetables,178.75,474,104,Thursday,January,0,187.69
Personal Care,357.5,404,33,Monday,December,0,321.75
Beverages,172.22,173,38,Thursday,September,0,172.22
Snacks,490.74,408,58,Thursday,November,0,490.74
Dairy,153.65,54,54,Thursday,September,0,161.33
Vegetables,428.37,36,47,Sunday,October,1,449.79
Frozen,322.44,443,37,Thursday,November,0,290.2
Fruits,124.09,201,108,Sunday,June,1,138.98
Frozen,308.27,153,36,Friday,November,0,308.27
Personal Care,375.6,221,64,Saturday,April,1,394.38
Snacks,101.83,92,80,Sunday,February,1,114.05
Beverages,148.88,309,43,Wednesday,September,0,148.88
Fruits,459.83,225,4,Monday,November,0,413.85
Frozen,446.67,123,87,Friday,May,0,500.27
Household,295.52,304,87,Sunday,May,1,310.3
Beverages,216.66,17,63,Thursday,January,0,227.49
Vegetables,301.37,106,8,Monday,March,0,271.23
Dairy,120.44,490,32,Friday,September,0,108.4
Dairy,349.97,124,93,Friday,August,0,391.97
Bakery,434.9,193,19,Friday,April,0,391.41
Snacks,184.37,282,80,Monday,June,0,193.59
Vegetables,389.78,39,5,Friday,November,0,350.8
Dairy,473.86,188,105,Tuesday,April,0,530.72
Fruits,147.3,414,26,Wednesday,July,0,132.57
Fruits,20.38,326,84,Thursday,August,0,21.4
Beverages,260.63,236,10,Wednesday,July,0,234.57
Household,307.99,338,80,Wednesday,August,0,323.39
Personal Care,183.19,254,44,Friday,June,0,183.19
Household,488.37,14,115,Wednesday,June,0,546.97
Snacks,347.28,199,18,Friday,December,0,312.55
Bakery,227.12,154,66,Wednesday,May,0,238.48
Bakery,283.98,320,45,Tuesday,December,0,283.98
Household,74.18,437,85,Wednesday,March,0,77.89
Dairy,471.78,458,86,Sunday,September,1,495.37
Vegetables,90.37,389,10,Thursday,November,0,81.33
Household,57.18,35,79,Saturday,December,1,64.04
Beverages,55.34,427,117,Wednesday,August,0,61.98
Personal Care,358.16,164,20,Monday,April,0,322.34
Dairy,396.85,341,18,Thursday,November,0,357.17
Frozen,384.87,452,34,Thursday,April,0,346.38
Dairy,261.32,397,71,Tuesday,May,0,274.39
Dairy,102.39,374,47,Saturday,April,1,102.39
Beverages,364.51,47,101,Tuesday,December,0,408.25
Personal Care,440.25,147,2,Saturday,December,1,396.23
Beverages,295.55,396,56,Tuesday,May,0,295.55
Dairy,292.18,47,23,Sunday,December,1,292.18
Bakery,413.14,462,5,Wednesday,December,0,371.83
Beverages,183.26,293,41,Friday,October,0,183.26
Dairy,356.63,145,119,Sunday,August,1,399.43
Personal Care,53.38,410,117,Saturday,April,1,59.79
Beverages,169.21,209,2,Monday,September,0,152.29
Bakery,477.86,401,15,Tuesday,May,0,430.07
Snacks,138.37,258,91,Wednesday,August,0,145.29
Bakery,109.04,308,99,Saturday,October,1,122.12
Frozen,349.03,457,60,Thursday,September,0,349.03
Frozen,52.72,253,31,Wednesday,March,0,52.72
Bakery,386.32,78,4,Sunday,March,1,347.69
Bakery,442.6,363,27,Friday,February,0,398.34
Snacks,29.32,149,76,Sunday,May,1,30.79
Vegetables,26.84,317,68,Friday,January,0,28.18
Vegetables,277.07,271,92,Monday,October,0,290.92
Frozen,341.94,155,104,Wednesday,March,0,382.97
Snacks,67.34,294,14,Saturday,October,1,60.61
Dairy,261.44,36,86,Tuesday,April,0,292.81
Household,202.35,288,94,Sunday,December,1,226.63
Snacks,56.11,492,20,Tuesday,July,0,50.5
Frozen,249.64,154,119,Saturday,December,1,279.6
Bakery,456.53,44,2,Sunday,November,1,410.88
Snacks,348.48,462,73,Monday,October,0,348.48
Bakery,445.05,407,98,Thursday,May,0,467.3
Dairy,167.32,444,4,Monday,April,0,150.59
Snacks,393.04,12,98,Tuesday,May,0,440.2
Personal Care,300.29,221,4,Thursday,February,0,270.26
Personal Care,448.24,244,99,Thursday,June,0,502.03
Dairy,414.92,254,59,Wednesday,December,0,414.92
Beverages,185.47,441,84,Thursday,March,0,194.74
Snacks,46.87,194,97,Saturday,April,1,52.49
Bakery,203.24,428,26,Saturday,August,1,182.92
Vegetables,366.76,48,84,Sunday,November,1,410.77
Dairy,164.57,456,89,Sunday,August,1,172.8
Dairy,477.51,389,110,Friday,October,0,534.81
Frozen,431.26,106,8,Thursday,July,0,388.13
Fruits,21.13,177,77,Friday,May,0,22.19
Frozen,457.86,442,108,Thursday,July,0,480.75
Snacks,432.04,71,99,Tuesday,April,0,483.88
Fruits,39.04,253,14,Saturday,November,1,35.14
Household,266.23,5,101,Monday,October,0,298.18
Fruits,434.66,34,36,Saturday,January,1,434.66
Vegetables,216.22,128,24,Tuesday,May,0,216.22
Snacks,423.75,410,97,Thursday,June,0,444.94
Vegetables,391.37,151,37,Saturday,September,1,391.37
Vegetables,280.51,320,113,Saturday,March,1,314.17
Snacks,239.38,308,94,Monday,October,0,251.35
Fruits,101.39,269,109,Wednesday,September,0,113.56
Beverages,346.09,282,44,Saturday,May,1,346.09
Household,165.02,446,15,Tuesday,October,0,148.52
Bakery,448.14,489,54,Sunday,January,1,448.14
Snacks,460.48,266,111,Tuesday,April,0,515.74
Frozen,252.85,288,117,Tuesday,September,0,283.19
Fruits,105.77,450,73,Sunday,November,1,111.06
Snacks,81.23,124,69,Monday,January,0,85.29
Personal Care,350.48,211,33,Thursday,June,0,350.48
Vegetables,162.49,216,116,Sunday,May,1,181.99
Vegetables,221.06,246,92,Wednesday,February,0,232.11
Frozen,123.14,393,12,Tuesday,January,0,110.83
Frozen,121.71,235,43,Wednesday,March,0,121.71
Fruits,245.59,20,16,Wednesday,June,0,245.59
Vegetables,157.94,263,14,Monday,December,0,142.15
Personal Care,134.0,41,48,Thursday,March,0,140.7
Vegetables,65.24,160,92,Tuesday,December,0,73.07
Frozen,446.9,38,54,Friday,July,0,469.25
Bakery,59.97,198,118,Monday,April,0,67.17
Frozen,47.3,265,78,Tuesday,July,0,49.66
Dairy,393.52,175,44,Saturday,November,1,393.52
Personal Care,195.75,180,117,Wednesday,March,0,219.24
Frozen,255.38,127,49,Friday,May,0,255.38
Snacks,254.92,46,35,Sunday,January,1,254.92
Snacks,152.13,410,87,Wednesday,November,0,159.74
Household,147.6,174,109,Friday,June,0,165.31
Frozen,396.09,15,2,Tuesday,January,0,356.48
Bakery,55.43,490,53,Saturday,March,1,55.43
Beverages,253.31,77,29,Friday,July,0,253.31
Fruits,454.48,352,17,Saturday,February,1,409.03
Fruits,374.43,412,27,Thursday,September,0,336.99
Snacks,272.19,337,101,Sunday,January,1,304.85
Household,420.49,324,58,Monday,October,0,420.49
Snacks,136.73,400,92,Friday,October,0,143.57
Bakery,209.13,471,117,Wednesday,January,0,234.23
Vegetables,65.62,97,53,Sunday,December,1,68.9
Personal Care,429.5,386,100,Monday,April,0,450.98
Personal Care,409.96,322,33,Friday,May,0,368.96
Snacks,437.09,493,61,Sunday,August,1,437.09
Dairy,17.64,216,23,Sunday,August,1,17.64
Household,359.14,296,43,Saturday,February,1,359.14
Personal Care,407.54,305,46,Wednesday,May,0,407.54
Frozen,219.6,169,38,Tuesday,February,0,219.6
Fruits,422.86,358,46,Sunday,July,1,422.86
Beverages,242.58,87,65,Monday,January,0,254.71
Bakery,213.3,477,96,Saturday,February,1,223.97
Fruits,110.3,157,60,Friday,November,0,115.81
Personal Care,351.59,164,75,Tuesday,April,0,369.17
Household,340.34,418,53,Saturday,April,1,340.34
Vegetables,121.7,84,55,Wednesday,December,0,127.79
Vegetables,306.96,368,12,Saturday,November,1,276.26
Dairy,35.98,228,2,Thursday,September,0,32.38
Bakery,71.47,365,80,Wednesday,November,0,75.04
Household,229.75,488,10,Saturday,December,1,206.78
Snacks,30.07,139,112,Sunday,October,1,33.68
Personal Care,284.12,47,90,Sunday,May,1,318.21
Beverages,316.5,457,82,Sunday,April,1,332.32
Household,359.68,397,20,Sunday,September,1,323.71
Snacks,323.55,248,22,Saturday,September,1,291.19
Fruits,359.34,441,52,Saturday,August,1,359.34
Vegetables,71.1,107,7,Tuesday,July,0,63.99
Household,195.39,327,59,Saturday,August,1,195.39
Bakery,415.69,175,67,Friday,March,0,436.47
Bakery,419.54,444,60,Monday,November,0,419.54
Vegetables,397.29,143,10,Saturday,January,1,357.56
Fruits,366.58,62,15,Thursday,February,0,366.58
Bakery,157.34,206,33,Wednesday,July,0,157.34
Bakery,484.24,299,110,Friday,April,0,542.35
Dairy,381.54,235,47,Sunday,May,1,381.54
Beverages,368.41,155,112,Thursday,April,0,412.62
Vegetables,459.45,440,84,Sunday,June,1,482.42
Beverages,128.18,370,86,Thursday,May,0,134.59
Vegetables,340.6,498,94,Thursday,August,0,357.63
Dairy,37.69,287,72,Monday,November,0,39.57
Beverages,176.91,89,43,Monday,March,0,176.91
Bakery,377.97,373,99,Friday,January,0,396.87
Vegetables,484.77,387,22,Thursday,August,0,436.29
Dairy,311.11,341,52,Thursday,December,0,311.11
Dairy,82.72,221,47,Saturday,April,1,82.72
Vegetables,496.45,425,74,Saturday,June,1,521.27
Fruits,40.96,158,52,Sunday,November,1,43.01
Vegetables,75.46,56,99,Saturday,January,1,84.52
Dairy,102.57,382,61,Monday,December,0,102.57
Dairy,229.04,416,32,Thursday,September,0,206.14
Dairy,268.59,263,97,Saturday,July,1,300.82
Frozen,378.22,481,75,Tuesday,March,0,378.22
Dairy,254.37,431,102,Sunday,December,1,267.09
Dairy,289.61,456,114,Friday,April,0,324.36
Personal Care,257.26,305,20,Saturday,December,1,231.53
Frozen,250.94,156,70,Thursday,July,0,263.49
Beverages,311.69,178,8,Sunday,August,1,280.52
Personal Care,339.87,138,104,Wednesday,July,0,380.65
Household,226.4,219,61,Thursday,June,0,237.72
Personal Care,54.01,307,66,Tuesday,September,0,56.71
Bakery,228.91,301,35,Thursday,August,0,228.91
Household,11.71,471,104,Monday,April,0,12.3
Personal Care,173.58,68,97,Tuesday,January,0,194.41
Beverages,224.36,92,51,Friday,April,0,235.58
Dairy,116.19,433,96,Thursday,November,0,122.0
Personal Care,179.2,488,119,Wednesday,August,0,200.7
Snacks,128.35,314,117,Saturday,January,1,143.75
Fruits,379.21,420,34,Sunday,January,1,341.29
Frozen,121.28,45,56,Friday,June,0,127.34
Beverages,327.18,140,60,Thursday,December,0,343.54
Fruits,190.37,65,44,Saturday,September,1,199.89
Snacks,246.27,325,74,Friday,January,0,258.58
Dairy,362.86,184,108,Sunday,April,1,406.4
Frozen,364.43,393,53,Friday,April,0,364.43
Snacks,76.64,223,30,Tuesday,May,0,76.64
Beverages,83.23,484,46,Saturday,July,1,83.23
Beverages,388.93,395,67,Tuesday,August,0,388.93
Beverages,448.65,427,110,Sunday,April,1,502.49
Fruits,340.34,96,44,Sunday,October,1,357.36
Snacks,59.98,120,104,Tuesday,December,0,67.18
Fruits,414.03,376,90,Saturday,January,1,434.73
Dairy,276.18,300,40,Tuesday,November,0,276.18
Snacks,132.98,459,5,Tuesday,December,0,119.68
Fruits,15.46,102,25,Tuesday,April,0,15.46
Bakery,319.81,276,114,Sunday,September,1,358.19
Snacks,271.35,188,52,Saturday,February,1,284.92
Beverages,186.42,250,115,Friday,November,0,208.79
Dairy,142.0,113,57,Monday,October,0,149.1
Vegetables,402.46,329,81,Wednesday,November,0,422.58
Bakery,243.98,216,74,Saturday,July,1,256.18
Vegetables,18.12,335,81,Thursday,May,0,19.03
Household,423.63,183,40,Wednesday,December,0,423.63
Beverages,56.97,251,86,Saturday,September,1,59.82
Snacks,237.15,343,21,Thursday,May,0,213.44
Dairy,168.37,366,19,Saturday,August,1,151.53
Snacks,327.37,496,78,Thursday,September,0,343.74
Vegetables,187.7,105,34,Saturday,March,1,187.7
Vegetables,496.1,110,82,Sunday,October,1,555.63
Dairy,118.26,234,79,Friday,August,0,124.17
Vegetables,432.63,347,28,Monday,December,0,389.37
Household,21.2,85,13,Friday,September,0,19.08
Household,381.2,423,87,Thursday,June,0,400.26
Household,391.89,349,88,Saturday,January,1,411.48
Beverages,172.49,203,56,Thursday,December,0,181.11
Vegetables,208.35,344,99,Monday,July,0,218.77
Fruits,119.35,153,64,Thursday,August,0,125.32
Bakery,436.71,425,73,Friday,November,0,458.55
Vegetables,220.0,73,72,Friday,June,0,231.0
Bakery,446.38,1,30,Friday,June,0,446.38
Beverages,162.11,439,61,Thursday,March,0,162.11
Beverages,60.55,181,73,Sunday,July,1,63.58
Snacks,454.7,227,38,Tuesday,October,0,454.7
Frozen,121.65,310,33,Friday,June,0,109.49
Personal Care,13.54,285,73,Wednesday,June,0,14.22
Personal Care,213.23,223,100,Saturday,November,1,238.82
Household,107.21,241,8,Friday,August,0,96.49
Snacks,25.34,77,95,Sunday,February,1,28.38
Dairy,334.47,377,104,Thursday,April,0,374.61
Frozen,339.03,114,88,Saturday,March,1,379.71
Household,370.56,337,102,Thursday,April,0,415.03
Beverages,93.31,374,27,Wednesday,September,0,83.98
Fruits,141.27,110,77,Monday,July,0,148.33
Frozen,12.49,50,75,Monday,January,0,13.11
Dairy,158.16,266,56,Thursday,December,0,158.16
Dairy,376.42,107,110,Saturday,March,1,421.59
Frozen,161.68,474,97,Thursday,September,0,169.76
Snacks,335.59,264,46,Friday,June,0,335.59
Personal Care,54.77,221,102,Monday,October,0,61.34
Dairy,303.74,254,13,Thursday,May,0,273.37
Household,322.87,287,14,Monday,May,0,290.58
Household,378.1,418,32,Saturday,May,1,340.29
Frozen,223.31,295,107,Wednesday,May,0,250.11
Fruits,398.46,353,30,Friday,August,0,358.61
Vegetables,442.27,382,99,Sunday,December,1,495.34
Household,74.08,484,74,Monday,November,0,74.08
Household,200.61,177,118,Monday,September,0,224.68
Snacks,226.83,410,115,Wednesday,December,0,254.05
Fruits,226.85,304,68,Sunday,September,1,238.19
Vegetables,125.83,228,36,Tuesday,May,0,125.83
Household,31.26,420,52,Friday,June,0,31.26
Snacks,256.65,203,21,Saturday,June,1,256.65
Dairy,83.4,24,66,Sunday,October,1,87.57
Frozen,147.41,411,78,Saturday,March,1,154.78
Personal Care,465.87,153,100,Sunday,April,1,521.77
Household,133.06,208,77,Wednesday,March,0,139.71
Bakery,101.47,53,88,Wednesday,July,0,113.65
Dairy,413.05,259,58,Monday,January,0,413.05
Vegetables,277.49,108,43,Sunday,May,1,277.49
Frozen,314.73,196,55,Monday,May,0,330.47
Dairy,113.85,207,34,Thursday,May,0,113.85
Fruits,220.85,468,75,Monday,November,0,220.85
Bakery,218.75,96,23,Monday,June,0,218.75
Dairy,492.66,122,94,Friday,November,0,551.78
Frozen,352.39,180,71,Sunday,July,1,370.01
Vegetables,358.37,360,9,Saturday,October,1,322.53
Dairy,30.78,425,39,Monday,June,0,27.7
Vegetables,305.07,111,28,Wednesday,March,0,305.07
Vegetables,213.83,367,85,Thursday,January,0,224.52
Bakery,409.31,264,41,Wednesday,December,0,409.31
Dairy,385.55,14,22,Friday,June,0,385.55
Fruits,104.58,266,2,Monday,January,0,94.12
Bakery,100.34,151,104,Wednesday,August,0,112.38
Bakery,481.92,48,117,Wednesday,September,0,539.75
Dairy,198.54,469,84,Sunday,February,1,208.47
Personal Care,307.72,395,75,Monday,April,0,323.11
Frozen,316.48,371,48,Monday,June,0,316.48
Household,69.2,49,86,Sunday,December,1,77.5
Snacks,418.32,296,53,Friday,August,0,418.32
Bakery,255.82,408,85,Thursday,February,0,268.61
Fruits,13.82,6,83,Wednesday,October,0,15.48
Beverages,302.75,105,91,Tuesday,September,0,339.08
Household,18.46,471,117,Saturday,February,1,20.68
Frozen,51.03,493,76,Tuesday,April,0,51.03
Beverages,46.37,100,36,Friday,June,0,46.37
Beverages,481.24,22,73,Sunday,May,1,538.99
Dairy,336.21,484,106,Tuesday,August,0,353.02
Bakery,468.46,242,64,Wednesday,September,0,491.88
Vegetables,180.89,80,92,Thursday,May,0,202.6
Vegetables,13.38,205,14,Monday,December,0,12.04
Beverages,453.51,404,95,Tuesday,December,0,476.19
Dairy,328.34,470,8,Thursday,October,0,295.51
Household,472.16,220,41,Thursday,November,0,472.16
Bakery,92.33,61,71,Thursday,January,0,96.95
Bakery,275.6,461,16,Saturday,December,1,248.04
Beverages,433.11,364,83,Sunday,April,1,454.77
Snacks,105.88,94,42,Wednesday,October,0,105.88
Vegetables,386.8,298,93,Tuesday,January,0,406.14
Frozen,396.13,114,15,Sunday,May,1,396.13
Household,304.02,285,85,Saturday,September,1,319.22
Bakery,424.45,452,75,Saturday,July,1,445.67
Bakery,289.65,208,111,Friday,January,0,324.41
Personal Care,186.06,177,21,Monday,February,0,167.45
Beverages,379.72,432,28,Sunday,July,1,341.75
Dairy,264.24,208,101,Wednesday,February,0,295.95
Vegetables,386.65,130,33,Saturday,July,1,386.65
Dairy,439.46,360,10,Saturday,October,1,395.51
Fruits,454.45,132,5,Sunday,September,1,409.0
Snacks,143.86,289,42,Wednesday,May,0,143.86
Household,24.62,207,2,Friday,November,0,22.16
Household,416.03,467,65,Monday,July,0,416.03
Beverages,349.23,234,34,Wednesday,July,0,349.23
Frozen,301.12,113,88,Friday,November,0,337.25
Vegetables,458.13,179,74,Saturday,January,1,481.04
Fruits,136.37,312,36,Monday,May,0,136.37
Beverages,335.93,337,3,Wednesday,October,0,302.34
Household,232.61,441,84,Thursday,July,0,244.24
Beverages,164.94,98,87,Sunday,November,1,184.73
Vegetables,150.95,208,97,Thursday,October,0,169.06
Bakery,440.29,413,45,Tuesday,January,0,440.29
Bakery,201.47,439,37,Thursday,March,0,181.32
Vegetables,490.4,206,16,Thursday,May,0,441.36
Frozen,446.17,164,75,Monday,March,0,468.48
Frozen,73.44,413,58,Thursday,February,0,73.44
Bakery,381.69,199,18,Sunday,December,1,343.52
Vegetables,205.52,5,99,Tuesday,May,0,230.18
Vegetables,72.46,414,52,Friday,October,0,72.46
Frozen,246.73,24,16,Thursday,June,0,246.73
Frozen,87.13,255,96,Thursday,November,0,97.59
Personal Care,31.95,33,115,Wednesday,August,0,35.78
Beverages,111.08,368,19,Wednesday,March,0,99.97
Personal Care,97.86,104,44,Tuesday,June,0,97.86
Frozen,417.26,1,67,Wednesday,December,0,438.12
Vegetables,420.47,159,77,Thursday,February,0,441.49
Fruits,98.08,186,109,Monday,June,0,109.85
Beverages,14.04,185,117,Saturday,April,1,15.72
Household,107.62,45,25,Saturday,February,1,107.62
Vegetables,143.38,471,53,Monday,June,0,143.38
Snacks,151.2,77,32,Tuesday,March,0,151.2
Bakery,13.25,44,114,Tuesday,October,0,14.84
Personal Care,459.04,456,96,Tuesday,December,0,481.99
Bakery,398.49,142,117,Saturday,November,1,446.31
Bakery,147.71,16,104,Friday,August,0,165.44
Vegetables,119.0,356,117,Sunday,April,1,133.28
Fruits,439.22,247,76,Sunday,September,1,461.18
Beverages,347.7,156,6,Sunday,March,1,312.93
Bakery,464.71,219,120,Friday,March,0,520.48
Snacks,55.44,252,80,Friday,November,0,58.21
Vegetables,49.6,56,84,Monday,January,0,55.55
Frozen,83.8,160,21,Thursday,June,0,75.42
Fruits,264.47,316,97,Sunday,July,1,296.21
Snacks,342.85,186,65,Thursday,August,0,359.99
Personal Care,390.39,446,45,Sunday,March,1,390.39
Frozen,114.47,360,39,Friday,September,0,114.47
Vegetables,80.42,384,97,Thursday,November,0,84.44
Beverages,164.14,152,96,Tuesday,March,0,183.84
Household,109.27,60,9,Thursday,September,0,98.34
Vegetables,381.04,284,4,Wednesday,January,0,342.94
Snacks,133.37,188,30,Friday,December,0,133.37
Vegetables,101.48,493,61,Tuesday,January,0,101.48
Personal Care,226.28,243,56,Thursday,July,0,226.28
Dairy,270.82,277,70,Thursday,May,0,284.36
Household,356.32,424,65,Thursday,February,0,356.32
Beverages,37.25,242,41,Tuesday,February,0,37.25
Snacks,361.22,200,72,Wednesday,October,0,379.28
Snacks,60.33,398,97,Saturday,March,1,63.35
Frozen,72.91,337,84,Monday,August,0,76.56
Personal Care,358.82,482,11,Wednesday,May,0,322.94
Snacks,11.86,420,16,Monday,July,0,10.67
Bakery,145.91,147,46,Tuesday,October,0,145.91
Frozen,466.37,181,91,Thursday,May,0,522.33
Personal Care,466.47,110,9,Friday,October,0,419.82
Fruits,57.38,63,88,Sunday,June,1,64.27
Snacks,121.27,125,114,Wednesday,October,0,135.82
Fruits,90.67,222,108,Friday,August,0,101.55
Dairy,55.2,385,6,Saturday,April,1,49.68
Personal Care,120.88,155,77,Friday,August,0,126.92
Household,372.06,278,90,Wednesday,September,0,390.66
Frozen,317.18,376,68,Friday,September,0,317.18
Bakery,420.56,244,66,Thursday,January,0,441.59
Beverages,66.65,294,76,Tuesday,August,0,69.98
Personal Care,116.5,224,118,Tuesday,September,0,130.48
Beverages,250.61,148,75,Sunday,January,1,263.14
Snacks,115.05,83,22,Tuesday,April,0,115.05
Household,139.38,21,119,Thursday,January,0,156.11
Personal Care,230.73,352,16,Wednesday,December,0,207.66
Vegetables,116.99,203,72,Thursday,May,0,122.84
Fruits,241.08,440,64,Wednesday,January,0,241.08
Fruits,18.82,207,50,Thursday,June,0,18.82
Frozen,16.14,345,58,Thursday,December,0,16.14
Beverages,89.41,282,110,Tuesday,February,0,100.14
Beverages,395.85,331,69,Tuesday,February,0,415.64
Snacks,430.77,258,54,Sunday,September,1,430.77
Beverages,245.57,405,34,Sunday,August,1,221.01
Beverages,219.06,363,102,Tuesday,October,0,230.01
Snacks,106.81,6,117,Wednesday,December,0,119.63
Household,325.49,430,56,Friday,March,0,325.49
Dairy,451.07,206,85,Thursday,January,0,473.62
Personal Care,276.11,119,13,Tuesday,April,0,248.5
Personal Care,330.18,136,27,Wednesday,September,0,330.18
Personal Care,293.36,288,12,Monday,September,0,264.02
Personal Care,490.91,409,56,Wednesday,February,0,490.91
Beverages,483.77,93,16,Monday,July,0,435.39
Snacks,239.16,350,12,Thursday,December,0,215.24
Dairy,160.4,364,93,Tuesday,July,0,168.42
Personal Care,316.7,271,13,Monday,December,0,285.03
Frozen,366.04,297,45,Wednesday,December,0,366.04
Vegetables,405.18,364,48,Friday,May,0,405.18
Beverages,45.89,127,64,Friday,April,0,48.18
Bakery,112.2,437,53,Tuesday,December,0,112.2
Frozen,174.86,255,23,Thursday,July,0,157.37
Fruits,219.56,253,61,Thursday,June,0,230.54
Snacks,186.83,287,55,Monday,April,0,186.83
Personal Care,53.76,132,77,Monday,October,0,56.45
Household,117.83,417,72,Monday,September,0,123.72
Vegetables,401.73,92,56,Sunday,August,1,421.82
Beverages,104.07,312,78,Monday,November,0,109.27
Fruits,426.27,59,47,Sunday,January,1,447.58
Dairy,56.05,42,29,Friday,February,0,56.05
Household,160.89,496,1,Wednesday,May,0,144.8
Beverages,377.2,212,33,Thursday,October,0,377.2
Beverages,381.49,134,75,Friday,January,0,400.56
Bakery,11.24,372,68,Thursday,February,0,11.8
Frozen,390.9,465,106,Wednesday,August,0,410.44
Dairy,162.81,322,103,Saturday,October,1,182.35
Bakery,177.89,464,62,Tuesday,September,0,177.89
Dairy,196.9,314,74,Thursday,August,0,206.75
Snacks,199.68,93,5,Friday,November,0,179.71
Frozen,67.9,411,24,Sunday,April,1,61.11
Fruits,98.79,157,29,Saturday,March,1,98.79
Dairy,188.28,409,50,Friday,October,0,188.28
Fruits,490.65,459,35,Wednesday,October,0,441.58
Fruits,60.74,433,97,Saturday,June,1,63.78
Household,458.35,228,80,Tuesday,March,0,481.27
Fruits,238.78,61,15,Saturday,June,1,238.78
Personal Care,342.14,50,107,Thursday,November,0,383.2
Fruits,110.74,414,24,Saturday,July,1,99.67
Dairy,410.41,301,55,Friday,June,0,410.41
Frozen,259.11,353,69,Sunday,November,1,272.07
Vegetables,215.85,33,5,Sunday,September,1,194.26
Household,340.04,243,26,Wednesday,September,0,306.04
Frozen,493.29,246,111,Sunday,October,1,552.48
Personal Care,416.35,486,90,Tuesday,July,0,437.17
Personal Care,143.06,255,7,Tuesday,July,0,128.75
Snacks,83.69,203,108,Thursday,November,0,93.73
Frozen,443.66,392,112,Wednesday,October,0,496.9
Frozen,406.15,409,34,Saturday,June,1,365.53
Vegetables,227.78,380,50,Thursday,October,0,227.78
Personal Care,411.44,325,34,Thursday,December,0,370.3
Bakery,180.95,432,81,Sunday,December,1,190.0
Snacks,144.79,227,117,Wednesday,June,0,162.16
Dairy,361.28,67,33,Monday,June,0,361.28
Snacks,226.91,87,77,Saturday,January,1,254.14
Vegetables,365.24,348,107,Saturday,September,1,409.07
Frozen,164.26,117,83,Friday,May,0,172.47
Household,439.99,122,57,Sunday,June,1,461.99
Personal Care,281.44,483,5,Sunday,August,1,253.3
Vegetables,13.57,118,69,Tuesday,April,0,14.25
Vegetables,192.22,207,75,Tuesday,March,0,201.83
Bakery,131.36,308,49,Wednesday,December,0,131.36
Vegetables,31.02,471,36,Sunday,January,1,27.92
Fruits,118.49,108,8,Sunday,May,1,106.64
Bakery,182.36,370,113,Thursday,April,0,204.24
Beverages,407.29,362,33,Sunday,January,1,407.29
Household,60.65,411,95,Tuesday,July,0,63.68
Household,263.1,446,69,Thursday,November,0,263.1
Frozen,110.93,457,38,Thursday,August,0,99.84
Personal Care,327.38,137,89,Sunday,July,1,366.67
Frozen,375.33,127,28,Sunday,March,1,375.33
Fruits,106.32,402,74,Friday,August,0,111.64
Personal Care,64.62,305,19,Sunday,January,1,58.16
Personal Care,410.9,36,7,Monday,January,0,369.81
Beverages,317.86,224,6,Thursday,September,0,286.07
Bakery,344.21,306,42,Monday,July,0,344.21
Personal Care,488.61,135,76,Thursday,August,0,513.04
Fruits,109.07,101,31,Sunday,January,1,109.07
Frozen,52.73,129,28,Wednesday,August,0,52.73
Household,142.1,485,61,Friday,October,0,142.1
Snacks,428.96,12,104,Wednesday,November,0,480.44
Beverages,210.85,96,98,Thursday,January,0,236.15
Frozen,431.75,241,43,Thursday,August,0,431.75
Dairy,245.63,326,109,Saturday,September,1,275.11
Bakery,471.31,308,24,Tuesday,December,0,424.18
Frozen,462.0,442,28,Friday,February,0,415.8
Beverages,101.93,237,33,Wednesday,October,0,101.93
Vegetables,483.04,492,87,Monday,December,0,507.19
Snacks,455.52,128,64,Thursday,September,0,478.3
Fruits,14.4,470,89,Friday,January,0,15.12
Fruits,293.6,389,6,Saturday,July,1,264.24
Household,68.36,16,105,Thursday,May,0,76.56
Dairy,253.02,495,59,Friday,April,0,253.02
Vegetables,343.56,155,57,Friday,December,0,360.74
Personal Care,261.02,101,104,Monday,April,0,292.34
Personal Care,263.6,394,45,Thursday,April,0,263.6
Frozen,465.55,169,85,Wednesday,December,0,488.83
Dairy,435.31,450,34,Friday,March,0,391.78
Fruits,100.5,30,79,Monday,April,0,112.56
Bakery,434.77,284,112,Sunday,September,1,486.94
Snacks,398.01,403,50,Sunday,May,1,398.01
Snacks,372.28,43,55,Thursday,December,0,390.89
Vegetables,169.55,320,65,Sunday,May,1,178.03
Personal Care,496.99,456,6,Friday,September,0,447.29
Household,498.29,301,28,Monday,April,0,448.46
Beverages,486.14,18,60,Saturday,June,1,510.45
Frozen,12.49,366,106,Wednesday,March,0,13.99
Frozen,313.46,400,7,Monday,December,0,282.11
Household,87.89,427,117,Saturday,January,1,98.44
Beverages,307.46,307,85,Friday,July,0,322.83
Frozen,105.96,11,77,Sunday,March,1,118.68
Snacks,185.53,494,52,Wednesday,May,0,185.53
Dairy,489.45,16,57,Friday,November,0,513.92
Bakery,403.59,141,104,Sunday,January,1,452.02
Beverages,344.48,107,119,Tuesday,January,0,385.82
Bakery,81.53,500,81,Friday,June,0,85.61
Snacks,55.77,500,118,Wednesday,January,0,62.46
Dairy,153.18,103,11,Saturday,September,1,137.86
Beverages,352.89,389,89,Sunday,July,1,370.53
Vegetables,71.89,466,8,Wednesday,September,0,64.7
Bakery,393.06,17,73,Tuesday,January,0,412.71
Household,155.69,148,91,Thursday,April,0,174.37
Vegetables,185.87,388,106,Thursday,October,0,208.17
Fruits,443.64,301,104,Friday,December,0,496.88
Beverages,142.74,367,43,Saturday,November,1,142.74
Household,125.98,425,14,Wednesday,February,0,113.38
Vegetables,86.84,75,111,Saturday,April,1,97.26
Vegetables,436.47,224,120,Wednesday,March,0,488.85
Household,435.36,51,65,Wednesday,March,0,457.13
Household,188.91,240,88,Thursday,September,0,198.36
Vegetables,334.08,41,44,Wednesday,October,0,350.78
Dairy,129.4,480,66,Monday,October,0,129.4
Frozen,366.69,437,107,Friday,June,0,385.02
Personal Care,138.28,257,59,Thursday,February,0,138.28
Household,17.3,363,98,Wednesday,September,0,18.17
Vegetables,148.05,379,15,Saturday,June,1,133.25
Dairy,260.11,70,84,Wednesday,May,0,291.32
Frozen,358.8,22,31,Wednesday,January,0,358.8
Fruits,467.06,212,77,Wednesday,June,0,490.41
Household,304.65,410,100,Tuesday,June,0,319.88
Household,259.07,40,110,Monday,September,0,290.16
Beverages,335.38,229,57,Sunday,June,1,352.15
Personal Care,229.04,429,58,Saturday,August,1,229.04
Fruits,143.04,295,112,Tuesday,June,0,160.2
Personal Care,440.9,61,17,Tuesday,September,0,440.9
Fruits,82.71,148,95,Friday,April,0,92.64
Fruits,302.11,316,5,Monday,August,0,271.9
Dairy,358.24,448,43,Wednesday,October,0,322.42
Personal Care,278.24,159,73,Saturday,December,1,292.15
Frozen,236.3,136,119,Saturday,February,1,264.66
Frozen,218.92,102,87,Friday,June,0,245.19
Frozen,332.91,251,16,Tuesday,June,0,299.62
Household,297.2,176,116,Monday,March,0,332.86
Fruits,221.15,135,80,Saturday,January,1,232.21
Frozen,157.55,401,20,Sunday,March,1,141.8
Fruits,82.29,248,51,Wednesday,April,0,82.29
Bakery,471.54,419,48,Monday,December,0,471.54
Snacks,145.39,255,117,Saturday,January,1,162.84
Dairy,176.1,492,47,Wednesday,September,0,176.1
Snacks,397.25,181,46,Friday,June,0,397.25
Household,462.58,411,24,Monday,July,0,416.32
Vegetables,478.59,340,28,Tuesday,June,0,430.73
Fruits,352.68,441,98,Thursday,July,0,370.31
Vegetables,36.44,421,101,Friday,June,0,38.26
Dairy,157.75,412,96,Friday,February,0,165.64
Dairy,256.34,389,92,Monday,May,0,269.16
Snacks,48.93,46,48,Wednesday,November,0,51.38
Fruits,283.99,393,21,Monday,November,0,255.59
Fruits,295.7,115,51,Friday,July,0,310.49
Dairy,391.43,316,88,Tuesday,February,0,411.0
Frozen,27.66,295,114,Friday,September,0,30.98
Vegetables,181.63,348,4,Monday,January,0,163.47
Household,192.18,391,71,Tuesday,October,0,201.79
Bakery,55.49,190,108,Tuesday,March,0,62.15
Dairy,89.26,146,7,Monday,October,0,80.33
Snacks,346.13,376,31,Saturday,April,1,311.52
Frozen,129.07,301,6,Tuesday,January,0,116.16
Snacks,276.24,326,58,Friday,March,0,276.24
Bakery,284.2,315,28,Friday,May,0,255.78
Personal Care,476.77,231,67,Monday,July,0,500.61
Fruits,221.82,128,96,Wednesday,March,0,248.44
Dairy,276.4,154,66,Saturday,February,1,290.22
Beverages,154.03,381,99,Thursday,July,0,161.73
Personal Care,245.56,77,94,Sunday,July,1,275.03
Personal Care,144.66,16,33,Thursday,November,0,144.66
Vegetables,105.12,351,98,Tuesday,August,0,110.38
Frozen,209.17,227,77,Sunday,November,1,219.63
Household,263.96,350,89,Friday,August,0,277.16
Fruits,414.15,155,35,Friday,October,0,414.15
Beverages,162.44,270,58,Saturday,February,1,170.56
Personal Care,466.81,132,50,Sunday,October,1,490.15
Snacks,491.55,292,79,Saturday,June,1,516.13
Snacks,55.01,168,43,Sunday,July,1,55.01
Frozen,162.37,74,26,Friday,May,0,162.37
Dairy,471.36,321,49,Sunday,October,1,471.36
Dairy,424.98,481,73,Sunday,July,1,446.23
Personal Care,385.18,302,50,Thursday,July,0,385.18
Vegetables,41.3,460,16,Saturday,September,1,37.17
Beverages,421.49,296,101,Sunday,March,1,472.07
Snacks,335.84,333,81,Saturday,March,1,352.63
Personal Care,198.02,252,18,Tuesday,January,0,178.22
Snacks,239.18,118,63,Saturday,September,1,251.14
Personal Care,36.08,199,87,Saturday,February,1,40.41
Snacks,262.19,252,118,Wednesday,December,0,293.65
Vegetables,482.19,254,65,Tuesday,January,0,506.3
Personal Care,395.74,168,75,Thursday,November,0,415.53
Household,341.13,231,85,Thursday,November,0,358.19
Household,414.58,236,65,Thursday,September,0,435.31
Dairy,36.51,181,44,Monday,December,0,36.51
Beverages,459.12,327,96,Thursday,November,0,482.08
Frozen,137.96,131,78,Wednesday,April,0,144.86
Frozen,458.59,85,60,Monday,June,0,481.52
Frozen,62.61,493,56,Wednesday,April,0,62.61
Personal Care,401.82,91,6,Monday,May,0,361.64
Beverages,53.01,351,66,Thursday,August,0,53.01
Personal Care,233.4,52,111,Wednesday,March,0,261.41
Dairy,132.28,43,81,Friday,February,0,148.15
Vegetables,180.32,484,85,Monday,June,0,189.34
Frozen,193.29,52,31,Tuesday,June,0,193.29
Vegetables,166.56,279,12,Saturday,May,1,149.9
Snacks,457.1,427,24,Saturday,October,1,411.39
Vegetables,435.34,244,116,Thursday,July,0,487.58
Snacks,101.22,251,86,Friday,December,0,106.28
Dairy,391.91,66,27,Tuesday,September,0,391.91
Bakery,10.77,21,118,Saturday,September,1,12.06
Bakery,370.97,252,6,Monday,June,0,333.87
Beverages,72.19,42,68,Wednesday,June,0,75.8
Fruits,451.09,336,100,Sunday,May,1,505.22
Frozen,187.31,307,3,Wednesday,March,0,168.58
Fruits,19.28,93,45,Friday,October,0,19.28
Frozen,56.88,58,103,Wednesday,April,0,63.71
Household,452.75,258,106,Tuesday,January,0,507.08
Personal Care,471.67,4,81,Thursday,August,0,528.27
Household,70.52,21,55,Monday,January,0,74.05
Beverages,449.59,72,14,Thursday,September,0,404.63
Fruits,150.88,412,120,Tuesday,August,0,168.99
Bakery,148.43,229,31,Sunday,March,1,148.43
Dairy,148.88,43,79,Tuesday,August,0,166.75
Personal Care,131.97,45,23,Thursday,July,0,131.97
Frozen,182.18,439,6,Tuesday,April,0,163.96
Snacks,206.84,464,53,Wednesday,June,0,206.84
Vegetables,20.86,391,19,Wednesday,August,0,18.77
Household,172.56,77,54,Thursday,March,0,181.19
Dairy,340.48,208,81,Thursday,December,0,357.5
Dairy,80.55,371,41,Monday,January,0,80.55
Dairy,445.74,183,116,Saturday,November,1,499.23
Frozen,279.43,22,55,Friday,January,0,293.4
Household,236.56,39,99,Monday,March,0,264.95
Bakery,351.93,47,109,Thursday,August,0,394.16
Snacks,406.99,498,31,Wednesday,April,0,366.29
Snacks,382.52,471,30,Monday,November,0,344.27
Household,143.6,145,94,Friday,December,0,160.83
Household,484.48,446,112,Thursday,June,0,542.62
Fruits,410.67,459,57,Friday,May,0,410.67
Snacks,81.19,56,91,Friday,April,0,90.93
Dairy,82.47,91,51,Saturday,May,1,86.59
Frozen,377.44,402,43,Saturday,November,1,377.44
Household,372.22,294,4,Tuesday,December,0,335.0
Dairy,159.25,439,100,Saturday,February,1,167.21
Household,357.95,279,65,Monday,June,0,375.85
Bakery,34.45,114,25,Wednesday,July,0,34.45
Household,364.47,115,54,Tuesday,April,0,382.69
Dairy,164.7,363,99,Wednesday,December,0,172.94
Personal Care,104.82,359,112,Monday,January,0,117.4
Vegetables,450.86,62,52,Sunday,May,1,473.4
Snacks,230.91,230,5,Saturday,November,1,207.82
Beverages,56.99,237,2,Sunday,December,1,51.29
Personal Care,226.01,57,105,Tuesday,June,0,253.13
Beverages,280.38,349,107,Sunday,April,1,314.03
Snacks,461.01,322,105,Friday,December,0,516.33
Fruits,55.34,329,108,Sunday,September,1,61.98
Household,196.53,56,59,Thursday,October,0,206.36
Fruits,193.74,182,78,Monday,August,0,203.43
Snacks,484.26,397,73,Tuesday,January,0,508.47
Bakery,490.71,352,45,Saturday,June,1,490.71
Bakery,389.48,311,99,Friday,April,0,436.22
Snacks,361.56,38,63,Friday,April,0,379.64
Frozen,150.89,256,4,Friday,October,0,135.8
Personal Care,364.11,23,50,Wednesday,December,0,382.32
Personal Care,464.76,446,46,Sunday,March,1,464.76
Household,289.76,477,108,Wednesday,August,0,304.25
Dairy,335.33,437,49,Sunday,June,1,335.33
Dairy,292.51,201,24,Sunday,January,1,292.51
Fruits,273.61,332,42,Thursday,March,0,273.61
Beverages,230.58,298,85,Sunday,March,1,242.11
Frozen,22.77,66,120,Sunday,November,1,25.5
Frozen,395.94,420,9,Monday,September,0,356.35
Frozen,261.14,443,3,Saturday,February,1,235.03
Dairy,495.03,454,101,Tuesday,July,0,519.78
Dairy,297.94,35,76,Wednesday,October,0,312.84
Dairy,409.15,35,84,Thursday,January,0,458.25
Dairy,437.46,70,64,Saturday,July,1,459.33
Beverages,268.42,177,119,Sunday,November,1,300.63
Vegetables,236.3,422,63,Sunday,August,1,236.3
Dairy,51.47,344,76,Thursday,March,0,54.04
Frozen,258.2,452,13,Monday,October,0,232.38
Household,219.13,336,99,Saturday,October,1,245.43
Frozen,159.9,15,63,Thursday,April,0,167.9
Household,481.26,186,50,Saturday,October,1,505.32
Bakery,495.34,419,22,Tuesday,January,0,445.81
Household,434.01,462,109,Monday,April,0,455.71
Household,206.62,439,119,Saturday,October,1,231.41
Fruits,400.57,375,68,Sunday,November,1,420.6
Beverages,182.34,25,64,Wednesday,February,0,191.46
Frozen,238.82,137,113,Sunday,December,1,267.48
Vegetables,213.87,243,25,Wednesday,September,0,192.48
Bakery,279.99,375,15,Thursday,December,0,251.99
Fruits,138.45,231,37,Thursday,August,0,138.45
Snacks,193.17,315,119,Friday,November,0,216.35
Household,330.76,158,28,Friday,April,0,330.76
Household,199.45,297,76,Thursday,February,0,209.42
Beverages,181.83,396,5,Sunday,February,1,163.65
Snacks,40.18,195,115,Wednesday,July,0,45.0
Bakery,82.86,415,63,Monday,October,0,82.86
Bakery,288.61,493,75,Friday,April,0,288.61
Snacks,191.08,348,5,Tuesday,November,0,171.97
Bakery,130.2,285,62,Friday,April,0,136.71
Dairy,167.26,202,68,Tuesday,September,0,175.62
Fruits,193.22,121,43,Sunday,June,1,193.22
Beverages,217.53,88,7,Tuesday,October,0,195.78
Personal Care,390.02,490,63,Wednesday,August,0,390.02
Vegetables,70.71,96,72,Tuesday,July,0,74.25
Snacks,152.29,189,16,Thursday,April,0,137.06
Beverages,402.32,71,75,Tuesday,February,0,422.44
Fruits,325.95,262,56,Wednesday,January,0,325.95
Snacks,288.15,142,88,Saturday,August,1,322.73
Household,419.88,330,83,Monday,June,0,440.87
Household,483.06,355,85,Thursday,December,0,507.21
Fruits,392.68,289,11,Thursday,May,0,353.41
Snacks,46.34,65,86,Wednesday,April,0,51.9
Personal Care,323.96,106,45,Tuesday,September,0,323.96
Bakery,43.67,170,64,Wednesday,January,0,45.85
Beverages,450.97,236,21,Monday,October,0,405.87
Personal Care,262.63,376,101,Tuesday,July,0,275.76
Household,230.85,181,54,Tuesday,October,0,242.39
Personal Care,106.57,296,13,Thursday,September,0,95.91
Frozen,446.06,405,59,Monday,September,0,446.06
Vegetables,164.56,9,52,Friday,May,0,172.79
Snacks,389.27,297,83,Wednesday,May,0,408.73
Bakery,39.62,368,9,Monday,May,0,35.66
Beverages,430.47,400,96,Friday,August,0,451.99
Personal Care,314.89,179,36,Sunday,October,1,314.89
Beverages,66.22,491,1,Monday,September,0,59.6
Bakery,257.42,450,82,Friday,July,0,270.29
Bakery,114.92,80,98,Sunday,November,1,128.71
Snacks,191.16,498,42,Tuesday,September,0,172.04
Personal Care,400.32,455,82,Monday,February,0,420.34
Bakery,169.23,256,5,Sunday,April,1,152.31
Personal Care,234.45,203,7,Saturday,February,1,211.0
Frozen,150.28,478,113,Saturday,March,1,168.31
Frozen,101.81,427,43,Wednesday,May,0,101.81
Frozen,494.68,2,117,Tuesday,February,0,554.04
Snacks,177.42,129,102,Thursday,October,0,198.71
Beverages,80.6,128,73,Wednesday,January,0,84.63
Fruits,419.9,43,97,Thursday,April,0,470.29
Personal Care,122.25,198,50,Monday,October,0,122.25
Household,418.27,133,61,Saturday,January,1,439.18
Dairy,214.39,408,102,Tuesday,October,0,225.11
Vegetables,428.08,40,7,Thursday,October,0,385.27
Household,63.09,98,44,Tuesday,February,0,63.09
Personal Care,319.88,378,11,Saturday,March,1,287.89
Dairy,457.19,85,38,Saturday,February,1,457.19
Fruits,175.6,35,50,Friday,January,0,184.38
Household,223.7,341,107,Monday,September,0,250.54
Household,142.21,99,28,Saturday,April,1,142.21
Frozen,202.11,375,103,Monday,March,0,212.22
Vegetables,176.87,482,77,Sunday,February,1,185.71
Household,453.35,357,98,Wednesday,September,0,476.02
Bakery,225.23,314,13,Saturday,June,1,202.71
Fruits,278.91,290,8,Saturday,June,1,251.02
Beverages,371.48,156,76,Tuesday,March,0,390.05
Bakery,409.08,442,15,Saturday,November,1,368.17
Bakery,328.7,82,74,Friday,October,0,345.13
Personal Care,256.85,149,15,Wednesday,January,0,231.17
Bakery,116.04,263,47,Saturday,December,1,116.04
Frozen,451.63,298,25,Friday,February,0,406.47
Personal Care,428.81,212,42,Tuesday,January,0,428.81
Bakery,416.14,421,91,Monday,February,0,436.95
Fruits,157.97,22,20,Monday,October,0,157.97
Vegetables,326.84,360,40,Thursday,October,0,326.84
Vegetables,261.61,267,51,Thursday,June,0,261.61
Personal Care,276.44,354,70,Tuesday,August,0,290.26
Beverages,470.35,308,16,Tuesday,November,0,423.32
Frozen,233.96,343,42,Friday,February,0,233.96
Frozen,162.96,140,89,Saturday,October,1,182.52
Bakery,498.11,495,41,Tuesday,March,0,448.3
Bakery,284.28,14,115,Monday,February,0,318.39
Snacks,40.2,162,113,Tuesday,April,0,45.02
Bakery,186.06,425,113,Friday,March,0,208.39
Snacks,152.01,279,33,Saturday,January,1,152.01
Beverages,82.3,372,113,Saturday,May,1,92.18
Frozen,95.34,202,62,Sunday,February,1,100.11
Snacks,499.55,81,2,Tuesday,June,0,449.6
Snacks,469.27,496,97,Wednesday,March,0,492.73
Snacks,273.08,226,103,Monday,August,0,305.85
Fruits,198.58,160,99,Tuesday,October,0,222.41
Snacks,329.39,325,120,Saturday,November,1,368.92
Vegetables,251.81,362,117,Thursday,December,0,282.03
Frozen,455.88,155,7,Friday,December,0,410.29
Fruits,248.53,69,10,Monday,August,0,223.68
Household,97.45,150,108,Saturday,January,1,109.14
Dairy,128.14,112,90,Monday,June,0,143.52
Bakery,19.15,345,105,Sunday,October,1,21.45
Fruits,483.6,75,37,Sunday,August,1,483.6
Beverages,178.89,94,56,Wednesday,May,0,187.83
Bakery,224.07,416,86,Friday,October,0,235.27
Snacks,300.83,249,109,Thursday,December,0,336.93
Snacks,294.66,164,90,Tuesday,April,0,330.02
Vegetables,332.21,413,71,Tuesday,September,0,348.82
Snacks,454.84,332,25,Saturday,November,1,409.36
Beverages,390.76,236,71,Saturday,July,1,410.3
Vegetables,20.46,453,95,Monday,May,0,21.48
Beverages,328.85,119,46,Thursday,November,0,328.85
Snacks,48.75,315,78,Wednesday,October,0,51.19
Snacks,44.68,42,93,Thursday,November,0,50.04
Beverages,340.49,334,25,Wednesday,April,0,306.44
Personal Care,356.48,369,8,Wednesday,January,0,320.83
Fruits,491.87,336,1,Thursday,August,0,442.68
Household,13.0,286,71,Sunday,May,1,13.65
Personal Care,332.73,313,79,Sunday,July,1,349.37
Snacks,393.3,234,49,Friday,July,0,393.3
Frozen,71.37,37,31,Friday,January,0,71.37
Household,456.86,184,10,Friday,May,0,411.17
Vegetables,146.94,184,36,Saturday,March,1,146.94
Beverages,451.11,299,43,Wednesday,February,0,451.11
Snacks,410.39,423,25,Saturday,January,1,369.35
Household,310.04,180,38,Monday,October,0,310.04
Frozen,112.0,353,46,Monday,December,0,112.0
Bakery,22.7,211,64,Wednesday,June,0,23.84
Bakery,339.54,441,104,Thursday,April,0,356.52
Frozen,380.59,376,78,Monday,June,0,399.62
Dairy,133.39,252,31,Thursday,March,0,133.39
Beverages,126.26,69,54,Sunday,December,1,132.57
Fruits,423.21,403,104,Thursday,January,0,444.37
Snacks,442.92,423,87,Tuesday,April,0,465.07
Vegetables,64.9,265,11,Thursday,February,0,58.41
Vegetables,409.84,335,93,Friday,April,0,430.33
Household,472.82,158,87,Thursday,December,0,529.56
Household,439.89,489,106,Monday,February,0,461.88
Beverages,226.21,163,75,Thursday,April,0,237.52
Fruits,446.66,112,10,Monday,May,0,401.99
Snacks,126.92,54,115,Monday,September,0,142.15
Vegetables,207.35,499,31,Monday,July,0,186.62
Household,392.92,298,114,Wednesday,November,0,440.07
Dairy,23.11,417,119,Friday,February,0,25.88
Vegetables,402.57,125,91,Thursday,May,0,450.88
Vegetables,476.4,367,12,Saturday,January,1,428.76
Dairy,73.2,257,20,Wednesday,February,0,65.88
Personal Care,21.63,45,58,Monday,March,0,22.71
Vegetables,138.28,217,9,Thursday,November,0,124.45
Vegetables,240.59,229,83,Sunday,November,1,252.62
Snacks,100.02,33,37,Friday,October,0,100.02
Fruits,432.32,438,2,Tuesday,November,0,389.09
Beverages,481.7,144,25,Saturday,May,1,481.7
Fruits,135.35,371,27,Wednesday,May,0,121.81
Beverages,61.19,211,47,Monday,January,0,61.19
Dairy,154.17,203,1,Monday,January,0,138.75
Personal Care,64.16,63,31,Wednesday,June,0,64.16
Household,480.42,234,74,Wednesday,March,0,504.44
Dairy,363.17,390,19,Saturday,November,1,326.85
Beverages,342.72,306,46,Thursday,December,0,342.72
Fruits,73.93,44,63,Thursday,February,0,77.63
Vegetables,402.36,308,115,Sunday,September,1,450.64
Vegetables,253.44,284,116,Sunday,August,1,283.85
Fruits,217.52,377,57,Wednesday,February,0,217.52
Snacks,255.05,238,85,Monday,March,0,267.8
Snacks,307.17,44,69,Friday,April,0,322.53
Fruits,325.18,410,21,Monday,May,0,292.66
Vegetables,243.51,20,36,Wednesday,February,0,243.51
Personal Care,166.35,379,65,Thursday,September,0,166.35
Bakery,326.15,405,59,Sunday,December,1,326.15
Snacks,147.47,276,72,Saturday,January,1,154.84
Fruits,481.3,297,85,Thursday,May,0,505.37
Dairy,131.51,325,102,Monday,June,0,147.29
Fruits,404.38,262,43,Friday,April,0,404.38
Bakery,385.94,277,82,Wednesday,April,0,405.24
Frozen,362.94,17,47,Wednesday,May,0,381.09
Snacks,385.93,299,24,Thursday,February,0,347.34
Household,133.31,483,53,Tuesday,September,0,133.31
Household,425.25,459,59,Monday,March,0,425.25
Dairy,372.05,494,82,Monday,June,0,390.65
Snacks,234.73,337,36,Tuesday,January,0,234.73
Household,185.93,333,45,Saturday,June,1,185.93
Snacks,340.15,137,37,Sunday,January,1,340.15
Fruits,381.83,471,67,Saturday,October,1,381.83
Frozen,233.46,358,65,Sunday,September,1,245.13
Vegetables,486.3,301,119,Tuesday,November,0,544.66
Beverages,487.73,410,14,Sunday,January,1,438.96
Dairy,233.21,72,87,Saturday,January,1,261.2
Personal Care,20.62,388,80,Wednesday,August,0,21.65
Bakery,493.71,401,23,Wednesday,July,0,444.34
Bakery,347.16,188,86,Thursday,September,0,364.52
Dairy,447.33,144,13,Monday,December,0,402.6
Personal Care,280.46,210,62,Monday,September,0,294.48
Frozen,135.98,140,20,Thursday,March,0,122.38
Personal Care,157.3,485,64,Monday,December,0,157.3
Personal Care,285.85,213,61,Monday,February,0,300.14
Dairy,490.03,258,60,Thursday,January,0,514.53
Snacks,128.67,168,60,Sunday,January,1,135.1
Personal Care,333.21,115,101,Sunday,January,1,373.2
Fruits,129.69,158,108,Thursday,November,0,145.25
Frozen,388.61,290,79,Sunday,August,1,408.04
Personal Care,304.35,416,87,Monday,April,0,319.57
Dairy,137.78,492,30,Friday,February,0,124.0
Fruits,226.73,305,113,Saturday,September,1,253.94
Beverages,137.95,431,74,Tuesday,May,0,144.85
Fruits,20.94,438,68,Monday,February,0,20.94
Snacks,39.0,262,55,Sunday,May,1,40.95
Snacks,76.59,43,105,Wednesday,June,0,85.78
Frozen,409.64,50,66,Sunday,February,1,430.12
Beverages,237.22,305,11,Sunday,August,1,213.5
Dairy,20.57,139,31,Sunday,August,1,20.57
Personal Care,106.93,432,20,Wednesday,July,0,96.24
Fruits,155.05,498,105,Sunday,December,1,162.8
Household,112.89,71,41,Monday,November,0,112.89
Beverages,110.7,38,106,Wednesday,May,0,123.98
Bakery,322.12,59,76,Sunday,January,1,360.77
Beverages,23.61,6,63,Monday,April,0,24.79
Frozen,328.31,105,7,Sunday,January,1,295.48
Household,436.86,91,10,Saturday,May,1,393.17
Personal Care,90.34,443,55,Sunday,August,1,90.34
Snacks,376.65,188,105,Tuesday,September,0,421.85
Personal Care,338.19,162,100,Thursday,February,0,378.77
Bakery,417.93,56,88,Wednesday,November,0,468.08
Personal Care,142.37,73,53,Sunday,December,1,149.49
Bakery,271.63,436,106,Wednesday,June,0,285.21
Snacks,224.91,397,113,Wednesday,September,0,251.9
Beverages,206.72,66,93,Saturday,October,1,231.53
Household,39.41,55,35,Sunday,October,1,39.41
Personal Care,484.07,94,103,Tuesday,March,0,542.16
Snacks,180.2,190,76,Tuesday,June,0,189.21
Vegetables,37.42,106,86,Saturday,November,1,41.91
Household,439.19,88,66,Friday,January,0,461.15
Household,23.73,413,64,Wednesday,January,0,23.73
Fruits,360.88,261,12,Friday,November,0,324.79
Fruits,406.06,185,34,Sunday,May,1,406.06
Beverages,185.48,144,91,Saturday,August,1,207.74
Fruits,249.44,130,37,Sunday,May,1,249.44
Frozen,139.63,301,32,Monday,May,0,125.67
Frozen,148.33,28,7,Thursday,January,0,133.5
Frozen,288.47,448,66,Tuesday,July,0,288.47
Personal Care,277.7,65,95,Saturday,August,1,311.02
Household,405.05,411,27,Thursday,August,0,364.55
Snacks,394.73,418,72,Wednesday,November,0,414.47
Personal Care,330.08,195,3,Friday,February,0,297.07
Beverages,69.43,454,109,Wednesday,January,0,72.9
Fruits,87.01,185,33,Sunday,June,1,87.01
Snacks,305.5,23,12,Sunday,July,1,305.5
Dairy,291.02,315,110,Sunday,April,1,325.94
Beverages,422.78,381,33,Thursday,January,0,380.5
Fruits,286.2,204,18,Wednesday,November,0,257.58
Bakery,356.26,152,26,Monday,November,0,356.26
Frozen,389.19,112,17,Wednesday,January,0,350.27
Snacks,377.26,355,100,Friday,May,0,396.12
Snacks,340.25,306,66,Friday,May,0,357.26
Personal Care,469.54,236,72,Friday,June,0,493.02
Beverages,345.98,125,55,Monday,August,0,363.28
Personal Care,289.26,372,34,Wednesday,May,0,260.33
Household,358.51,182,108,Thursday,December,0,401.53
Vegetables,439.16,89,58,Saturday,April,1,461.12
Bakery,251.58,448,37,Saturday,December,1,226.42
Beverages,225.33,55,68,Tuesday,March,0,236.6
Beverages,466.57,144,116,Monday,March,0,522.56
Snacks,303.85,107,51,Sunday,November,1,319.04
Beverages,243.14,53,60,Thursday,May,0,255.3
Dairy,385.56,142,6,Wednesday,December,0,347.0
Frozen,174.81,188,13,Monday,March,0,157.33
Vegetables,195.11,259,11,Monday,January,0,175.6
Household,13.21,70,91,Sunday,March,1,14.8
Vegetables,362.04,83,5,Thursday,November,0,325.84
Personal Care,342.79,174,76,Wednesday,March,0,359.93
Vegetables,488.88,486,18,Thursday,July,0,439.99
Fruits,245.94,140,24,Tuesday,October,0,245.94
Snacks,165.99,136,28,Sunday,April,1,165.99
Fruits,104.83,404,18,Saturday,August,1,94.35
Vegetables,482.06,312,54,Sunday,December,1,482.06
Beverages,49.11,491,45,Monday,January,0,44.2
Dairy,77.6,1,63,Thursday,March,0,81.48
Bakery,136.16,458,81,Saturday,May,1,142.97
Vegetables,198.83,450,73,Saturday,July,1,208.77
Household,116.12,255,9,Wednesday,June,0,104.51
Fruits,131.83,497,4,Wednesday,March,0,118.65
Dairy,284.55,287,25,Monday,September,0,256.1
Fruits,118.77,341,104,Friday,June,0,133.02
Dairy,243.39,108,108,Tuesday,August,0,272.6
Fruits,426.5,464,30,Monday,March,0,383.85
Fruits,494.56,456,36,Monday,December,0,445.1
Personal Care,263.43,27,115,Sunday,March,1,295.04
Fruits,338.22,192,78,Saturday,December,1,355.13
Dairy,267.49,211,70,Saturday,January,1,280.86
Dairy,307.67,242,20,Tuesday,January,0,276.9
Vegetables,331.05,245,11,Sunday,March,1,297.94
Bakery,266.0,433,97,Wednesday,June,0,279.3
Beverages,130.2,330,90,Wednesday,October,0,136.71
Frozen,388.49,68,31,Tuesday,February,0,388.49
Household,407.24,465,100,Friday,September,0,427.6
Fruits,473.58,59,59,Wednesday,August,0,497.26
Dairy,106.87,101,2,Sunday,September,1,96.18
Vegetables,273.83,407,56,Sunday,January,1,273.83
Personal Care,470.09,239,44,Monday,March,0,470.09
Personal Care,69.66,114,120,Monday,January,0,78.02
Fruits,261.49,280,55,Thursday,November,0,261.49
Household,262.68,401,63,Wednesday,June,0,262.68
Vegetables,175.66,3,76,Wednesday,October,0,196.74
Bakery,158.79,23,38,Friday,August,0,158.79
Beverages,451.62,201,53,Friday,May,0,451.62
Frozen,72.69,92,65,Thursday,June,0,76.32
Bakery,274.69,64,37,Sunday,December,1,274.69
Beverages,29.29,407,118,Tuesday,November,0,32.8
Vegetables,142.49,340,42,Monday,November,0,142.49
Personal Care,454.27,75,14,Thursday,July,0,408.84
Personal Care,334.58,476,38,Friday,April,0,301.12
Personal Care,62.24,402,113,Saturday,July,1,69.71
Fruits,135.64,18,57,Friday,November,0,142.42
Vegetables,339.29,356,54,Friday,September,0,339.29
Household,271.12,229,35,Friday,February,0,271.12
Bakery,36.75,331,104,Thursday,August,0,41.16
Beverages,489.39,149,12,Friday,August,0,440.45
Snacks,330.03,231,69,Friday,June,0,346.53
Snacks,232.71,27,10,Tuesday,May,0,209.44
Snacks,440.62,57,56,Saturday,May,1,462.65
Household,341.14,306,67,Tuesday,May,0,358.2
Snacks,493.42,225,70,Monday,May,0,518.09
Fruits,11.34,21,62,Saturday,October,1,11.91
Snacks,200.6,35,103,Friday,August,0,224.67
Household,203.02,297,23,Thursday,December,0,182.72
Beverages,380.86,427,100,Sunday,April,1,399.9
Beverages,240.12,107,44,Sunday,August,1,252.13
Bakery,79.08,200,115,Thursday,March,0,88.57
Bakery,85.61,128,1,Monday,September,0,77.05
Household,234.34,260,111,Friday,June,0,262.46
Bakery,190.03,73,91,Wednesday,March,0,212.83
Household,390.04,195,3,Monday,October,0,351.04
Vegetables,394.4,438,1,Sunday,June,1,354.96
Fruits,407.49,109,53,Saturday,October,1,427.86
Dairy,351.91,106,4,Tuesday,May,0,316.72
Bakery,412.37,500,32,Sunday,November,1,371.13
Frozen,175.81,97,17,Friday,September,0,158.23
Household,222.5,480,69,Wednesday,October,0,222.5
Fruits,434.21,411,57,Sunday,January,1,434.21
Fruits,402.62,219,6,Monday,August,0,362.36
Personal Care,469.93,51,107,Wednesday,April,0,526.32
Snacks,437.22,17,7,Sunday,May,1,437.22
Bakery,367.49,339,63,Wednesday,May,0,367.49
Snacks,199.88,225,11,Saturday,December,1,179.89
Frozen,126.8,467,90,Thursday,July,0,133.14
Beverages,438.74,465,46,Thursday,December,0,438.74
Fruits,402.0,427,1,Saturday,June,1,361.8
Personal Care,486.4,427,65,Thursday,July,0,486.4
Bakery,266.53,149,98,Friday,December,0,298.51
Fruits,160.73,141,22,Thursday,September,0,160.73
Household,442.37,322,9,Wednesday,February,0,398.13
Vegetables,255.28,89,54,Tuesday,December,0,268.04
Personal Care,346.16,89,11,Saturday,March,1,311.54
Beverages,110.43,113,74,Sunday,October,1,115.95
Vegetables,449.56,419,118,Tuesday,February,0,503.51
Household,285.96,13,2,Thursday,December,0,257.36
Bakery,113.69,497,18,Saturday,December,1,102.32
Dairy,151.84,140,66,Wednesday,June,0,159.43
Frozen,232.16,408,62,Monday,June,0,232.16
Personal Care,64.13,487,60,Saturday,December,1,64.13
Frozen,201.39,152,41,Thursday,September,0,201.39
Snacks,292.6,457,13,Thursday,November,0,263.34
Personal Care,191.59,335,52,Thursday,November,0,191.59
Fruits,378.4,205,120,Wednesday,August,0,423.81
Frozen,198.58,441,33,Thursday,July,0,178.72
Dairy,285.45,65,2,Friday,November,0,256.9
Household,426.44,72,76,Thursday,May,0,447.76
Household,441.43,475,24,Monday,August,0,397.29
Household,40.39,294,80,Friday,September,0,42.41
Fruits,269.32,304,72,Friday,August,0,282.79
Beverages,239.33,154,95,Wednesday,March,0,268.05
Beverages,12.42,40,88,Saturday,September,1,13.91
Household,349.25,213,114,Friday,March,0,391.16
Vegetables,239.03,348,30,Saturday,September,1,215.13
Frozen,394.71,142,5,Monday,July,0,355.24
Fruits,78.45,213,111,Thursday,April,0,87.86
Dairy,130.42,410,111,Monday,May,0,146.07
Snacks,37.25,46,70,Saturday,April,1,39.11
Snacks,128.49,11,115,Monday,February,0,143.91
Bakery,402.48,261,34,Saturday,January,1,402.48
Frozen,183.28,257,69,Wednesday,June,0,192.44
Vegetables,254.09,191,18,Saturday,May,1,228.68
Household,85.21,202,14,Wednesday,February,0,76.69
Personal Care,104.5,312,59,Wednesday,June,0,104.5
Fruits,356.68,268,28,Wednesday,February,0,321.01
Fruits,479.25,451,70,Tuesday,November,0,479.25
Vegetables,233.58,474,12,Saturday,April,1,210.22
Household,181.06,204,55,Friday,July,0,181.06
Snacks,331.95,105,104,Sunday,September,1,371.78
Household,358.19,382,69,Thursday,November,0,376.1
Personal Care,43.46,335,69,Tuesday,June,0,45.63
Frozen,452.94,355,16,Friday,October,0,407.65
Bakery,389.71,470,95,Thursday,March,0,409.2
Personal Care,431.75,479,78,Wednesday,November,0,453.34
Fruits,216.24,486,22,Friday,April,0,194.62
Frozen,402.84,351,120,Friday,May,0,451.18
Beverages,221.49,441,47,Sunday,February,1,221.49
Fruits,483.39,235,25,Thursday,August,0,435.05
Dairy,54.32,450,1,Tuesday,November,0,48.89
Fruits,408.46,311,98,Monday,November,0,428.88
Household,429.47,380,87,Sunday,March,1,450.94
Dairy,102.06,490,85,Thursday,March,0,107.16
Bakery,458.4,64,100,Sunday,June,1,513.41
Bakery,290.34,325,36,Wednesday,December,0,290.34
Frozen,94.05,157,105,Saturday,May,1,105.34
Frozen,347.43,78,5,Monday,July,0,312.69
Household,218.26,112,81,Sunday,April,1,244.45
Snacks,492.85,181,5,Friday,March,0,443.57
Personal Care,102.42,68,50,Tuesday,June,0,107.54
Snacks,340.06,47,36,Monday,April,0,340.06
Dairy,325.17,161,41,Sunday,October,1,325.17
Vegetables,420.71,34,87,Wednesday,March,0,471.2
Dairy,79.16,145,68,Wednesday,April,0,83.12
Household,34.14,144,48,Monday,December,0,34.14
Snacks,371.38,127,24,Friday,January,0,371.38
Fruits,21.98,136,35,Monday,May,0,21.98
Snacks,52.16,465,80,Monday,August,0,54.77
Fruits,57.13,286,23,Tuesday,November,0,51.42
Household,354.28,124,119,Tuesday,August,0,396.79
Fruits,318.5,113,63,Thursday,June,0,334.43
Household,136.05,204,9,Thursday,March,0,122.45
Fruits,184.91,485,29,Wednesday,June,0,166.42
Personal Care,283.13,55,37,Thursday,February,0,283.13
Beverages,455.48,209,55,Monday,June,0,455.48
Snacks,294.25,409,99,Friday,December,0,308.96
Beverages,307.54,92,60,Saturday,January,1,322.92
Beverages,481.24,178,8,Saturday,February,1,433.12
Snacks,443.5,426,110,Tuesday,November,0,496.72
Snacks,289.0,224,21,Thursday,October,0,260.1
Vegetables,486.49,330,114,Wednesday,September,0,544.87
Beverages,446.9,416,58,Thursday,April,0,446.9
Snacks,355.38,427,73,Monday,March,0,373.15
Dairy,118.31,471,15,Saturday,October,1,106.48
Bakery,82.54,227,45,Friday,April,0,82.54
Household,164.38,342,118,Monday,May,0,184.11
Beverages,51.3,379,12,Thursday,November,0,46.17
Beverages,491.68,18,107,Saturday,July,1,550.68
Household,303.04,24,1,Saturday,May,1,272.74
Personal Care,102.9,129,113,Tuesday,July,0,115.25
Personal Care,152.15,108,106,Tuesday,December,0,170.41
Frozen,298.24,130,19,Tuesday,December,0,268.42
Dairy,319.45,238,81,Tuesday,March,0,335.42
Fruits,205.01,257,31,Wednesday,March,0,205.01
Fruits,259.22,434,81,Friday,August,0,272.18
Vegetables,166.61,247,14,Monday,October,0,149.95
Snacks,102.29,385,48,Tuesday,January,0,102.29
Dairy,31.36,23,116,Monday,November,0,35.12
Frozen,113.74,500,18,Wednesday,September,0,102.37
Frozen,326.24,244,120,Thursday,June,0,365.39
Personal Care,207.22,283,53,Monday,August,0,207.22
Beverages,280.84,159,60,Saturday,January,1,294.88
Snacks,151.75,412,54,Saturday,April,1,151.75
Snacks,100.07,147,105,Thursday,June,0,112.08
Frozen,429.28,271,37,Sunday,February,1,429.28
Household,155.38,211,95,Tuesday,June,0,174.03
Bakery,238.11,254,27,Wednesday,February,0,214.3
Vegetables,189.56,404,94,Sunday,August,1,199.04
Frozen,288.75,198,46,Saturday,October,1,288.75
Household,457.43,210,42,Sunday,July,1,457.43
Dairy,30.47,476,82,Sunday,April,1,31.99
Snacks,229.37,162,20,Tuesday,October,0,206.43
Frozen,371.01,265,33,Saturday,March,1,371.01
Bakery,14.27,82,24,Tuesday,June,0,14.27
Bakery,368.85,174,46,Thursday,October,0,368.85
Household,421.2,102,59,Saturday,March,1,442.26
Snacks,247.49,212,6,Wednesday,February,0,222.74
Personal Care,80.52,220,40,Tuesday,January,0,80.52
Beverages,313.23,242,6,Friday,February,0,281.91
Snacks,397.14,80,23,Friday,September,0,397.14
Beverages,69.71,318,100,Tuesday,June,0,78.08
Beverages,162.58,344,25,Friday,March,0,146.32
Beverages,307.6,190,5,Monday,December,0,276.84
Personal Care,288.21,460,18,Friday,May,0,259.39
Dairy,235.82,222,87,Saturday,November,1,264.12
Household,107.09,28,118,Friday,August,0,119.94
Vegetables,467.58,338,85,Wednesday,August,0,490.96
Frozen,234.37,320,4,Monday,August,0,210.93
Vegetables,86.36,156,52,Thursday,July,0,90.68
Frozen,307.71,353,72,Tuesday,July,0,323.1
Dairy,343.2,290,82,Wednesday,April,0,360.36
Vegetables,210.15,82,113,Saturday,December,1,235.37
Household,453.66,9,68,Wednesday,June,0,476.34
Beverages,173.76,325,55,Tuesday,October,0,173.76
Fruits,398.45,194,49,Friday,March,0,398.45
Snacks,405.53,399,19,Wednesday,August,0,364.98
Beverages,249.04,324,39,Saturday,July,1,249.04
Vegetables,411.82,311,92,Tuesday,August,0,432.41
Dairy,366.55,139,60,Tuesday,April,0,384.88
Snacks,134.12,129,113,Thursday,July,0,150.21
Frozen,61.62,181,13,Wednesday,October,0,55.46
Frozen,52.6,25,49,Sunday,September,1,55.23
Frozen,92.72,417,71,Thursday,December,0,92.72
Vegetables,350.74,490,61,Friday,March,0,350.74
Personal Care,486.21,310,115,Wednesday,January,0,544.56
Snacks,343.29,408,98,Saturday,November,1,360.45
Household,50.86,491,55,Friday,December,0,50.86
Household,214.37,45,30,Saturday,May,1,214.37
Personal Care,33.05,288,70,Tuesday,December,0,34.7
Snacks,435.73,279,32,Friday,January,0,435.73
Bakery,203.57,380,25,Wednesday,August,0,183.21
Frozen,296.95,412,18,Saturday,April,1,267.25
Fruits,483.12,309,101,Tuesday,November,0,541.09
Vegetables,405.46,47,100,Saturday,March,1,454.12
Beverages,465.89,15,10,Thursday,April,0,419.3
Bakery,255.58,188,24,Monday,January,0,230.02
Beverages,127.83,51,47,Tuesday,April,0,134.22
Bakery,464.81,125,105,Sunday,July,1,520.59
Snacks,342.66,150,99,Monday,October,0,383.78
Vegetables,96.94,86,63,Monday,March,0,101.79
Snacks,69.87,305,118,Thursday,August,0,78.25
Beverages,27.13,58,24,Friday,June,0,27.13
Dairy,449.81,486,32,Monday,November,0,404.83
Fruits,248.12,164,52,Friday,December,0,248.12
Dairy,13.82,3,89,Monday,November,0,15.48
Bakery,476.1,193,112,Wednesday,April,0,533.23
Beverages,470.12,436,40,Friday,April,0,423.11
Personal Care,495.68,402,111,Friday,August,0,555.16
Bakery,192.63,38,41,Wednesday,December,0,192.63
Fruits,159.18,317,15,Monday,August,0,143.26
Dairy,449.98,354,71,Thursday,January,0,472.48
Beverages,246.49,273,24,Monday,May,0,221.84
Dairy,32.83,122,85,Saturday,December,1,36.77
Vegetables,14.74,446,70,Saturday,April,1,15.48
Personal Care,317.28,291,83,Monday,March,0,333.14
Snacks,92.19,195,86,Saturday,January,1,103.25
Dairy,193.58,308,112,Saturday,April,1,216.81
Beverages,140.0,39,70,Tuesday,March,0,147.0
Household,101.58,231,50,Tuesday,June,0,101.58
Beverages,331.21,22,114,Tuesday,February,0,370.96
Snacks,64.73,224,60,Friday,June,0,67.97
Personal Care,91.16,489,116,Saturday,April,1,102.1
Beverages,446.36,253,87,Monday,February,0,468.68
Bakery,206.44,259,15,Monday,July,0,185.8
Fruits,399.39,380,69,Thursday,December,0,419.36
Beverages,477.01,4,23,Wednesday,February,0,477.01
Household,102.51,204,112,Wednesday,March,0,114.81
Frozen,226.79,400,3,Tuesday,March,0,204.11
Dairy,311.25,154,11,Thursday,November,0,280.12
Household,112.27,439,3,Wednesday,November,0,101.04
Dairy,186.9,102,10,Friday,September,0,168.21
Personal Care,391.86,32,86,Wednesday,January,0,438.88
Fruits,167.95,164,1,Friday,May,0,151.16
Vegetables,166.76,281,38,Thursday,August,0,166.76
Fruits,40.52,401,64,Friday,May,0,40.52
Frozen,231.52,252,7,Saturday,January,1,208.37
Vegetables,330.97,117,4,Saturday,August,1,297.87
Frozen,143.57,151,107,Monday,June,0,160.8
Vegetables,123.82,168,92,Monday,February,0,138.68
Fruits,452.36,227,22,Thursday,November,0,407.12
Fruits,128.76,372,18,Friday,March,0,115.88
Dairy,67.72,354,71,Tuesday,March,0,71.11
Dairy,186.89,47,97,Tuesday,February,0,209.32
Snacks,135.25,219,115,Tuesday,July,0,151.48
Vegetables,25.21,454,80,Friday,January,0,26.47
Household,24.44,156,6,Thursday,June,0,22.0
Bakery,42.41,241,82,Saturday,May,1,44.53
Fruits,402.97,369,12,Thursday,January,0,362.67
Frozen,143.04,181,104,Sunday,August,1,160.2
Frozen,457.06,285,52,Tuesday,November,0,457.06
Bakery,90.13,490,101,Sunday,May,1,94.64
Dairy,229.44,339,78,Monday,May,0,240.91
Personal Care,276.08,42,32,Friday,November,0,276.08
Vegetables,69.03,32,117,Monday,February,0,77.31
Personal Care,412.26,172,90,Thursday,August,0,461.73
Frozen,237.71,214,116,Monday,October,0,266.24
Household,73.33,290,52,Saturday,January,1,73.33
Bakery,247.13,291,20,Sunday,February,1,222.42
Fruits,216.86,170,10,Thursday,August,0,195.17
Dairy,73.18,79,86,Tuesday,September,0,81.96
Dairy,133.28,180,30,Wednesday,August,0,133.28
Vegetables,438.25,226,59,Saturday,March,1,460.16
Household,432.4,374,20,Monday,October,0,389.16
Household,321.69,330,89,Tuesday,September,0,337.77
Personal Care,266.83,285,61,Sunday,April,1,280.17
Household,357.29,256,23,Thursday,March,0,321.56
Snacks,115.33,372,44,Saturday,August,1,115.33
Dairy,90.07,462,33,Monday,October,0,81.06
Snacks,291.91,206,86,Thursday,April,0,306.51
Vegetables,161.08,197,37,Friday,May,0,161.08
Personal Care,76.3,233,32,Friday,September,0,76.3
Snacks,166.36,389,51,Sunday,November,1,166.36
Household,74.13,123,78,Monday,September,0,77.84
Vegetables,213.99,233,52,Tuesday,March,0,213.99
Fruits,131.97,499,111,Tuesday,April,0,138.57
Personal Care,448.53,481,50,Saturday,March,1,448.53
Dairy,427.53,211,55,Tuesday,April,0,427.53
Personal Care,391.98,60,34,Saturday,March,1,391.98
Bakery,193.46,354,26,Wednesday,December,0,174.11
Household,96.76,448,54,Tuesday,July,0,96.76
Beverages,401.86,271,72,Thursday,March,0,421.95
Snacks,105.53,236,5,Wednesday,May,0,94.98
Personal Care,188.27,410,92,Monday,December,0,197.68
Personal Care,109.66,447,38,Tuesday,February,0,98.69
Bakery,61.57,174,34,Friday,May,0,61.57
Personal Care,495.9,171,62,Saturday,May,1,520.7
Beverages,385.0,42,81,Friday,September,0,431.2
Personal Care,98.02,321,99,Wednesday,July,0,102.92
Snacks,257.78,461,47,Monday,March,0,257.78
Bakery,70.28,466,53,Wednesday,August,0,70.28
Beverages,452.02,339,50,Wednesday,March,0,452.02
Vegetables,495.44,89,33,Thursday,December,0,495.44
Snacks,168.37,334,117,Friday,October,0,188.57
Vegetables,442.25,192,98,Saturday,October,1,495.32
Bakery,186.47,438,1,Monday,August,0,167.82
Household,406.67,134,48,Saturday,February,1,427.0
Vegetables,117.92,143,62,Friday,March,0,123.82
Snacks,33.87,491,60,Sunday,September,1,33.87
Beverages,137.44,379,26,Monday,January,0,123.7
Vegetables,54.98,129,52,Wednesday,April,0,57.73
Fruits,272.19,349,106,Thursday,March,0,304.85
Personal Care,110.74,25,105,Saturday,February,1,124.03
Personal Care,319.63,7,55,Thursday,December,0,335.61
Frozen,65.97,14,49,Sunday,October,1,69.27
Frozen,128.75,229,117,Wednesday,October,0,144.2
Bakery,441.67,76,103,Sunday,February,1,494.67
Vegetables,457.3,307,90,Saturday,January,1,480.17
Frozen,175.7,218,10,Sunday,May,1,158.13
Fruits,50.93,298,2,Monday,February,0,45.84
Beverages,166.03,72,94,Tuesday,February,0,185.95
Frozen,31.61,466,33,Sunday,January,1,28.45
Beverages,456.08,247,22,Friday,October,0,410.47
Vegetables,213.66,493,111,Friday,April,0,224.34
Beverages,65.28,89,8,Friday,July,0,58.75
Bakery,139.49,360,79,Friday,May,0,146.46
Beverages,192.24,436,60,Friday,July,0,192.24
Frozen,312.76,417,82,Sunday,August,1,328.4
Vegetables,438.8,84,5,Monday,November,0,394.92
Bakery,150.1,143,108,Wednesday,March,0,168.11
Personal Care,202.21,329,61,Tuesday,August,0,202.21
Beverages,130.88,433,69,Thursday,February,0,130.88
Household,293.62,87,67,Saturday,June,1,308.3
Personal Care,233.91,166,85,Thursday,December,0,245.61
Frozen,114.54,386,115,Thursday,December,0,128.28
Vegetables,93.51,118,4,Wednesday,June,0,84.16
Fruits,244.15,241,85,Sunday,October,1,256.36
Vegetables,425.82,107,50,Thursday,July,0,447.11
Dairy,239.83,369,81,Monday,January,0,251.82
Household,297.45,310,35,Saturday,November,1,297.45
Vegetables,60.65,3,99,Wednesday,April,0,67.93
Dairy,487.87,175,104,Thursday,December,0,546.41
Dairy,438.54,272,46,Sunday,September,1,438.54
Frozen,313.3,494,50,Thursday,December,0,313.3
Dairy,428.75,215,28,Wednesday,May,0,428.75
Fruits,454.53,202,3,Thursday,June,0,409.08
Bakery,400.63,45,8,Monday,September,0,360.57
Personal Care,73.47,85,85,Tuesday,July,0,82.29
Personal Care,420.85,147,118,Monday,September,0,471.35
Dairy,439.46,67,110,Wednesday,June,0,492.2
Personal Care,39.83,179,101,Friday,November,0,44.61
Snacks,167.61,192,31,Wednesday,March,0,167.61
Personal Care,324.05,241,99,Thursday,December,0,362.94
Household,28.65,229,93,Thursday,November,0,32.09
Household,388.99,166,59,Tuesday,August,0,408.44
Personal Care,284.46,384,103,Saturday,June,1,318.6
Beverages,171.83,88,22,Wednesday,December,0,171.83
Vegetables,416.43,215,59,Sunday,October,1,437.25
Dairy,50.32,252,104,Wednesday,March,0,56.36
Beverages,427.44,302,97,Saturday,March,1,478.73
Personal Care,285.68,390,109,Thursday,June,0,319.96
Beverages,112.42,320,51,Thursday,May,0,112.42
Dairy,79.68,420,29,Saturday,September,1,71.71
Household,141.91,225,1,Monday,September,0,127.72
Personal Care,382.21,176,74,Saturday,February,1,401.32
Beverages,148.61,213,73,Saturday,June,1,156.04
Fruits,445.58,114,108,Saturday,September,1,499.05
Household,43.9,104,87,Friday,August,0,49.17
Frozen,355.66,171,21,Friday,May,0,320.09
Frozen,44.46,67,93,Thursday,December,0,49.8
Beverages,20.67,31,66,Wednesday,March,0,21.7
Dairy,204.96,126,27,Wednesday,July,0,204.96
Bakery,43.78,307,64,Friday,August,0,45.97
Snacks,229.92,267,23,Saturday,July,1,206.93
Household,498.33,458,107,Tuesday,November,0,523.25
Snacks,348.86,22,37,Monday,December,0,348.86
Bakery,245.67,412,114,Sunday,July,1,275.15
Dairy,496.27,104,107,Saturday,November,1,555.82
Snacks,39.97,418,48,Wednesday,May,0,39.97
Bakery,269.28,155,32,Thursday,November,0,269.28
Frozen,36.57,93,87,Monday,November,0,40.96
Snacks,52.71,242,117,Friday,September,0,59.04
Dairy,368.27,351,117,Monday,January,0,412.46
Snacks,465.6,249,93,Saturday,July,1,521.47
Fruits,470.38,401,60,Thursday,April,0,470.38
Frozen,177.61,489,59,Thursday,May,0,177.61
Household,180.81,170,80,Monday,April,0,189.85
Personal Care,450.76,259,15,Friday,June,0,405.68
Personal Care,109.0,396,95,Saturday,February,1,114.45
Bakery,451.85,72,49,Friday,April,0,474.44
Household,192.02,121,106,Monday,September,0,215.06
Beverages,104.15,128,25,Saturday,February,1,104.15
Snacks,188.96,382,9,Wednesday,November,0,170.06
Vegetables,164.3,383,101,Monday,August,0,172.52
Dairy,80.2,129,3,Thursday,March,0,72.18
Frozen,16.96,226,37,Saturday,February,1,16.96
Household,319.8,64,96,Sunday,May,1,358.18
Personal Care,409.33,245,56,Tuesday,February,0,409.33
Frozen,480.0,288,32,Saturday,May,1,480.0
Beverages,232.05,450,107,Friday,August,0,243.65
Snacks,36.72,299,37,Monday,July,0,36.72
Household,414.28,471,22,Wednesday,March,0,372.85
Dairy,87.26,380,103,Sunday,June,1,97.73
Vegetables,313.8,233,60,Sunday,February,1,329.49
Beverages,193.38,93,69,Wednesday,September,0,203.05
Vegetables,305.27,44,76,Saturday,December,1,341.9
Personal Care,416.77,184,11,Thursday,November,0,375.09
Household,316.22,35,96,Saturday,December,1,354.17
Personal Care,163.65,419,51,Saturday,May,1,163.65
Personal Care,221.95,393,42,Tuesday,April,0,221.95
Dairy,24.78,38,48,Tuesday,May,0,26.02
Beverages,489.36,450,110,Saturday,September,1,548.08
Frozen,252.8,188,43,Wednesday,August,0,252.8
Dairy,395.86,258,76,Thursday,August,0,415.65
Household,384.6,64,115,Saturday,May,1,430.75
Frozen,231.2,23,96,Friday,November,0,258.94
Snacks,217.52,74,98,Saturday,June,1,243.62
Dairy,374.02,465,65,Saturday,January,1,374.02
Dairy,400.75,159,86,Monday,August,0,420.79
Fruits,451.15,17,107,Saturday,August,1,505.29
Snacks,142.23,436,55,Monday,November,0,142.23
Snacks,61.86,51,29,Saturday,May,1,61.86
Dairy,375.8,301,80,Tuesday,November,0,394.59
Bakery,198.82,138,45,Thursday,June,0,198.82
Beverages,249.02,148,83,Tuesday,December,0,261.47
Vegetables,358.7,342,112,Tuesday,March,0,401.74
Vegetables,379.68,251,88,Friday,June,0,398.66
Bakery,480.14,349,7,Thursday,July,0,432.13
Vegetables,468.41,36,45,Wednesday,December,0,491.83
Fruits,63.81,167,47,Sunday,July,1,63.81
Frozen,49.67,216,54,Friday,October,0,49.67
Personal Care,490.37,290,31,Thursday,December,0,441.33
Snacks,200.12,209,82,Monday,June,0,210.13
Household,163.66,357,53,Monday,February,0,163.66
Snacks,111.45,172,54,Tuesday,March,0,117.02
Beverages,137.79,191,120,Monday,September,0,154.32
Beverages,192.86,311,52,Monday,October,0,192.86
Beverages,49.95,75,83,Saturday,July,1,55.94
Fruits,424.38,457,40,Friday,December,0,381.94
Frozen,294.07,284,39,Friday,August,0,294.07
Vegetables,317.46,210,95,Tuesday,February,0,355.56
Frozen,465.56,30,45,Tuesday,August,0,488.84
Dairy,137.34,105,50,Friday,March,0,144.21
Beverages,383.34,417,73,Saturday,February,1,402.51
Frozen,132.72,121,1,Monday,March,0,119.45
Fruits,147.97,301,118,Saturday,January,1,165.73
Bakery,249.05,105,14,Sunday,October,1,249.05
Bakery,289.63,258,111,Thursday,April,0,324.39
Fruits,498.14,334,3,Sunday,September,1,448.33
Household,337.0,116,104,Thursday,January,0,377.44
Frozen,396.18,89,25,Monday,July,0,396.18
Snacks,180.67,241,27,Saturday,December,1,180.67
Household,250.26,192,51,Friday,December,0,250.26
Personal Care,91.44,312,67,Wednesday,February,0,96.01
Dairy,401.64,451,2,Sunday,December,1,361.48
Dairy,116.37,382,21,Thursday,April,0,104.73
Dairy,116.82,66,40,Sunday,September,1,122.66
Beverages,357.63,156,111,Saturday,July,1,400.55
Snacks,376.59,167,17,Saturday,December,1,338.93
Snacks,395.65,430,53,Monday,February,0,395.65
Vegetables,262.28,386,20,Monday,April,0,236.05
Vegetables,11.62,432,55,Sunday,November,1,11.62
Household,257.73,212,18,Saturday,February,1,231.96
Vegetables,174.07,471,84,Saturday,February,1,182.77
Bakery,56.0,477,21,Friday,February,0,50.4
Fruits,247.37,309,4,Sunday,April,1,222.63
Frozen,217.71,202,30,Thursday,November,0,217.71
Personal Care,245.28,260,10,Saturday,April,1,220.75
Beverages,212.93,435,42,Friday,September,0,191.64
Personal Care,174.78,99,26,Saturday,August,1,174.78
Dairy,361.39,342,85,Friday,May,0,379.46
Dairy,417.98,252,47,Tuesday,June,0,417.98
Snacks,336.48,56,85,Tuesday,March,0,376.86
Personal Care,372.42,65,109,Saturday,August,1,417.11
Household,213.13,426,13,Friday,November,0,191.82
Household,33.24,413,107,Sunday,December,1,37.23
Snacks,36.71,207,65,Thursday,September,0,38.55
Dairy,233.48,35,17,Saturday,July,1,233.48
Household,84.36,435,110,Friday,May,0,94.48
Vegetables,305.78,257,46,Tuesday,December,0,305.78
Vegetables,126.6,258,116,Tuesday,January,0,141.79
Bakery,170.72,142,76,Thursday,August,0,179.26
Fruits,212.69,295,12,Tuesday,July,0,191.42
Bakery,210.02,181,57,Thursday,June,0,220.52
Beverages,258.99,86,18,Saturday,July,1,258.99
Bakery,421.44,336,42,Saturday,May,1,421.44
Dairy,445.79,490,17,Friday,May,0,401.21
Vegetables,429.37,298,100,Wednesday,April,0,480.89
Personal Care,372.77,164,59,Thursday,July,0,391.41
Frozen,47.64,452,31,Friday,September,0,42.88
Frozen,178.2,175,3,Sunday,December,1,160.38
Dairy,356.45,299,109,Monday,December,0,399.22
Household,301.23,369,52,Saturday,August,1,301.23
Vegetables,101.88,485,27,Friday,December,0,91.69
Household,480.04,388,76,Sunday,April,1,504.04
Frozen,405.46,473,15,Friday,May,0,364.91
Bakery,85.57,236,4,Thursday,July,0,77.01
Bakery,285.34,168,86,Tuesday,July,0,299.61
Dairy,355.68,253,69,Monday,August,0,373.46
Beverages,10.35,72,4,Sunday,April,1,9.31
Snacks,279.78,282,13,Monday,March,0,251.8
Dairy,381.59,296,80,Thursday,July,0,400.67
Fruits,220.02,113,57,Tuesday,January,0,231.02
Snacks,326.97,115,38,Sunday,May,1,326.97
Vegetables,119.66,459,49,Wednesday,July,0,119.66
Fruits,10.47,328,13,Friday,November,0,9.42
Dairy,180.28,338,110,Wednesday,August,0,201.91
Personal Care,421.11,434,25,Friday,July,0,379.0
Fruits,244.37,163,34,Thursday,August,0,244.37
Snacks,304.51,39,51,Wednesday,December,0,319.74
Dairy,299.27,381,44,Wednesday,July,0,299.27
Vegetables,330.36,254,96,Tuesday,December,0,370.0
Dairy,379.98,265,65,Thursday,September,0,398.98
Bakery,38.49,83,43,Tuesday,February,0,38.49
Beverages,484.13,411,23,Thursday,July,0,435.72
Beverages,164.96,254,100,Friday,January,0,184.76
Dairy,286.14,265,7,Wednesday,January,0,257.53
Bakery,391.99,198,16,Sunday,June,1,352.79
Fruits,386.6,7,6,Monday,February,0,347.94
Dairy,483.43,474,5,Thursday,April,0,435.09
Vegetables,258.17,164,33,Thursday,August,0,258.17
Snacks,319.09,373,64,Wednesday,April,0,319.09
Frozen,379.09,119,105,Friday,November,0,424.58
Dairy,281.69,142,14,Tuesday,February,0,253.52
Vegetables,165.8,295,49,Thursday,February,0,165.8
Vegetables,117.33,56,26,Monday,June,0,117.33
Personal Care,71.67,339,70,Saturday,May,1,75.25
Beverages,185.65,35,14,Monday,October,0,185.65
Dairy,106.2,181,77,Wednesday,December,0,111.51
Dairy,293.13,86,85,Friday,May,0,328.31
Bakery,414.59,161,73,Thursday,October,0,435.32
Dairy,367.06,117,98,Sunday,March,1,411.11
Snacks,283.33,364,58,Saturday,July,1,283.33
Fruits,200.7,221,5,Saturday,July,1,180.63
Beverages,422.36,269,74,Wednesday,February,0,443.48
Snacks,392.74,426,40,Monday,November,0,353.47
Snacks,286.45,419,61,Friday,April,0,286.45
Vegetables,235.96,149,86,Saturday,November,1,264.28
Snacks,20.46,52,66,Tuesday,July,0,21.48
Snacks,88.93,388,73,Saturday,April,1,93.38
Fruits,355.77,93,50,Sunday,July,1,373.56
Snacks,259.8,450,1,Thursday,February,0,233.82
Household,467.37,287,11,Friday,June,0,420.63
Bakery,119.01,423,111,Monday,February,0,133.29
Fruits,259.58,29,44,Thursday,August,0,272.56
Frozen,422.69,253,10,Friday,March,0,380.42
Vegetables,280.81,70,98,Monday,April,0,314.51
Dairy,461.72,272,57,Wednesday,August,0,461.72
Personal Care,26.41,258,80,Sunday,March,1,27.73
Snacks,342.99,7,27,Thursday,January,0,342.99
Frozen,224.57,272,62,Monday,October,0,235.8
Beverages,140.48,306,61,Saturday,March,1,147.5
Frozen,168.58,385,113,Thursday,February,0,188.81
Snacks,462.48,145,74,Sunday,July,1,485.6
Fruits,474.53,358,47,Monday,December,0,474.53
Personal Care,165.01,232,46,Sunday,March,1,165.01
Household,227.27,154,104,Wednesday,November,0,254.54
Vegetables,270.6,439,42,Tuesday,December,0,243.54
Frozen,330.8,486,78,Friday,January,0,347.34
Bakery,410.02,188,14,Sunday,February,1,369.02
Bakery,164.19,222,61,Tuesday,April,0,172.4
Vegetables,433.65,39,41,Thursday,July,0,433.65
Personal Care,370.65,254,5,Saturday,June,1,333.58
Dairy,333.9,385,111,Sunday,September,1,373.97
Dairy,485.57,279,26,Friday,December,0,437.01
Snacks,496.32,441,75,Tuesday,May,0,521.14
Frozen,168.57,31,23,Sunday,August,1,168.57
Household,259.48,220,7,Tuesday,November,0,233.53
Personal Care,375.81,461,45,Thursday,April,0,375.81
Snacks,428.51,399,70,Friday,March,0,449.94
Snacks,157.32,498,114,Wednesday,March,0,176.2
Personal Care,386.96,232,7,Wednesday,February,0,348.26
Household,433.15,448,44,Saturday,August,1,433.15
Vegetables,469.9,327,18,Thursday,April,0,422.91
Vegetables,276.52,422,82,Tuesday,March,0,290.35
Personal Care,497.73,379,112,Tuesday,August,0,557.46
Bakery,194.99,341,68,Saturday,November,1,204.74
Frozen,388.72,367,119,Saturday,September,1,435.37
Frozen,294.2,237,95,Wednesday,August,0,329.5
Frozen,364.44,93,115,Tuesday,November,0,408.17
Fruits,22.05,351,72,Wednesday,November,0,23.15
Personal Care,240.1,388,57,Sunday,December,1,240.1
Beverages,212.47,50,74,Sunday,April,1,237.97
Bakery,400.3,80,23,Saturday,October,1,400.3
Personal Care,54.24,407,92,Tuesday,December,0,56.95
Snacks,78.35,386,90,Monday,July,0,82.27
Beverages,180.77,351,75,Wednesday,December,0,189.81
Bakery,456.6,185,36,Wednesday,June,0,456.6
Personal Care,41.57,277,79,Tuesday,June,0,43.65
Vegetables,449.8,455,119,Tuesday,February,0,503.78
Personal Care,385.25,27,114,Tuesday,June,0,431.48
Frozen,120.08,104,116,Tuesday,September,0,134.49
Beverages,221.24,98,42,Saturday,May,1,221.24
Dairy,161.09,229,75,Sunday,September,1,169.14
Frozen,186.54,52,55,Sunday,September,1,195.87
Frozen,330.58,48,25,Tuesday,December,0,330.58
Household,39.24,214,23,Sunday,September,1,39.24
Frozen,454.54,161,50,Wednesday,November,0,454.54
Snacks,156.05,198,7,Saturday,November,1,140.45
Vegetables,413.76,483,69,Tuesday,April,0,413.76
Dairy,292.54,436,47,Friday,August,0,292.54
Beverages,265.13,406,84,Saturday,May,1,278.39
Frozen,238.75,449,86,Tuesday,July,0,250.69
Snacks,48.24,104,32,Monday,September,0,48.24
Personal Care,199.85,53,61,Tuesday,December,0,209.84
Frozen,484.05,78,66,Sunday,January,1,508.25
Snacks,472.89,359,114,Thursday,May,0,529.64
Dairy,262.63,415,37,Sunday,November,1,262.63
Fruits,147.83,42,81,Monday,July,0,165.57
Snacks,134.52,334,91,Tuesday,November,0,141.25
Dairy,122.08,49,8,Saturday,December,1,109.87
Bakery,200.21,121,99,Thursday,July,0,224.24
Beverages,492.52,498,19,Friday,May,0,443.27
Household,420.17,157,10,Wednesday,January,0,378.15
Vegetables,321.47,233,79,Sunday,July,1,337.54
Beverages,89.79,295,46,Monday,February,0,89.79
Dairy,260.61,270,55,Monday,January,0,260.61
Frozen,368.25,397,54,Saturday,January,1,368.25
Dairy,99.5,200,115,Monday,May,0,111.44
Frozen,299.66,327,14,Thursday,May,0,269.69
Household,107.63,425,82,Friday,February,0,113.01
Frozen,446.69,69,116,Wednesday,May,0,500.29
Bakery,482.56,214,50,Saturday,August,1,482.56
Vegetables,276.73,164,61,Sunday,April,1,290.57
Beverages,455.5,221,45,Monday,March,0,455.5
Personal Care,84.91,109,100,Friday,October,0,95.1
Snacks,179.81,381,33,Sunday,January,1,161.83
Fruits,47.37,35,83,Monday,November,0,53.05
Fruits,380.42,316,67,Wednesday,January,0,399.44
Beverages,129.5,338,4,Wednesday,November,0,116.55
Dairy,421.86,223,57,Monday,May,0,442.95
Vegetables,176.51,477,29,Saturday,April,1,158.86
Bakery,254.81,42,33,Thursday,October,0,254.81
Household,184.85,377,104,Monday,March,0,207.03
Vegetables,350.55,150,97,Sunday,October,1,392.62
Beverages,86.74,421,101,Tuesday,September,0,91.08
Vegetables,45.39,403,84,Tuesday,January,0,47.66
Vegetables,297.39,349,46,Tuesday,February,0,297.39
Fruits,437.74,281,1,Monday,March,0,393.97
Frozen,307.57,86,43,Monday,June,0,307.57
Dairy,243.84,117,92,Tuesday,May,0,273.1
Bakery,123.53,308,38,Tuesday,January,0,123.53
Snacks,410.98,353,97,Tuesday,June,0,431.53
Dairy,373.52,87,63,Wednesday,October,0,392.2
Frozen,408.9,404,31,Friday,April,0,368.01
Vegetables,480.54,152,7,Sunday,November,1,432.49
Snacks,246.1,202,46,Wednesday,April,0,246.1
Personal Care,85.64,375,72,Sunday,June,1,89.92
Vegetables,19.39,116,4,Friday,July,0,17.45
Personal Care,412.35,148,72,Thursday,November,0,432.97
Snacks,416.45,303,84,Monday,September,0,437.27
Household,407.95,171,8,Sunday,May,1,367.15
Vegetables,428.92,339,14,Wednesday,October,0,386.03
Dairy,419.77,61,72,Tuesday,April,0,440.76
Fruits,249.23,54,8,Friday,January,0,224.31
Fruits,134.04,132,61,Friday,December,0,140.74
Snacks,288.32,355,10,Thursday,February,0,259.49
Fruits,470.43,438,92,Monday,January,0,493.95
Snacks,357.91,183,51,Friday,November,0,357.91
Vegetables,347.02,469,68,Thursday,June,0,347.02
Fruits,379.61,246,38,Sunday,May,1,379.61
Frozen,208.38,485,1,Thursday,March,0,187.54
Snacks,202.94,374,8,Sunday,May,1,182.65
Fruits,139.03,76,1,Friday,February,0,125.13
Vegetables,10.77,224,67,Friday,April,0,11.31
Vegetables,323.31,183,108,Sunday,March,1,362.11
Vegetables,342.41,300,81,Wednesday,January,0,359.53
Personal Care,115.81,127,100,Wednesday,February,0,129.71
Frozen,18.93,203,78,Sunday,December,1,19.88
Household,246.74,226,48,Tuesday,December,0,246.74
Frozen,215.18,149,72,Monday,April,0,225.94
Bakery,219.4,205,61,Friday,February,0,230.37
Fruits,164.4,134,107,Saturday,September,1,184.13
Bakery,131.76,125,63,Thursday,May,0,138.35
Beverages,308.81,451,66,Tuesday,October,0,308.81
Snacks,15.6,490,80,Sunday,June,1,16.38
Snacks,303.71,70,95,Saturday,July,1,340.16
Dairy,265.74,276,45,Tuesday,March,0,265.74
Vegetables,419.97,451,31,Wednesday,December,0,377.97
Dairy,55.57,131,80,Sunday,October,1,62.24
Fruits,419.53,156,59,Wednesday,May,0,440.51
Fruits,108.84,446,84,Thursday,August,0,114.28
Dairy,144.98,302,79,Monday,October,0,152.23
Frozen,234.82,35,78,Wednesday,June,0,263.0
Frozen,488.56,173,74,Thursday,August,0,512.99
Snacks,308.7,49,100,Monday,November,0,345.74
Snacks,388.92,129,3,Wednesday,August,0,350.03
Snacks,455.18,206,70,Sunday,December,1,477.94
Bakery,462.03,266,111,Saturday,January,1,517.47
Personal Care,407.08,362,87,Thursday,June,0,427.43
Frozen,316.2,143,114,Tuesday,January,0,354.14
Fruits,429.19,467,21,Sunday,February,1,386.27
Vegetables,333.52,260,59,Saturday,August,1,350.2
Bakery,341.94,218,119,Friday,October,0,382.97
Bakery,199.73,260,60,Tuesday,April,0,209.72
Frozen,131.15,391,9,Monday,January,0,118.04
Personal Care,273.63,170,57,Friday,December,0,287.31
Frozen,230.13,468,15,Tuesday,July,0,207.12
Household,406.52,356,21,Friday,February,0,365.87
Vegetables,484.71,431,99,Friday,February,0,508.95
Beverages,426.25,389,72,Friday,November,0,447.56
Vegetables,259.36,467,84,Tuesday,May,0,272.33
Bakery,316.02,208,4,Saturday,September,1,284.42
Personal Care,58.96,357,45,Saturday,September,1,58.96
Household,439.08,99,60,Saturday,April,1,461.03
Dairy,356.02,143,28,Thursday,July,0,356.02
Snacks,70.75,165,48,Friday,July,0,70.75
Fruits,20.68,421,16,Thursday,October,0,18.61
Personal Care,135.08,364,119,Sunday,February,1,151.29
Personal Care,377.37,2,1,Monday,December,0,339.63
Personal Care,27.74,228,48,Thursday,January,0,27.74
Beverages,126.84,442,16,Monday,December,0,114.16
Frozen,163.05,398,6,Thursday,October,0,146.75
Fruits,87.86,211,68,Saturday,March,1,92.25
Beverages,369.16,258,85,Wednesday,December,0,387.62
Personal Care,85.4,474,27,Saturday,May,1,76.86
Personal Care,497.5,365,63,Friday,December,0,497.5
Beverages,449.1,192,15,Sunday,November,1,404.19
Fruits,347.93,416,53,Thursday,November,0,347.93
Household,495.98,229,94,Wednesday,September,0,555.5
Fruits,419.79,360,86,Saturday,April,1,440.78
Fruits,455.8,467,8,Sunday,December,1,410.22
Household,101.88,301,96,Saturday,March,1,114.11
Household,327.3,303,8,Sunday,July,1,294.57
Fruits,235.2,286,42,Tuesday,December,0,235.2
Frozen,10.99,326,14,Thursday,May,0,9.89
Snacks,353.31,132,8,Tuesday,June,0,317.98
Frozen,477.5,31,6,Wednesday,February,0,429.75
Snacks,451.19,210,88,Thursday,August,0,473.75
Fruits,182.54,246,100,Monday,August,0,204.44
Bakery,495.4,452,58,Friday,December,0,495.4
Fruits,60.27,221,28,Saturday,June,1,60.27
Dairy,211.11,408,98,Wednesday,March,0,221.67
Fruits,87.07,369,78,Monday,December,0,91.42
Personal Care,113.22,281,81,Monday,August,0,118.88
Frozen,236.31,70,120,Sunday,March,1,264.67
Fruits,26.98,378,45,Wednesday,April,0,26.98
Bakery,204.17,119,74,Monday,June,0,214.38
Vegetables,161.4,216,35,Thursday,March,0,161.4
Household,215.09,423,37,Thursday,August,0,193.58
Vegetables,87.21,335,6,Saturday,April,1,78.49
Frozen,313.97,201,89,Monday,June,0,329.67
Household,26.08,417,24,Thursday,February,0,23.47
Snacks,136.11,360,80,Sunday,August,1,142.92
Snacks,55.86,70,20,Sunday,November,1,55.86
Dairy,409.61,365,56,Thursday,August,0,409.61
Frozen,208.91,166,37,Saturday,January,1,208.91
Household,124.81,326,23,Wednesday,March,0,112.33
Bakery,348.89,211,73,Wednesday,April,0,366.33
Household,119.6,86,65,Saturday,July,1,125.58
Bakery,238.52,341,2,Wednesday,September,0,214.67
Bakery,127.48,496,67,Monday,June,0,127.48
Fruits,119.93,60,29,Thursday,August,0,119.93
Vegetables,381.03,468,84,Friday,July,0,400.08
Personal Care,184.88,427,48,Tuesday,July,0,184.88
Bakery,164.5,16,57,Monday,December,0,172.72
Household,336.14,255,2,Wednesday,March,0,302.53
Household,27.7,205,69,Thursday,May,0,29.09
Personal Care,55.38,396,25,Wednesday,November,0,49.84
Vegetables,298.77,336,23,Wednesday,September,0,268.89
Frozen,302.38,448,52,Tuesday,June,0,302.38
Frozen,22.23,197,83,Tuesday,June,0,23.34
Household,40.83,45,62,Sunday,October,1,42.87
Fruits,350.45,186,10,Sunday,October,1,315.4
Snacks,242.56,267,33,Friday,June,0,242.56
Snacks,42.79,89,59,Sunday,April,1,44.93
Personal Care,384.96,129,104,Sunday,June,1,431.16
Vegetables,326.72,343,9,Friday,August,0,294.05
Frozen,346.98,58,26,Wednesday,July,0,346.98
Bakery,204.39,350,49,Monday,June,0,204.39
Beverages,469.87,412,118,Thursday,June,0,526.25
Snacks,84.07,73,17,Sunday,November,1,84.07
Personal Care,452.44,397,58,Monday,December,0,452.44
Vegetables,56.44,2,14,Wednesday,September,0,56.44
Bakery,92.23,369,57,Monday,October,0,92.23
Vegetables,272.27,23,100,Sunday,September,1,304.94
Personal Care,130.67,394,102,Wednesday,September,0,137.2
Bakery,406.65,458,52,Friday,February,0,406.65
Fruits,379.5,308,32,Monday,December,0,341.55
Dairy,265.39,10,42,Friday,September,0,278.66
Dairy,171.55,336,117,Friday,January,0,192.14
Vegetables,69.16,9,25,Tuesday,May,0,69.16
Dairy,176.56,18,71,Sunday,December,1,185.39
Bakery,350.49,458,7,Wednesday,July,0,315.44
Snacks,177.22,329,67,Saturday,November,1,186.08
Frozen,407.08,303,76,Monday,November,0,427.43
Beverages,481.1,399,31,Monday,February,0,432.99
Frozen,353.81,292,39,Thursday,January,0,353.81
Beverages,480.79,39,21,Wednesday,July,0,480.79
Fruits,416.44,398,34,Tuesday,September,0,374.8
Bakery,83.03,351,93,Saturday,June,1,87.18
Vegetables,433.34,204,100,Tuesday,January,0,485.34
Fruits,410.94,137,80,Friday,September,0,431.49
Personal Care,296.55,354,93,Wednesday,October,0,311.38
Bakery,425.15,200,1,Sunday,October,1,382.63
Beverages,10.24,115,11,Saturday,May,1,9.22
Frozen,191.03,496,88,Wednesday,August,0,200.58
Bakery,381.92,201,46,Thursday,September,0,381.92
Bakery,113.43,147,74,Friday,June,0,119.1
Dairy,158.57,475,65,Friday,November,0,158.57
Frozen,152.44,52,51,Wednesday,June,0,160.06
Dairy,268.9,74,113,Saturday,December,1,301.17
Household,103.11,455,17,Sunday,March,1,92.8
Snacks,21.25,76,35,Saturday,September,1,21.25
Fruits,198.92,49,118,Tuesday,July,0,222.79
Bakery,447.37,343,111,Friday,June,0,501.05
Household,250.1,165,70,Thursday,February,0,262.61
Vegetables,375.48,353,42,Sunday,September,1,375.48
Snacks,292.54,160,114,Monday,September,0,327.64
Snacks,190.81,325,105,Wednesday,March,0,213.71
Fruits,262.33,181,73,Friday,September,0,275.45
Bakery,298.86,8,56,Friday,July,0,313.8
Household,196.64,101,23,Wednesday,November,0,196.64
Frozen,407.02,488,59,Thursday,December,0,407.02
Beverages,78.04,213,69,Tuesday,February,0,81.94
Beverages,240.31,119,116,Wednesday,February,0,269.15
Vegetables,110.87,379,78,Saturday,June,1,116.41
Household,321.04,241,107,Friday,December,0,359.56
Dairy,88.89,493,101,Sunday,March,1,93.33
Vegetables,18.7,441,59,Thursday,February,0,18.7
Dairy,216.04,289,38,Wednesday,January,0,216.04
Beverages,376.96,339,98,Friday,May,0,395.81
Personal Care,232.87,398,47,Saturday,April,1,232.87
Personal Care,56.79,451,108,Saturday,May,1,63.6
Snacks,314.43,16,96,Tuesday,March,0,352.16
Snacks,370.62,64,106,Friday,July,0,415.09
Frozen,483.5,439,74,Saturday,January,1,507.68
Frozen,216.79,250,96,Wednesday,August,0,242.8
Fruits,326.49,70,97,Monday,December,0,365.67
Bakery,48.94,447,8,Wednesday,January,0,44.05
Vegetables,122.93,129,32,Saturday,August,1,122.93
Vegetables,94.97,10,102,Monday,November,0,106.37
Vegetables,229.01,365,61,Sunday,October,1,229.01
Household,325.73,97,111,Saturday,May,1,364.82
Beverages,75.29,109,76,Tuesday,October,0,79.05
Beverages,75.63,66,47,Sunday,August,1,79.41
Fruits,231.0,93,59,Thursday,May,0,242.55
Household,228.49,174,7,Tuesday,February,0,205.64
Vegetables,267.51,177,24,Monday,February,0,267.51
Personal Care,267.9,222,5,Tuesday,December,0,241.11
Frozen,102.91,118,75,Sunday,July,1,108.06
Vegetables,249.7,427,65,Sunday,May,1,249.7
Beverages,407.55,9,98,Saturday,November,1,456.46
Personal Care,236.44,461,89,Saturday,December,1,248.26
Vegetables,130.83,340,65,Sunday,October,1,137.37
Personal Care,229.07,244,8,Thursday,October,0,206.16
Snacks,344.41,91,68,Wednesday,April,0,361.63
Beverages,326.15,28,20,Wednesday,May,0,326.15
Frozen,49.79,215,92,Saturday,December,1,55.76
Fruits,300.11,149,53,Saturday,August,1,315.12
Fruits,267.42,407,9,Friday,October,0,240.68
Vegetables,395.82,111,92,Thursday,December,0,443.32
Bakery,437.82,446,74,Wednesday,October,0,459.71
Personal Care,392.33,168,101,Friday,March,0,439.41
Bakery,66.24,287,43,Saturday,August,1,66.24
Beverages,122.53,324,43,Saturday,January,1,122.53
Bakery,313.2,236,28,Thursday,August,0,313.2
Frozen,77.44,346,26,Friday,October,0,69.7
Frozen,442.84,181,38,Sunday,October,1,442.84
Fruits,342.69,292,11,Saturday,August,1,308.42
Vegetables,317.25,79,104,Sunday,March,1,355.32
Dairy,31.56,368,83,Monday,January,0,33.14
Dairy,57.73,131,23,Friday,July,0,57.73
Frozen,302.11,203,24,Wednesday,February,0,271.9
Household,249.34,301,44,Monday,May,0,249.34
Dairy,286.88,204,57,Monday,November,0,301.22
Dairy,335.26,5,1,Saturday,May,1,301.73
Household,262.27,248,116,Tuesday,May,0,293.74
Beverages,332.89,248,110,Saturday,November,1,372.84
Personal Care,439.52,369,89,Friday,July,0,461.5
Frozen,181.29,338,17,Friday,May,0,163.16
Vegetables,107.2,23,45,Monday,August,0,112.56
Bakery,297.3,80,96,Wednesday,February,0,332.98
Beverages,329.74,443,117,Wednesday,April,0,369.31
Snacks,170.5,484,56,Thursday,June,0,170.5
Fruits,343.12,255,57,Tuesday,May,0,343.12
Beverages,200.12,427,99,Wednesday,September,0,210.13
Fruits,168.11,106,86,Monday,January,0,188.28
Personal Care,357.34,303,57,Friday,February,0,357.34
Personal Care,10.49,468,62,Monday,November,0,10.49
Beverages,435.05,16,101,Thursday,February,0,487.26
Dairy,245.87,136,51,Thursday,December,0,258.16
Frozen,306.08,255,107,Saturday,May,1,342.81
Fruits,84.26,433,115,Saturday,February,1,94.37
Fruits,68.66,480,22,Wednesday,April,0,61.79
Household,201.12,257,85,Sunday,April,1,211.18
Dairy,116.83,179,97,Tuesday,July,0,130.85
Household,360.41,453,47,Wednesday,September,0,360.41
Fruits,366.55,456,49,Thursday,April,0,366.55
Household,367.35,243,72,Sunday,February,1,385.72
Dairy,333.98,91,67,Saturday,April,1,350.68
Personal Care,407.73,431,50,Wednesday,December,0,407.73
Frozen,377.09,495,10,Tuesday,November,0,339.38
Frozen,53.2,313,90,Saturday,October,1,55.86
Snacks,331.57,344,120,Tuesday,February,0,371.36
Frozen,96.27,493,118,Thursday,June,0,107.82
Frozen,352.04,131,29,Friday,January,0,352.04
Household,41.18,310,108,Wednesday,July,0,46.12
Frozen,116.68,9,8,Saturday,July,1,116.68
Snacks,201.13,365,119,Monday,January,0,225.27
Household,342.62,200,34,Monday,August,0,342.62
Vegetables,236.54,380,104,Saturday,November,1,264.92
Dairy,436.84,430,117,Friday,February,0,489.26
Bakery,110.2,335,47,Sunday,April,1,110.2
Fruits,376.83,344,81,Tuesday,October,0,395.67
Frozen,188.8,82,62,Saturday,March,1,198.24
Household,294.57,279,51,Thursday,August,0,294.57
Fruits,351.52,172,47,Wednesday,September,0,351.52
Dairy,242.36,94,89,Friday,October,0,271.44
Frozen,308.4,308,120,Monday,June,0,345.41
Personal Care,354.86,94,106,Thursday,January,0,397.44
Dairy,331.86,294,32,Tuesday,December,0,298.67
Bakery,113.95,66,51,Friday,October,0,119.65
Snacks,240.77,135,54,Monday,March,0,252.81
Bakery,132.36,389,70,Sunday,September,1,138.98
Personal Care,47.11,256,62,Monday,December,0,49.47
Beverages,373.51,35,68,Wednesday,March,0,392.19
Household,40.93,303,46,Sunday,July,1,40.93
Bakery,241.73,342,117,Wednesday,June,0,270.74
Vegetables,304.02,80,29,Saturday,June,1,304.02
Household,442.63,354,70,Wednesday,September,0,464.76
Fruits,337.41,446,115,Thursday,April,0,377.9
Dairy,394.08,78,99,Tuesday,September,0,441.37
Beverages,308.09,115,103,Tuesday,June,0,345.06
Beverages,276.15,225,68,Friday,August,0,289.96
Bakery,193.54,458,25,Wednesday,October,0,174.19
Frozen,157.16,483,21,Thursday,September,0,141.44
Personal Care,426.74,256,35,Thursday,May,0,426.74
Household,167.27,233,88,Tuesday,September,0,175.63
Snacks,60.33,6,119,Monday,September,0,67.57
Household,365.73,26,68,Friday,January,0,384.02
Vegetables,245.29,207,95,Wednesday,June,0,274.72
Dairy,376.12,174,70,Monday,November,0,394.93
Dairy,166.83,6,14,Monday,September,0,166.83
Vegetables,445.93,422,54,Thursday,October,0,445.93
Fruits,403.82,134,33,Thursday,July,0,403.82
Bakery,298.25,229,69,Sunday,December,1,313.16
Vegetables,477.84,193,25,Sunday,July,1,477.84
Personal Care,200.44,170,32,Tuesday,April,0,200.44
Personal Care,410.45,227,36,Saturday,October,1,410.45
Frozen,487.29,102,62,Friday,March,0,511.65
Beverages,398.67,477,89,Thursday,March,0,418.6
Vegetables,66.08,474,10,Wednesday,January,0,59.47
Beverages,117.1,149,27,Friday,November,0,117.1
Fruits,129.99,161,7,Wednesday,March,0,116.99
Bakery,304.14,5,41,Saturday,January,1,319.35
Personal Care,241.89,385,54,Monday,October,0,241.89
Fruits,433.51,329,73,Thursday,March,0,455.19
Bakery,142.14,487,76,Thursday,August,0,142.14
Snacks,488.49,210,49,Monday,October,0,488.49
Vegetables,378.03,480,41,Friday,February,0,340.23
Vegetables,55.64,385,39,Thursday,December,0,55.64
Snacks,200.54,187,27,Friday,August,0,200.54
Vegetables,268.31,269,58,Sunday,May,1,281.73
Vegetables,376.28,350,88,Wednesday,November,0,395.09
Household,231.81,126,15,Sunday,November,1,231.81
Vegetables,134.05,135,34,Sunday,December,1,134.05
Frozen,41.61,223,32,Sunday,October,1,41.61
Household,98.73,246,33,Thursday,August,0,98.73
Fruits,146.06,225,82,Tuesday,February,0,153.36
Beverages,118.91,141,66,Thursday,August,0,124.86
Household,197.91,418,10,Sunday,October,1,178.12
Bakery,464.61,388,73,Sunday,September,1,487.84
Fruits,172.73,253,76,Sunday,November,1,181.37
Vegetables,425.69,114,17,Saturday,March,1,425.69
Dairy,323.23,15,118,Monday,June,0,362.02
Dairy,166.65,180,95,Monday,August,0,186.65
Snacks,196.09,282,47,Wednesday,January,0,196.09
Household,367.38,35,74,Tuesday,May,0,385.75
Personal Care,463.52,149,53,Tuesday,November,0,486.7
Fruits,60.54,69,25,Friday,April,0,60.54
Snacks,469.49,467,8,Sunday,July,1,422.54
Household,126.01,191,113,Sunday,April,1,141.13
Household,310.14,242,41,Sunday,October,1,310.14
Vegetables,19.87,203,104,Tuesday,September,0,22.25
Beverages,367.82,62,77,Thursday,January,0,386.21
Vegetables,250.14,251,98,Saturday,June,1,280.16
Fruits,257.08,441,71,Tuesday,December,0,257.08
Fruits,492.27,239,110,Thursday,April,0,551.34
Dairy,298.11,241,59,Tuesday,October,0,313.02
Vegetables,365.12,445,56,Sunday,July,1,365.12
Frozen,23.34,256,85,Friday,August,0,24.51
Vegetables,407.1,477,43,Monday,January,0,366.39
Personal Care,145.95,187,85,Monday,August,0,153.25
Beverages,304.29,81,79,Saturday,December,1,340.8
Dairy,346.27,9,119,Thursday,October,0,387.82
Snacks,358.23,354,19,Thursday,June,0,322.41
Beverages,229.83,82,45,Wednesday,July,0,229.83
Snacks,17.69,319,39,Saturday,February,1,17.69
Household,218.42,62,9,Thursday,August,0,196.58
Household,109.62,283,108,Sunday,December,1,122.77
Fruits,90.65,411,82,Wednesday,September,0,95.18
Bakery,361.17,303,101,Sunday,September,1,404.51
Fruits,338.59,260,86,Friday,May,0,355.52
Dairy,252.47,365,41,Sunday,April,1,252.47
Vegetables,405.14,187,26,Saturday,July,1,405.14
Household,313.11,245,19,Thursday,September,0,281.8
Snacks,436.51,485,48,Monday,August,0,436.51
Dairy,181.11,409,25,Sunday,January,1,163.0
Frozen,306.94,230,24,Monday,March,0,276.25
Vegetables,62.31,199,71,Tuesday,September,0,65.43
Fruits,392.88,424,120,Tuesday,August,0,440.03
Vegetables,469.07,115,58,Friday,September,0,492.52
Beverages,64.7,492,93,Friday,March,0,67.94
Personal Care,51.39,243,14,Thursday,April,0,46.25
Dairy,436.69,219,89,Tuesday,October,0,458.52
Dairy,416.15,271,48,Friday,April,0,416.15
Dairy,209.92,134,88,Friday,April,0,235.11
Frozen,391.4,391,67,Monday,July,0,391.4
Fruits,89.32,275,51,Thursday,June,0,89.32
Frozen,32.5,205,61,Thursday,June,0,34.12
Household,286.42,230,101,Tuesday,December,0,320.79
Household,152.4,416,1,Wednesday,December,0,137.16
Fruits,245.88,338,17,Wednesday,January,0,221.29
Personal Care,29.16,169,89,Sunday,December,1,32.66
Vegetables,328.98,378,65,Friday,February,0,328.98
Dairy,317.81,467,41,Sunday,June,1,317.81
Vegetables,229.3,109,44,Thursday,September,0,229.3
Personal Care,380.48,402,61,Saturday,March,1,380.48
Dairy,267.93,79,37,Monday,January,0,267.93
Personal Care,51.97,31,102,Thursday,December,0,58.21
Personal Care,294.13,60,52,Thursday,January,0,308.84
Vegetables,338.85,220,99,Saturday,February,1,379.51
Bakery,178.21,188,81,Thursday,July,0,187.12
Bakery,123.17,146,3,Saturday,May,1,110.85
Fruits,335.15,183,6,Monday,January,0,301.63
Personal Care,174.5,155,5,Saturday,September,1,157.05
Beverages,73.76,245,3,Thursday,October,0,66.38
Dairy,464.16,197,40,Friday,May,0,464.16
Snacks,172.7,333,45,Saturday,December,1,172.7
Vegetables,473.26,472,87,Tuesday,November,0,496.92
Frozen,113.47,112,52,Wednesday,August,0,119.14
Beverages,436.71,156,47,Wednesday,September,0,436.71
Bakery,247.41,269,94,Tuesday,April,0,259.78
Household,41.66,391,99,Wednesday,November,0,43.74
Beverages,137.71,332,82,Sunday,October,1,144.6
Frozen,206.68,127,86,Friday,January,0,231.48
Dairy,367.52,134,46,Tuesday,October,0,367.52
Vegetables,18.91,360,112,Saturday,September,1,21.18
Vegetables,401.53,214,64,Saturday,March,1,421.61
Household,61.2,6,88,Friday,July,0,68.54
Bakery,371.98,27,73,Friday,September,0,390.58
Fruits,113.27,255,106,Monday,October,0,126.86
Vegetables,484.62,455,51,Thursday,September,0,484.62
Vegetables,60.3,458,3,Tuesday,November,0,54.27
Vegetables,154.09,309,14,Saturday,March,1,138.68
Vegetables,57.01,28,13,Thursday,May,0,57.01
Household,137.94,210,50,Tuesday,June,0,137.94
Fruits,123.5,80,111,Wednesday,April,0,138.32
Frozen,62.92,226,52,Friday,September,0,62.92
Fruits,203.38,395,111,Tuesday,October,0,227.79
Household,464.66,406,96,Saturday,October,1,487.89
Personal Care,249.26,187,5,Friday,January,0,224.33
Vegetables,312.28,232,16,Thursday,April,0,281.05
Snacks,53.88,173,100,Thursday,February,0,60.35
Frozen,28.04,143,23,Thursday,February,0,28.04
Personal Care,418.8,395,33,Thursday,February,0,376.92
Frozen,173.15,435,34,Wednesday,February,0,155.84
Household,100.82,134,37,Wednesday,November,0,100.82
Vegetables,372.53,74,77,Sunday,July,1,417.23
Personal Care,366.92,189,33,Monday,November,0,366.92
Bakery,419.26,478,94,Sunday,August,1,440.22
Vegetables,31.82,305,65,Thursday,July,0,33.41
Beverages,20.25,97,104,Friday,April,0,22.68
Fruits,130.8,201,120,Wednesday,December,0,146.5
Beverages,163.1,89,105,Thursday,November,0,182.67
Frozen,11.19,411,63,Wednesday,November,0,11.19
Bakery,162.39,134,109,Sunday,May,1,181.88
Dairy,400.41,223,89,Monday,April,0,420.43
Household,103.73,80,42,Wednesday,June,0,103.73
Frozen,52.29,102,19,Sunday,July,1,52.29
Beverages,417.25,107,69,Wednesday,February,0,438.11
Household,178.89,432,2,Friday,November,0,161.0
Household,143.85,68,112,Saturday,June,1,161.11
Beverages,434.47,174,1,Wednesday,July,0,391.02
Vegetables,256.63,32,66,Wednesday,November,0,269.46
Vegetables,462.1,357,2,Thursday,March,0,415.89
Fruits,45.19,201,25,Tuesday,May,0,40.67
Dairy,349.21,95,85,Friday,April,0,391.12
Fruits,269.45,54,94,Sunday,April,1,301.78
Beverages,209.29,82,58,Tuesday,April,0,219.75
Beverages,440.42,65,58,Thursday,December,0,462.44
Frozen,225.09,223,113,Friday,June,0,252.1
Vegetables,398.81,441,16,Friday,November,0,358.93
Personal Care,383.53,276,58,Saturday,December,1,402.71
Fruits,378.76,299,88,Tuesday,October,0,397.7
Personal Care,141.56,313,25,Sunday,February,1,127.4
Snacks,214.37,178,82,Thursday,March,0,225.09
Frozen,210.35,134,91,Sunday,October,1,235.59
Dairy,455.81,170,30,Thursday,November,0,455.81
Frozen,449.81,331,65,Tuesday,March,0,472.3
Dairy,103.78,204,16,Saturday,December,1,93.4
Snacks,438.4,248,58,Friday,January,0,438.4
Household,129.23,22,118,Tuesday,September,0,144.74
Vegetables,118.59,103,14,Saturday,June,1,118.59
Bakery,260.92,54,51,Thursday,May,0,273.97
Vegetables,410.72,81,32,Thursday,March,0,410.72
Vegetables,38.58,62,112,Friday,April,0,43.21
Vegetables,268.97,355,95,Friday,November,0,282.42
Household,477.97,37,15,Wednesday,May,0,477.97
Snacks,286.05,279,117,Monday,June,0,320.38
Fruits,130.57,415,12,Sunday,June,1,117.51
Bakery,20.53,194,100,Thursday,January,0,22.99
Vegetables,215.92,94,31,Saturday,July,1,215.92
Household,39.21,204,5,Tuesday,July,0,35.29
Beverages,406.77,160,111,Thursday,September,0,455.58
Beverages,80.86,473,44,Monday,November,0,72.77
Vegetables,496.63,75,112,Thursday,November,0,556.23
Bakery,471.95,398,32,Wednesday,January,0,424.75
Frozen,71.43,31,68,Wednesday,January,0,75.0
Bakery,168.31,246,109,Friday,October,0,188.51
Fruits,462.38,10,51,Tuesday,December,0,485.5
Vegetables,41.5,289,79,Thursday,November,0,43.58
Household,100.13,490,55,Friday,July,0,100.13
Frozen,467.06,26,69,Tuesday,July,0,490.41
Vegetables,55.54,201,72,Sunday,November,1,58.32
Beverages,65.72,22,57,Tuesday,August,0,69.01
Snacks,36.42,352,59,Monday,May,0,36.42
Snacks,293.5,100,80,Monday,October,0,308.18
Beverages,22.82,27,44,Sunday,December,1,23.96
Frozen,96.77,408,6,Thursday,January,0,87.09
Beverages,492.62,480,37,Thursday,May,0,443.36
Vegetables,414.41,458,84,Thursday,October,0,435.13
Vegetables,360.97,432,68,Friday,March,0,360.97
Bakery,123.21,237,30,Friday,February,0,123.21
Household,470.25,79,77,Sunday,April,1,526.68
Beverages,76.24,233,86,Saturday,March,1,80.05
Household,135.4,58,38,Friday,November,0,135.4
Snacks,279.83,487,109,Wednesday,August,0,293.82
Household,152.9,329,11,Friday,September,0,137.61
Frozen,395.83,185,77,Wednesday,August,0,415.62
Vegetables,35.53,244,105,Saturday,October,1,39.79
Beverages,370.86,139,97,Thursday,April,0,415.36
Frozen,211.43,307,107,Friday,April,0,236.8
Fruits,422.71,185,82,Saturday,June,1,443.85
Dairy,147.27,471,44,Friday,April,0,132.54
Vegetables,251.49,20,2,Sunday,December,1,226.34
Fruits,376.36,497,5,Friday,October,0,338.72
Dairy,368.56,60,57,Sunday,March,1,386.99
Bakery,318.77,40,102,Tuesday,June,0,357.02
Vegetables,11.16,99,27,Tuesday,February,0,11.16
Household,339.93,298,54,Wednesday,January,0,339.93
Bakery,33.89,160,52,Monday,February,0,33.89
Snacks,494.6,471,27,Wednesday,March,0,445.14
Dairy,426.11,223,22,Tuesday,July,0,383.5
Dairy,346.42,107,10,Thursday,December,0,311.78
Personal Care,73.92,198,52,Sunday,April,1,77.62
Snacks,67.32,49,38,Monday,September,0,67.32
Beverages,103.25,4,9,Thursday,February,0,92.92
Fruits,69.33,407,75,Wednesday,June,0,72.8
Fruits,461.41,129,6,Wednesday,February,0,415.27
Household,24.13,38,77,Saturday,January,1,27.03
Dairy,422.34,388,105,Wednesday,July,0,473.02
Fruits,400.98,120,82,Wednesday,March,0,421.03
Frozen,498.89,187,77,Wednesday,February,0,523.83
Fruits,401.89,123,47,Tuesday,May,0,401.89
Bakery,127.51,484,4,Tuesday,December,0,114.76
Beverages,405.08,498,68,Sunday,July,1,405.08
Fruits,497.18,28,51,Thursday,June,0,522.04
Frozen,20.63,151,75,Tuesday,April,0,21.66
Household,442.97,226,57,Wednesday,February,0,465.12
Personal Care,294.19,189,61,Monday,August,0,308.9
Household,103.91,66,92,Thursday,November,0,116.38
Fruits,350.11,347,99,Wednesday,March,0,367.62
Frozen,492.66,162,68,Thursday,September,0,517.29
Vegetables,301.44,366,15,Thursday,December,0,271.3
Vegetables,432.31,51,62,Monday,June,0,453.93
Bakery,55.87,133,21,Saturday,May,1,55.87
Bakery,87.03,360,104,Friday,May,0,97.47
Household,444.55,495,54,Thursday,April,0,444.55
Bakery,458.5,479,27,Thursday,February,0,412.65
Fruits,448.89,454,92,Wednesday,February,0,471.33
Dairy,344.37,206,77,Wednesday,May,0,361.59
Household,330.78,278,46,Thursday,December,0,330.78
Dairy,104.11,4,115,Monday,November,0,116.6
Bakery,467.24,207,114,Monday,August,0,523.31
Dairy,199.61,106,84,Monday,February,0,223.56
Bakery,339.33,232,28,Friday,April,0,339.33
Bakery,335.69,268,81,Sunday,November,1,352.47
Bakery,232.99,16,32,Wednesday,August,0,232.99
Frozen,185.25,430,55,Wednesday,January,0,185.25
Dairy,41.19,33,86,Sunday,November,1,46.13
Household,152.48,67,100,Thursday,December,0,170.78
Dairy,357.71,448,57,Friday,March,0,357.71
Personal Care,46.81,216,112,Wednesday,April,0,52.43
Personal Care,383.53,89,39,Saturday,December,1,383.53
Bakery,419.75,130,113,Thursday,June,0,470.12
Personal Care,332.85,483,56,Tuesday,May,0,332.85
Vegetables,81.47,118,108,Monday,November,0,91.25
Frozen,448.33,452,38,Tuesday,December,0,403.5
Bakery,400.33,217,118,Friday,May,0,448.37
Frozen,36.86,266,104,Friday,June,0,41.28
Bakery,317.68,174,79,Tuesday,April,0,333.56
Personal Care,460.48,217,51,Wednesday,March,0,460.48
Bakery,424.3,254,37,Thursday,May,0,424.3
Household,102.28,474,30,Monday,July,0,92.05
Personal Care,294.44,162,2,Thursday,January,0,265.0
Household,326.33,148,14,Monday,December,0,293.7
Snacks,243.14,476,84,Monday,April,0,255.3
Personal Care,323.98,381,114,Sunday,April,1,362.86
Bakery,380.89,7,64,Friday,October,0,399.93
Dairy,323.1,275,55,Friday,November,0,323.1
Household,231.91,193,7,Monday,September,0,208.72
Vegetables,121.44,8,36,Monday,December,0,121.44
Household,320.66,496,36,Saturday,May,1,288.59
Fruits,160.16,256,31,Tuesday,May,0,160.16
Snacks,191.85,336,107,Saturday,October,1,214.87
Fruits,131.82,389,78,Thursday,January,0,138.41
Bakery,335.78,258,99,Wednesday,March,0,376.07
Household,419.97,40,86,Sunday,December,1,470.37
Fruits,400.54,164,7,Wednesday,January,0,360.49
Snacks,242.15,43,117,Saturday,February,1,271.21
Vegetables,170.46,204,72,Friday,December,0,178.98
Fruits,141.65,10,95,Friday,June,0,158.65
Beverages,286.68,168,93,Sunday,November,1,321.08
Household,25.93,180,62,Friday,March,0,27.23
Vegetables,43.04,137,58,Saturday,March,1,45.19
Frozen,205.13,26,51,Tuesday,December,0,215.39
Beverages,151.13,219,82,Monday,February,0,158.69
Household,432.3,19,104,Saturday,December,1,484.18
Frozen,96.98,250,66,Saturday,October,1,101.83
Dairy,260.16,273,95,Saturday,November,1,291.38
Dairy,202.94,410,26,Monday,February,0,182.65
Beverages,480.41,421,16,Thursday,October,0,432.37
Household,305.31,450,71,Tuesday,March,0,305.31
Snacks,128.29,42,24,Wednesday,July,0,128.29
Fruits,254.2,178,1,Sunday,December,1,228.78
Snacks,264.36,177,97,Thursday,February,0,296.08
Frozen,95.68,236,90,Monday,May,0,100.46
Bakery,102.84,406,23,Thursday,November,0,92.56
Fruits,102.43,104,41,Saturday,August,1,102.43
Snacks,352.77,442,33,Tuesday,February,0,317.49
Personal Care,363.99,7,78,Wednesday,March,0,407.67
Dairy,225.25,123,115,Thursday,May,0,252.28
Bakery,191.11,261,59,Monday,October,0,191.11
Personal Care,80.3,26,111,Saturday,June,1,89.94
Beverages,334.91,434,102,Wednesday,April,0,351.66
Dairy,433.12,295,47,Wednesday,December,0,433.12
Vegetables,250.93,312,103,Saturday,October,1,281.04
Snacks,203.74,344,101,Tuesday,August,0,228.19
Snacks,235.56,179,59,Tuesday,April,0,247.34
Vegetables,363.61,51,55,Saturday,February,1,381.79
Beverages,295.67,44,31,Wednesday,February,0,295.67
Bakery,333.26,326,10,Tuesday,November,0,299.93
Snacks,34.86,16,61,Wednesday,April,0,36.6
Household,473.31,347,6,Tuesday,May,0,425.98
Frozen,487.43,143,68,Sunday,May,1,511.8
Bakery,93.56,72,106,Saturday,March,1,104.79
Beverages,121.79,88,117,Monday,September,0,136.4
Fruits,394.82,269,97,Wednesday,December,0,442.2
Fruits,39.02,394,97,Sunday,December,1,40.97
Personal Care,111.53,426,107,Monday,April,0,124.91
Fruits,15.85,270,46,Friday,August,0,15.85
Vegetables,110.5,317,22,Monday,April,0,99.45
Bakery,217.88,485,95,Friday,March,0,228.77
Beverages,194.13,28,67,Monday,October,0,203.84
Snacks,228.72,191,14,Friday,April,0,205.85
Bakery,463.45,432,70,Wednesday,May,0,463.45
Vegetables,283.96,396,103,Tuesday,September,0,298.16
Dairy,106.7,327,36,Saturday,August,1,106.7
Snacks,276.43,50,29,Sunday,April,1,276.43
Fruits,39.99,129,74,Wednesday,July,0,41.99
Beverages,160.04,188,41,Wednesday,January,0,160.04
Fruits,429.6,452,2,Monday,June,0,386.64
Snacks,459.93,165,84,Friday,September,0,482.93
Beverages,428.49,470,34,Friday,December,0,385.64
Bakery,336.9,399,66,Monday,November,0,336.9
Vegetables,407.45,290,84,Saturday,April,1,427.82
Vegetables,496.29,30,104,Tuesday,December,0,555.84
Vegetables,147.36,247,76,Friday,March,0,154.73
Household,262.57,377,46,Tuesday,August,0,262.57
Bakery,496.13,219,99,Wednesday,February,0,555.67
Household,443.28,414,31,Tuesday,December,0,398.95
Dairy,228.66,9,49,Thursday,July,0,240.09
Fruits,39.82,456,85,Saturday,July,1,41.81
Snacks,385.12,120,12,Monday,October,0,346.61
Bakery,362.13,357,12,Monday,October,0,325.92
Household,175.11,113,4,Friday,April,0,157.6
Fruits,110.73,59,108,Tuesday,May,0,124.02
Dairy,122.88,253,80,Monday,August,0,129.02
Dairy,389.24,111,63,Friday,November,0,408.7
Snacks,23.47,50,104,Friday,October,0,26.29
Beverages,440.77,459,2,Wednesday,June,0,396.69
Vegetables,73.5,245,19,Sunday,February,1,66.15
Frozen,99.43,139,58,Saturday,May,1,104.4
Beverages,156.29,287,35,Thursday,April,0,156.29
Beverages,186.49,405,118,Wednesday,January,0,208.87
Frozen,473.06,428,18,Friday,November,0,425.75
Dairy,174.29,457,29,Thursday,August,0,156.86
Bakery,73.4,417,58,Tuesday,December,0,73.4
Dairy,314.49,245,71,Sunday,November,1,330.21
Dairy,425.08,161,90,Saturday,June,1,476.09
Dairy,460.99,276,13,Friday,October,0,414.89
Frozen,274.41,410,120,Saturday,May,1,307.34
Personal Care,167.7,168,91,Thursday,December,0,187.82
Vegetables,392.1,423,94,Thursday,May,0,411.71
Personal Care,498.07,18,41,Wednesday,January,0,498.07
Household,453.05,499,115,Wednesday,December,0,507.42
Household,215.72,409,36,Monday,October,0,194.15
Beverages,33.77,374,51,Saturday,August,1,33.77
Household,304.69,306,87,Tuesday,January,0,319.92
Dairy,45.06,453,33,Sunday,November,1,40.55
Bakery,158.58,18,45,Saturday,November,1,166.51
Vegetables,35.56,323,62,Monday,October,0,35.56
Bakery,423.02,402,101,Wednesday,July,0,444.17
Household,161.57,132,1,Monday,January,0,145.41
Dairy,445.84,20,3,Wednesday,December,0,401.26
Frozen,134.89,184,33,Friday,August,0,134.89
Frozen,268.93,109,38,Saturday,September,1,268.93
Fruits,181.99,185,53,Monday,May,0,181.99
Vegetables,294.67,73,111,Wednesday,July,0,330.03
Frozen,75.93,228,55,Monday,February,0,75.93
Snacks,269.87,357,61,Friday,June,0,269.87
Bakery,53.7,260,15,Tuesday,November,0,48.33
Bakery,398.38,197,46,Tuesday,November,0,398.38
Household,39.34,346,16,Wednesday,October,0,35.41
Household,304.81,158,31,Monday,June,0,304.81
Dairy,225.2,430,119,Sunday,February,1,252.22
Fruits,135.79,324,56,Saturday,May,1,135.79
Fruits,475.21,248,110,Sunday,December,1,532.24
Frozen,440.27,420,99,Sunday,February,1,462.28
Dairy,348.48,458,30,Sunday,March,1,313.63
Snacks,69.6,235,52,Thursday,January,0,69.6
Beverages,187.49,494,49,Monday,July,0,187.49
Vegetables,134.45,150,36,Thursday,October,0,134.45
Frozen,148.6,390,83,Friday,October,0,156.03
Beverages,133.13,158,11,Saturday,September,1,119.82
Snacks,100.76,459,99,Monday,February,0,105.8
Snacks,433.33,324,17,Wednesday,December,0,390.0
Personal Care,386.04,478,92,Friday,December,0,405.34
Beverages,392.76,235,96,Saturday,June,1,439.89
Bakery,361.62,137,118,Sunday,May,1,405.01
Vegetables,455.65,295,40,Monday,January,0,455.65
Personal Care,198.4,436,98,Sunday,September,1,208.32
Personal Care,449.55,121,113,Sunday,October,1,503.5
Beverages,325.74,149,72,Saturday,September,1,342.03
Fruits,284.47,330,62,Sunday,April,1,298.69
Fruits,204.68,327,87,Sunday,August,1,214.91
Frozen,403.37,438,74,Thursday,April,0,423.54
Fruits,270.25,165,32,Wednesday,March,0,270.25
Household,64.64,52,110,Friday,August,0,72.4
Bakery,217.49,434,69,Friday,August,0,217.49
Personal Care,226.35,414,59,Thursday,July,0,226.35
Frozen,379.24,355,79,Monday,October,0,398.2
Bakery,304.68,458,47,Tuesday,July,0,304.68
Personal Care,71.83,296,85,Saturday,October,1,75.42
Snacks,65.48,223,111,Friday,August,0,73.34
Dairy,270.16,182,54,Sunday,August,1,283.67
Household,291.83,14,81,Wednesday,November,0,326.85
Frozen,369.49,109,102,Saturday,October,1,413.83
Frozen,247.62,339,39,Sunday,May,1,247.62
Fruits,243.96,247,118,Sunday,February,1,273.24
Personal Care,26.68,413,58,Sunday,August,1,26.68
Dairy,76.04,187,96,Monday,December,0,85.16
Bakery,186.39,493,37,Wednesday,October,0,167.75
Personal Care,27.53,426,101,Friday,December,0,28.91
Vegetables,167.15,416,42,Tuesday,June,0,167.15
Frozen,496.75,111,63,Wednesday,May,0,521.59
Vegetables,141.85,173,94,Wednesday,December,0,158.87
Fruits,201.28,427,97,Saturday,July,1,211.34
Snacks,128.59,174,89,Wednesday,March,0,144.02
Dairy,357.21,171,4,Friday,June,0,321.49
Snacks,392.37,352,58,Tuesday,August,0,392.37
Fruits,74.06,321,91,Saturday,March,1,77.76
Fruits,200.65,168,87,Friday,September,0,210.68
Fruits,39.49,368,72,Friday,May,0,41.46
Beverages,370.34,331,55,Sunday,July,1,370.34
Dairy,125.03,474,55,Sunday,October,1,125.03
Vegetables,25.25,326,24,Sunday,August,1,22.73
Frozen,343.86,157,34,Friday,March,0,343.86
Personal Care,106.31,185,6,Monday,August,0,95.68
Frozen,402.96,222,46,Tuesday,August,0,402.96
Fruits,436.63,240,88,Friday,May,0,458.46
Beverages,146.31,55,54,Wednesday,October,0,153.63
Bakery,297.35,200,25,Saturday,July,1,297.35
Household,20.64,429,88,Thursday,March,0,21.67
Household,307.62,177,5,Monday,July,0,276.86
Bakery,180.85,314,61,Friday,January,0,180.85
Fruits,316.19,73,27,Monday,August,0,316.19
Dairy,20.36,33,26,Tuesday,December,0,20.36
Personal Care,414.17,297,3,Tuesday,April,0,372.75
Fruits,156.83,92,107,Thursday,October,0,175.65
Beverages,381.37,143,80,Wednesday,February,0,400.44
Vegetables,11.85,357,49,Saturday,October,1,11.85
Household,454.74,314,16,Monday,November,0,409.27
Beverages,290.46,154,54,Wednesday,January,0,304.98
Snacks,43.4,55,70,Tuesday,September,0,45.57
Fruits,496.81,464,13,Wednesday,July,0,447.13
Household,299.16,50,11,Saturday,March,1,299.16
Dairy,406.76,424,30,Friday,December,0,366.08
Dairy,496.46,309,50,Thursday,November,0,496.46
Frozen,326.69,130,20,Tuesday,October,0,326.69
Personal Care,415.28,286,87,Tuesday,December,0,436.04
Fruits,185.05,442,87,Saturday,May,1,194.3
Beverages,269.65,154,50,Tuesday,August,0,269.65
Fruits,128.25,322,71,Saturday,June,1,134.66
Dairy,370.2,5,105,Saturday,March,1,414.62
Fruits,242.7,70,88,Sunday,February,1,271.82
Fruits,291.97,417,10,Thursday,March,0,262.77
Household,32.83,431,43,Wednesday,April,0,32.83
Beverages,218.01,317,78,Tuesday,May,0,228.91
Personal Care,341.03,360,66,Tuesday,December,0,341.03
Fruits,80.36,489,72,Saturday,August,1,84.38
Fruits,298.7,124,94,Friday,November,0,334.54
Vegetables,289.0,138,111,Friday,February,0,323.68
Beverages,428.96,496,56,Thursday,March,0,428.96
Vegetables,248.92,132,64,Sunday,September,1,261.37
Frozen,460.47,43,7,Wednesday,January,0,414.42
Fruits,195.91,447,110,Sunday,March,1,219.42
Frozen,434.44,491,102,Thursday,June,0,456.16
Beverages,419.08,145,13,Saturday,June,1,377.17
Fruits,118.0,341,66,Monday,March,0,123.9
Dairy,149.97,136,10,Saturday,January,1,134.97
Fruits,404.78,291,9,Tuesday,October,0,364.3
Personal Care,132.18,353,32,Thursday,January,0,118.96
Beverages,216.94,225,68,Monday,May,0,227.79
Frozen,118.79,184,41,Monday,February,0,118.79
Snacks,191.32,463,9,Saturday,February,1,172.19
Dairy,442.31,369,42,Friday,May,0,442.31
Household,203.88,432,29,Monday,April,0,183.49
Fruits,38.19,24,93,Saturday,December,1,42.77
Bakery,493.68,355,60,Wednesday,October,0,493.68
Snacks,55.22,487,58,Wednesday,July,0,55.22
Dairy,402.94,120,1,Tuesday,February,0,362.65
Fruits,114.42,110,31,Sunday,October,1,114.42
Fruits,407.53,338,6,Monday,January,0,366.78
Bakery,333.66,484,38,Friday,March,0,300.29
Frozen,86.68,424,103,Friday,October,0,91.01
Beverages,460.48,82,93,Saturday,May,1,515.74
Dairy,491.58,213,10,Tuesday,September,0,442.42
Frozen,173.97,434,89,Friday,July,0,182.67
Frozen,35.97,469,84,Wednesday,February,0,37.77
Personal Care,132.28,278,93,Monday,May,0,138.89
Fruits,50.9,425,72,Saturday,January,1,53.45
Dairy,478.86,174,7,Monday,June,0,430.97
Snacks,462.13,363,15,Friday,June,0,415.92
Frozen,38.48,494,20,Thursday,July,0,34.63
Snacks,401.43,360,111,Wednesday,August,0,449.6
Fruits,307.41,214,7,Sunday,June,1,276.67
Personal Care,457.26,432,115,Wednesday,July,0,512.13
Beverages,165.24,180,2,Sunday,May,1,148.72
Beverages,97.94,206,111,Wednesday,January,0,109.69
Frozen,299.42,135,85,Saturday,December,1,335.35
Vegetables,213.37,57,100,Saturday,August,1,238.97
Household,427.84,451,14,Saturday,September,1,385.06
Beverages,254.34,256,14,Sunday,February,1,228.91
Personal Care,285.26,424,101,Monday,July,0,299.52
Dairy,190.86,285,3,Monday,October,0,171.77
Fruits,338.87,442,43,Wednesday,August,0,304.98
Dairy,282.76,206,63,Saturday,September,1,296.9
Frozen,426.64,167,114,Monday,May,0,477.84
Personal Care,369.72,47,116,Wednesday,May,0,414.09
Beverages,315.82,474,34,Sunday,March,1,284.24
Frozen,251.91,323,3,Friday,September,0,226.72
Dairy,352.99,435,6,Monday,June,0,317.69
Bakery,121.39,343,66,Saturday,July,1,127.46
Beverages,211.25,130,113,Friday,August,0,236.6
Dairy,153.72,131,9,Thursday,December,0,138.35
Vegetables,67.03,77,112,Monday,August,0,75.07
Frozen,333.14,41,57,Saturday,January,1,349.8
Dairy,220.3,40,116,Wednesday,April,0,246.74
Frozen,186.37,242,20,Saturday,April,1,167.73
Fruits,201.8,378,14,Saturday,January,1,181.62
Household,133.27,444,59,Sunday,February,1,133.27
Household,28.5,408,64,Thursday,January,0,28.5
Bakery,347.03,446,59,Wednesday,February,0,347.03
Vegetables,441.48,3,116,Thursday,August,0,494.46
Vegetables,132.71,260,37,Wednesday,June,0,132.71
Fruits,224.03,272,81,Thursday,August,0,235.23
Fruits,401.58,222,55,Thursday,March,0,401.58
Bakery,306.01,82,103,Sunday,March,1,342.73
Vegetables,382.26,154,76,Sunday,February,1,401.37
Personal Care,110.6,487,82,Friday,March,0,116.13
Bakery,187.57,232,23,Saturday,June,1,187.57
Fruits,272.02,101,55,Sunday,August,1,285.62
Personal Care,394.72,28,115,Friday,November,0,442.09
Bakery,93.58,395,6,Wednesday,October,0,84.22
Personal Care,405.99,353,60,Saturday,July,1,405.99
Vegetables,494.59,277,4,Monday,March,0,445.13
Beverages,177.7,208,103,Tuesday,January,0,199.02
Vegetables,115.93,50,96,Monday,September,0,129.84
Vegetables,28.77,184,63,Sunday,November,1,30.21
Dairy,398.14,436,52,Sunday,November,1,398.14
Beverages,361.66,377,84,Thursday,December,0,379.74
Snacks,234.26,116,116,Wednesday,June,0,262.37
Household,443.65,319,14,Wednesday,February,0,399.28
Frozen,224.67,194,97,Monday,July,0,251.63
Frozen,84.32,294,52,Sunday,June,1,84.32
Vegetables,431.23,473,112,Saturday,April,1,482.98
Frozen,429.38,28,17,Sunday,June,1,429.38
Snacks,490.6,193,66,Thursday,April,0,515.13
Beverages,406.6,317,19,Tuesday,June,0,365.94
Personal Care,186.2,413,71,Monday,July,0,195.51
Personal Care,18.99,225,72,Sunday,August,1,19.94
Snacks,412.95,464,84,Sunday,September,1,433.6
Fruits,456.57,419,108,Friday,April,0,511.36
Personal Care,447.1,387,8,Monday,November,0,402.39
Dairy,224.14,166,70,Wednesday,September,0,235.35
Personal Care,496.23,496,31,Sunday,December,1,446.61
Snacks,477.78,388,1,Wednesday,July,0,430.0
Dairy,120.32,416,41,Sunday,November,1,120.32
Frozen,10.64,274,78,Saturday,November,1,11.17
Fruits,444.92,197,36,Friday,November,0,444.92
Snacks,240.45,320,102,Monday,May,0,269.3
Personal Care,239.06,313,7,Saturday,June,1,215.15
Vegetables,412.5,30,34,Thursday,January,0,412.5
Beverages,249.4,272,74,Monday,March,0,261.87
Fruits,218.47,189,15,Tuesday,January,0,196.62
Dairy,167.11,323,102,Monday,February,0,187.16
Vegetables,464.53,168,118,Thursday,June,0,520.27
Personal Care,246.28,463,70,Friday,January,0,246.28
Vegetables,148.55,249,40,Monday,July,0,148.55
Beverages,260.16,257,42,Sunday,January,1,260.16
Fruits,90.26,162,29,Tuesday,January,0,90.26
Household,349.8,493,69,Wednesday,February,0,349.8
Household,422.68,460,8,Monday,April,0,380.41
Household,86.93,240,11,Monday,August,0,78.24
Vegetables,259.97,345,98,Sunday,June,1,291.17
Dairy,362.58,63,27,Sunday,October,1,362.58
Bakery,439.85,326,35,Monday,September,0,439.85
Dairy,185.84,48,106,Wednesday,February,0,208.14
Beverages,20.81,366,120,Sunday,January,1,23.31
Fruits,136.56,474,6,Wednesday,December,0,122.9
Household,43.2,220,75,Friday,April,0,45.36
Snacks,403.09,79,61,Thursday,December,0,423.24
Beverages,394.45,196,72,Friday,October,0,414.17
Personal Care,229.56,262,60,Sunday,October,1,241.04
Snacks,30.6,480,20,Saturday,June,1,27.54
Beverages,426.88,309,7,Thursday,January,0,384.19
Household,212.26,211,104,Monday,August,0,237.73
Bakery,82.87,425,105,Sunday,February,1,92.81
Snacks,243.82,313,109,Wednesday,October,0,273.08
Bakery,77.08,161,69,Sunday,February,1,80.93
Snacks,447.86,200,75,Wednesday,April,0,470.25
Frozen,155.77,496,55,Wednesday,November,0,155.77
Snacks,51.18,157,116,Saturday,June,1,57.32
Personal Care,192.69,216,71,Sunday,February,1,202.32
Household,25.55,279,75,Wednesday,February,0,26.83
Personal Care,196.92,120,102,Saturday,February,1,220.55
Vegetables,229.4,282,75,Thursday,July,0,240.87
Snacks,127.53,345,98,Monday,March,0,133.91
Snacks,13.84,80,104,Sunday,April,1,15.5
Snacks,408.34,355,67,Friday,November,0,428.76
Snacks,60.79,292,50,Monday,March,0,60.79
Household,23.28,372,92,Saturday,March,1,24.44
Fruits,17.92,3,4,Sunday,May,1,16.13
Snacks,389.64,280,118,Thursday,July,0,436.4
Frozen,262.4,240,6,Sunday,August,1,236.16
Beverages,200.46,378,21,Thursday,June,0,180.41
Fruits,369.51,311,54,Thursday,April,0,369.51
Frozen,256.7,183,27,Thursday,April,0,256.7
Vegetables,38.36,285,100,Friday,March,0,42.96
Snacks,103.05,438,6,Friday,August,0,92.75
Dairy,55.75,409,75,Friday,March,0,58.54
Personal Care,237.43,26,81,Saturday,August,1,265.92
Household,58.65,355,119,Thursday,March,0,65.69
Bakery,11.56,260,85,Saturday,November,1,12.14
Frozen,421.35,207,59,Friday,November,0,442.42
Beverages,257.69,333,9,Thursday,September,0,231.92
Frozen,15.52,194,100,Thursday,September,0,17.38
Vegetables,41.01,465,21,Thursday,October,0,36.91
Dairy,162.67,444,21,Wednesday,March,0,146.4
Vegetables,339.27,194,42,Friday,January,0,339.27
Frozen,277.51,39,87,Thursday,October,0,310.81
Beverages,86.82,147,13,Saturday,October,1,78.14
Fruits,496.77,227,2,Tuesday,February,0,447.09
Dairy,283.23,272,28,Wednesday,September,0,254.91
Dairy,312.72,469,109,Wednesday,December,0,328.36
Personal Care,136.13,272,59,Friday,October,0,136.13
Dairy,472.62,409,35,Friday,April,0,425.36
Snacks,134.94,461,102,Wednesday,September,0,141.69
Frozen,459.79,235,118,Saturday,November,1,514.96
Beverages,199.58,94,13,Tuesday,February,0,179.62
Vegetables,346.99,217,91,Thursday,December,0,364.34
Frozen,155.85,164,119,Saturday,October,1,174.55
Fruits,321.35,156,29,Saturday,January,1,321.35
Vegetables,254.36,285,2,Sunday,December,1,228.92
Snacks,228.11,89,119,Saturday,June,1,255.48
Snacks,225.02,65,54,Saturday,September,1,236.27
Vegetables,253.28,148,115,Monday,June,0,283.67
Household,248.44,487,82,Monday,April,0,260.86
Fruits,108.14,40,37,Sunday,March,1,108.14
Bakery,421.96,343,44,Thursday,March,0,421.96
Personal Care,245.43,309,36,Saturday,May,1,245.43
Snacks,106.23,57,64,Friday,March,0,111.54
Fruits,120.76,414,5,Wednesday,November,0,108.68
Fruits,210.17,70,5,Friday,May,0,189.15
Dairy,461.58,226,67,Wednesday,December,0,484.66
Frozen,134.0,7,98,Monday,June,0,150.08
Fruits,230.02,209,50,Tuesday,February,0,230.02
Fruits,260.39,163,108,Thursday,June,0,291.64
Beverages,164.89,176,85,Sunday,May,1,184.68
Beverages,138.9,288,101,Thursday,July,0,155.57
Fruits,95.52,92,74,Friday,January,0,100.3
Fruits,89.39,368,54,Thursday,October,0,89.39
Personal Care,31.4,342,4,Monday,June,0,28.26
Personal Care,61.06,265,21,Thursday,December,0,54.95
Snacks,282.98,344,69,Friday,April,0,297.13
Snacks,311.91,412,26,Sunday,September,1,280.72
Vegetables,201.24,80,46,Saturday,May,1,211.3
Frozen,328.1,379,54,Tuesday,October,0,328.1
Frozen,447.79,45,8,Tuesday,June,0,403.01
Frozen,192.73,138,83,Friday,January,0,202.37
Vegetables,457.82,103,63,Saturday,February,1,480.71
Personal Care,417.89,297,21,Thursday,March,0,376.1
Fruits,123.59,188,1,Saturday,July,1,111.23
Dairy,35.62,40,20,Sunday,July,1,35.62
Frozen,432.27,438,50,Saturday,January,1,432.27
Frozen,46.98,310,101,Monday,October,0,52.62
Bakery,13.11,306,14,Thursday,July,0,11.8
Household,418.92,304,112,Wednesday,May,0,469.19
Household,471.96,479,93,Tuesday,January,0,495.56
Dairy,57.08,454,67,Sunday,May,1,57.08
Frozen,73.84,377,112,Thursday,December,0,82.7
Personal Care,432.48,334,89,Tuesday,January,0,454.1
Household,98.64,366,17,Wednesday,November,0,88.78
Vegetables,289.6,479,115,Thursday,November,0,324.35
Snacks,37.68,397,26,Tuesday,February,0,33.91
Frozen,496.01,192,106,Sunday,July,1,555.53
Bakery,32.47,230,8,Saturday,September,1,29.22
Frozen,377.99,34,111,Monday,August,0,423.35
Bakery,114.57,468,33,Monday,November,0,103.11
Beverages,185.22,487,3,Thursday,May,0,166.7
Beverages,82.37,235,54,Sunday,May,1,86.49
Snacks,161.95,295,83,Wednesday,November,0,170.05
Frozen,175.83,470,56,Saturday,November,1,175.83
Household,39.83,164,25,Wednesday,August,0,39.83
Fruits,339.24,135,11,Monday,July,0,305.32
Dairy,86.91,192,90,Friday,June,0,97.34
Snacks,361.35,463,71,Friday,December,0,361.35
Fruits,178.25,307,82,Friday,August,0,187.16
Household,286.25,379,24,Monday,May,0,257.62
Bakery,339.82,452,42,Tuesday,September,0,305.84
Beverages,383.72,26,104,Sunday,February,1,429.77
Frozen,462.58,141,94,Tuesday,January,0,518.09
Snacks,317.32,69,78,Thursday,August,0,333.19
Personal Care,154.51,397,37,Tuesday,April,0,139.06
Beverages,300.64,159,45,Saturday,August,1,300.64
Vegetables,220.01,471,118,Thursday,December,0,246.41
Personal Care,440.3,28,38,Sunday,August,1,462.32
Fruits,73.44,326,82,Sunday,July,1,77.11
Personal Care,457.62,247,20,Sunday,December,1,411.86
Vegetables,113.43,397,38,Monday,October,0,102.09
Dairy,210.94,322,115,Sunday,November,1,236.25
Bakery,20.67,306,74,Thursday,September,0,21.7
Personal Care,152.87,89,79,Friday,March,0,160.51
Snacks,42.35,326,34,Tuesday,February,0,38.12
Beverages,256.35,217,46,Friday,June,0,256.35
Fruits,485.11,26,118,Sunday,March,1,543.32
Personal Care,262.7,37,1,Wednesday,November,0,236.43
Household,240.09,294,73,Monday,June,0,252.09
Vegetables,374.26,118,34,Saturday,June,1,374.26
Frozen,181.64,60,84,Tuesday,April,0,203.44
Personal Care,110.24,136,36,Monday,December,0,110.24
Fruits,348.97,264,99,Monday,July,0,390.85
Snacks,44.85,376,31,Friday,June,0,40.37
Personal Care,126.94,478,58,Friday,December,0,126.94
Personal Care,429.87,318,3,Saturday,August,1,386.88
Snacks,498.44,373,107,Monday,March,0,558.25
Vegetables,90.13,327,13,Sunday,February,1,81.12
Beverages,202.79,327,20,Monday,November,0,182.51
Vegetables,48.58,132,34,Sunday,August,1,48.58
Vegetables,257.56,112,99,Thursday,November,0,288.47
Fruits,35.41,30,48,Sunday,January,1,37.18
Fruits,22.32,190,83,Saturday,January,1,23.44
Frozen,466.99,198,86,Tuesday,March,0,490.34
Fruits,208.29,478,33,Saturday,November,1,187.46
Snacks,73.7,172,58,Tuesday,January,0,77.39
Fruits,307.12,27,33,Saturday,August,1,307.12
Dairy,245.82,319,102,Saturday,November,1,275.32
Snacks,226.06,474,67,Thursday,August,0,226.06
Household,89.91,497,84,Tuesday,October,0,94.41
Frozen,419.54,100,50,Friday,February,0,440.52
Vegetables,157.27,142,35,Monday,November,0,157.27
Vegetables,340.08,260,118,Wednesday,August,0,380.89
Beverages,268.38,205,104,Tuesday,December,0,300.59
Dairy,59.3,412,118,Wednesday,February,0,66.42
Household,305.61,296,41,Tuesday,August,0,305.61
Personal Care,228.7,411,70,Sunday,December,1,240.13
Fruits,479.29,185,83,Wednesday,December,0,503.25
Snacks,104.6,105,10,Saturday,August,1,94.14
Snacks,44.9,341,28,Saturday,May,1,40.41
Fruits,171.44,197,113,Monday,October,0,192.01
Frozen,377.23,440,60,Thursday,June,0,377.23
Dairy,79.82,411,3,Sunday,January,1,71.84
Dairy,94.05,271,55,Wednesday,November,0,94.05
Household,445.02,421,67,Saturday,August,1,467.27
Dairy,386.54,180,16,Saturday,March,1,347.89
Household,121.38,460,84,Monday,November,0,127.45
Frozen,104.71,315,90,Monday,June,0,109.95
Snacks,444.69,428,115,Thursday,October,0,498.05
Snacks,93.6,285,60,Saturday,October,1,98.28
Beverages,357.37,474,64,Wednesday,November,0,357.37
Frozen,389.61,92,51,Friday,November,0,409.09
Fruits,165.46,46,10,Saturday,June,1,165.46
Beverages,337.48,389,102,Tuesday,September,0,354.35
Fruits,75.66,337,4,Thursday,June,0,68.09
Fruits,305.27,376,13,Wednesday,November,0,274.74
Personal Care,133.04,312,35,Sunday,February,1,133.04
Frozen,333.28,162,87,Friday,November,0,349.94
Frozen,96.15,135,86,Tuesday,September,0,107.69
Personal Care,13.11,295,120,Saturday,March,1,14.68
Fruits,228.91,341,10,Sunday,June,1,206.02
Fruits,428.32,118,86,Saturday,July,1,479.72
Vegetables,172.39,332,57,Monday,June,0,172.39
Bakery,448.89,80,45,Monday,November,0,448.89
Bakery,397.25,481,25,Monday,November,0,357.53
Vegetables,222.94,67,3,Thursday,June,0,200.65
Bakery,144.21,425,95,Wednesday,July,0,151.42
Frozen,476.12,40,80,Thursday,July,0,533.25
Fruits,346.29,408,2,Monday,December,0,311.66
Household,36.75,139,31,Wednesday,January,0,36.75
Bakery,10.49,95,51,Saturday,June,1,11.01
Household,232.26,356,39,Thursday,June,0,232.26
Frozen,423.64,434,99,Sunday,July,1,444.82
Household,375.56,452,25,Saturday,March,1,338.0
Fruits,245.05,155,11,Sunday,January,1,220.55
Household,11.33,267,42,Friday,January,0,11.33
Beverages,128.24,28,79,Sunday,May,1,143.63
Frozen,382.77,96,16,Wednesday,December,0,344.49
Fruits,321.87,443,54,Sunday,February,1,321.87
Frozen,475.88,172,29,Sunday,August,1,475.88
Snacks,419.82,405,2,Wednesday,April,0,377.84
Personal Care,90.81,306,1,Thursday,December,0,81.73
Vegetables,44.45,457,107,Thursday,March,0,46.67
Snacks,40.58,295,103,Saturday,July,1,45.45
Bakery,182.29,29,62,Monday,January,0,191.4
Frozen,205.06,204,78,Monday,April,0,215.31
Frozen,425.21,236,8,Wednesday,October,0,382.69
Dairy,141.91,62,59,Saturday,October,1,149.01
Fruits,227.1,221,87,Tuesday,February,0,238.46
Personal Care,212.08,17,73,Friday,July,0,222.68
Dairy,279.26,139,79,Thursday,February,0,293.22
Beverages,83.29,442,120,Friday,April,0,93.28
Dairy,261.43,385,63,Friday,September,0,261.43
Personal Care,358.95,232,109,Friday,September,0,402.02
Vegetables,454.1,79,33,Sunday,April,1,454.1
Fruits,180.63,207,68,Saturday,July,1,189.66
Vegetables,346.41,91,58,Wednesday,September,0,363.73
Beverages,470.02,120,2,Sunday,January,1,423.02
Fruits,41.75,167,33,Thursday,June,0,41.75
Household,17.82,416,25,Sunday,April,1,16.04
Frozen,231.64,78,94,Saturday,February,1,259.44
Bakery,419.29,196,58,Sunday,December,1,440.25
Vegetables,483.86,142,3,Friday,March,0,435.47
Vegetables,99.43,151,97,Sunday,July,1,111.36
Personal Care,469.72,329,107,Sunday,February,1,526.09
Snacks,230.2,216,102,Wednesday,January,0,257.82
Personal Care,338.35,86,85,Sunday,April,1,378.95
Bakery,193.11,292,53,Saturday,April,1,193.11
Fruits,491.86,44,102,Tuesday,February,0,550.88
Bakery,188.64,263,94,Monday,December,0,198.07
Snacks,196.79,298,103,Monday,January,0,220.4
Personal Care,452.33,305,7,Wednesday,July,0,407.1
Personal Care,147.9,135,8,Sunday,June,1,133.11
Vegetables,41.81,51,78,Sunday,April,1,46.83
Personal Care,454.81,254,72,Friday,February,0,477.55
Bakery,314.9,352,21,Thursday,September,0,283.41
Dairy,20.34,257,109,Thursday,November,0,22.78
Dairy,323.84,424,119,Friday,February,0,362.7
Personal Care,161.07,42,55,Saturday,July,1,169.12
Frozen,57.05,245,98,Thursday,November,0,63.9
Beverages,419.28,143,21,Monday,July,0,419.28
Fruits,34.57,497,4,Wednesday,December,0,31.11
Vegetables,374.58,177,71,Tuesday,May,0,393.31
Dairy,134.92,332,62,Thursday,December,0,134.92
Household,353.82,91,37,Monday,January,0,353.82
Snacks,38.77,43,47,Monday,December,0,40.71
Vegetables,433.77,48,58,Wednesday,October,0,455.46
Vegetables,308.34,92,99,Tuesday,November,0,345.34
Personal Care,309.28,325,120,Thursday,July,0,346.39
Personal Care,326.18,52,79,Wednesday,October,0,365.32
Household,433.28,478,28,Tuesday,June,0,389.95
Bakery,303.55,20,11,Monday,March,0,273.19
Frozen,123.88,135,120,Friday,March,0,138.75
Beverages,227.1,385,63,Saturday,August,1,227.1
Dairy,270.44,296,40,Sunday,November,1,270.44
Beverages,217.1,89,31,Friday,November,0,217.1
Household,373.28,136,26,Saturday,May,1,373.28
Personal Care,273.72,94,12,Tuesday,September,0,246.35
Dairy,67.42,161,83,Sunday,June,1,75.51
Fruits,208.65,142,100,Monday,November,0,233.69
Household,436.35,53,27,Friday,September,0,436.35
Household,491.51,413,32,Tuesday,April,0,442.36
Fruits,187.19,259,98,Tuesday,October,0,209.65
Fruits,128.68,237,41,Tuesday,June,0,128.68
Beverages,343.9,368,29,Tuesday,May,0,309.51
Snacks,133.05,75,13,Saturday,April,1,133.05
Household,400.86,248,102,Friday,July,0,448.96
Household,472.14,85,71,Monday,August,0,495.75
Snacks,444.38,192,3,Monday,July,0,399.94
Personal Care,429.78,167,99,Wednesday,December,0,481.35
Vegetables,31.71,458,40,Sunday,September,1,31.71
Beverages,310.42,150,6,Thursday,November,0,279.38
Vegetables,88.03,195,24,Wednesday,December,0,79.23
Household,265.57,384,24,Friday,April,0,239.01
Fruits,21.42,220,113,Sunday,March,1,23.99
Household,435.78,488,60,Saturday,April,1,435.78
Frozen,19.54,31,48,Wednesday,September,0,20.52
Beverages,414.95,70,54,Tuesday,April,0,435.7
Bakery,486.26,236,48,Sunday,January,1,486.26
Bakery,51.34,102,109,Tuesday,November,0,57.5
Fruits,376.16,398,28,Sunday,May,1,338.54
Bakery,416.42,448,37,Thursday,August,0,374.78
Household,380.99,436,90,Friday,September,0,400.04
Frozen,113.66,250,12,Tuesday,August,0,102.29
Vegetables,241.54,269,4,Sunday,December,1,217.39
Household,131.6,95,70,Friday,September,0,138.18
Bakery,401.07,361,20,Saturday,April,1,360.96
Frozen,402.52,170,58,Saturday,December,1,422.65
Household,424.07,389,83,Thursday,July,0,445.27
Personal Care,405.15,171,15,Tuesday,November,0,364.63
Household,464.11,80,22,Tuesday,January,0,464.11
Vegetables,482.7,337,27,Sunday,May,1,434.43
Frozen,417.25,347,35,Sunday,March,1,417.25
Frozen,69.79,266,8,Thursday,February,0,62.81
Vegetables,342.11,483,49,Monday,December,0,342.11
Frozen,289.45,409,84,Tuesday,October,0,303.92
Personal Care,176.54,19,50,Saturday,September,1,185.37
Snacks,264.16,78,79,Tuesday,February,0,277.37
Frozen,81.39,299,67,Saturday,July,1,85.46
Dairy,160.0,95,63,Friday,June,0,168.0
Fruits,399.55,55,97,Monday,April,0,447.5
Frozen,328.95,325,2,Wednesday,July,0,296.06
Household,329.16,334,97,Thursday,March,0,345.62
Household,317.01,352,75,Thursday,October,0,332.86
Personal Care,45.93,110,41,Tuesday,September,0,45.93
Vegetables,277.69,299,87,Sunday,January,1,291.57
Vegetables,445.9,389,98,Friday,July,0,468.19
Dairy,267.39,47,114,Monday,August,0,299.48
Bakery,148.35,382,23,Tuesday,December,0,133.51
Frozen,22.58,400,53,Friday,January,0,22.58
Vegetables,328.58,286,85,Friday,May,0,345.01
Personal Care,393.21,140,27,Sunday,August,1,393.21
Beverages,391.99,431,26,Tuesday,July,0,352.79
Fruits,496.85,438,54,Tuesday,September,0,496.85
Snacks,390.13,38,92,Friday,February,0,436.95
Vegetables,36.86,156,30,Friday,May,0,36.86
Snacks,32.86,303,61,Friday,August,0,32.86
Household,479.69,193,66,Saturday,May,1,503.67
Beverages,67.45,63,72,Sunday,January,1,70.82
Bakery,407.26,435,96,Thursday,May,0,427.62
Fruits,91.4,47,92,Saturday,April,1,102.37
Bakery,70.29,494,50,Wednesday,October,0,70.29
Fruits,161.49,4,28,Monday,March,0,161.49
Snacks,62.38,37,63,Friday,February,0,65.5
Fruits,395.41,9,40,Tuesday,December,0,395.41
Snacks,435.64,253,110,Wednesday,September,0,487.92
Vegetables,280.19,447,11,Friday,June,0,252.17
Beverages,21.85,112,4,Sunday,May,1,19.67
Bakery,196.72,67,111,Thursday,March,0,220.33
Frozen,53.82,455,73,Monday,January,0,53.82
Household,120.37,479,6,Monday,February,0,108.33
Fruits,304.96,430,24,Sunday,June,1,274.46
Bakery,120.5,445,82,Tuesday,March,0,126.53
Snacks,276.18,10,10,Tuesday,November,0,248.56
Fruits,477.95,91,4,Sunday,October,1,430.15
Vegetables,444.95,47,107,Friday,May,0,498.34
Dairy,46.63,469,97,Wednesday,July,0,48.96
Frozen,50.36,361,31,Sunday,July,1,45.32
Dairy,468.48,254,19,Thursday,March,0,421.63
Dairy,320.06,145,47,Monday,December,0,320.06
Vegetables,13.53,377,108,Tuesday,December,0,15.15
Household,122.06,492,27,Wednesday,January,0,109.85
Bakery,477.81,364,24,Thursday,March,0,430.03
Household,487.33,19,40,Sunday,October,1,511.7
Personal Care,195.15,62,63,Tuesday,January,0,204.91
Household,336.12,415,94,Wednesday,February,0,352.93
Snacks,118.46,65,4,Friday,July,0,106.61
Fruits,109.48,443,111,Friday,March,0,122.62
Personal Care,487.98,245,40,Monday,November,0,487.98
Snacks,175.6,324,88,Thursday,July,0,184.38
Household,127.04,289,7,Tuesday,July,0,114.34
Snacks,333.86,265,47,Thursday,May,0,333.86
Snacks,118.43,52,76,Wednesday,September,0,124.35
Dairy,354.26,15,102,Friday,May,0,396.77
Bakery,202.01,350,49,Thursday,June,0,202.01
Dairy,55.34,159,56,Friday,April,0,58.11
Bakery,141.32,186,1,Sunday,January,1,127.19
Snacks,293.0,394,82,Wednesday,June,0,307.65
Vegetables,361.14,372,92,Wednesday,July,0,379.2
Personal Care,324.99,31,13,Friday,February,0,324.99
Dairy,78.82,87,1,Monday,July,0,70.94
Household,61.53,268,71,Friday,January,0,64.61
Frozen,374.62,432,77,Monday,August,0,393.35
Household,25.85,497,44,Monday,December,0,23.27
Beverages,201.04,463,60,Thursday,November,0,201.04
Household,403.18,144,52,Monday,July,0,423.34
Beverages,334.32,345,82,Friday,November,0,351.04
Personal Care,495.89,376,78,Saturday,July,1,520.68
Household,218.24,451,96,Sunday,November,1,229.15
Vegetables,417.5,328,64,Sunday,March,1,438.38
Dairy,79.67,2,33,Sunday,September,1,79.67
Fruits,49.36,16,107,Tuesday,July,0,55.28
Household,121.47,250,49,Sunday,May,1,121.47
Bakery,133.74,403,19,Saturday,December,1,120.37
Fruits,66.35,465,75,Thursday,May,0,69.67
Household,116.76,443,38,Wednesday,October,0,105.08
Household,184.01,491,72,Monday,January,0,184.01
Beverages,317.78,460,3,Thursday,December,0,286.0
Household,159.45,101,41,Thursday,May,0,159.45
Beverages,407.61,353,18,Friday,May,0,366.85
Snacks,212.29,48,5,Sunday,October,1,191.06
Dairy,287.09,482,21,Wednesday,June,0,258.38
Dairy,326.04,60,34,Saturday,July,1,326.04
Personal Care,226.56,78,108,Tuesday,July,0,253.75
Dairy,225.45,58,63,Monday,July,0,236.72
Dairy,92.03,186,22,Wednesday,June,0,82.83
Snacks,333.76,42,25,Wednesday,December,0,333.76
Bakery,230.55,96,24,Friday,January,0,230.55
Household,156.59,36,63,Wednesday,May,0,164.42
Dairy,57.15,127,58,Friday,January,0,60.01
Household,387.97,138,71,Tuesday,September,0,407.37
Bakery,228.35,315,27,Tuesday,October,0,205.51
Frozen,313.03,463,14,Monday,September,0,281.73
Beverages,402.66,217,84,Saturday,June,1,422.79
Frozen,476.59,70,104,Monday,July,0,533.78
Personal Care,199.37,370,53,Sunday,August,1,199.37
Frozen,137.26,285,105,Wednesday,July,0,153.73
Beverages,172.14,25,72,Wednesday,June,0,180.75
Dairy,374.89,40,84,Sunday,May,1,419.88
Snacks,399.2,425,74,Friday,October,0,419.16
Beverages,184.53,452,2,Friday,October,0,166.08
Beverages,262.17,62,2,Tuesday,September,0,235.95
Household,318.04,392,107,Monday,May,0,356.2
Snacks,269.07,440,20,Wednesday,November,0,242.16
Household,79.07,127,24,Saturday,December,1,79.07
Vegetables,383.0,173,107,Friday,February,0,428.96
Vegetables,383.65,63,111,Sunday,October,1,429.69
Vegetables,27.31,179,24,Friday,April,0,27.31
Dairy,426.6,174,25,Monday,July,0,426.6
Fruits,117.46,8,94,Saturday,September,1,131.56
Snacks,407.81,117,72,Friday,May,0,428.2
Dairy,61.26,221,82,Thursday,August,0,64.32
Frozen,300.31,357,89,Sunday,February,1,315.33
Bakery,369.88,169,2,Sunday,August,1,332.89
Bakery,293.53,18,78,Wednesday,August,0,328.75
Personal Care,486.06,389,40,Wednesday,December,0,486.06
Personal Care,22.0,224,76,Monday,May,0,23.1
Snacks,259.82,409,56,Thursday,April,0,259.82
Vegetables,325.32,126,15,Sunday,December,1,325.32
Household,375.1,191,53,Thursday,July,0,375.1
Household,303.74,237,80,Tuesday,October,0,318.93
Frozen,98.23,210,30,Tuesday,December,0,98.23
Fruits,117.04,494,34,Tuesday,August,0,105.34
Dairy,103.42,442,82,Friday,February,0,108.59
Dairy,169.97,208,98,Wednesday,November,0,190.37
Bakery,462.72,136,9,Saturday,April,1,416.45
Personal Care,103.68,458,58,Thursday,September,0,103.68
Snacks,83.65,296,100,Friday,August,0,93.69
Frozen,407.22,281,11,Saturday,November,1,366.5
Frozen,26.36,182,104,Saturday,November,1,29.52
Bakery,295.68,242,102,Monday,March,0,331.16
Personal Care,101.18,122,55,Saturday,April,1,106.24
Fruits,132.67,339,28,Thursday,April,0,119.4
Vegetables,32.18,112,10,Friday,May,0,28.96
Snacks,150.75,97,45,Sunday,November,1,158.29
Fruits,360.72,413,56,Saturday,September,1,360.72
Beverages,212.89,34,14,Saturday,May,1,212.89
Fruits,197.06,460,22,Monday,August,0,177.35
Snacks,135.12,276,62,Sunday,April,1,141.88
Household,162.9,144,106,Wednesday,June,0,182.45
Frozen,436.7,232,116,Tuesday,February,0,489.1
Bakery,391.44,263,69,Wednesday,October,0,411.01
Beverages,208.22,119,61,Saturday,December,1,218.63
Dairy,16.76,445,83,Friday,October,0,17.6
Personal Care,119.56,100,6,Monday,May,0,107.6
Vegetables,337.27,243,65,Saturday,February,1,354.13
Frozen,193.03,222,2,Friday,September,0,173.73
Dairy,446.12,406,34,Monday,September,0,401.51
Dairy,378.02,344,17,Wednesday,May,0,340.22
Frozen,405.15,95,72,Friday,March,0,425.41
Frozen,42.14,106,34,Saturday,July,1,42.14
Dairy,464.48,416,70,Thursday,April,0,464.48
Frozen,418.9,41,34,Friday,April,0,418.9
Bakery,262.98,98,58,Tuesday,March,0,276.13
Snacks,264.85,4,40,Wednesday,January,0,264.85
Snacks,11.61,460,83,Friday,December,0,12.19
Snacks,145.82,58,84,Monday,July,0,163.32
Personal Care,250.14,131,75,Tuesday,December,0,262.65
Fruits,106.82,354,53,Friday,February,0,106.82
Snacks,440.12,475,94,Thursday,November,0,462.13
Beverages,445.15,83,82,Thursday,December,0,498.57
Vegetables,60.6,39,47,Wednesday,April,0,63.63
Beverages,188.87,258,69,Tuesday,January,0,198.31
Beverages,53.3,204,63,Monday,July,0,55.96
Dairy,329.32,126,65,Wednesday,February,0,345.79
Fruits,382.02,233,52,Monday,March,0,382.02
Vegetables,251.63,307,2,Thursday,March,0,226.47
Frozen,457.54,352,33,Friday,September,0,411.79
Bakery,11.86,356,4,Tuesday,October,0,10.67
Bakery,214.55,275,10,Tuesday,September,0,193.1
Vegetables,337.91,228,79,Saturday,April,1,354.81
Vegetables,171.18,325,73,Tuesday,January,0,179.74
Vegetables,447.45,495,102,Tuesday,August,0,469.82
Vegetables,57.24,218,74,Wednesday,April,0,60.1
Household,130.09,397,54,Friday,September,0,130.09
Beverages,129.06,495,100,Tuesday,January,0,135.51
Fruits,92.02,154,105,Friday,July,0,103.06
Bakery,431.31,44,44,Thursday,November,0,452.88
Beverages,123.29,27,105,Saturday,July,1,138.08
Fruits,280.74,34,87,Friday,May,0,314.43
Frozen,250.69,44,36,Saturday,February,1,250.69
Beverages,285.07,1,33,Wednesday,August,0,285.07
Bakery,496.02,455,111,Tuesday,January,0,555.54
Vegetables,108.76,215,17,Wednesday,September,0,97.88
Fruits,160.71,169,52,Tuesday,April,0,160.71
Fruits,276.82,500,72,Thursday,December,0,276.82
Bakery,245.03,114,103,Sunday,March,1,274.43
Fruits,235.0,209,4,Saturday,July,1,211.5
Snacks,309.5,333,88,Wednesday,November,0,324.98
Bakery,355.89,209,72,Friday,October,0,373.68
Dairy,219.06,396,61,Wednesday,February,0,219.06
Frozen,300.9,129,83,Tuesday,July,0,315.94
Frozen,466.43,125,87,Tuesday,August,0,522.4
Household,214.08,44,116,Sunday,September,1,239.77
Personal Care,183.24,176,62,Thursday,August,0,192.4
Fruits,445.71,186,73,Tuesday,December,0,468.0
Personal Care,482.62,259,30,Thursday,February,0,482.62
Vegetables,486.75,476,103,Friday,December,0,511.09
Snacks,225.51,160,70,Friday,March,0,236.79
Snacks,381.71,454,49,Monday,May,0,381.71
Beverages,141.65,167,1,Tuesday,June,0,127.49
Frozen,253.3,32,20,Monday,August,0,253.3
Vegetables,94.8,171,102,Friday,September,0,106.18
Vegetables,457.36,468,51,Sunday,February,1,457.36
Dairy,481.64,225,93,Thursday,April,0,539.44
Beverages,298.66,2,29,Sunday,September,1,298.66
Dairy,158.97,252,33,Monday,November,0,158.97
Beverages,224.15,457,106,Friday,January,0,235.36
Vegetables,368.26,164,41,Sunday,February,1,368.26
Dairy,266.76,398,110,Monday,October,0,298.77
Fruits,459.79,2,111,Thursday,December,0,514.96
Vegetables,111.42,405,27,Saturday,February,1,100.28
Snacks,72.67,156,5,Tuesday,November,0,65.4
Fruits,399.23,302,38,Tuesday,June,0,399.23
Dairy,42.32,482,52,Wednesday,August,0,42.32
Household,188.8,244,39,Friday,July,0,188.8
Snacks,320.95,285,10,Monday,November,0,288.86
Fruits,338.12,387,1,Sunday,June,1,304.31
Frozen,39.07,456,44,Wednesday,August,0,35.16
Snacks,266.45,321,98,Sunday,May,1,298.42
Bakery,34.89,208,1,Sunday,January,1,31.4
Frozen,464.77,424,15,Thursday,November,0,418.29
Bakery,333.4,100,11,Thursday,July,0,300.06
Frozen,20.21,355,22,Wednesday,May,0,18.19
Household,194.54,238,90,Friday,February,0,204.27
Vegetables,51.46,110,30,Sunday,December,1,51.46
Frozen,434.74,500,58,Wednesday,August,0,434.74
Household,425.01,186,34,Thursday,January,0,425.01
Frozen,282.73,138,100,Tuesday,July,0,316.66
Dairy,192.63,121,112,Friday,September,0,215.75
Beverages,408.31,159,78,Saturday,October,1,428.73
Frozen,298.31,194,93,Monday,September,0,334.11
Bakery,261.81,388,41,Friday,September,0,261.81
Dairy,151.34,149,82,Monday,April,0,158.91
Frozen,490.75,481,40,Friday,August,0,441.68
Personal Care,173.49,71,103,Saturday,July,1,194.31
Bakery,454.83,451,31,Sunday,August,1,409.35
Dairy,434.31,81,84,Saturday,October,1,486.43
Snacks,440.8,308,83,Saturday,May,1,462.84
Personal Care,115.57,482,9,Saturday,March,1,104.01
Bakery,397.63,141,109,Saturday,June,1,445.35
Household,417.39,311,79,Friday,January,0,438.26
Dairy,242.98,176,52,Thursday,September,0,242.98
Fruits,74.25,128,8,Thursday,November,0,66.83
Snacks,471.16,179,58,Sunday,September,1,494.72
Snacks,226.61,38,83,Saturday,June,1,253.8
Bakery,482.81,27,37,Monday,April,0,482.81
Frozen,247.98,248,49,Thursday,October,0,247.98
Household,404.23,337,89,Saturday,April,1,424.44
Beverages,362.56,68,35,Sunday,October,1,362.56
Frozen,244.93,240,11,Friday,July,0,220.44
Fruits,163.67,400,58,Friday,February,0,163.67
Beverages,24.75,310,40,Wednesday,May,0,24.75
Dairy,462.06,276,91,Friday,December,0,485.16
Personal Care,452.06,105,72,Saturday,September,1,474.66
Beverages,194.76,302,58,Thursday,October,0,194.76
Personal Care,478.42,121,87,Thursday,July,0,535.83
Fruits,142.07,280,67,Thursday,September,0,149.17
Frozen,305.24,5,67,Sunday,August,1,320.5
Vegetables,217.7,290,117,Monday,May,0,243.82
Bakery,274.22,123,42,Friday,January,0,274.22
Personal Care,308.85,352,37,Sunday,May,1,308.85
Personal Care,238.57,96,59,Monday,August,0,250.5
Beverages,187.53,140,44,Saturday,March,1,187.53
Fruits,284.75,33,8,Friday,June,0,256.28
Personal Care,235.43,333,21,Friday,August,0,211.89
Personal Care,453.37,234,41,Monday,October,0,453.37
Snacks,309.37,477,33,Thursday,January,0,278.43
Snacks,229.93,87,72,Monday,April,0,241.43
Household,212.81,487,77,Friday,December,0,223.45
Bakery,341.22,10,72,Saturday,November,1,382.17
Household,272.12,246,59,Monday,December,0,285.73
Fruits,185.53,55,25,Friday,November,0,185.53
Snacks,420.64,308,81,Tuesday,June,0,441.67
Frozen,484.52,232,108,Friday,August,0,542.66
Personal Care,388.87,415,51,Sunday,April,1,388.87
Bakery,383.91,246,100,Thursday,February,0,429.98
Vegetables,207.6,209,53,Saturday,August,1,217.98
Vegetables,211.47,207,116,Tuesday,April,0,236.85
Vegetables,202.24,406,69,Monday,April,0,202.24
Dairy,469.84,73,96,Sunday,July,1,526.22
Beverages,158.49,420,79,Friday,July,0,166.41
Personal Care,23.34,130,52,Thursday,June,0,24.51
Personal Care,287.84,232,4,Sunday,June,1,259.06
Snacks,203.13,138,103,Tuesday,May,0,227.51
Household,150.76,68,14,Saturday,August,1,150.76
Frozen,93.49,464,70,Saturday,January,1,98.16
Bakery,353.31,443,68,Friday,April,0,353.31
Personal Care,459.77,84,69,Monday,January,0,482.76
Beverages,413.18,182,32,Sunday,July,1,413.18
Household,22.68,325,46,Thursday,September,0,22.68
Frozen,313.31,307,6,Monday,February,0,281.98
Beverages,439.51,97,12,Sunday,June,1,395.56
Beverages,405.01,8,35,Monday,June,0,405.01
Fruits,170.26,354,35,Saturday,March,1,170.26
Fruits,217.35,214,109,Monday,November,0,243.43
Beverages,245.38,417,118,Saturday,October,1,274.83
Snacks,404.12,116,31,Sunday,June,1,404.12
Frozen,469.94,316,40,Tuesday,January,0,469.94
Bakery,280.19,132,102,Wednesday,August,0,313.81
Frozen,481.95,43,54,Sunday,December,1,506.05
Beverages,443.27,431,107,Saturday,June,1,496.46
Dairy,368.37,145,9,Monday,April,0,331.53
Bakery,271.97,33,82,Saturday,August,1,304.61
Snacks,337.5,327,53,Wednesday,March,0,337.5
Snacks,135.26,220,48,Saturday,June,1,135.26
Personal Care,220.45,33,17,Sunday,November,1,220.45
Dairy,117.99,389,70,Wednesday,December,0,123.89
Frozen,232.93,89,56,Wednesday,May,0,244.58
Dairy,47.3,309,106,Sunday,September,1,52.98
Beverages,355.63,262,115,Friday,February,0,398.31
Personal Care,343.03,424,43,Tuesday,June,0,343.03
Personal Care,414.52,176,81,Saturday,July,1,435.25
Beverages,416.41,273,86,Sunday,July,1,437.23
Dairy,253.29,262,11,Sunday,April,1,227.96
Vegetables,149.03,365,59,Sunday,June,1,149.03
Bakery,129.98,392,33,Sunday,January,1,116.98
Fruits,339.6,317,12,Friday,December,0,305.64
Household,19.04,358,113,Friday,March,0,21.32
Personal Care,35.38,178,86,Wednesday,May,0,37.15
Frozen,359.08,40,17,Monday,July,0,359.08
Dairy,334.32,331,56,Monday,February,0,334.32
Household,387.94,233,28,Saturday,August,1,387.94
Beverages,170.82,405,1,Tuesday,February,0,153.74
Household,272.22,194,40,Tuesday,October,0,272.22
Personal Care,143.02,427,98,Tuesday,September,0,150.17
Dairy,347.1,131,87,Monday,January,0,388.75
Beverages,392.02,375,97,Tuesday,February,0,411.62
Household,467.7,25,61,Friday,August,0,491.09
Snacks,17.4,437,44,Saturday,April,1,17.4
Dairy,426.07,123,98,Wednesday,November,0,477.2
Snacks,473.34,382,80,Tuesday,July,0,497.01
Beverages,22.3,170,88,Wednesday,December,0,24.98
Household,356.36,481,119,Saturday,July,1,399.12
Beverages,445.18,155,78,Thursday,June,0,467.44
Frozen,400.36,376,119,Thursday,September,0,448.4
Snacks,418.81,415,30,Friday,April,0,376.93
Personal Care,111.69,16,75,Saturday,June,1,125.09
Bakery,485.84,259,66,Wednesday,August,0,510.13
Vegetables,225.55,472,24,Sunday,September,1,203.0
Dairy,342.64,290,44,Thursday,March,0,342.64
Vegetables,128.7,229,67,Tuesday,January,0,135.13
Bakery,284.82,288,56,Sunday,June,1,284.82
Vegetables,153.28,388,102,Saturday,December,1,171.67
Dairy,417.96,386,38,Wednesday,July,0,376.16
Beverages,337.96,348,96,Thursday,November,0,354.86
Fruits,11.74,108,117,Tuesday,August,0,13.15
Bakery,470.25,414,82,Friday,August,0,493.76
Household,265.0,422,43,Monday,October,0,265.0
Vegetables,436.64,341,17,Monday,August,0,392.98
Household,444.17,340,117,Tuesday,January,0,497.47
Personal Care,206.19,458,75,Monday,August,0,216.5
Personal Care,112.0,11,81,Thursday,May,0,125.44
Vegetables,133.18,254,25,Friday,March,0,119.86
Dairy,83.03,323,102,Wednesday,May,0,92.99
Dairy,344.21,121,82,Monday,October,0,361.42
Fruits,49.55,278,84,Friday,December,0,52.03
Dairy,69.19,93,8,Sunday,April,1,62.27
Frozen,249.27,93,79,Saturday,November,1,279.18
Bakery,370.14,317,104,Saturday,May,1,414.56
Beverages,447.67,43,82,Sunday,July,1,501.39
Frozen,334.52,141,62,Monday,January,0,351.25
Fruits,350.25,113,45,Tuesday,August,0,350.25
Household,215.95,70,90,Saturday,January,1,241.86
Vegetables,131.5,489,88,Sunday,April,1,138.08
Dairy,329.2,39,95,Thursday,February,0,368.7
Vegetables,118.39,47,43,Tuesday,October,0,118.39
Dairy,39.11,489,64,Wednesday,February,0,39.11
Frozen,439.38,365,90,Wednesday,April,0,461.35
Dairy,279.42,13,103,Wednesday,March,0,312.95
Vegetables,430.09,121,13,Thursday,August,0,387.08
Beverages,114.01,436,39,Thursday,December,0,102.61
Personal Care,492.89,243,15,Monday,July,0,443.6
Dairy,397.46,32,56,Thursday,November,0,417.33
Snacks,250.81,233,68,Friday,October,0,263.35
Beverages,45.48,63,70,Monday,January,0,47.75
Dairy,234.97,413,78,Monday,September,0,246.72
Personal Care,240.75,415,107,Friday,December,0,269.64
Dairy,365.94,336,13,Thursday,January,0,329.35
Household,386.02,139,60,Saturday,November,1,405.32
Frozen,372.7,277,81,Wednesday,August,0,391.33
Household,230.43,11,114,Tuesday,December,0,258.08
Snacks,205.25,237,112,Saturday,June,1,229.88
Personal Care,386.42,478,78,Monday,January,0,405.74
Snacks,373.72,483,62,Friday,May,0,373.72
Vegetables,360.95,206,41,Tuesday,April,0,360.95
Dairy,273.64,148,41,Sunday,April,1,273.64
Snacks,139.64,109,4,Wednesday,October,0,125.68
Vegetables,95.31,404,60,Sunday,January,1,95.31
Dairy,21.49,202,99,Thursday,June,0,24.07
Household,138.33,178,26,Sunday,December,1,138.33
Frozen,404.42,405,92,Monday,July,0,424.64
Snacks,269.21,175,11,Monday,August,0,242.29
Beverages,411.9,325,26,Monday,April,0,370.71
Household,258.41,46,61,Sunday,March,1,271.33
Frozen,478.76,351,32,Sunday,January,1,478.76
Vegetables,385.67,28,101,Saturday,May,1,431.95
Vegetables,467.28,432,105,Saturday,November,1,523.35
Dairy,272.28,354,66,Saturday,July,1,285.89
Bakery,62.58,396,48,Friday,January,0,62.58
Personal Care,159.23,451,30,Monday,July,0,143.31
Household,343.9,399,60,Thursday,March,0,343.9
Bakery,58.96,228,14,Saturday,July,1,53.06
Vegetables,61.79,290,68,Monday,November,0,64.88
Fruits,499.63,461,55,Tuesday,June,0,499.63
Beverages,51.77,78,120,Thursday,August,0,57.98
Snacks,415.78,232,15,Monday,January,0,374.2
Fruits,384.77,480,51,Friday,July,0,384.77
Vegetables,325.94,141,54,Saturday,May,1,342.24
Bakery,152.5,454,31,Wednesday,October,0,137.25
Personal Care,219.59,292,43,Tuesday,November,0,219.59
Fruits,152.99,96,44,Tuesday,June,0,152.99
Fruits,227.69,195,69,Friday,October,0,239.07
Fruits,361.55,416,97,Tuesday,November,0,379.63
Household,53.33,321,116,Thursday,January,0,59.73
Snacks,365.32,499,86,Saturday,April,1,383.59
Fruits,372.4,16,13,Wednesday,November,0,372.4
Dairy,442.1,181,92,Saturday,January,1,495.15
Fruits,400.05,416,10,Wednesday,November,0,360.05
Bakery,314.28,485,49,Saturday,November,1,314.28
Snacks,79.01,30,84,Wednesday,August,0,88.49
Fruits,83.96,368,76,Thursday,February,0,88.16
Bakery,187.09,494,83,Friday,December,0,196.44
Household,346.48,323,110,Tuesday,April,0,388.06
Vegetables,389.05,47,51,Tuesday,November,0,408.5
Dairy,222.86,281,95,Sunday,September,1,249.6
Bakery,167.25,357,94,Thursday,July,0,175.61
Dairy,334.2,406,117,Tuesday,January,0,374.3
Vegetables,38.41,483,11,Saturday,September,1,34.57
Snacks,138.9,103,36,Sunday,October,1,138.9
Snacks,209.63,165,56,Friday,January,0,220.11
Vegetables,254.4,316,81,Sunday,April,1,267.12
Personal Care,248.75,151,116,Saturday,May,1,278.6
Bakery,354.88,238,50,Tuesday,February,0,354.88
Vegetables,250.48,149,31,Monday,October,0,250.48
Frozen,150.16,155,17,Friday,November,0,135.14
Snacks,78.63,271,31,Saturday,May,1,78.63
Vegetables,246.68,310,93,Saturday,March,1,259.01
Household,61.08,345,22,Friday,December,0,54.97
Dairy,282.68,179,34,Friday,March,0,282.68
Frozen,78.53,245,116,Tuesday,April,0,87.95
Bakery,432.16,96,44,Friday,February,0,432.16
Beverages,338.5,487,108,Friday,August,0,355.43
Frozen,491.57,115,35,Monday,May,0,491.57
Bakery,315.21,500,111,Saturday,May,1,353.04
Personal Care,460.81,240,55,Wednesday,December,0,460.81
Beverages,426.39,67,39,Thursday,October,0,426.39
Frozen,262.86,170,98,Monday,July,0,294.4
Beverages,42.6,190,10,Thursday,February,0,38.34
Snacks,192.07,337,19,Saturday,September,1,172.86
Personal Care,170.57,329,59,Monday,December,0,170.57
Household,13.48,12,46,Sunday,August,1,14.15
Personal Care,344.65,364,68,Monday,August,0,361.88
Frozen,215.56,274,59,Friday,May,0,215.56
Bakery,120.66,342,32,Monday,March,0,108.59
Fruits,223.5,254,69,Sunday,April,1,234.68
Snacks,181.57,147,70,Tuesday,November,0,190.65
Beverages,460.88,186,17,Wednesday,September,0,414.79
Vegetables,68.16,447,2,Saturday,April,1,61.34
Household,405.39,159,14,Thursday,July,0,364.85
Household,162.59,55,104,Wednesday,February,0,182.1
Bakery,325.92,297,84,Monday,January,0,342.22
Bakery,153.52,398,60,Sunday,April,1,153.52
Bakery,318.38,425,74,Friday,November,0,334.3
Snacks,470.92,161,67,Wednesday,May,0,494.47
Vegetables,491.79,364,2,Saturday,February,1,442.61
Beverages,234.76,38,18,Thursday,August,0,234.76
Bakery,458.12,198,83,Friday,June,0,481.03
Snacks,415.52,309,1,Sunday,October,1,373.97
Bakery,343.76,145,35,Thursday,October,0,343.76
Personal Care,16.86,270,1,Saturday,April,1,15.17
Dairy,398.73,498,113,Sunday,September,1,446.58
Beverages,91.62,326,6,Sunday,July,1,82.46
Personal Care,415.78,310,80,Sunday,July,1,436.57
Household,282.37,152,5,Tuesday,December,0,254.13
Snacks,237.65,129,42,Tuesday,July,0,237.65
Household,282.0,495,17,Friday,January,0,253.8
Beverages,126.62,450,50,Wednesday,July,0,126.62
Beverages,495.44,23,2,Friday,January,0,445.9
Household,294.01,14,86,Sunday,February,1,329.29
Vegetables,386.52,262,2,Monday,December,0,347.87
Snacks,10.02,171,119,Tuesday,August,0,11.22
Vegetables,85.35,498,51,Sunday,September,1,85.35
Fruits,318.52,403,93,Saturday,November,1,334.45
Beverages,35.05,387,25,Monday,August,0,31.54
Bakery,40.09,440,70,Monday,July,0,40.09
Beverages,470.37,105,112,Saturday,October,1,526.81
Fruits,195.45,332,51,Tuesday,February,0,195.45
Household,141.87,179,109,Saturday,February,1,158.89
Vegetables,39.16,2,108,Sunday,November,1,43.86
Beverages,232.63,69,80,Saturday,March,1,260.55
Personal Care,425.95,478,20,Saturday,September,1,383.36
Frozen,116.16,276,99,Sunday,April,1,130.1
Personal Care,296.04,361,113,Thursday,April,0,331.56
Vegetables,295.49,459,82,Sunday,September,1,310.26
Fruits,325.98,138,79,Wednesday,June,0,342.28
Bakery,35.98,73,99,Sunday,December,1,40.3
Snacks,470.67,185,47,Sunday,September,1,470.67
Vegetables,180.73,433,20,Friday,November,0,162.66
Snacks,138.65,336,28,Saturday,September,1,124.79
Bakery,444.87,42,85,Friday,January,0,498.25
Household,167.38,467,72,Thursday,June,0,167.38
Snacks,19.09,326,20,Friday,July,0,17.18
Bakery,143.22,300,77,Saturday,January,1,150.38
Personal Care,41.6,240,73,Wednesday,November,0,43.68
Beverages,329.52,96,60,Friday,September,0,346.0
Bakery,144.67,436,34,Friday,February,0,130.2
Bakery,285.59,316,16,Thursday,November,0,257.03
Beverages,261.53,173,101,Friday,May,0,292.91
Vegetables,371.95,139,76,Wednesday,January,0,390.55
Dairy,292.4,90,54,Tuesday,September,0,307.02
Vegetables,485.38,178,95,Friday,January,0,543.63
Fruits,331.83,11,107,Monday,September,0,371.65
Dairy,184.19,411,3,Monday,October,0,165.77
Fruits,149.76,108,98,Saturday,November,1,167.73
Household,228.72,352,19,Saturday,October,1,205.85
Beverages,171.79,420,116,Saturday,June,1,192.4
Frozen,255.11,360,89,Friday,May,0,267.87
Frozen,410.8,374,2,Monday,February,0,369.72
Household,350.34,288,15,Tuesday,April,0,315.31
Frozen,430.02,140,91,Tuesday,May,0,481.62
Personal Care,394.51,348,5,Monday,March,0,355.06
Household,66.88,355,6,Thursday,November,0,60.19
Fruits,453.03,158,89,Wednesday,July,0,507.39
Dairy,314.53,185,104,Thursday,December,0,352.27
Fruits,449.79,429,37,Friday,August,0,404.81
Fruits,151.53,198,32,Monday,November,0,151.53
Vegetables,114.19,226,17,Saturday,September,1,102.77
Dairy,472.91,49,110,Sunday,November,1,529.66
Dairy,28.11,354,107,Thursday,April,0,31.48
Personal Care,324.06,158,81,Sunday,November,1,340.26
Bakery,257.4,420,34,Sunday,March,1,231.66
Dairy,342.2,81,25,Monday,June,0,342.2
Fruits,439.06,234,32,Tuesday,July,0,439.06
Vegetables,389.57,385,24,Friday,August,0,350.61
Frozen,178.67,231,47,Saturday,June,1,178.67
Household,78.0,261,53,Friday,June,0,78.0
Frozen,439.63,185,4,Saturday,July,1,395.67
Frozen,141.01,496,65,Thursday,September,0,141.01
Beverages,332.34,159,112,Friday,August,0,372.22
Bakery,119.84,27,7,Tuesday,June,0,107.86
Household,137.98,329,34,Wednesday,April,0,124.18
Snacks,150.0,319,66,Wednesday,March,0,157.5
Personal Care,321.36,500,66,Wednesday,May,0,321.36
Fruits,12.97,419,16,Saturday,December,1,11.67
Personal Care,192.22,169,86,Saturday,July,1,215.29
Snacks,384.92,247,6,Thursday,October,0,346.43
Household,327.89,437,9,Friday,February,0,295.1
Frozen,327.68,102,69,Saturday,August,1,344.06
Household,330.93,179,42,Friday,May,0,330.93
Beverages,97.3,269,14,Saturday,April,1,87.57
Snacks,443.41,332,20,Wednesday,February,0,399.07
Fruits,425.1,456,60,Saturday,February,1,425.1
Bakery,264.7,441,14,Saturday,December,1,238.23
Frozen,226.33,402,59,Wednesday,April,0,226.33
Frozen,35.28,136,70,Friday,January,0,37.04
Vegetables,172.6,80,57,Monday,May,0,181.23
Snacks,345.38,294,99,Wednesday,August,0,386.83
Personal Care,499.42,106,82,Wednesday,August,0,524.39
Frozen,351.65,265,69,Friday,April,0,369.23
Vegetables,214.78,201,81,Saturday,February,1,225.52
Vegetables,336.0,413,59,Thursday,May,0,336.0
Household,266.52,29,70,Wednesday,April,0,279.85
Bakery,396.81,213,82,Wednesday,March,0,416.65
Bakery,453.54,229,108,Friday,December,0,507.96
Dairy,323.69,15,111,Wednesday,April,0,362.53
Bakery,75.74,215,3,Wednesday,June,0,68.17
Fruits,156.6,72,117,Saturday,September,1,175.39
Personal Care,463.95,319,48,Friday,August,0,463.95
Frozen,290.88,192,73,Sunday,February,1,305.42
Beverages,213.72,47,30,Monday,August,0,213.72
Vegetables,128.47,444,27,Monday,September,0,115.62
Snacks,180.79,471,40,Monday,March,0,162.71
Snacks,384.81,134,42,Friday,December,0,384.81
Beverages,108.89,416,48,Saturday,September,1,108.89
Dairy,482.66,93,37,Wednesday,June,0,482.66
Fruits,48.0,53,99,Thursday,March,0,53.76
Fruits,142.3,107,43,Monday,May,0,142.3
Beverages,262.02,211,26,Tuesday,August,0,262.02
Dairy,85.39,52,60,Wednesday,November,0,89.66
Dairy,73.56,381,10,Monday,July,0,66.2
Dairy,392.78,437,63,Thursday,April,0,392.78
Personal Care,144.16,107,36,Saturday,July,1,144.16
Dairy,98.91,495,114,Saturday,July,1,110.78
Snacks,130.36,188,51,Wednesday,February,0,130.36
Frozen,322.78,304,104,Friday,November,0,361.51
Fruits,28.49,88,43,Tuesday,February,0,28.49
Household,363.34,449,12,Wednesday,November,0,327.01
Snacks,474.08,438,112,Monday,August,0,530.97
Beverages,328.31,343,49,Friday,June,0,328.31
Dairy,138.99,382,102,Saturday,May,1,155.67
Vegetables,188.2,199,7,Saturday,March,1,169.38
Snacks,173.56,336,61,Tuesday,March,0,173.56
Personal Care,27.41,164,119,Saturday,June,1,30.7
Snacks,32.27,208,115,Monday,February,0,36.14
Snacks,310.28,3,35,Wednesday,November,0,310.28
Vegetables,457.24,70,61,Wednesday,November,0,480.1
Beverages,106.2,27,65,Thursday,January,0,111.51
Household,215.23,407,116,Saturday,April,1,241.06
Snacks,173.89,487,46,Thursday,April,0,156.5
Vegetables,191.61,285,9,Friday,March,0,172.45
Vegetables,137.71,108,79,Friday,August,0,144.6
Personal Care,269.64,200,75,Friday,January,0,283.12
Dairy,438.37,367,47,Thursday,December,0,438.37
Snacks,414.55,431,26,Friday,January,0,373.1
Fruits,315.64,377,17,Thursday,November,0,284.08
Frozen,10.47,345,37,Monday,May,0,10.47
Personal Care,233.42,466,48,Monday,February,0,233.42
Fruits,405.58,8,43,Thursday,November,0,425.86
Frozen,180.03,166,67,Friday,October,0,189.03
Dairy,326.31,166,69,Thursday,October,0,342.63
Fruits,434.02,384,92,Saturday,March,1,455.72
Beverages,108.96,149,24,Monday,May,0,108.96
Snacks,18.89,205,31,Saturday,February,1,18.89
Bakery,435.03,424,55,Sunday,October,1,435.03
Fruits,420.68,52,95,Sunday,April,1,471.16
Frozen,381.81,175,76,Monday,November,0,400.9
Bakery,424.11,368,19,Sunday,January,1,381.7
Beverages,278.32,56,18,Sunday,March,1,278.32
Snacks,87.28,211,87,Sunday,February,1,97.75
Personal Care,10.97,395,17,Saturday,May,1,9.87
Household,155.99,75,34,Saturday,October,1,155.99
Beverages,93.7,123,3,Tuesday,April,0,84.33
Beverages,389.26,29,2,Monday,February,0,350.33
Snacks,73.41,270,78,Tuesday,September,0,77.08
Beverages,139.73,121,43,Monday,November,0,139.73
Fruits,287.92,366,120,Tuesday,June,0,322.47
Snacks,381.88,310,42,Thursday,February,0,381.88
Fruits,498.74,95,76,Wednesday,December,0,523.68
Vegetables,144.65,377,63,Sunday,July,1,144.65
Personal Care,37.44,394,69,Sunday,October,1,39.31
Fruits,234.6,479,47,Tuesday,July,0,234.6
Bakery,453.5,2,71,Tuesday,January,0,476.18
Fruits,29.47,28,51,Tuesday,April,0,30.94
Frozen,36.83,249,25,Monday,December,0,33.15
Household,217.31,430,93,Tuesday,July,0,228.18
Bakery,250.04,478,118,Sunday,April,1,280.04
Frozen,101.64,75,38,Wednesday,October,0,101.64
Vegetables,290.37,363,58,Sunday,August,1,290.37
Snacks,276.51,380,24,Saturday,May,1,248.86
Snacks,473.71,80,9,Wednesday,July,0,426.34
Beverages,301.06,85,24,Tuesday,September,0,301.06
Snacks,106.43,370,101,Monday,April,0,111.75
Vegetables,470.02,167,23,Saturday,March,1,470.02
Snacks,175.55,15,50,Tuesday,August,0,184.33
Dairy,387.99,442,91,Wednesday,January,0,407.39
Bakery,499.35,154,10,Tuesday,May,0,449.42
Household,462.98,95,76,Tuesday,May,0,486.13
Household,200.06,346,4,Friday,November,0,180.05
Snacks,291.89,117,116,Sunday,December,1,326.92
Household,26.96,213,117,Tuesday,December,0,30.2
Snacks,106.34,489,59,Wednesday,February,0,106.34
Household,462.34,440,44,Friday,December,0,462.34
Snacks,111.54,268,58,Friday,November,0,111.54
Household,396.0,41,94,Sunday,October,1,443.52
Dairy,176.77,391,5,Friday,November,0,159.09
Personal Care,176.74,247,47,Friday,June,0,176.74
Dairy,259.3,95,45,Sunday,August,1,272.27
Beverages,120.25,380,90,Saturday,April,1,126.26
Dairy,12.78,3,72,Thursday,February,0,13.42
Vegetables,223.51,417,39,Friday,May,0,201.16
Frozen,343.82,146,60,Saturday,November,1,361.01
Household,92.41,318,13,Wednesday,September,0,83.17
Snacks,372.57,489,83,Thursday,June,0,391.2
Dairy,282.44,395,49,Friday,March,0,282.44
Beverages,234.46,481,111,Saturday,January,1,262.6
Beverages,173.14,67,87,Saturday,June,1,193.92
Personal Care,447.23,53,102,Monday,December,0,500.9
Dairy,447.16,448,48,Wednesday,December,0,447.16
Frozen,97.19,156,10,Tuesday,July,0,87.47
Frozen,228.39,459,83,Friday,January,0,239.81
Personal Care,475.34,379,41,Friday,July,0,475.34
Personal Care,247.1,128,26,Thursday,May,0,247.1
Beverages,422.27,432,99,Wednesday,April,0,443.38
Beverages,21.5,164,35,Sunday,December,1,21.5
Snacks,78.71,209,82,Monday,May,0,82.65
Snacks,156.2,31,90,Saturday,April,1,174.94
Fruits,44.89,77,114,Sunday,December,1,50.28
Personal Care,103.13,62,6,Friday,February,0,92.82
Household,341.15,480,53,Friday,April,0,341.15
Dairy,313.36,458,95,Wednesday,April,0,329.03
Bakery,376.25,96,21,Wednesday,March,0,376.25
Frozen,145.06,228,37,Thursday,September,0,145.06
Fruits,40.25,225,84,Saturday,November,1,42.26
Frozen,152.33,84,65,Thursday,November,0,159.95
Snacks,28.14,338,95,Monday,August,0,29.55
Vegetables,48.87,21,94,Monday,December,0,54.73
Dairy,63.48,151,108,Wednesday,September,0,71.1
Dairy,192.24,311,82,Wednesday,March,0,201.85
Bakery,65.11,261,62,Wednesday,December,0,68.37
Dairy,22.5,132,75,Monday,January,0,23.62
Dairy,225.27,358,25,Saturday,February,1,202.74
Personal Care,459.58,89,4,Wednesday,October,0,413.62
Snacks,17.98,491,54,Wednesday,January,0,17.98
Personal Care,51.94,38,8,Thursday,January,0,46.75
Personal Care,345.68,106,10,Monday,June,0,311.11
Household,395.06,112,12,Wednesday,December,0,355.55
Vegetables,261.65,282,41,Monday,July,0,261.65
Frozen,17.56,221,57,Sunday,June,1,18.44
Bakery,140.96,136,67,Tuesday,June,0,148.01
Bakery,172.74,11,73,Wednesday,February,0,181.38
Personal Care,362.49,477,59,Thursday,January,0,362.49
Beverages,41.87,399,30,Friday,July,0,37.68
Bakery,61.31,172,16,Monday,February,0,55.18
Frozen,95.34,372,61,Sunday,February,1,95.34
Personal Care,111.82,190,79,Tuesday,May,0,117.41
Bakery,27.52,54,83,Sunday,July,1,30.82
Household,15.1,131,90,Sunday,August,1,16.91
Beverages,474.05,179,28,Monday,December,0,474.05
Dairy,253.42,256,115,Monday,March,0,283.83
Beverages,13.38,75,42,Saturday,January,1,14.05
Vegetables,327.5,157,42,Sunday,December,1,327.5
Beverages,157.31,11,71,Friday,July,0,165.18
Dairy,372.45,220,87,Friday,March,0,391.07
Household,385.22,118,105,Tuesday,July,0,431.45
Dairy,58.58,8,119,Friday,December,0,65.61
Snacks,393.25,427,112,Friday,February,0,440.44
Personal Care,388.57,14,104,Friday,October,0,435.2
Vegetables,65.99,428,93,Sunday,October,1,69.29
Fruits,471.33,57,102,Friday,March,0,527.89
Beverages,263.01,230,110,Wednesday,December,0,294.57
Bakery,174.36,303,111,Wednesday,October,0,195.28
Beverages,402.26,136,82,Tuesday,May,0,422.37
Household,412.21,77,52,Thursday,May,0,432.82
Beverages,244.81,273,120,Saturday,July,1,274.19
Frozen,421.52,458,36,Friday,February,0,379.37
Bakery,28.39,36,99,Tuesday,October,0,31.8
Beverages,352.43,240,19,Sunday,May,1,317.19
Snacks,19.42,219,64,Thursday,August,0,20.39
Vegetables,124.45,198,59,Thursday,September,0,130.67
Bakery,15.67,2,66,Saturday,March,1,16.45
Personal Care,480.71,258,79,Sunday,April,1,504.75
Household,50.79,356,111,Tuesday,April,0,56.88
Bakery,496.75,233,74,Tuesday,January,0,521.59
Vegetables,98.34,128,102,Thursday,July,0,110.14
Bakery,416.03,199,83,Tuesday,January,0,436.83
Bakery,228.65,499,118,Tuesday,October,0,256.09
Household,369.41,348,18,Thursday,November,0,332.47
Frozen,38.39,350,72,Sunday,July,1,40.31
Frozen,390.18,45,109,Monday,September,0,437.0
Personal Care,10.81,123,80,Monday,December,0,11.35
Beverages,332.56,344,62,Thursday,August,0,332.56
Snacks,381.13,11,100,Friday,July,0,426.87
Snacks,445.11,106,28,Sunday,October,1,445.11
Household,31.58,201,90,Thursday,November,0,33.16
Fruits,219.82,406,92,Wednesday,June,0,230.81
Dairy,267.8,14,84,Monday,June,0,299.94
Dairy,342.6,28,71,Tuesday,January,0,359.73
Frozen,316.61,96,47,Monday,December,0,316.61
Vegetables,416.43,180,48,Thursday,May,0,416.43
Personal Care,401.99,300,74,Saturday,May,1,422.09
Bakery,423.67,134,28,Thursday,February,0,423.67
Frozen,33.6,7,90,Tuesday,October,0,37.63
Dairy,225.71,48,75,Monday,November,0,237.0
Vegetables,63.68,460,116,Wednesday,October,0,71.32
Vegetables,113.14,253,67,Wednesday,October,0,118.8
Dairy,126.14,429,12,Thursday,August,0,113.53
Personal Care,286.11,490,90,Monday,February,0,300.42
Fruits,223.37,171,48,Monday,December,0,223.37
Dairy,146.75,423,64,Wednesday,November,0,146.75
Snacks,371.53,54,43,Sunday,August,1,390.11
Household,325.87,341,111,Tuesday,March,0,364.97
Household,35.69,276,32,Sunday,September,1,35.69
Frozen,27.53,102,75,Monday,April,0,28.91
Frozen,252.89,285,55,Thursday,June,0,252.89
Frozen,241.27,189,110,Tuesday,June,0,270.22
Bakery,445.42,128,34,Saturday,December,1,445.42
Fruits,149.38,307,120,Tuesday,August,0,167.31
Dairy,263.88,88,8,Thursday,September,0,237.49
Dairy,383.65,367,4,Tuesday,August,0,345.28
Vegetables,53.61,2,15,Monday,April,0,53.61
Beverages,403.08,3,65,Tuesday,April,0,423.23
Personal Care,454.25,417,99,Thursday,January,0,476.96
Dairy,292.63,178,63,Saturday,September,1,307.26
Vegetables,405.25,182,15,Thursday,July,0,364.73
Bakery,285.63,256,113,Thursday,May,0,319.91
Personal Care,140.27,307,7,Wednesday,April,0,126.24
Personal Care,374.98,362,115,Thursday,December,0,419.98
Bakery,222.74,332,19,Tuesday,December,0,200.47
Beverages,492.74,354,108,Thursday,March,0,551.87
Frozen,61.28,175,35,Sunday,November,1,61.28
Dairy,92.99,196,3,Saturday,March,1,83.69
Vegetables,328.35,436,102,Thursday,June,0,344.77
Household,296.52,463,12,Saturday,September,1,266.87
Household,197.7,260,104,Thursday,May,0,221.42
Snacks,426.41,343,75,Thursday,May,0,447.73
Household,103.19,311,9,Friday,January,0,92.87
Beverages,124.31,151,72,Thursday,July,0,130.53
Bakery,394.6,156,39,Wednesday,April,0,394.6
Snacks,338.12,394,57,Tuesday,July,0,338.12
Dairy,314.04,433,8,Friday,June,0,282.64
Fruits,176.33,399,95,Thursday,October,0,185.15
Personal Care,226.97,386,28,Monday,September,0,204.27
Snacks,330.42,93,91,Friday,January,0,370.07
Dairy,87.64,478,76,Tuesday,November,0,92.02
Fruits,273.24,408,44,Tuesday,April,0,273.24
Personal Care,205.75,487,85,Monday,June,0,216.04
Bakery,396.85,460,21,Monday,July,0,357.17
Fruits,207.59,3,106,Friday,October,0,232.5
Frozen,31.67,11,49,Thursday,June,0,33.25
Vegetables,443.95,229,65,Saturday,March,1,466.15
Personal Care,73.42,190,109,Thursday,June,0,82.23
Vegetables,74.09,296,28,Friday,June,0,66.68
Personal Care,354.2,470,6,Saturday,November,1,318.78
Personal Care,363.73,321,44,Monday,December,0,363.73
Snacks,441.82,282,52,Tuesday,September,0,441.82
Snacks,375.79,194,50,Friday,January,0,375.79
Vegetables,68.7,132,38,Friday,September,0,68.7
Frozen,498.25,71,78,Saturday,July,1,558.04
Household,494.22,94,88,Friday,December,0,553.53
Snacks,434.24,177,85,Tuesday,January,0,455.95
Fruits,18.16,457,77,Sunday,February,1,19.07
Dairy,400.01,362,68,Saturday,August,1,420.01
Vegetables,218.17,12,10,Wednesday,January,0,196.35
Vegetables,358.29,327,103,Tuesday,April,0,401.28
Personal Care,406.59,37,23,Friday,September,0,406.59
Beverages,305.42,331,96,Wednesday,June,0,320.69
Personal Care,379.25,261,27,Tuesday,August,0,341.32
Vegetables,265.23,156,84,Thursday,December,0,278.49
Personal Care,80.91,180,4,Thursday,May,0,72.82
Snacks,267.92,69,6,Sunday,April,1,241.13
Household,414.77,31,84,Saturday,January,1,464.54
Fruits,259.1,229,58,Sunday,June,1,272.06
Household,10.29,398,42,Tuesday,December,0,10.29
Household,247.24,465,109,Saturday,November,1,276.91
Frozen,359.36,334,29,Thursday,August,0,323.42
Snacks,116.47,200,9,Wednesday,March,0,104.82
Personal Care,241.16,44,46,Sunday,February,1,253.22
Frozen,369.95,77,79,Wednesday,July,0,388.45
Frozen,357.3,329,36,Friday,December,0,357.3
Beverages,480.76,136,84,Tuesday,July,0,504.8
Personal Care,277.38,39,57,Friday,March,0,291.25
Fruits,343.78,382,64,Thursday,April,0,343.78
Dairy,383.61,35,34,Sunday,July,1,383.61
Dairy,49.21,343,33,Sunday,February,1,49.21
Frozen,160.22,460,93,Monday,January,0,168.23
Beverages,170.43,347,66,Sunday,April,1,178.95
Household,464.34,336,118,Thursday,March,0,520.06
Fruits,264.94,321,104,Friday,August,0,296.73
Fruits,244.49,169,34,Monday,March,0,244.49
Snacks,155.85,242,98,Monday,May,0,174.55
Household,66.09,99,58,Wednesday,November,0,69.39
Dairy,391.98,273,83,Sunday,March,1,411.58
Frozen,411.04,409,105,Saturday,July,1,460.36
Household,98.61,115,117,Saturday,July,1,110.44
Fruits,187.35,92,59,Wednesday,May,0,196.72
Household,340.36,133,2,Tuesday,May,0,306.32
Vegetables,380.43,497,74,Tuesday,October,0,380.43
Fruits,187.01,184,43,Tuesday,July,0,187.01
Personal Care,317.91,87,24,Saturday,January,1,317.91
Personal Care,224.64,170,33,Wednesday,August,0,224.64
Frozen,185.44,449,91,Saturday,April,1,194.71
Dairy,43.35,288,94,Saturday,August,1,48.55
Frozen,388.53,448,78,Tuesday,August,0,407.96
Dairy,143.55,123,66,Friday,June,0,150.73
Beverages,434.41,266,58,Monday,June,0,434.41
Vegetables,124.34,334,84,Sunday,May,1,130.56
Snacks,22.08,422,75,Friday,December,0,23.18
Fruits,450.31,123,71,Wednesday,May,0,472.83
Personal Care,437.7,91,103,Wednesday,January,0,490.22
Beverages,311.49,394,34,Sunday,September,1,280.34
Dairy,157.76,218,66,Friday,July,0,165.65
Vegetables,321.77,24,70,Saturday,August,1,337.86
Frozen,107.69,460,108,Wednesday,November,0,113.07
Beverages,248.94,158,57,Sunday,August,1,261.39
Bakery,64.6,229,71,Thursday,April,0,67.83
Fruits,393.2,275,11,Wednesday,July,0,353.88
Bakery,421.06,207,21,Monday,December,0,378.95
Fruits,113.7,478,61,Sunday,February,1,113.7
Snacks,373.61,370,64,Tuesday,February,0,373.61
Personal Care,19.83,328,28,Monday,October,0,17.85
Bakery,204.92,213,111,Sunday,December,1,229.51
Bakery,217.86,160,96,Saturday,November,1,244.0
Frozen,312.49,280,67,Saturday,October,1,328.11
Frozen,244.96,473,51,Tuesday,December,0,244.96
Bakery,256.08,93,40,Thursday,October,0,256.08
Beverages,71.72,253,52,Saturday,September,1,71.72
Frozen,225.58,352,59,Monday,July,0,225.58
Fruits,55.08,138,67,Saturday,October,1,57.83
Household,235.52,73,43,Thursday,September,0,235.52
Household,349.01,99,41,Tuesday,October,0,349.01
Vegetables,37.03,14,101,Friday,April,0,41.47
Personal Care,381.65,115,100,Thursday,April,0,427.45
Personal Care,177.15,66,37,Thursday,February,0,177.15
Bakery,179.47,162,67,Tuesday,March,0,188.44
Bakery,283.11,424,73,Wednesday,February,0,297.27
Fruits,55.12,310,1,Thursday,January,0,49.61
Frozen,233.54,335,55,Saturday,October,1,233.54
Snacks,415.09,60,27,Monday,July,0,415.09
Personal Care,163.23,284,26,Tuesday,July,0,146.91
Personal Care,89.06,166,2,Sunday,April,1,80.15
Household,129.97,356,118,Saturday,December,1,145.57
Beverages,409.52,46,5,Monday,March,0,368.57
Household,474.49,358,52,Thursday,June,0,474.49
Bakery,153.19,302,86,Friday,June,0,160.85
Fruits,240.9,120,13,Saturday,August,1,216.81
Dairy,186.58,273,85,Saturday,March,1,195.91
Household,280.41,96,6,Monday,May,0,252.37
Snacks,171.58,190,50,Sunday,April,1,180.16
Frozen,438.65,316,66,Friday,November,0,460.58
Snacks,224.1,222,31,Thursday,November,0,224.1
Personal Care,491.66,160,93,Wednesday,October,0,550.66
Vegetables,439.42,16,85,Thursday,April,0,492.15
Beverages,394.15,441,58,Sunday,April,1,394.15
Beverages,320.54,194,106,Saturday,January,1,359.0
Personal Care,78.9,298,38,Tuesday,October,0,78.9
Beverages,380.61,46,79,Sunday,March,1,426.28
Personal Care,228.98,490,28,Saturday,November,1,206.08
Household,34.57,309,85,Thursday,September,0,36.3
Beverages,39.28,297,95,Tuesday,September,0,41.24
Fruits,75.85,61,13,Tuesday,January,0,68.27
Snacks,260.68,371,76,Friday,September,0,273.71
Snacks,297.89,421,77,Sunday,January,1,312.78
Bakery,190.85,2,100,Saturday,November,1,213.75
Household,314.62,482,39,Thursday,July,0,283.16
Bakery,222.94,386,8,Saturday,November,1,200.65
Frozen,261.3,487,31,Monday,May,0,235.17
Dairy,13.0,498,42,Saturday,December,1,11.7
Personal Care,436.38,267,3,Monday,December,0,392.74
Snacks,68.07,446,116,Wednesday,April,0,76.24
Snacks,213.98,469,46,Thursday,May,0,213.98
Snacks,101.02,377,113,Monday,February,0,113.14
Household,140.37,171,80,Saturday,December,1,147.39
Beverages,293.18,389,88,Thursday,October,0,307.84
Bakery,302.19,432,114,Friday,November,0,338.45
Dairy,305.11,35,31,Thursday,May,0,305.11
Bakery,250.15,214,41,Saturday,October,1,250.15
Beverages,18.85,431,106,Wednesday,October,0,19.79
Personal Care,275.6,105,101,Thursday,January,0,308.67
Dairy,446.03,39,54,Sunday,September,1,468.33
Dairy,62.63,43,44,Sunday,November,1,65.76
Snacks,495.11,214,3,Friday,July,0,445.6
Personal Care,113.0,154,47,Saturday,April,1,118.65
Personal Care,448.48,253,27,Tuesday,January,0,403.63
Dairy,426.62,212,5,Monday,June,0,383.96
Snacks,174.04,412,81,Sunday,January,1,182.74
Household,118.02,407,99,Wednesday,July,0,123.92
Beverages,464.26,347,72,Friday,December,0,487.47
Vegetables,326.96,353,105,Friday,January,0,366.2
Personal Care,497.22,254,6,Wednesday,July,0,447.5
Personal Care,280.17,359,43,Wednesday,June,0,280.17
Bakery,344.75,292,94,Tuesday,March,0,361.99
Personal Care,25.48,171,115,Sunday,November,1,28.54
Fruits,380.79,345,101,Wednesday,February,0,426.48
Bakery,456.71,290,27,Wednesday,April,0,411.04
Bakery,317.12,121,66,Saturday,October,1,332.98
Bakery,349.87,417,99,Thursday,August,0,367.36
Fruits,346.74,320,112,Saturday,June,1,388.35
Beverages,45.53,260,117,Sunday,June,1,50.99
Vegetables,426.74,194,68,Saturday,January,1,448.08
Personal Care,350.57,97,78,Wednesday,March,0,368.1
Dairy,26.03,406,66,Saturday,November,1,27.33
Vegetables,297.62,74,42,Sunday,September,1,312.5
Household,247.19,405,26,Friday,December,0,222.47
Vegetables,32.09,245,4,Tuesday,August,0,28.88
Fruits,111.01,43,20,Monday,June,0,111.01
Vegetables,397.15,210,73,Saturday,December,1,417.01
Personal Care,264.49,106,89,Monday,August,0,296.23
Personal Care,265.05,486,71,Monday,April,0,265.05
Personal Care,487.78,371,76,Wednesday,December,0,512.17
Bakery,462.86,8,41,Monday,December,0,486.0
Bakery,281.24,125,91,Sunday,December,1,314.99
Frozen,46.73,450,5,Monday,January,0,42.06
Personal Care,262.21,184,39,Saturday,November,1,262.21
Bakery,364.63,395,95,Tuesday,November,0,382.86
Snacks,336.07,260,119,Monday,January,0,376.4
Personal Care,342.41,85,41,Wednesday,April,0,342.41
Frozen,81.59,432,47,Thursday,February,0,81.59
Personal Care,141.78,480,20,Saturday,December,1,127.6
Vegetables,228.27,33,117,Sunday,January,1,255.66
Snacks,334.06,63,43,Tuesday,October,0,334.06
Personal Care,62.86,413,56,Monday,February,0,62.86
Bakery,443.56,158,66,Tuesday,March,0,465.74
Personal Care,377.57,20,77,Thursday,December,0,422.88
Household,464.76,70,120,Saturday,July,1,520.53
Bakery,74.54,199,105,Sunday,July,1,83.48
Personal Care,262.97,470,90,Sunday,November,1,276.12
Dairy,10.9,33,22,Saturday,April,1,10.9
Snacks,488.79,12,16,Thursday,August,0,488.79
Frozen,175.26,189,81,Thursday,November,0,184.02
Fruits,453.79,96,29,Friday,December,0,453.79
Snacks,200.23,158,13,Wednesday,April,0,180.21
Personal Care,147.96,457,22,Tuesday,September,0,133.16
Dairy,377.48,136,85,Friday,November,0,396.35
Dairy,163.75,103,66,Saturday,December,1,171.94
Dairy,177.94,315,48,Monday,October,0,177.94
Personal Care,89.29,329,9,Thursday,September,0,80.36
Snacks,204.65,170,58,Thursday,March,0,214.88
Bakery,22.88,257,63,Tuesday,August,0,24.02
Personal Care,477.21,63,7,Sunday,June,1,429.49
Bakery,459.02,468,45,Saturday,August,1,459.02
Vegetables,376.38,384,113,Monday,June,0,421.55
Household,174.71,283,40,Friday,June,0,174.71
Household,92.06,218,33,Tuesday,November,0,92.06
Household,78.87,50,62,Tuesday,March,0,82.81
Vegetables,159.69,136,100,Friday,August,0,178.85
Beverages,287.6,31,85,Tuesday,January,0,322.11
Beverages,312.44,330,119,Thursday,March,0,349.93
Frozen,164.04,55,84,Saturday,April,1,183.72
Personal Care,81.35,160,81,Wednesday,August,0,85.42
Vegetables,379.22,126,14,Wednesday,June,0,341.3
Frozen,77.22,191,30,Monday,April,0,77.22
Dairy,443.02,144,109,Monday,April,0,496.18
Dairy,17.45,58,27,Monday,May,0,17.45
Frozen,158.16,158,24,Monday,May,0,158.16
Snacks,237.84,245,65,Saturday,November,1,249.73
Dairy,482.62,191,43,Saturday,October,1,482.62
Beverages,372.1,457,62,Thursday,January,0,372.1
Beverages,219.44,380,40,Friday,August,0,219.44
Frozen,315.25,334,61,Friday,October,0,315.25
Vegetables,468.9,357,24,Wednesday,July,0,422.01
Frozen,327.5,157,10,Monday,April,0,294.75
Household,17.55,230,89,Thursday,May,0,18.43
Frozen,231.33,359,58,Saturday,July,1,231.33
Snacks,116.71,211,65,Monday,January,0,122.55
Fruits,65.46,55,79,Sunday,May,1,73.32
Fruits,163.95,337,100,Wednesday,November,0,172.15
Beverages,72.79,49,9,Tuesday,August,0,65.51
Dairy,368.79,73,17,Saturday,June,1,368.79
Snacks,125.38,368,117,Tuesday,April,0,140.43
Vegetables,52.0,156,30,Tuesday,February,0,52.0
Frozen,448.54,487,10,Thursday,July,0,403.69
Fruits,160.63,158,117,Thursday,October,0,179.91
Fruits,29.44,59,15,Friday,September,0,29.44
Household,449.78,406,15,Monday,June,0,404.8
Fruits,277.12,233,17,Tuesday,October,0,249.41
Dairy,457.62,254,16,Wednesday,November,0,411.86
Household,468.53,265,52,Monday,March,0,468.53
Frozen,157.7,108,52,Sunday,March,1,165.59
Personal Care,176.07,261,69,Saturday,May,1,184.87
Frozen,372.98,436,27,Thursday,February,0,335.68
Personal Care,236.23,283,64,Wednesday,January,0,248.04
Vegetables,338.33,183,83,Saturday,August,1,355.25
Bakery,43.07,500,105,Sunday,August,1,45.22
Vegetables,136.5,158,36,Monday,January,0,136.5
Beverages,369.32,423,34,Sunday,September,1,332.39
Personal Care,93.29,158,120,Tuesday,August,0,104.48
Snacks,208.95,220,7,Wednesday,May,0,188.06
Vegetables,380.33,403,95,Thursday,February,0,399.35
Bakery,273.9,39,53,Monday,September,0,287.59
Beverages,372.52,368,57,Saturday,April,1,372.52
Personal Care,413.58,238,37,Friday,July,0,413.58
Fruits,486.47,380,38,Wednesday,December,0,437.82
Beverages,236.78,121,89,Tuesday,November,0,265.19
Bakery,323.89,425,103,Friday,February,0,340.08
Household,213.54,168,110,Wednesday,February,0,239.16
Snacks,397.66,142,81,Sunday,November,1,445.38
Household,178.32,225,77,Thursday,November,0,187.24
Dairy,364.7,308,101,Saturday,January,1,408.46
Fruits,447.78,329,8,Sunday,May,1,403.0
Household,175.32,108,4,Monday,February,0,157.79
Fruits,105.96,398,119,Wednesday,February,0,118.68
Beverages,240.67,493,45,Friday,March,0,216.6
Bakery,322.77,295,81,Friday,June,0,338.91
Frozen,229.42,66,34,Monday,June,0,229.42
Household,177.55,331,118,Saturday,March,1,198.86
Household,427.12,54,64,Thursday,May,0,448.48
Vegetables,184.06,165,20,Saturday,July,1,184.06
Personal Care,457.14,389,113,Saturday,May,1,512.0
Snacks,224.51,80,65,Saturday,March,1,235.74
Beverages,21.6,66,7,Wednesday,February,0,19.44
Dairy,215.01,464,74,Thursday,January,0,215.01
Fruits,89.35,175,21,Saturday,January,1,89.35
Bakery,364.85,263,60,Thursday,January,0,383.09
Frozen,231.19,119,57,Tuesday,June,0,242.75
Dairy,36.92,123,21,Monday,December,0,36.92
Household,200.96,430,80,Tuesday,March,0,211.01
Dairy,193.5,1,55,Saturday,June,1,203.18
Dairy,204.51,291,50,Saturday,February,1,204.51
Household,458.48,267,33,Wednesday,November,0,458.48
Household,72.04,204,33,Friday,May,0,72.04
Bakery,60.71,381,4,Sunday,January,1,54.64
Beverages,26.26,292,49,Thursday,July,0,26.26
Dairy,155.76,486,102,Thursday,March,0,163.55
Snacks,473.34,50,108,Wednesday,February,0,530.14
Fruits,164.37,309,49,Thursday,October,0,164.37
Beverages,446.38,209,4,Wednesday,September,0,401.74
Frozen,183.29,42,35,Saturday,April,1,183.29
Personal Care,450.42,92,5,Thursday,January,0,405.38
Personal Care,116.32,405,88,Monday,August,0,122.14
Fruits,92.5,74,72,Thursday,May,0,97.12
Household,457.14,291,25,Saturday,July,1,411.43
Fruits,466.88,85,70,Saturday,July,1,490.22
Dairy,50.2,397,51,Saturday,November,1,50.2
Fruits,337.16,272,58,Tuesday,September,0,337.16
Vegetables,38.1,54,9,Sunday,April,1,34.29
Dairy,329.93,89,88,Friday,March,0,369.52
Snacks,269.52,187,119,Tuesday,March,0,301.86
Snacks,238.07,172,6,Wednesday,May,0,214.26
Vegetables,402.93,204,84,Tuesday,November,0,423.08
Beverages,139.33,282,88,Friday,July,0,146.3
Vegetables,132.67,18,36,Sunday,February,1,132.67
Beverages,214.88,203,93,Saturday,June,1,240.67
Household,319.19,67,60,Friday,April,0,335.15
Snacks,332.76,293,61,Monday,March,0,332.76
Bakery,445.09,153,86,Thursday,February,0,467.34
Frozen,310.2,382,98,Monday,May,0,325.71
Fruits,338.0,38,7,Tuesday,October,0,304.2
Frozen,334.38,333,84,Wednesday,May,0,351.1
Personal Care,50.45,384,6,Sunday,May,1,45.41
Snacks,249.75,444,5,Tuesday,October,0,224.78
Frozen,234.62,450,5,Wednesday,January,0,211.16
Snacks,167.48,399,106,Sunday,March,1,187.58
Snacks,475.17,419,24,Sunday,May,1,427.65
Frozen,337.1,396,42,Sunday,July,1,337.1
Dairy,154.11,390,115,Wednesday,February,0,172.6
Bakery,296.72,17,117,Thursday,June,0,332.33
Frozen,368.7,91,111,Tuesday,November,0,412.94
Frozen,247.76,37,98,Monday,February,0,277.49
Fruits,259.25,59,24,Wednesday,October,0,259.25
Beverages,343.97,92,102,Friday,February,0,385.25
Frozen,302.46,484,18,Sunday,March,1,272.21
Beverages,441.37,311,19,Wednesday,April,0,397.23
Vegetables,136.05,283,57,Wednesday,August,0,136.05
Frozen,52.45,208,48,Saturday,August,1,52.45
Beverages,88.34,133,111,Wednesday,September,0,98.94
Vegetables,488.66,449,31,Thursday,July,0,439.79
Dairy,254.83,287,28,Tuesday,November,0,229.35
Personal Care,33.35,103,94,Sunday,April,1,37.35
Fruits,260.51,201,109,Saturday,February,1,291.77
Household,418.27,296,24,Sunday,July,1,376.44
Frozen,266.0,196,83,Friday,January,0,279.3
Vegetables,472.83,247,76,Wednesday,July,0,496.47
Household,126.9,13,7,Tuesday,March,0,114.21
Fruits,499.4,7,79,Tuesday,December,0,559.33
Frozen,332.92,9,36,Thursday,January,0,332.92
Beverages,284.55,121,115,Tuesday,August,0,318.7
Bakery,139.78,350,15,Tuesday,August,0,125.8
Personal Care,230.29,91,64,Sunday,October,1,241.8
Snacks,293.6,324,19,Saturday,July,1,264.24
Vegetables,314.83,448,74,Wednesday,May,0,330.57
Beverages,254.39,214,95,Tuesday,October,0,284.92
Snacks,367.18,390,32,Thursday,December,0,330.46
Vegetables,114.99,386,40,Monday,November,0,114.99
Fruits,95.19,470,66,Monday,October,0,95.19
Household,309.74,54,81,Saturday,July,1,346.91
Bakery,335.75,14,76,Sunday,September,1,376.04
Dairy,303.9,288,93,Monday,May,0,319.09
Dairy,316.24,119,51,Saturday,March,1,332.05
Fruits,81.83,138,100,Wednesday,June,0,91.65
Beverages,100.98,185,78,Wednesday,March,0,106.03
Frozen,249.38,409,18,Saturday,December,1,224.44
Fruits,97.93,459,19,Monday,June,0,88.14
Household,126.68,164,7,Sunday,February,1,114.01
Frozen,313.06,297,25,Sunday,March,1,281.75
Fruits,134.27,50,11,Saturday,November,1,134.27
Frozen,175.74,360,100,Sunday,February,1,196.83
Frozen,12.07,205,23,Sunday,May,1,12.07
Household,440.59,116,26,Friday,July,0,440.59
Frozen,408.54,3,95,Wednesday,August,0,457.56
Household,423.48,329,74,Thursday,July,0,444.65
Personal Care,454.31,246,9,Saturday,February,1,408.88
Vegetables,52.0,468,115,Tuesday,November,0,58.24
Dairy,232.2,99,95,Friday,February,0,260.06
Bakery,273.3,499,52,Wednesday,June,0,273.3
Dairy,389.89,480,28,Thursday,October,0,350.9
Vegetables,176.71,464,101,Monday,July,0,185.55
Fruits,442.3,446,54,Saturday,June,1,442.3
Household,313.83,481,97,Friday,February,0,329.52
Frozen,499.11,212,75,Thursday,July,0,524.07
Dairy,372.91,71,26,Thursday,May,0,372.91
Personal Care,290.33,294,102,Sunday,June,1,325.17
Bakery,425.3,121,58,Saturday,January,1,446.57
Personal Care,106.58,349,33,Tuesday,May,0,95.92
Bakery,427.27,80,56,Tuesday,February,0,448.63
Fruits,239.28,392,35,Saturday,May,1,239.28
Beverages,98.74,51,110,Tuesday,November,0,110.59
Personal Care,74.28,331,14,Sunday,December,1,66.85
Fruits,103.98,263,12,Saturday,December,1,93.58
Dairy,459.21,132,57,Tuesday,February,0,482.17
Fruits,170.06,17,85,Tuesday,October,0,190.47
Household,274.82,374,72,Wednesday,January,0,288.56
Vegetables,370.42,121,22,Thursday,February,0,370.42
Dairy,156.23,107,95,Wednesday,February,0,174.98
Snacks,165.74,219,94,Tuesday,November,0,185.63
Personal Care,498.15,34,90,Thursday,February,0,557.93
Bakery,447.97,195,30,Sunday,April,1,447.97
Household,137.98,322,11,Saturday,June,1,124.18
Personal Care,434.02,109,32,Saturday,November,1,434.02
Vegetables,473.06,86,42,Wednesday,February,0,473.06
Fruits,402.4,279,74,Tuesday,December,0,422.52
Beverages,25.98,473,70,Tuesday,October,0,25.98
Personal Care,177.09,283,89,Monday,March,0,185.94
Vegetables,466.28,178,59,Monday,November,0,489.59
Vegetables,214.63,489,88,Monday,October,0,225.36
Vegetables,486.21,219,96,Tuesday,June,0,544.56
Personal Care,302.49,101,14,Wednesday,June,0,272.24
Snacks,367.53,174,13,Tuesday,April,0,330.78
Vegetables,483.51,57,101,Tuesday,July,0,541.53
Fruits,349.24,435,50,Monday,July,0,349.24
Bakery,220.38,6,41,Wednesday,April,0,231.4
Snacks,231.81,11,62,Sunday,November,1,243.4
Snacks,197.45,41,17,Thursday,December,0,197.45
Personal Care,247.1,214,78,Sunday,June,1,259.45
Snacks,404.25,90,14,Thursday,September,0,363.82
Personal Care,429.57,340,88,Thursday,October,0,451.05
Fruits,78.81,305,55,Thursday,March,0,78.81
Dairy,143.7,284,56,Tuesday,October,0,143.7
Snacks,41.94,388,14,Saturday,July,1,37.75
Fruits,280.46,454,81,Thursday,June,0,294.48
Vegetables,198.71,133,63,Wednesday,January,0,208.65
Bakery,307.69,74,82,Wednesday,June,0,344.61
Snacks,439.74,232,43,Wednesday,January,0,439.74
Personal Care,201.63,53,56,Monday,May,0,211.71
Snacks,275.34,376,116,Wednesday,January,0,308.38
Snacks,305.47,239,17,Sunday,July,1,274.92
Fruits,174.79,177,57,Thursday,October,0,183.53
Dairy,295.12,46,34,Tuesday,June,0,295.12
Dairy,312.09,201,26,Thursday,November,0,312.09
Dairy,116.85,170,83,Wednesday,March,0,122.69
Vegetables,380.31,96,25,Monday,April,0,380.31
Beverages,312.69,219,63,Friday,April,0,328.32
Personal Care,109.31,184,69,Saturday,November,1,114.78
Household,312.62,56,112,Friday,August,0,350.13
Fruits,210.55,263,47,Friday,July,0,210.55
Beverages,79.46,365,83,Saturday,May,1,83.43
Snacks,248.99,209,26,Thursday,July,0,248.99
Beverages,256.27,50,10,Thursday,February,0,230.64
Frozen,191.75,109,82,Wednesday,October,0,201.34
Household,180.08,100,78,Wednesday,June,0,189.08
Dairy,218.25,291,67,Friday,June,0,229.16
Vegetables,391.44,66,78,Wednesday,September,0,411.01
Frozen,125.38,411,8,Friday,October,0,112.84
Fruits,354.9,267,43,Wednesday,December,0,354.9
Personal Care,69.49,298,27,Saturday,October,1,62.54
Personal Care,457.06,44,40,Friday,December,0,457.06
Bakery,139.02,467,10,Wednesday,May,0,125.12
Personal Care,363.88,448,5,Friday,July,0,327.49
Fruits,422.89,76,40,Tuesday,September,0,422.89
Household,252.37,17,40,Monday,June,0,252.37
Beverages,374.85,355,63,Saturday,December,1,393.59
Fruits,495.99,405,3,Tuesday,June,0,446.39
Personal Care,461.24,221,49,Sunday,April,1,461.24
Dairy,482.72,405,85,Thursday,October,0,506.86
Fruits,167.03,342,83,Monday,October,0,175.38
Dairy,203.66,336,46,Sunday,February,1,203.66
Personal Care,21.33,87,106,Sunday,April,1,23.89
Personal Care,475.8,209,14,Wednesday,December,0,428.22
Dairy,143.25,365,95,Monday,August,0,150.41
Dairy,261.55,289,20,Tuesday,January,0,235.4
Beverages,413.23,46,97,Saturday,April,1,462.82
Dairy,12.14,300,89,Wednesday,January,0,12.75
Bakery,393.69,48,39,Thursday,May,0,393.69
Fruits,96.48,293,8,Saturday,June,1,86.83
Household,167.78,124,62,Friday,April,0,176.17
Dairy,133.7,492,118,Thursday,June,0,149.74
Fruits,354.1,150,41,Thursday,September,0,354.1
Personal Care,148.94,423,49,Tuesday,April,0,148.94
Snacks,413.44,126,100,Sunday,November,1,463.05
Vegetables,276.58,158,114,Saturday,July,1,309.77
Household,42.44,471,6,Tuesday,December,0,38.2
Personal Care,285.11,406,7,Friday,March,0,256.6
Personal Care,53.71,22,16,Thursday,January,0,53.71
Frozen,334.29,405,33,Saturday,December,1,300.86
Personal Care,404.23,22,26,Wednesday,November,0,404.23
Snacks,438.47,149,119,Monday,August,0,491.09
Fruits,372.25,321,25,Tuesday,May,0,335.03
Snacks,468.29,363,81,Monday,December,0,491.7
Fruits,64.41,369,105,Tuesday,February,0,72.14
Vegetables,88.21,411,50,Saturday,January,1,88.21
Frozen,335.92,292,22,Tuesday,February,0,302.33
Vegetables,465.02,237,82,Saturday,September,1,488.27
Bakery,340.83,339,104,Sunday,January,1,381.73
Vegetables,403.19,476,8,Tuesday,April,0,362.87
Vegetables,282.98,455,52,Friday,November,0,282.98
Fruits,455.82,395,87,Tuesday,November,0,478.61
Household,230.37,452,41,Tuesday,June,0,207.33
Frozen,161.71,338,9,Monday,October,0,145.54
Snacks,180.85,466,100,Thursday,December,0,189.89
Beverages,266.45,128,76,Friday,December,0,279.77
Frozen,89.65,414,3,Saturday,March,1,80.69
Snacks,256.08,135,80,Tuesday,January,0,268.88
Snacks,44.46,325,45,Friday,February,0,44.46
Personal Care,167.18,311,6,Friday,November,0,150.46
Dairy,330.9,319,87,Wednesday,August,0,347.44
Beverages,265.38,193,79,Tuesday,October,0,278.65
Household,125.42,487,82,Sunday,February,1,131.69
Dairy,197.64,368,62,Tuesday,April,0,197.64
Snacks,460.64,95,57,Thursday,June,0,483.67
Snacks,474.54,152,70,Saturday,January,1,498.27
Beverages,349.2,296,50,Thursday,September,0,349.2
Beverages,125.38,286,47,Friday,June,0,125.38
Household,372.15,14,10,Monday,November,0,334.94
Bakery,491.18,359,116,Saturday,November,1,550.12
Household,342.49,156,100,Wednesday,September,0,383.59
Personal Care,250.73,73,1,Thursday,May,0,225.66
Dairy,189.55,409,94,Sunday,December,1,199.03
Vegetables,429.18,239,2,Tuesday,November,0,386.26
Beverages,93.33,370,84,Thursday,August,0,98.0
Household,311.52,28,18,Wednesday,May,0,311.52
Vegetables,128.14,39,4,Tuesday,March,0,115.33
Dairy,348.66,55,93,Monday,April,0,390.5
Fruits,74.31,391,9,Monday,March,0,66.88
Fruits,94.44,175,105,Sunday,August,1,105.77
Household,496.84,453,15,Tuesday,July,0,447.16
Snacks,237.02,330,8,Thursday,October,0,213.32
Frozen,387.36,478,84,Saturday,April,1,406.73
Snacks,353.95,408,24,Tuesday,June,0,318.56
Bakery,238.81,220,56,Sunday,September,1,250.75
Beverages,67.86,85,63,Wednesday,July,0,71.25
Beverages,58.34,107,28,Wednesday,June,0,58.34
Household,285.24,328,80,Wednesday,July,0,299.5
Household,204.9,33,75,Tuesday,October,0,215.15
Household,424.04,17,75,Saturday,October,1,474.92
Personal Care,438.66,39,97,Wednesday,August,0,491.3
Household,460.09,390,57,Thursday,April,0,460.09
Fruits,382.81,465,91,Sunday,March,1,401.95
Household,481.05,479,38,Sunday,September,1,432.94
Household,276.26,466,40,Thursday,July,0,248.63
Frozen,295.94,461,85,Wednesday,November,0,310.74
Fruits,248.19,3,42,Monday,September,0,260.6
Frozen,432.17,482,107,Monday,July,0,453.78
Fruits,303.55,397,75,Thursday,May,0,318.73
Household,42.64,192,75,Saturday,January,1,44.77
Household,311.96,448,108,Wednesday,July,0,327.56
Vegetables,233.62,159,112,Tuesday,July,0,261.65
Personal Care,195.17,313,64,Friday,June,0,204.93
Dairy,425.56,280,7,Sunday,May,1,383.0
Frozen,209.54,4,89,Saturday,July,1,234.68
Snacks,258.54,401,105,Sunday,March,1,289.56
Vegetables,191.93,367,38,Monday,July,0,191.93
Beverages,383.88,170,1,Sunday,November,1,345.49
Beverages,23.53,315,21,Tuesday,June,0,21.18
Beverages,63.85,393,100,Sunday,April,1,71.51
Vegetables,16.13,298,105,Saturday,December,1,18.07
Personal Care,140.07,420,49,Sunday,March,1,140.07
Fruits,195.24,166,93,Monday,May,0,218.67
Vegetables,237.38,303,110,Thursday,November,0,265.87
Bakery,164.41,50,17,Saturday,October,1,164.41
Household,145.14,386,104,Friday,October,0,162.56
Snacks,367.76,280,41,Tuesday,November,0,367.76
Snacks,172.43,443,85,Wednesday,October,0,181.05
Bakery,222.3,178,29,Wednesday,November,0,222.3
Household,80.14,282,92,Thursday,November,0,84.15
Household,48.79,4,74,Saturday,January,1,54.64
Bakery,278.62,255,86,Wednesday,October,0,292.55
Fruits,132.22,33,16,Monday,May,0,132.22
Frozen,127.02,217,109,Monday,October,0,142.26
Vegetables,308.98,50,119,Sunday,January,1,346.06
Household,338.03,145,87,Sunday,June,1,378.59
Frozen,321.2,53,80,Saturday,August,1,359.74
Personal Care,40.18,434,91,Wednesday,October,0,42.19
Fruits,189.84,267,27,Wednesday,November,0,170.86
Personal Care,185.23,377,35,Tuesday,February,0,166.71
Dairy,360.88,84,3,Saturday,September,1,324.79
Personal Care,408.69,449,66,Tuesday,September,0,408.69
Frozen,167.06,292,5,Sunday,August,1,150.35
Vegetables,227.04,167,43,Monday,December,0,227.04
Household,162.31,172,114,Monday,October,0,181.79
Dairy,291.15,235,48,Sunday,August,1,291.15
Fruits,490.88,429,110,Thursday,October,0,549.79
Frozen,332.11,16,110,Saturday,July,1,371.96
Bakery,455.01,217,76,Wednesday,February,0,477.76
Snacks,382.62,418,13,Tuesday,September,0,344.36
Personal Care,396.21,285,27,Thursday,October,0,356.59
Household,489.35,402,47,Friday,June,0,489.35
Vegetables,485.01,249,60,Saturday,January,1,509.26
Frozen,295.68,434,17,Tuesday,July,0,266.11
Bakery,412.11,199,73,Saturday,November,1,432.72
Personal Care,303.04,223,114,Monday,September,0,339.4
Beverages,253.69,64,3,Monday,March,0,228.32
Snacks,183.52,40,85,Tuesday,January,0,205.54
Personal Care,189.07,301,91,Sunday,July,1,198.52
Bakery,173.82,400,61,Tuesday,December,0,173.82
Personal Care,304.44,451,25,Friday,June,0,274.0
Frozen,108.21,245,46,Friday,September,0,108.21
Personal Care,300.21,44,32,Saturday,September,1,300.21
Fruits,446.39,271,64,Sunday,January,1,468.71
Bakery,284.97,46,81,Sunday,November,1,319.17
Bakery,68.79,119,30,Sunday,August,1,68.79
Household,439.93,480,21,Tuesday,April,0,395.94
Bakery,140.32,86,36,Monday,November,0,140.32
Fruits,16.1,239,113,Sunday,February,1,18.03
Beverages,249.94,249,99,Friday,July,0,279.93
Snacks,130.39,262,63,Sunday,October,1,136.91
Dairy,422.42,372,9,Tuesday,November,0,380.18
Beverages,94.61,26,107,Friday,March,0,105.96
Beverages,440.8,157,37,Friday,May,0,440.8
Snacks,432.15,58,78,Thursday,September,0,453.76
Vegetables,58.07,451,33,Friday,June,0,52.26
Fruits,64.59,389,5,Sunday,May,1,58.13
Beverages,337.62,175,80,Friday,January,0,354.5
Dairy,354.62,444,81,Tuesday,September,0,372.35
Personal Care,90.39,141,98,Monday,August,0,101.24
Dairy,356.19,277,103,Sunday,November,1,398.93
Snacks,427.41,403,13,Tuesday,August,0,384.67
Fruits,341.22,108,33,Monday,April,0,341.22
Dairy,421.42,379,86,Thursday,October,0,442.49
Beverages,172.73,414,82,Monday,August,0,181.37
Snacks,119.25,472,45,Friday,February,0,107.33
Snacks,210.17,84,98,Tuesday,January,0,235.39
Bakery,317.8,172,110,Tuesday,October,0,355.94
Fruits,311.97,284,48,Wednesday,July,0,311.97
Beverages,49.85,198,58,Monday,November,0,52.34
Dairy,214.36,23,66,Tuesday,February,0,225.08
Beverages,141.24,235,108,Sunday,November,1,158.19
Frozen,222.03,369,82,Saturday,June,1,233.13
Snacks,200.55,425,74,Tuesday,February,0,210.58
Snacks,445.43,171,6,Saturday,February,1,400.89
Bakery,127.51,132,119,Friday,July,0,142.81
Vegetables,460.34,452,106,Friday,June,0,483.36
Dairy,299.05,420,73,Monday,September,0,314.0
Personal Care,259.28,300,120,Friday,May,0,290.39
Household,143.07,467,93,Friday,May,0,150.22
Fruits,78.99,151,60,Sunday,March,1,82.94
Dairy,151.53,129,101,Sunday,May,1,169.71
Beverages,342.66,230,108,Wednesday,July,0,383.78
Snacks,288.81,301,1,Wednesday,July,0,259.93
Household,59.44,146,39,Wednesday,May,0,59.44
Frozen,349.95,186,63,Wednesday,September,0,367.45
Bakery,401.12,379,41,Tuesday,June,0,401.12
Beverages,354.62,262,97,Friday,September,0,397.17
Frozen,156.02,163,111,Monday,September,0,174.74
Snacks,448.58,129,31,Monday,August,0,448.58
Vegetables,153.94,40,31,Friday,February,0,153.94
Snacks,390.66,360,78,Friday,August,0,410.19
Household,137.71,113,79,Tuesday,August,0,144.6
Fruits,247.02,68,96,Sunday,August,1,276.66
Bakery,499.33,129,107,Tuesday,March,0,559.25
Personal Care,66.64,163,98,Sunday,January,1,74.64
Snacks,427.39,347,27,Wednesday,February,0,384.65
Beverages,151.11,71,24,Tuesday,August,0,151.11
Beverages,31.35,153,117,Monday,October,0,35.11
Fruits,179.31,422,62,Monday,November,0,179.31
Dairy,429.39,121,21,Tuesday,October,0,429.39
Vegetables,335.38,285,116,Thursday,August,0,375.63
Snacks,120.8,191,21,Monday,January,0,108.72
Vegetables,177.32,272,25,Saturday,August,1,159.59
Household,184.63,476,70,Sunday,March,1,184.63
Frozen,472.65,82,12,Friday,October,0,425.38
Personal Care,402.05,395,99,Wednesday,February,0,422.15
Dairy,282.82,178,98,Friday,October,0,316.76
Vegetables,486.89,343,12,Friday,February,0,438.2
Bakery,401.51,309,80,Wednesday,March,0,421.59
Vegetables,68.85,419,114,Saturday,September,1,77.11
Snacks,149.8,400,83,Monday,July,0,157.29
Personal Care,102.95,337,118,Friday,December,0,115.3
Household,176.31,416,40,Tuesday,April,0,158.68
Personal Care,286.28,233,92,Monday,October,0,300.59
Fruits,72.53,7,35,Monday,October,0,72.53
Snacks,100.77,76,36,Sunday,April,1,100.77
Dairy,434.29,314,83,Monday,November,0,456.0
Fruits,120.24,193,25,Tuesday,March,0,120.24
Personal Care,327.49,2,85,Friday,November,0,366.79
Fruits,384.8,88,40,Wednesday,August,0,384.8
Vegetables,127.17,294,95,Monday,August,0,133.53
Bakery,448.84,43,117,Tuesday,June,0,502.7
Fruits,313.52,277,76,Thursday,October,0,329.2
Bakery,34.43,156,109,Monday,October,0,38.56
Vegetables,419.67,338,23,Thursday,March,0,377.7
Personal Care,152.53,320,47,Tuesday,January,0,152.53
Fruits,198.11,299,81,Sunday,February,1,208.02
Household,80.24,464,70,Tuesday,February,0,80.24
Bakery,467.65,290,60,Thursday,September,0,467.65
Household,62.3,208,46,Sunday,January,1,62.3
Bakery,440.82,25,7,Wednesday,May,0,396.74
Personal Care,487.01,385,19,Thursday,August,0,438.31
Frozen,38.96,341,111,Tuesday,April,0,43.64
Bakery,200.59,174,108,Thursday,June,0,224.66
Bakery,22.01,18,3,Tuesday,July,0,19.81
Frozen,377.7,179,61,Sunday,May,1,396.58
Snacks,296.94,477,61,Saturday,April,1,296.94
Vegetables,142.36,409,58,Saturday,February,1,142.36
Vegetables,142.05,466,47,Friday,February,0,142.05
Frozen,121.17,25,119,Tuesday,February,0,135.71
Beverages,300.2,40,69,Tuesday,April,0,315.21
Frozen,104.91,437,61,Tuesday,June,0,104.91
Bakery,55.75,306,85,Friday,January,0,58.54
Snacks,477.96,369,12,Monday,March,0,430.16
Frozen,84.91,226,4,Wednesday,January,0,76.42
Frozen,393.34,345,38,Friday,December,0,393.34
Beverages,341.48,82,111,Tuesday,October,0,382.46
Beverages,169.74,435,114,Sunday,July,1,190.11
Household,477.32,387,91,Saturday,May,1,501.19
Fruits,194.27,416,10,Thursday,October,0,174.84
Bakery,155.48,182,116,Friday,January,0,174.14
Snacks,198.59,116,46,Saturday,May,1,208.52
Beverages,418.18,105,57,Tuesday,May,0,439.09
Frozen,217.83,444,50,Saturday,March,1,217.83
Beverages,210.58,358,62,Thursday,February,0,210.58
Fruits,159.02,226,76,Monday,May,0,166.97
Household,497.57,172,22,Sunday,March,1,497.57
Personal Care,364.79,88,89,Monday,June,0,408.56
Frozen,137.75,76,47,Wednesday,October,0,144.64
Fruits,270.88,193,35,Tuesday,August,0,270.88
Bakery,312.52,483,84,Thursday,January,0,328.15
Snacks,152.12,385,103,Friday,October,0,159.73
Fruits,457.14,114,9,Monday,July,0,411.43
Dairy,70.2,195,109,Wednesday,April,0,78.62
Household,100.71,48,13,Sunday,December,1,100.71
Household,147.18,94,33,Monday,February,0,147.18
Household,21.23,380,34,Tuesday,November,0,19.11
Fruits,309.42,404,8,Saturday,September,1,278.48
Frozen,420.49,14,68,Sunday,September,1,441.51
Snacks,175.82,368,96,Wednesday,June,0,184.61
Vegetables,326.0,487,29,Thursday,May,0,293.4
Household,138.83,288,58,Wednesday,October,0,138.83
Fruits,291.49,396,98,Saturday,August,1,306.06
Personal Care,75.16,376,38,Tuesday,November,0,67.64
Dairy,368.3,435,39,Tuesday,July,0,331.47
Vegetables,92.11,245,42,Thursday,September,0,92.11
Personal Care,296.74,254,114,Saturday,September,1,332.35
Household,40.25,355,114,Thursday,September,0,45.08
Frozen,454.63,247,119,Tuesday,June,0,509.19
Snacks,37.8,262,14,Wednesday,September,0,34.02
Dairy,276.23,207,57,Friday,November,0,290.04
Personal Care,192.83,56,109,Friday,April,0,215.97
Beverages,403.7,212,62,Monday,November,0,423.88
Beverages,237.44,88,28,Thursday,February,0,237.44
Dairy,439.73,371,19,Saturday,October,1,395.76
Household,435.55,329,50,Tuesday,June,0,435.55
Bakery,402.79,287,109,Thursday,June,0,451.12
Fruits,37.24,105,105,Tuesday,January,0,41.71
Snacks,194.37,114,88,Saturday,January,1,217.69
Bakery,151.37,414,53,Wednesday,February,0,151.37
Fruits,87.28,289,107,Saturday,May,1,97.75
Bakery,332.31,109,55,Thursday,June,0,348.93
Vegetables,476.95,199,73,Sunday,December,1,500.8
Snacks,85.31,374,99,Sunday,December,1,95.55
Vegetables,447.3,137,6,Monday,February,0,402.57
Fruits,48.03,98,114,Monday,April,0,53.79
Fruits,23.7,236,13,Friday,May,0,21.33
Frozen,418.42,303,8,Friday,August,0,376.58
Fruits,401.85,120,61,Tuesday,November,0,421.94
Bakery,487.6,411,74,Sunday,March,1,511.98
Fruits,179.07,87,63,Wednesday,July,0,188.02
Dairy,51.32,9,52,Saturday,October,1,53.89
Fruits,240.62,27,1,Friday,December,0,216.56
Fruits,36.97,263,28,Tuesday,June,0,33.27
Frozen,196.83,444,10,Friday,January,0,177.15
Frozen,55.94,270,117,Wednesday,April,0,62.65
Fruits,30.1,256,8,Sunday,January,1,27.09
Bakery,13.02,77,97,Tuesday,March,0,14.58
Bakery,92.94,203,72,Sunday,April,1,97.59
Dairy,166.13,433,96,Monday,February,0,174.44
Bakery,383.07,458,70,Monday,December,0,383.07
Frozen,287.48,405,35,Saturday,October,1,258.73
Bakery,12.54,196,118,Thursday,July,0,14.04
Vegetables,451.49,432,9,Monday,February,0,406.34
Personal Care,310.8,41,11,Sunday,July,1,310.8
Snacks,419.61,287,20,Saturday,March,1,377.65
Household,64.92,196,33,Sunday,March,1,64.92
Household,258.37,198,16,Thursday,August,0,232.53
Beverages,63.19,460,112,Thursday,January,0,70.77
Beverages,408.24,130,110,Wednesday,October,0,457.23
Frozen,164.91,19,21,Saturday,May,1,164.91
Beverages,451.51,43,109,Friday,November,0,505.69
Beverages,458.81,427,103,Wednesday,November,0,481.75
Vegetables,34.7,357,60,Wednesday,October,0,34.7
Household,10.97,451,22,Wednesday,March,0,9.87
Personal Care,328.92,71,54,Tuesday,April,0,345.37
Household,97.92,60,85,Thursday,November,0,109.67
Household,150.87,227,64,Monday,November,0,158.41
Snacks,85.28,80,3,Thursday,February,0,76.75
Snacks,311.65,327,17,Monday,April,0,280.49
Bakery,391.29,213,58,Thursday,December,0,410.85
Fruits,147.24,266,114,Tuesday,March,0,164.91
Vegetables,375.32,284,2,Thursday,April,0,337.79
Dairy,31.51,428,116,Wednesday,October,0,35.29
Frozen,122.89,358,75,Thursday,July,0,129.03
Frozen,434.81,388,108,Thursday,March,0,486.99
Frozen,25.51,81,102,Saturday,October,1,28.57
Frozen,473.28,160,109,Friday,October,0,530.07
Bakery,454.39,327,6,Wednesday,December,0,408.95
Fruits,70.27,213,39,Sunday,October,1,70.27
Household,433.81,426,42,Saturday,September,1,433.81
Personal Care,369.13,466,53,Wednesday,August,0,369.13
Fruits,361.31,61,32,Saturday,November,1,361.31
Fruits,64.52,102,33,Tuesday,August,0,64.52
Vegetables,375.73,109,82,Sunday,March,1,420.82
Vegetables,455.37,238,99,Tuesday,March,0,510.01
Beverages,404.85,393,49,Thursday,June,0,404.85
Personal Care,380.53,274,81,Wednesday,March,0,399.56
Fruits,432.01,394,77,Sunday,May,1,453.61
Frozen,347.41,176,81,Wednesday,November,0,364.78
Dairy,102.66,374,4,Saturday,January,1,92.39
Beverages,325.17,436,39,Tuesday,July,0,292.65
Frozen,169.92,436,115,Friday,May,0,190.31
Household,450.57,104,71,Friday,March,0,473.1
Snacks,76.86,128,40,Sunday,June,1,76.86
Snacks,117.0,199,54,Friday,March,0,117.0
Beverages,389.35,269,77,Saturday,July,1,408.82
Household,387.48,344,48,Wednesday,October,0,387.48
Beverages,335.62,499,101,Tuesday,December,0,352.4
Vegetables,10.35,104,30,Sunday,November,1,10.35
Fruits,323.03,38,102,Friday,February,0,361.79
Household,339.28,247,2,Monday,May,0,305.35
Bakery,66.45,41,46,Saturday,September,1,69.77
Bakery,321.99,429,20,Tuesday,February,0,289.79
Household,129.24,140,21,Friday,February,0,129.24
Bakery,185.51,237,113,Saturday,July,1,207.77
Household,29.14,398,9,Thursday,April,0,26.23
Fruits,441.44,187,3,Wednesday,August,0,397.3
Beverages,69.18,411,48,Monday,January,0,69.18
Vegetables,416.44,32,4,Saturday,October,1,374.8
Personal Care,154.5,8,5,Tuesday,August,0,139.05
Fruits,120.39,385,2,Saturday,July,1,108.35
Household,204.52,149,19,Thursday,November,0,184.07
Frozen,317.97,284,2,Sunday,November,1,286.17
Vegetables,94.84,443,26,Tuesday,July,0,85.36
Fruits,214.42,116,89,Saturday,February,1,240.15
Bakery,161.6,41,96,Monday,August,0,180.99
Household,122.05,306,65,Sunday,August,1,128.15
Bakery,145.4,137,109,Tuesday,July,0,162.85
Personal Care,75.67,114,4,Sunday,July,1,68.1
Personal Care,367.96,455,15,Wednesday,April,0,331.16
Vegetables,369.51,427,116,Saturday,September,1,413.85
Bakery,212.38,154,91,Saturday,March,1,237.87
Vegetables,365.87,427,41,Wednesday,January,0,329.28
Household,270.83,337,61,Wednesday,April,0,270.83
Vegetables,397.34,150,63,Wednesday,March,0,417.21
Vegetables,474.84,248,103,Sunday,March,1,531.82
Personal Care,173.53,311,59,Friday,September,0,173.53
Vegetables,97.47,474,103,Wednesday,June,0,102.34
Household,349.05,14,94,Saturday,May,1,390.94
Beverages,69.84,5,15,Wednesday,November,0,69.84
Frozen,68.04,390,107,Sunday,August,1,76.2
Fruits,268.11,410,36,Wednesday,April,0,241.3
Dairy,363.44,226,91,Friday,September,0,381.61
Frozen,198.33,66,96,Thursday,October,0,222.13
Beverages,426.3,111,31,Friday,June,0,426.3
Snacks,463.93,375,107,Monday,January,0,519.6
Beverages,330.63,378,45,Tuesday,October,0,330.63
Household,431.72,94,111,Saturday,June,1,483.53
Frozen,349.66,233,108,Sunday,August,1,391.62
Snacks,61.7,419,46,Tuesday,May,0,61.7
Household,270.11,431,63,Sunday,January,1,270.11
Bakery,118.23,49,95,Sunday,February,1,132.42
Bakery,228.0,63,63,Tuesday,November,0,239.4
Snacks,188.77,101,53,Tuesday,May,0,198.21
Beverages,70.92,45,44,Thursday,October,0,74.47
Personal Care,162.62,284,64,Friday,August,0,170.75
Bakery,234.23,36,30,Wednesday,November,0,234.23
Snacks,180.78,357,86,Friday,November,0,189.82
Bakery,457.36,468,45,Sunday,May,1,457.36
Vegetables,449.34,398,23,Wednesday,July,0,404.41
Beverages,363.58,248,28,Friday,July,0,327.22
Personal Care,107.56,399,26,Sunday,February,1,96.8
Frozen,50.4,79,1,Saturday,October,1,45.36
Beverages,467.33,216,85,Friday,November,0,490.7
Fruits,283.59,79,86,Saturday,August,1,317.62
Fruits,171.95,162,29,Thursday,November,0,171.95
Fruits,397.19,25,89,Friday,August,0,444.85
Household,27.7,197,49,Friday,October,0,27.7
Bakery,345.19,329,17,Saturday,September,1,310.67
Household,483.25,378,51,Friday,June,0,483.25
Personal Care,152.74,216,37,Sunday,October,1,152.74
Snacks,110.68,393,116,Monday,February,0,123.96
Household,196.95,327,91,Friday,June,0,206.8
Personal Care,482.51,88,50,Saturday,March,1,506.64
Bakery,263.77,202,92,Saturday,November,1,295.42
Dairy,360.73,385,53,Tuesday,March,0,360.73
Snacks,345.52,379,16,Friday,June,0,310.97
Beverages,80.86,338,12,Thursday,June,0,72.77
Frozen,55.7,356,115,Monday,August,0,62.38
Snacks,401.76,264,57,Monday,November,0,401.76
Personal Care,260.47,349,42,Wednesday,May,0,260.47
Snacks,24.53,238,83,Wednesday,June,0,25.76
Fruits,371.66,241,118,Wednesday,February,0,416.26
Personal Care,450.36,421,108,Saturday,June,1,504.4
Bakery,255.7,50,52,Tuesday,April,0,268.49
Beverages,443.97,114,110,Sunday,April,1,497.25
Frozen,106.46,171,59,Saturday,June,1,111.78
Fruits,346.88,417,49,Thursday,January,0,346.88
Fruits,499.82,96,106,Sunday,June,1,559.8
Dairy,233.68,196,55,Thursday,January,0,245.36
Frozen,292.03,345,46,Monday,September,0,292.03
Household,358.8,219,11,Monday,July,0,322.92
Vegetables,311.98,191,45,Sunday,December,1,311.98
Snacks,76.61,391,33,Thursday,May,0,68.95
Bakery,327.77,133,9,Tuesday,November,0,294.99
Personal Care,16.86,386,108,Wednesday,April,0,18.88
Frozen,264.99,264,109,Tuesday,June,0,296.79
Frozen,34.54,3,113,Monday,September,0,38.68
Beverages,13.79,263,63,Monday,July,0,14.48
Snacks,270.27,283,16,Friday,April,0,243.24
Beverages,243.61,290,13,Friday,October,0,219.25
Snacks,283.93,439,14,Friday,September,0,255.54
Fruits,438.87,66,13,Thursday,June,0,394.98
Dairy,57.69,269,10,Thursday,December,0,51.92
Household,233.73,382,2,Monday,September,0,210.36
Dairy,482.96,221,92,Thursday,November,0,540.92
Household,377.21,65,53,Tuesday,May,0,396.07
Bakery,173.56,352,67,Friday,April,0,182.24
Beverages,260.08,465,102,Sunday,July,1,273.08
Frozen,175.13,384,11,Thursday,August,0,157.62
Snacks,48.07,43,109,Friday,August,0,53.84
Personal Care,288.99,60,31,Wednesday,March,0,288.99
Fruits,341.42,219,103,Tuesday,June,0,382.39
Household,312.26,488,63,Thursday,November,0,312.26
Household,40.68,442,67,Tuesday,June,0,40.68
Frozen,379.19,218,81,Sunday,June,1,398.15
Bakery,197.85,306,15,Thursday,March,0,178.06
Fruits,56.86,169,33,Friday,December,0,56.86
Snacks,212.57,274,12,Sunday,December,1,191.31
Snacks,150.79,120,101,Wednesday,January,0,168.88
Snacks,108.83,206,2,Saturday,August,1,97.95
Personal Care,495.95,213,109,Saturday,September,1,555.46
Fruits,169.62,155,83,Saturday,May,1,189.97
Frozen,352.92,156,91,Wednesday,September,0,395.27
Beverages,66.3,434,114,Sunday,August,1,74.26
Snacks,311.25,286,85,Tuesday,February,0,326.81
Beverages,448.2,464,42,Friday,September,0,403.38
Fruits,479.62,144,106,Monday,June,0,537.17
Dairy,116.79,34,44,Monday,April,0,122.63
Personal Care,384.43,195,48,Monday,September,0,384.43
Frozen,168.38,215,80,Friday,July,0,176.8
Snacks,277.3,405,35,Wednesday,August,0,249.57
Fruits,48.32,158,12,Tuesday,June,0,43.49
Snacks,324.19,266,107,Saturday,November,1,363.09
Snacks,139.17,426,12,Monday,July,0,125.25
Household,390.5,424,115,Tuesday,October,0,437.36
Fruits,216.57,196,47,Thursday,March,0,216.57
Dairy,439.58,419,64,Saturday,January,1,439.58
Snacks,447.06,120,28,Thursday,August,0,447.06
Fruits,232.53,160,109,Monday,January,0,260.43
Vegetables,133.44,300,61,Monday,December,0,133.44
Bakery,264.69,361,8,Monday,April,0,238.22
Personal Care,27.23,377,32,Wednesday,December,0,24.51
Vegetables,99.76,377,88,Monday,August,0,104.75
Snacks,346.87,472,18,Sunday,January,1,312.18
Snacks,49.07,6,56,Thursday,July,0,51.52
Personal Care,451.56,360,47,Monday,September,0,451.56
Personal Care,242.7,405,66,Thursday,December,0,242.7
Fruits,267.72,263,39,Wednesday,September,0,267.72
Fruits,313.42,451,46,Thursday,December,0,313.42
Fruits,51.8,150,112,Friday,February,0,58.02
Fruits,459.52,309,108,Wednesday,July,0,514.66
Bakery,327.18,314,7,Thursday,October,0,294.46
Beverages,401.96,327,92,Friday,June,0,422.06
Bakery,20.17,441,84,Sunday,December,1,21.18
Snacks,474.65,391,64,Saturday,September,1,474.65
Frozen,202.32,439,55,Friday,November,0,202.32
Vegetables,157.82,10,3,Tuesday,March,0,142.04
Frozen,470.27,170,8,Saturday,April,1,423.24
Dairy,440.33,469,18,Wednesday,February,0,396.3
Bakery,143.56,87,6,Saturday,August,1,129.2
Frozen,193.22,49,104,Tuesday,April,0,216.41
Household,97.11,289,37,Friday,June,0,97.11
Fruits,224.25,128,92,Saturday,October,1,251.16
Frozen,432.81,37,4,Friday,May,0,389.53
Beverages,380.03,303,62,Monday,May,0,380.03
Household,110.94,490,55,Friday,August,0,110.94
Frozen,44.23,356,97,Friday,August,0,46.44
Frozen,250.55,78,15,Saturday,April,1,250.55
Household,157.01,165,52,Sunday,February,1,164.86
Personal Care,363.42,436,16,Wednesday,December,0,327.08
Snacks,467.91,470,66,Saturday,April,1,467.91
Personal Care,283.65,428,83,Friday,October,0,297.83
Household,130.06,477,9,Tuesday,January,0,117.05
Dairy,264.7,170,74,Monday,May,0,277.94
Dairy,486.46,16,112,Tuesday,May,0,544.84
Bakery,488.76,231,5,Tuesday,July,0,439.88
Personal Care,99.83,125,103,Thursday,December,0,111.81
Snacks,116.69,105,39,Sunday,November,1,116.69
Beverages,162.55,150,114,Saturday,August,1,182.06
Bakery,402.92,294,116,Thursday,July,0,451.27
Beverages,424.07,389,62,Sunday,August,1,424.07
Personal Care,366.51,493,83,Friday,March,0,384.84
Bakery,27.18,54,64,Tuesday,August,0,28.54
Personal Care,275.57,69,11,Saturday,June,1,275.57
Bakery,452.43,393,44,Monday,December,0,452.43
Fruits,345.09,216,31,Monday,April,0,345.09
Beverages,144.19,31,85,Sunday,December,1,161.49
Personal Care,297.52,419,11,Friday,July,0,267.77
Household,55.11,203,51,Tuesday,August,0,55.11
Bakery,145.41,248,7,Thursday,June,0,130.87
Vegetables,451.85,222,100,Friday,July,0,506.07
Beverages,419.59,473,109,Tuesday,August,0,440.57
Vegetables,192.3,385,58,Thursday,February,0,192.3
Fruits,70.26,34,74,Friday,October,0,73.77
Snacks,428.59,336,112,Friday,February,0,480.02
Fruits,196.05,381,62,Monday,November,0,196.05
Fruits,322.1,1,17,Tuesday,November,0,322.1
Fruits,292.94,218,100,Tuesday,December,0,328.09
Personal Care,159.98,94,57,Friday,May,0,167.98
Snacks,10.04,497,2,Tuesday,October,0,9.04
Vegetables,253.52,327,97,Monday,July,0,266.2
Personal Care,217.58,488,44,Sunday,October,1,217.58
Personal Care,371.52,45,85,Sunday,September,1,416.1
Frozen,275.97,376,106,Sunday,May,1,309.09
Vegetables,248.42,140,78,Saturday,April,1,260.84
Beverages,13.78,370,75,Tuesday,March,0,14.47
Frozen,280.92,477,52,Friday,August,0,280.92
Dairy,327.6,106,61,Wednesday,June,0,343.98
Fruits,270.34,403,110,Wednesday,June,0,302.78
Fruits,355.54,460,50,Wednesday,April,0,355.54
Dairy,294.19,134,96,Thursday,May,0,329.49
Snacks,18.85,259,15,Tuesday,March,0,16.97
Beverages,94.92,236,48,Monday,May,0,94.92
Bakery,77.68,216,51,Wednesday,April,0,77.68
Household,368.15,2,74,Wednesday,June,0,386.56
Household,484.17,332,83,Thursday,April,0,508.38
Bakery,150.37,292,20,Saturday,July,1,135.33
Frozen,96.88,414,85,Wednesday,August,0,101.72
Fruits,219.95,104,72,Tuesday,November,0,230.95
Vegetables,39.1,493,9,Monday,January,0,35.19
Beverages,134.98,270,99,Sunday,December,1,151.18
Vegetables,341.72,220,35,Monday,November,0,341.72
Fruits,331.07,123,77,Friday,July,0,347.62
Fruits,305.49,337,112,Sunday,November,1,342.15
Snacks,380.37,314,99,Tuesday,April,0,426.01
Vegetables,105.89,101,68,Thursday,July,0,111.18
Vegetables,261.06,283,93,Sunday,July,1,292.39
Vegetables,294.62,272,20,Wednesday,September,0,265.16
Bakery,480.2,108,72,Sunday,December,1,504.21
Frozen,483.71,53,117,Thursday,June,0,541.76
Beverages,373.96,128,43,Monday,August,0,373.96
Snacks,245.16,500,63,Tuesday,December,0,245.16
Household,75.2,297,78,Friday,January,0,78.96
Frozen,471.58,131,119,Friday,July,0,528.17
Dairy,336.78,476,27,Wednesday,March,0,303.1
Household,38.18,203,60,Tuesday,December,0,40.09
Beverages,210.08,324,56,Tuesday,September,0,210.08
Bakery,450.15,231,52,Thursday,August,0,450.15
Fruits,405.2,276,110,Thursday,August,0,453.82
Snacks,353.6,247,10,Friday,February,0,318.24
Dairy,185.85,296,57,Wednesday,July,0,185.85
Vegetables,475.31,294,115,Friday,April,0,532.35
Snacks,26.17,111,89,Thursday,May,0,29.31
Dairy,337.63,81,33,Tuesday,July,0,337.63
Bakery,37.11,121,31,Tuesday,May,0,37.11
Vegetables,349.53,256,25,Thursday,June,0,314.58
Bakery,268.79,141,100,Friday,February,0,301.04
Vegetables,413.67,387,51,Monday,April,0,413.67
Beverages,294.36,11,52,Tuesday,June,0,309.08
Fruits,99.42,240,52,Sunday,April,1,99.42
Vegetables,180.64,392,19,Sunday,July,1,162.58
Vegetables,168.17,6,60,Tuesday,September,0,176.58
Personal Care,423.31,261,83,Saturday,December,1,444.48
Household,267.09,448,102,Monday,January,0,280.44
Vegetables,220.08,461,88,Saturday,October,1,231.08
Beverages,394.22,500,35,Saturday,June,1,354.8
Dairy,465.59,34,112,Wednesday,October,0,521.46
Dairy,162.13,387,60,Saturday,April,1,162.13
Household,363.21,250,48,Wednesday,April,0,363.21
Personal Care,476.14,165,31,Thursday,May,0,476.14
Frozen,59.16,32,63,Thursday,December,0,62.12
Fruits,233.7,77,21,Tuesday,December,0,233.7
Frozen,160.66,465,49,Saturday,November,1,160.66
Bakery,380.54,166,120,Tuesday,April,0,426.2
Dairy,15.13,255,2,Tuesday,August,0,13.62
Household,373.65,439,109,Thursday,July,0,418.49
Fruits,384.35,355,56,Saturday,October,1,384.35
Snacks,429.63,355,5,Wednesday,February,0,386.67
Personal Care,185.59,446,71,Thursday,November,0,185.59
Dairy,67.34,223,67,Sunday,February,1,70.71
Beverages,383.22,454,5,Thursday,June,0,344.9
Dairy,36.79,207,79,Sunday,October,1,38.63
Bakery,475.95,188,68,Wednesday,October,0,499.75
Snacks,434.65,458,85,Tuesday,March,0,456.38
Personal Care,135.51,183,56,Wednesday,March,0,142.29
Snacks,98.93,50,39,Saturday,September,1,103.88
Personal Care,147.02,43,25,Friday,October,0,147.02
Household,331.42,466,58,Thursday,October,0,331.42
Snacks,112.22,27,31,Friday,February,0,112.22
Household,222.64,168,76,Monday,August,0,233.77
Dairy,181.12,338,87,Sunday,July,1,190.18
Household,357.11,7,108,Thursday,April,0,399.96
Frozen,452.69,334,101,Monday,March,0,507.01
Vegetables,427.28,150,6,Saturday,September,1,384.55
Bakery,41.28,424,25,Monday,November,0,37.15
Frozen,293.17,308,30,Sunday,September,1,293.17
Beverages,43.93,161,17,Friday,August,0,39.54
Vegetables,295.67,388,75,Friday,July,0,310.45
Beverages,257.6,493,31,Monday,November,0,231.84
Beverages,280.72,29,47,Tuesday,February,0,294.76
Vegetables,186.0,165,50,Sunday,January,1,195.3
Vegetables,468.48,381,14,Friday,February,0,421.63
Beverages,329.78,28,34,Saturday,December,1,329.78
Vegetables,183.4,271,73,Thursday,June,0,192.57
Personal Care,310.5,283,9,Friday,May,0,279.45
Personal Care,481.05,305,112,Tuesday,September,0,538.78
Frozen,183.07,158,59,Monday,October,0,192.22
Beverages,453.19,329,109,Monday,November,0,507.57
Household,134.21,235,40,Friday,August,0,134.21
Dairy,174.76,195,20,Tuesday,January,0,157.28
Dairy,418.51,201,1,Friday,November,0,376.66
Personal Care,143.39,201,112,Monday,June,0,160.6
Dairy,430.94,71,108,Sunday,November,1,482.65
Snacks,459.32,27,54,Thursday,November,0,482.29
Household,431.28,222,108,Monday,June,0,483.03
Dairy,492.41,317,3,Sunday,September,1,443.17
Household,325.52,357,59,Thursday,June,0,325.52
Fruits,273.54,295,28,Sunday,August,1,273.54
Snacks,295.98,475,78,Wednesday,August,0,310.78
Personal Care,120.62,78,113,Friday,October,0,135.09
Dairy,355.42,167,112,Tuesday,February,0,398.07
Frozen,405.93,10,76,Monday,January,0,454.64
Beverages,233.23,465,101,Wednesday,August,0,244.89
Bakery,455.55,394,112,Wednesday,March,0,510.22
Personal Care,341.03,117,22,Monday,February,0,341.03
Bakery,408.57,298,7,Tuesday,July,0,367.71
Frozen,383.34,69,31,Thursday,August,0,383.34
Snacks,496.1,478,71,Monday,April,0,496.1
Snacks,13.64,464,69,Tuesday,February,0,13.64
Personal Care,191.3,84,32,Thursday,September,0,191.3
Dairy,111.57,198,28,Sunday,April,1,111.57
Beverages,262.34,136,82,Tuesday,June,0,275.46
Frozen,166.75,494,116,Friday,July,0,186.76
Frozen,382.6,18,96,Saturday,June,1,428.51
Vegetables,29.96,26,92,Wednesday,September,0,33.56
Household,461.17,359,97,Tuesday,September,0,484.23
Bakery,170.54,427,48,Sunday,January,1,170.54
Bakery,428.09,139,29,Saturday,September,1,428.09
Household,232.49,55,72,Saturday,January,1,244.11
Fruits,232.51,495,117,Saturday,May,1,260.41
Bakery,401.56,451,68,Friday,February,0,401.56
Household,338.16,432,82,Sunday,February,1,355.07
Personal Care,142.84,209,12,Friday,November,0,128.56
Household,133.74,233,12,Monday,January,0,120.37
Frozen,460.17,213,108,Tuesday,July,0,515.39
Frozen,219.82,284,47,Wednesday,June,0,219.82
Household,125.12,448,82,Saturday,July,1,131.38
Snacks,253.84,411,64,Thursday,July,0,253.84
Household,306.2,456,46,Friday,October,0,306.2
Dairy,92.66,118,36,Wednesday,March,0,92.66
Snacks,448.09,288,14,Sunday,July,1,403.28
Beverages,100.43,220,35,Friday,May,0,100.43
Bakery,267.98,201,13,Wednesday,July,0,241.18
Beverages,278.85,120,52,Tuesday,December,0,292.79
Household,273.37,31,85,Wednesday,April,0,306.17
Snacks,52.48,185,11,Saturday,April,1,47.23
Bakery,342.0,101,45,Thursday,February,0,342.0
Bakery,473.66,460,1,Tuesday,August,0,426.29
Vegetables,151.87,97,39,Wednesday,August,0,151.87
Snacks,228.35,384,23,Tuesday,October,0,205.51
Bakery,246.47,195,10,Friday,December,0,221.82
Frozen,283.21,452,22,Wednesday,September,0,254.89
Vegetables,177.15,485,67,Sunday,May,1,177.15
Snacks,68.86,325,91,Sunday,June,1,72.3
Fruits,159.16,271,58,Wednesday,August,0,159.16
Personal Care,23.53,232,25,Friday,August,0,21.18
Beverages,291.61,215,14,Saturday,August,1,262.45
Household,209.59,225,63,Friday,October,0,220.07
Dairy,198.58,260,115,Tuesday,December,0,222.41
Personal Care,138.65,169,16,Monday,September,0,124.79
Dairy,302.69,134,43,Wednesday,February,0,302.69
Beverages,151.8,189,119,Tuesday,September,0,170.02
Frozen,126.08,281,33,Monday,February,0,126.08
Frozen,424.0,45,86,Thursday,January,0,474.88
Frozen,133.44,466,16,Wednesday,May,0,120.1
Household,114.05,126,64,Saturday,June,1,119.75
Beverages,19.83,420,47,Thursday,October,0,19.83
Bakery,145.28,482,87,Monday,July,0,152.54
Personal Care,496.93,180,113,Thursday,April,0,556.56
Snacks,242.83,459,67,Wednesday,January,0,242.83
Bakery,108.79,37,81,Thursday,September,0,121.84
Bakery,17.64,3,63,Monday,October,0,18.52
Household,246.14,53,85,Wednesday,June,0,275.68
Bakery,162.7,184,13,Wednesday,October,0,146.43
Household,170.18,397,25,Friday,August,0,153.16
Snacks,197.99,19,112,Thursday,March,0,221.75
Frozen,218.91,40,109,Sunday,September,1,245.18
Dairy,272.2,124,115,Friday,September,0,304.86
Bakery,197.48,277,40,Friday,March,0,197.48
Fruits,359.62,101,84,Monday,October,0,402.77
Dairy,233.28,9,101,Wednesday,December,0,261.27
Frozen,144.98,175,1,Tuesday,January,0,130.48
Dairy,195.05,2,34,Wednesday,December,0,195.05
Bakery,340.3,315,7,Friday,February,0,306.27
Vegetables,244.91,109,7,Monday,March,0,220.42
Fruits,322.69,194,31,Saturday,March,1,322.69
Fruits,99.84,106,101,Thursday,April,0,111.82
Frozen,310.42,166,8,Wednesday,April,0,279.38
Beverages,459.23,198,114,Monday,June,0,514.34
Dairy,137.58,120,46,Tuesday,June,0,137.58
Beverages,90.51,388,106,Saturday,June,1,101.37
Personal Care,298.96,27,102,Sunday,June,1,334.84
Snacks,481.08,289,60,Tuesday,May,0,481.08
Household,57.31,347,85,Wednesday,October,0,60.18
Frozen,155.03,216,8,Saturday,July,1,139.53
Dairy,360.36,313,72,Friday,December,0,378.38
Fruits,86.6,131,113,Monday,December,0,96.99
Household,53.96,336,90,Tuesday,February,0,56.66
Frozen,152.57,406,9,Friday,October,0,137.31
Bakery,353.59,223,47,Thursday,May,0,353.59
Dairy,487.0,390,21,Saturday,June,1,438.3
Personal Care,443.76,89,55,Monday,January,0,465.95
Frozen,72.31,386,83,Friday,November,0,75.93
Beverages,91.95,267,34,Tuesday,June,0,91.95
Fruits,308.52,316,25,Friday,November,0,277.67
Household,462.66,154,48,Friday,October,0,462.66
Beverages,86.25,33,83,Thursday,May,0,96.6
Fruits,167.82,306,35,Friday,August,0,167.82
Fruits,184.13,188,41,Monday,March,0,184.13
Vegetables,424.54,415,66,Saturday,October,1,424.54
Household,497.67,104,69,Tuesday,July,0,522.55
Fruits,209.84,178,99,Thursday,January,0,235.02
Snacks,49.34,2,11,Tuesday,March,0,49.34
Bakery,130.24,330,98,Saturday,September,1,145.87
Fruits,184.65,108,83,Sunday,November,1,206.81
Personal Care,97.49,155,37,Saturday,September,1,97.49
Snacks,414.02,172,37,Saturday,June,1,414.02
Fruits,151.38,260,68,Saturday,November,1,158.95
Snacks,313.03,454,67,Tuesday,September,0,313.03
Beverages,187.39,191,112,Wednesday,April,0,209.88
Dairy,315.4,99,44,Saturday,April,1,331.17
Household,94.71,33,46,Monday,August,0,99.45
Snacks,343.34,147,102,Thursday,July,0,384.54
Dairy,470.76,222,69,Saturday,October,1,494.3
Beverages,486.34,131,61,Monday,June,0,510.66
Fruits,391.96,213,115,Monday,January,0,439.0
Vegetables,32.75,466,10,Monday,April,0,29.48
Dairy,89.54,456,14,Saturday,March,1,80.59
Snacks,295.24,493,47,Monday,March,0,295.24
Bakery,431.48,214,77,Friday,April,0,453.05
Beverages,103.6,285,46,Wednesday,February,0,103.6
Personal Care,488.33,479,22,Thursday,April,0,439.5
Beverages,212.11,383,17,Monday,May,0,190.9
Personal Care,166.52,466,61,Monday,June,0,166.52
Dairy,140.67,64,107,Friday,July,0,157.55
Fruits,276.34,226,64,Friday,September,0,290.16
Dairy,385.23,492,11,Saturday,February,1,346.71
Household,383.16,52,27,Tuesday,July,0,383.16
Vegetables,156.27,101,117,Tuesday,December,0,175.02
Frozen,103.19,182,102,Wednesday,July,0,115.57
Dairy,111.74,368,50,Sunday,December,1,111.74
Snacks,52.41,449,113,Sunday,June,1,58.7
Fruits,50.6,233,32,Tuesday,April,0,50.6
Vegetables,59.1,151,44,Wednesday,March,0,59.1
Fruits,483.84,481,72,Saturday,August,1,508.03
Frozen,323.03,83,81,Thursday,January,0,339.18
Beverages,440.63,169,55,Wednesday,January,0,462.66
Snacks,17.13,314,98,Friday,September,0,17.99
Frozen,259.33,41,77,Saturday,June,1,290.45
Dairy,246.03,288,56,Thursday,October,0,246.03
Frozen,289.06,311,73,Tuesday,November,0,303.51
Vegetables,475.84,292,83,Monday,November,0,499.63
Personal Care,285.36,419,117,Saturday,August,1,319.6
Personal Care,200.5,89,31,Saturday,February,1,200.5
Dairy,27.7,149,12,Wednesday,June,0,24.93
Bakery,252.28,468,42,Friday,July,0,227.05
Snacks,450.34,472,58,Tuesday,June,0,450.34
Snacks,109.32,451,61,Monday,March,0,109.32
Vegetables,389.84,304,78,Thursday,July,0,409.33
Frozen,255.8,415,114,Friday,June,0,286.5
Vegetables,418.33,138,28,Monday,February,0,418.33
Frozen,89.17,35,8,Saturday,November,1,89.17
Frozen,183.72,435,97,Monday,May,0,192.91
Personal Care,422.76,106,101,Friday,July,0,473.49
Household,345.36,149,96,Tuesday,February,0,386.8
Dairy,176.56,225,64,Monday,November,0,185.39
Dairy,466.8,349,8,Saturday,March,1,420.12
Fruits,171.96,213,6,Friday,November,0,154.76
Vegetables,494.95,391,43,Friday,July,0,494.95
Fruits,307.87,170,112,Friday,May,0,344.81
Snacks,135.37,83,25,Monday,May,0,135.37
Personal Care,386.88,86,95,Monday,March,0,433.31
Household,356.53,495,120,Friday,July,0,399.31
Dairy,217.89,330,98,Monday,October,0,228.78
Vegetables,62.67,23,88,Wednesday,January,0,70.19
Bakery,165.31,409,39,Saturday,February,1,165.31
Personal Care,11.04,404,8,Friday,June,0,9.94
Dairy,335.96,361,31,Saturday,May,1,302.36
Fruits,318.33,367,21,Friday,December,0,286.5
Frozen,455.35,402,54,Wednesday,February,0,455.35
Beverages,94.16,211,39,Thursday,March,0,94.16
Household,349.12,353,29,Saturday,October,1,314.21
Beverages,149.84,109,77,Saturday,July,1,157.33
Dairy,425.15,65,33,Monday,September,0,425.15
Bakery,232.24,363,81,Wednesday,March,0,243.85
Household,339.62,476,74,Saturday,December,1,356.6
Frozen,268.68,173,97,Saturday,March,1,300.92
Fruits,398.81,485,56,Friday,March,0,398.81
Dairy,288.51,281,83,Friday,February,0,302.94
Beverages,84.68,402,99,Thursday,July,0,88.91
Bakery,468.52,453,21,Sunday,September,1,421.67
Dairy,306.67,250,1,Tuesday,January,0,276.0
Fruits,297.59,8,78,Thursday,November,0,333.3
Snacks,185.39,468,13,Sunday,November,1,166.85
Household,315.15,39,61,Wednesday,November,0,330.91
Snacks,125.51,226,8,Tuesday,November,0,112.96
Household,448.7,123,64,Friday,August,0,471.13
Dairy,270.38,27,40,Saturday,April,1,283.9
Fruits,384.04,472,45,Friday,August,0,345.64
Beverages,386.64,102,60,Monday,August,0,405.97
Beverages,27.38,59,42,Tuesday,April,0,27.38
Snacks,22.16,103,119,Sunday,March,1,24.82
Household,476.02,295,117,Sunday,July,1,533.14
Personal Care,228.07,129,118,Monday,April,0,255.44
Snacks,44.27,52,46,Monday,October,0,46.48
Frozen,256.54,313,38,Friday,December,0,256.54
Personal Care,87.36,212,84,Thursday,April,0,91.73
Bakery,190.3,453,28,Monday,October,0,171.27
Dairy,498.44,329,84,Wednesday,December,0,523.36
Bakery,130.91,183,106,Thursday,November,0,146.62
Household,106.03,420,91,Thursday,July,0,111.33
Fruits,53.1,206,40,Thursday,December,0,53.1
Snacks,171.06,383,119,Wednesday,June,0,191.59
Beverages,100.04,387,82,Tuesday,April,0,105.04
Beverages,441.86,352,28,Sunday,May,1,397.67
Vegetables,333.37,372,24,Sunday,December,1,300.03
Fruits,383.5,291,28,Saturday,May,1,383.5
Frozen,184.09,225,59,Wednesday,September,0,193.29
Snacks,499.28,114,45,Tuesday,February,0,499.28
Fruits,10.06,350,50,Wednesday,January,0,10.06
Frozen,151.33,74,26,Saturday,December,1,151.33
Bakery,168.5,21,20,Wednesday,May,0,168.5
Fruits,256.49,5,114,Thursday,June,0,287.27
Dairy,62.46,101,19,Thursday,November,0,62.46
Dairy,479.73,334,35,Friday,February,0,431.76
Personal Care,60.08,9,87,Wednesday,March,0,67.29
Frozen,474.79,322,51,Tuesday,July,0,474.79
Personal Care,91.89,478,20,Saturday,February,1,82.7
Beverages,456.49,208,34,Saturday,June,1,456.49
Personal Care,109.32,250,54,Friday,November,0,109.32
Fruits,309.49,222,62,Saturday,May,1,324.96
Frozen,244.88,439,119,Tuesday,July,0,274.27
Vegetables,210.09,100,1,Sunday,February,1,189.08
Snacks,111.0,68,63,Friday,September,0,116.55
Vegetables,475.11,416,13,Sunday,August,1,427.6
Dairy,93.8,487,54,Saturday,August,1,93.8
Bakery,305.48,198,10,Wednesday,October,0,274.93
Personal Care,315.31,439,70,Wednesday,February,0,315.31
Personal Care,370.02,182,55,Monday,July,0,388.52
Dairy,400.15,279,37,Friday,June,0,400.15
Beverages,205.18,420,54,Friday,March,0,205.18
Beverages,485.64,235,73,Wednesday,December,0,509.92
Frozen,45.1,399,11,Sunday,January,1,40.59
Frozen,197.44,345,120,Wednesday,October,0,221.13
Beverages,314.12,98,21,Saturday,June,1,314.12
Fruits,268.64,24,117,Friday,September,0,300.88
Household,400.46,23,55,Friday,January,0,420.48
Snacks,36.87,361,113,Sunday,April,1,41.29
Personal Care,370.6,490,62,Saturday,December,1,370.6
Bakery,48.39,26,18,Thursday,April,0,48.39
Dairy,417.4,333,18,Tuesday,September,0,375.66
Household,322.83,427,43,Saturday,February,1,322.83
Beverages,300.34,79,5,Thursday,March,0,270.31
Beverages,106.53,405,27,Tuesday,June,0,95.88
Vegetables,83.55,115,74,Friday,October,0,87.73
Household,43.13,358,16,Tuesday,November,0,38.82
Fruits,383.92,241,118,Sunday,April,1,429.99
Vegetables,413.62,235,78,Tuesday,August,0,434.3
Vegetables,495.72,200,57,Friday,March,0,520.51
Snacks,201.84,326,71,Saturday,May,1,211.93
Beverages,73.82,395,50,Sunday,July,1,73.82
Household,60.99,131,88,Wednesday,September,0,68.31
Frozen,176.02,139,26,Monday,July,0,176.02
Beverages,411.83,196,68,Monday,May,0,432.42
Vegetables,321.62,415,73,Friday,November,0,337.7
Bakery,297.93,360,57,Tuesday,January,0,297.93
Beverages,423.05,264,11,Monday,April,0,380.75
Dairy,382.01,266,35,Tuesday,November,0,382.01
Snacks,296.66,149,115,Monday,October,0,332.26
Vegetables,66.93,39,90,Saturday,August,1,74.96
Frozen,132.1,100,3,Saturday,June,1,118.89
Dairy,499.35,386,36,Friday,June,0,449.42
Dairy,435.32,145,31,Sunday,March,1,435.32
Fruits,57.44,431,76,Tuesday,October,0,60.31
Vegetables,444.55,494,1,Tuesday,December,0,400.1
Vegetables,147.68,488,84,Wednesday,February,0,155.06
Frozen,52.37,194,76,Tuesday,November,0,54.99
Frozen,406.37,140,107,Monday,September,0,455.13
Vegetables,385.68,443,15,Saturday,November,1,347.11
Frozen,124.0,124,65,Monday,April,0,130.2
Fruits,16.83,461,95,Wednesday,August,0,17.67
Personal Care,47.46,125,61,Thursday,March,0,49.83
Beverages,213.05,374,43,Friday,May,0,213.05
Bakery,362.17,66,47,Sunday,September,1,380.28
Snacks,267.93,43,103,Thursday,April,0,300.08
Household,251.6,38,103,Monday,July,0,281.79
Personal Care,395.81,143,92,Thursday,July,0,443.31
Vegetables,144.6,246,14,Sunday,April,1,130.14
Beverages,345.47,318,8,Sunday,February,1,310.92
Dairy,444.81,427,78,Saturday,February,1,467.05
Household,265.49,440,119,Sunday,November,1,297.35
Household,345.72,430,13,Friday,June,0,311.15
Vegetables,49.8,62,106,Monday,February,0,55.78
Personal Care,198.15,68,25,Sunday,December,1,198.15
Household,132.49,173,82,Sunday,October,1,139.11
Frozen,259.59,262,76,Monday,February,0,272.57
Personal Care,481.3,276,15,Sunday,March,1,433.17
Snacks,174.93,117,104,Monday,July,0,195.92
Fruits,410.31,203,7,Tuesday,August,0,369.28
Bakery,204.55,299,24,Thursday,September,0,184.1
Vegetables,282.44,446,60,Friday,November,0,282.44
Fruits,479.58,280,10,Sunday,October,1,431.62
Snacks,423.44,273,30,Wednesday,August,0,381.1
Fruits,376.11,179,12,Monday,November,0,338.5
Personal Care,242.42,1,81,Friday,January,0,271.51
Beverages,498.95,85,13,Tuesday,February,0,449.06
Bakery,351.65,430,66,Tuesday,May,0,351.65
Bakery,417.19,155,95,Tuesday,January,0,467.25
Personal Care,382.52,159,49,Friday,August,0,382.52
Vegetables,317.12,152,19,Sunday,June,1,317.12
Frozen,118.32,297,120,Sunday,January,1,132.52
Dairy,465.6,303,58,Thursday,September,0,465.6
Snacks,130.9,185,1,Monday,May,0,117.81
Bakery,313.04,46,86,Monday,April,0,350.6
Dairy,115.09,227,100,Thursday,July,0,128.9
Bakery,243.59,199,90,Monday,July,0,272.82
Frozen,282.62,138,110,Thursday,May,0,316.53
Vegetables,340.46,70,102,Saturday,January,1,381.32
Vegetables,249.49,272,40,Sunday,September,1,249.49
Bakery,260.83,274,50,Friday,July,0,260.83
Beverages,120.9,144,33,Wednesday,January,0,120.9
Household,191.24,73,109,Wednesday,August,0,214.19
Fruits,93.85,405,29,Sunday,October,1,84.47
Frozen,428.19,333,52,Tuesday,January,0,428.19
Bakery,210.0,487,85,Wednesday,October,0,220.5
Personal Care,476.55,245,95,Saturday,March,1,533.74
Snacks,43.45,320,4,Monday,August,0,39.11
Dairy,352.39,200,55,Sunday,September,1,370.01
Frozen,128.96,225,18,Monday,December,0,116.06
Vegetables,398.95,403,72,Friday,April,0,418.9
Household,261.66,129,94,Saturday,November,1,293.06
Dairy,405.28,157,62,Monday,June,0,425.54
Fruits,53.29,459,103,Tuesday,July,0,55.95
Household,200.25,178,50,Sunday,December,1,210.26
Personal Care,59.41,220,41,Thursday,July,0,59.41
Frozen,234.2,172,59,Sunday,February,1,245.91
Bakery,412.87,72,5,Thursday,January,0,371.58
Bakery,265.93,337,3,Saturday,June,1,239.34
Vegetables,386.33,99,98,Wednesday,October,0,432.69
Frozen,250.36,302,104,Tuesday,July,0,280.4
Beverages,187.15,447,44,Tuesday,June,0,187.15
Fruits,216.3,179,4,Saturday,December,1,194.67
Snacks,101.89,447,106,Friday,November,0,106.98
Vegetables,326.35,275,7,Sunday,September,1,293.72
Frozen,42.13,221,87,Sunday,November,1,47.19
Vegetables,372.81,98,97,Monday,May,0,417.55
Snacks,147.33,75,21,Friday,October,0,147.33
Fruits,274.69,112,17,Sunday,February,1,274.69
Dairy,41.63,124,29,Friday,September,0,41.63
Snacks,14.7,8,36,Monday,January,0,14.7
Snacks,250.09,417,112,Thursday,June,0,280.1
Vegetables,161.55,377,118,Saturday,October,1,180.94
Dairy,61.96,156,6,Wednesday,July,0,55.76
Household,370.53,76,107,Wednesday,August,0,414.99
Vegetables,249.34,345,95,Sunday,October,1,261.81
Dairy,309.24,313,8,Tuesday,November,0,278.32
Fruits,370.37,289,1,Wednesday,July,0,333.33
Snacks,203.52,440,9,Sunday,October,1,183.17
Bakery,263.0,99,99,Friday,July,0,294.56
Personal Care,270.01,277,25,Thursday,March,0,243.01
Frozen,297.51,486,54,Monday,July,0,297.51
Snacks,200.54,228,86,Thursday,February,0,210.57
Fruits,459.42,235,41,Tuesday,October,0,459.42
Frozen,360.77,349,74,Saturday,May,1,378.81
Beverages,347.58,319,13,Wednesday,May,0,312.82
Vegetables,319.93,237,119,Friday,September,0,358.32
Bakery,339.09,136,13,Saturday,March,1,305.18
Personal Care,170.66,84,102,Thursday,August,0,191.14
Dairy,187.19,406,69,Sunday,August,1,196.55
Household,466.69,21,42,Thursday,March,0,490.02
Personal Care,154.69,422,69,Monday,September,0,154.69
Vegetables,271.1,421,118,Thursday,August,0,303.63
Vegetables,480.86,367,48,Sunday,January,1,480.86
Bakery,120.61,294,15,Friday,April,0,108.55
Vegetables,236.04,225,118,Wednesday,December,0,264.36
Bakery,156.41,87,3,Monday,April,0,140.77
Personal Care,419.79,418,85,Sunday,September,1,440.78
Personal Care,113.78,455,96,Tuesday,September,0,119.47
Bakery,468.45,160,3,Wednesday,July,0,421.61
Beverages,162.86,273,56,Saturday,December,1,171.0
Snacks,399.76,431,57,Sunday,March,1,399.76
Snacks,211.17,84,62,Tuesday,April,0,221.73
Dairy,255.76,293,2,Tuesday,May,0,230.18
Household,390.52,159,51,Saturday,September,1,410.05
Personal Care,403.71,128,98,Tuesday,February,0,452.16
Dairy,433.99,305,42,Wednesday,October,0,433.99
Frozen,285.44,53,63,Thursday,December,0,299.71
Snacks,38.05,463,61,Friday,January,0,38.05
Bakery,350.59,370,74,Friday,November,0,368.12
Vegetables,424.14,422,119,Wednesday,July,0,475.04
Fruits,215.49,239,3,Friday,October,0,193.94
Household,67.87,386,6,Tuesday,December,0,61.08
Household,207.94,497,21,Wednesday,August,0,187.15
Frozen,75.17,30,93,Saturday,October,1,84.19
Dairy,79.82,14,45,Thursday,October,0,83.81
Household,193.07,13,103,Monday,May,0,216.24
Personal Care,144.35,177,55,Sunday,July,1,151.57
Snacks,30.22,465,48,Saturday,August,1,30.22
Beverages,253.47,223,20,Sunday,March,1,228.12
Dairy,90.24,231,41,Friday,October,0,90.24
Beverages,412.97,288,28,Friday,December,0,371.67
Dairy,167.01,236,4,Monday,December,0,150.31
Snacks,324.61,363,51,Saturday,December,1,324.61
Dairy,483.65,341,59,Tuesday,January,0,483.65
Snacks,84.8,375,36,Friday,October,0,76.32
Snacks,417.13,73,30,Saturday,August,1,417.13
Fruits,459.12,216,63,Thursday,October,0,482.08
Personal Care,468.4,199,111,Friday,June,0,524.61
Snacks,417.07,142,15,Sunday,May,1,375.36
Vegetables,148.63,215,84,Friday,October,0,156.06
Vegetables,486.55,373,5,Thursday,August,0,437.9
Household,243.37,325,120,Wednesday,July,0,272.57
Household,269.53,347,96,Thursday,September,0,283.01
Household,203.29,154,47,Monday,December,0,203.29
Beverages,145.75,230,73,Tuesday,May,0,153.04
Frozen,273.7,66,109,Saturday,October,1,306.54
Vegetables,476.81,47,52,Wednesday,March,0,500.65
Beverages,336.84,252,114,Tuesday,June,0,377.26
Bakery,52.38,240,62,Friday,July,0,55.0
Snacks,137.2,322,9,Wednesday,May,0,123.48
Vegetables,452.12,341,63,Thursday,May,0,452.12
Fruits,470.97,399,26,Friday,August,0,423.87
Bakery,477.47,10,25,Monday,September,0,477.47
Vegetables,225.03,398,106,Tuesday,August,0,252.03
Fruits,438.1,486,54,Monday,July,0,438.1
Vegetables,257.7,268,86,Thursday,August,0,270.58
Personal Care,367.91,90,2,Wednesday,November,0,331.12
Dairy,335.69,431,42,Thursday,September,0,302.12
Personal Care,207.69,74,106,Monday,July,0,232.61
Snacks,138.31,209,43,Monday,September,0,138.31
Frozen,430.2,396,15,Wednesday,April,0,387.18
Bakery,74.99,151,115,Monday,November,0,83.99
Snacks,359.02,65,81,Friday,September,0,402.1
Fruits,315.53,273,96,Sunday,December,1,353.39
Frozen,333.86,219,41,Sunday,February,1,333.86
Personal Care,223.98,210,104,Monday,February,0,250.86
Fruits,16.9,393,95,Wednesday,October,0,17.75
Snacks,310.9,238,5,Monday,December,0,279.81
Household,191.1,444,22,Tuesday,July,0,171.99
Personal Care,48.14,69,34,Thursday,June,0,48.14
Household,85.55,337,120,Saturday,October,1,95.82
Household,361.95,288,58,Sunday,April,1,380.05
Household,66.22,279,31,Tuesday,January,0,66.22
Beverages,87.96,453,60,Saturday,February,1,87.96
Bakery,115.01,42,65,Monday,January,0,120.76
Beverages,50.31,143,77,Friday,January,0,52.83
Dairy,362.71,500,69,Wednesday,August,0,362.71
Household,409.62,171,47,Thursday,November,0,409.62
Fruits,130.83,352,83,Tuesday,March,0,137.37
Vegetables,98.43,453,78,Monday,April,0,103.35
Beverages,497.18,362,9,Friday,November,0,447.46
Snacks,213.79,298,104,Saturday,May,1,239.44
Vegetables,131.99,301,66,Saturday,January,1,138.59
Vegetables,143.05,308,67,Sunday,August,1,150.2
Snacks,77.72,401,59,Wednesday,September,0,77.72
Personal Care,380.9,219,19,Thursday,February,0,342.81
Snacks,238.46,321,19,Wednesday,May,0,214.61
Frozen,426.17,269,36,Wednesday,October,0,426.17
Vegetables,488.95,372,4,Friday,January,0,440.06
Frozen,205.62,417,4,Friday,May,0,185.06
Fruits,266.98,499,7,Sunday,July,1,240.28
Beverages,461.74,218,38,Thursday,December,0,461.74
Household,256.0,273,119,Friday,October,0,286.72
Vegetables,254.85,138,35,Sunday,May,1,254.85
Frozen,454.88,497,32,Monday,March,0,409.39
Vegetables,345.32,408,18,Saturday,January,1,310.79
Beverages,234.68,300,32,Saturday,October,1,234.68
Dairy,298.56,48,88,Monday,March,0,334.39
Beverages,28.65,491,97,Monday,June,0,30.08
Bakery,493.98,331,88,Friday,June,0,518.68
Bakery,113.0,261,36,Monday,June,0,113.0
Personal Care,421.71,367,50,Saturday,June,1,421.71
Beverages,498.16,251,2,Monday,September,0,448.34
Fruits,254.1,191,10,Friday,January,0,228.69
Dairy,110.76,82,93,Thursday,January,0,124.05
Fruits,128.54,390,112,Thursday,September,0,143.96
Personal Care,127.52,219,60,Wednesday,September,0,133.9
Personal Care,216.88,326,29,Monday,January,0,195.19
Snacks,78.76,119,70,Saturday,June,1,82.7
Personal Care,128.93,367,56,Thursday,April,0,128.93
Dairy,376.02,281,44,Friday,March,0,376.02
Bakery,314.28,454,96,Wednesday,June,0,329.99
Frozen,277.31,71,35,Tuesday,February,0,277.31
Beverages,343.37,451,11,Tuesday,June,0,309.03
Household,471.61,257,79,Friday,April,0,495.19
Beverages,347.77,11,62,Friday,February,0,365.16
Personal Care,64.42,473,100,Sunday,June,1,67.64
Fruits,20.16,212,58,Monday,August,0,21.17
Fruits,417.49,361,87,Saturday,December,1,438.36
Beverages,422.41,154,33,Saturday,June,1,422.41
Personal Care,370.7,487,61,Wednesday,November,0,370.7
Fruits,44.01,119,108,Monday,June,0,49.29
Frozen,402.2,427,63,Tuesday,February,0,402.2
Dairy,73.95,81,50,Sunday,May,1,77.65
Household,304.68,411,55,Tuesday,October,0,304.68
Personal Care,483.54,271,37,Wednesday,September,0,483.54
Snacks,357.29,414,2,Sunday,October,1,321.56
Dairy,104.26,178,72,Saturday,June,1,109.47
Vegetables,358.89,70,49,Tuesday,November,0,376.83
Beverages,350.58,243,45,Monday,March,0,350.58
Fruits,320.58,311,20,Thursday,May,0,288.52
Beverages,64.12,4,23,Tuesday,September,0,64.12
Fruits,408.91,476,110,Friday,September,0,429.36
Dairy,249.42,223,54,Saturday,December,1,261.89
Personal Care,288.86,253,6,Thursday,November,0,259.97
Household,293.62,318,1,Saturday,December,1,264.26
Bakery,285.97,208,85,Saturday,May,1,300.27
Snacks,375.11,365,31,Wednesday,July,0,337.6
Beverages,102.56,171,101,Monday,March,0,114.87
Bakery,445.96,442,16,Friday,August,0,401.36
Dairy,346.37,492,1,Monday,September,0,311.73
Beverages,97.6,29,46,Tuesday,March,0,102.48
Beverages,30.83,301,31,Friday,December,0,27.75
Household,197.91,393,7,Friday,October,0,178.12
Vegetables,24.86,218,50,Monday,August,0,24.86
Bakery,419.54,8,111,Monday,May,0,469.88
Fruits,433.03,93,34,Sunday,August,1,433.03
Household,449.49,315,93,Monday,February,0,471.96
Fruits,103.81,23,102,Thursday,July,0,116.27
Household,38.56,207,66,Friday,November,0,40.49
Vegetables,188.88,368,55,Sunday,January,1,188.88
Beverages,237.77,471,26,Monday,July,0,213.99
Dairy,126.93,179,7,Tuesday,December,0,114.24
Personal Care,450.86,175,2,Thursday,April,0,405.77
Beverages,373.58,402,107,Monday,December,0,418.41
Household,85.7,465,36,Monday,November,0,77.13
Frozen,308.12,132,100,Sunday,November,1,345.09
Household,221.32,154,49,Friday,July,0,221.32
Frozen,238.74,396,82,Saturday,December,1,250.68
Personal Care,211.75,439,16,Wednesday,March,0,190.58
Vegetables,159.46,9,1,Sunday,January,1,143.51
Bakery,113.75,482,57,Wednesday,April,0,113.75
Fruits,260.18,251,94,Monday,January,0,291.4
Fruits,127.72,416,23,Tuesday,March,0,114.95
Beverages,169.31,371,85,Saturday,September,1,177.78
Snacks,119.37,219,100,Sunday,March,1,133.69
Beverages,436.75,108,93,Tuesday,May,0,489.16
Household,31.76,176,36,Monday,August,0,31.76
Fruits,208.39,237,69,Thursday,July,0,218.81
Bakery,30.73,334,7,Monday,January,0,27.66
Household,303.24,437,16,Friday,July,0,272.92
Beverages,325.62,138,64,Friday,April,0,341.9
Snacks,316.49,106,39,Friday,November,0,316.49
Bakery,149.73,66,51,Friday,November,0,157.22
Frozen,482.26,459,29,Monday,June,0,434.03
Household,320.35,347,68,Monday,November,0,336.37
Dairy,256.65,190,64,Sunday,June,1,269.48
Fruits,170.96,485,89,Tuesday,February,0,179.51
Vegetables,465.2,115,95,Saturday,September,1,521.02
Beverages,469.48,252,7,Saturday,December,1,422.53
Vegetables,147.63,132,50,Friday,November,0,155.01
Household,18.1,342,26,Saturday,September,1,16.29
Bakery,129.83,188,92,Saturday,May,1,145.41
Bakery,279.09,159,23,Friday,April,0,279.09
Beverages,476.04,379,36,Wednesday,August,0,428.44
Dairy,42.21,442,104,Thursday,April,0,44.32
Snacks,422.08,250,85,Monday,February,0,443.18
Dairy,216.9,99,52,Monday,June,0,227.75
Personal Care,397.07,424,73,Thursday,February,0,416.92
Beverages,241.76,120,11,Saturday,January,1,217.58
Vegetables,86.34,199,22,Saturday,November,1,86.34
Fruits,239.26,215,109,Sunday,December,1,267.97
Dairy,222.79,12,39,Monday,September,0,222.79
Frozen,311.96,199,2,Friday,June,0,280.76
Frozen,207.43,431,13,Monday,December,0,186.69
Vegetables,101.57,296,17,Sunday,February,1,91.41
Dairy,493.63,161,65,Thursday,May,0,518.31
Snacks,186.91,415,31,Monday,October,0,168.22
Fruits,167.67,102,89,Thursday,April,0,187.79
Bakery,479.31,297,111,Tuesday,September,0,536.83
Frozen,494.36,49,67,Saturday,July,1,519.08
Bakery,333.04,164,83,Thursday,September,0,349.69
Frozen,116.79,462,41,Saturday,May,1,116.79
Frozen,468.78,342,88,Tuesday,March,0,492.22
Dairy,213.86,424,99,Friday,October,0,224.55
Beverages,175.78,176,68,Sunday,April,1,184.57
Dairy,15.31,410,107,Wednesday,September,0,17.15
Dairy,335.29,363,71,Sunday,August,1,352.05
Household,208.8,489,32,Wednesday,December,0,187.92
Personal Care,312.38,369,110,Sunday,January,1,349.87
Vegetables,263.69,432,30,Wednesday,September,0,237.32
Vegetables,127.6,44,115,Friday,March,0,142.91
Fruits,365.13,84,120,Thursday,August,0,408.95
Vegetables,393.87,148,7,Thursday,October,0,354.48
Snacks,77.47,491,65,Monday,September,0,77.47
Bakery,199.19,243,12,Thursday,August,0,179.27
Bakery,68.41,116,37,Monday,March,0,68.41
Dairy,482.49,252,112,Tuesday,July,0,540.39
Bakery,254.07,164,59,Sunday,May,1,266.77
Bakery,242.13,315,9,Friday,May,0,217.92
Vegetables,12.83,406,8,Monday,January,0,11.55
Bakery,121.55,31,107,Sunday,November,1,136.14
Beverages,363.5,142,106,Friday,October,0,407.12
Dairy,135.08,5,11,Monday,December,0,135.08
Snacks,418.98,395,83,Friday,March,0,439.93
Bakery,184.06,326,72,Sunday,December,1,193.26
Bakery,294.31,239,99,Thursday,March,0,329.63
Personal Care,151.41,331,58,Saturday,July,1,151.41
Personal Care,167.93,39,67,Saturday,December,1,176.33
Personal Care,218.88,294,114,Monday,June,0,245.15
Vegetables,374.73,101,27,Thursday,June,0,374.73
Fruits,161.69,453,6,Saturday,October,1,145.52
Bakery,152.84,237,95,Saturday,February,1,171.18
Beverages,351.7,312,97,Monday,September,0,369.29
Snacks,119.16,268,114,Tuesday,December,0,133.46
Frozen,180.3,63,73,Thursday,September,0,189.32
Frozen,276.29,37,18,Thursday,July,0,276.29
Frozen,344.92,298,16,Thursday,December,0,310.43
Beverages,367.07,235,112,Thursday,November,0,411.12
Dairy,340.78,258,104,Saturday,July,1,381.67
Frozen,183.99,472,116,Sunday,May,1,206.07
Vegetables,369.33,191,108,Friday,August,0,413.65
Fruits,335.17,164,77,Thursday,August,0,351.93
Frozen,246.38,355,86,Sunday,November,1,258.7
Vegetables,17.68,463,60,Wednesday,January,0,17.68
Frozen,266.99,99,84,Saturday,April,1,299.03
Fruits,125.15,462,29,Friday,April,0,112.64
Personal Care,239.14,145,89,Monday,November,0,267.84
Beverages,222.66,288,65,Thursday,June,0,233.79
Fruits,35.58,126,83,Sunday,September,1,39.85
Household,138.14,207,1,Saturday,December,1,124.33
Household,86.15,499,59,Tuesday,March,0,86.15
Bakery,131.79,2,82,Wednesday,September,0,147.6
Fruits,343.42,299,22,Sunday,November,1,309.08
Vegetables,267.39,8,22,Saturday,November,1,267.39
Beverages,298.33,419,45,Wednesday,August,0,298.33
Frozen,313.06,112,8,Friday,September,0,281.75
Vegetables,115.49,417,88,Monday,August,0,121.26
Bakery,417.94,345,77,Sunday,December,1,438.84
Dairy,214.54,97,88,Saturday,November,1,240.28
Bakery,179.44,145,29,Sunday,May,1,179.44
Personal Care,316.08,289,106,Thursday,May,0,354.01
Fruits,11.5,280,114,Wednesday,September,0,12.88
Frozen,249.12,58,91,Thursday,March,0,279.01
Personal Care,308.73,324,41,Sunday,October,1,308.73
Frozen,127.41,104,55,Wednesday,December,0,133.78
Dairy,485.26,129,14,Thursday,March,0,436.73
Frozen,482.34,92,35,Monday,September,0,482.34
Frozen,90.34,341,64,Monday,February,0,90.34
Snacks,79.91,52,48,Sunday,July,1,83.91
Frozen,229.92,33,87,Sunday,October,1,257.51
Bakery,260.3,61,60,Monday,January,0,273.31
Personal Care,395.16,367,79,Friday,October,0,414.92
Beverages,361.05,24,61,Sunday,February,1,379.1
Vegetables,434.54,282,120,Saturday,January,1,486.68
Beverages,94.51,125,14,Friday,October,0,85.06
Frozen,25.85,18,25,Wednesday,July,0,25.85
Bakery,435.34,325,12,Thursday,April,0,391.81
Personal Care,54.05,500,62,Saturday,May,1,54.05
Bakery,146.62,428,45,Wednesday,May,0,146.62
Household,52.09,94,32,Sunday,April,1,52.09
Household,188.45,39,54,Sunday,May,1,197.87
Bakery,180.98,211,52,Tuesday,January,0,180.98
Snacks,197.1,120,66,Thursday,December,0,206.96
Personal Care,259.4,171,3,Monday,August,0,233.46
Personal Care,138.34,167,23,Sunday,June,1,138.34
Dairy,41.51,291,12,Thursday,June,0,37.36
Snacks,204.83,237,3,Sunday,July,1,184.35
Frozen,310.53,433,104,Saturday,November,1,347.79
Fruits,247.87,321,13,Sunday,April,1,223.08
Personal Care,41.61,408,44,Tuesday,May,0,41.61
Personal Care,278.3,222,36,Sunday,October,1,278.3
Bakery,345.69,162,28,Wednesday,January,0,345.69
Dairy,337.64,101,45,Saturday,February,1,354.52
Vegetables,145.87,486,114,Thursday,April,0,163.37
Beverages,304.51,132,82,Saturday,July,1,341.05
Household,58.18,463,27,Tuesday,August,0,52.36
Bakery,34.09,154,80,Saturday,October,1,35.79
Bakery,434.16,220,99,Sunday,May,1,486.26
Snacks,483.33,136,97,Thursday,December,0,541.33
Dairy,369.11,288,13,Friday,March,0,332.2
Dairy,187.56,477,78,Monday,July,0,196.94
Snacks,127.18,347,95,Tuesday,November,0,133.54
Snacks,410.94,410,51,Tuesday,June,0,410.94
Snacks,75.71,283,55,Wednesday,August,0,75.71
Bakery,64.45,356,111,Friday,March,0,72.18
Personal Care,489.52,381,14,Tuesday,September,0,440.57
Snacks,11.27,14,55,Tuesday,April,0,11.83
Vegetables,65.21,109,117,Saturday,October,1,73.04
Beverages,141.44,60,54,Thursday,October,0,148.51
Bakery,251.84,205,16,Saturday,December,1,226.66
Frozen,13.86,318,104,Monday,February,0,15.52
Fruits,78.92,486,118,Sunday,March,1,88.39
Snacks,121.91,361,42,Friday,February,0,121.91
Snacks,368.51,186,27,Monday,June,0,368.51
Snacks,182.59,86,92,Sunday,September,1,204.5
Fruits,362.57,368,40,Wednesday,December,0,362.57
Dairy,388.0,368,119,Saturday,January,1,434.56
Personal Care,60.73,407,58,Saturday,August,1,60.73
Bakery,380.46,220,71,Tuesday,September,0,399.48
Vegetables,94.87,275,84,Tuesday,May,0,99.61
Personal Care,199.22,83,105,Monday,July,0,223.13
Snacks,193.94,307,63,Monday,April,0,193.94
Vegetables,221.36,329,37,Saturday,December,1,221.36
Fruits,440.29,73,92,Tuesday,April,0,493.12
Beverages,479.42,130,21,Sunday,July,1,479.42
Snacks,231.97,446,72,Saturday,April,1,243.57
Frozen,261.1,41,21,Wednesday,May,0,261.1
Bakery,153.87,70,120,Friday,August,0,172.33
Vegetables,147.26,178,79,Monday,May,0,154.62
Personal Care,238.14,357,12,Thursday,July,0,214.33
Personal Care,115.27,138,10,Monday,June,0,103.74
Fruits,297.25,342,94,Monday,July,0,312.11
Household,99.43,180,28,Tuesday,October,0,99.43
Snacks,319.71,138,39,Sunday,May,1,319.71
Vegetables,379.85,143,94,Wednesday,February,0,425.43
Household,166.43,3,97,Friday,November,0,186.4
Fruits,246.58,473,104,Wednesday,August,0,258.91
Beverages,361.33,402,16,Saturday,June,1,325.2
Fruits,23.52,220,55,Tuesday,June,0,23.52
Dairy,60.73,220,23,Tuesday,January,0,54.66
Personal Care,105.64,427,58,Thursday,February,0,105.64
Personal Care,310.19,147,71,Thursday,March,0,325.7
Personal Care,263.82,300,17,Thursday,February,0,237.44
Household,94.23,266,112,Sunday,November,1,105.54
Snacks,12.84,385,55,Friday,March,0,12.84
Dairy,431.43,287,110,Monday,September,0,483.2
Beverages,20.45,243,83,Friday,January,0,21.47
Vegetables,262.07,94,22,Monday,October,0,262.07
Beverages,184.64,321,15,Monday,November,0,166.18
Personal Care,385.98,101,82,Wednesday,November,0,405.28
Personal Care,250.65,42,28,Monday,December,0,250.65
Beverages,250.05,399,75,Tuesday,October,0,262.55
Dairy,92.09,45,3,Monday,November,0,82.88
Beverages,92.99,307,72,Sunday,March,1,97.64
Household,420.39,293,102,Friday,September,0,470.84
Vegetables,131.34,404,79,Saturday,December,1,137.91
Personal Care,464.9,87,56,Sunday,January,1,488.14
Snacks,97.32,88,39,Monday,September,0,97.32
Dairy,429.28,240,61,Saturday,January,1,450.74
Dairy,124.16,396,69,Monday,August,0,124.16
Bakery,395.62,26,115,Thursday,September,0,443.09
Household,82.73,196,2,Friday,September,0,74.46
Vegetables,400.14,190,106,Friday,March,0,448.16
Dairy,275.26,60,46,Monday,March,0,289.02
Beverages,326.6,262,54,Thursday,January,0,326.6
Dairy,482.22,299,80,Saturday,August,1,506.33
Personal Care,293.15,471,15,Monday,August,0,263.83
Bakery,192.91,299,115,Monday,April,0,216.06
Frozen,154.89,472,65,Saturday,August,1,154.89
Snacks,240.9,357,45,Friday,November,0,240.9
Dairy,379.87,75,41,Friday,October,0,379.87
Frozen,258.01,267,89,Tuesday,May,0,270.91
Snacks,352.34,289,120,Saturday,December,1,394.62
Fruits,275.08,339,55,Saturday,August,1,275.08
Bakery,174.25,482,85,Sunday,March,1,182.96
Household,339.85,473,114,Friday,June,0,380.63
Fruits,50.04,298,39,Thursday,November,0,50.04
Fruits,35.29,240,12,Friday,February,0,31.76
Dairy,123.77,97,29,Thursday,April,0,123.77
Household,315.8,59,81,Thursday,March,0,353.7
Snacks,140.2,491,44,Sunday,November,1,140.2
Bakery,192.7,273,93,Friday,November,0,202.34
Frozen,216.03,419,119,Monday,November,0,241.95
Personal Care,336.69,278,60,Monday,July,0,336.69
Bakery,41.51,156,19,Sunday,February,1,41.51
Bakery,423.6,357,67,Sunday,September,1,444.78
Household,309.79,306,91,Monday,October,0,325.28
Beverages,365.35,198,42,Saturday,October,1,365.35
Household,67.62,106,30,Thursday,November,0,67.62
Frozen,217.29,281,16,Wednesday,April,0,195.56
Bakery,116.82,231,116,Wednesday,January,0,130.84
Dairy,352.97,291,70,Monday,February,0,370.62
Bakery,12.35,210,32,Friday,March,0,12.35
Beverages,144.11,139,31,Tuesday,July,0,144.11
Household,388.8,495,118,Friday,December,0,435.46
Household,49.34,264,78,Saturday,November,1,51.81
Vegetables,69.05,297,63,Friday,November,0,72.5
Household,430.77,34,58,Friday,February,0,452.31
Household,149.65,123,52,Friday,September,0,157.13
Dairy,447.33,460,28,Wednesday,June,0,402.6
Personal Care,271.58,305,27,Monday,May,0,244.42
Personal Care,34.21,24,78,Monday,January,0,38.32
Dairy,214.04,167,52,Friday,September,0,214.04
Bakery,305.41,360,28,Tuesday,April,0,274.87
Bakery,204.81,302,98,Tuesday,July,0,229.39
Frozen,151.15,391,118,Sunday,December,1,169.29
Snacks,356.73,229,45,Monday,June,0,356.73
Dairy,331.19,221,36,Monday,September,0,331.19
Bakery,39.49,230,15,Monday,October,0,35.54
Bakery,226.39,193,48,Monday,January,0,226.39
Household,306.6,425,108,Monday,September,0,343.39
Frozen,170.8,371,64,Wednesday,October,0,170.8
Personal Care,183.39,183,92,Friday,April,0,205.4
Snacks,51.7,187,112,Sunday,December,1,57.9
Frozen,198.76,368,43,Wednesday,October,0,198.76
Snacks,135.32,237,66,Monday,March,0,142.09
Frozen,263.43,264,94,Monday,January,0,276.6
Fruits,317.59,409,81,Saturday,September,1,333.47
Frozen,496.7,361,81,Saturday,April,1,521.53
Beverages,38.87,307,60,Monday,November,0,38.87
Snacks,21.21,322,100,Friday,February,0,23.76
Fruits,371.91,66,32,Saturday,March,1,371.91
Household,174.35,272,70,Monday,February,0,183.07
Bakery,91.05,226,60,Thursday,February,0,95.6
Household,427.13,280,4,Thursday,September,0,384.42
Personal Care,162.42,135,50,Thursday,July,0,162.42
Dairy,39.94,446,85,Tuesday,June,0,41.94
Fruits,442.03,162,64,Monday,March,0,464.13
Household,135.75,448,45,Friday,May,0,135.75
Fruits,288.41,409,46,Monday,October,0,288.41
Frozen,41.25,294,110,Friday,January,0,46.2
Bakery,493.32,338,91,Wednesday,January,0,517.99
Dairy,174.02,477,83,Wednesday,May,0,182.72
Frozen,93.28,381,119,Wednesday,March,0,104.47
Bakery,216.29,127,71,Sunday,October,1,227.1
Fruits,410.18,487,104,Saturday,April,1,430.69
Dairy,234.17,207,50,Saturday,July,1,234.17
Fruits,184.75,78,109,Wednesday,November,0,206.92
Personal Care,99.05,496,108,Tuesday,February,0,104.0
Household,245.6,304,64,Monday,July,0,257.88
Household,393.96,34,14,Tuesday,May,0,393.96
Household,380.98,408,61,Thursday,September,0,380.98
Snacks,223.42,168,6,Saturday,October,1,201.08
Frozen,370.12,25,112,Monday,October,0,414.53
Beverages,495.98,236,16,Sunday,July,1,446.38
Frozen,93.95,439,117,Friday,November,0,105.22
Snacks,185.48,463,54,Monday,February,0,185.48
Fruits,498.72,491,58,Tuesday,July,0,498.72
Household,174.53,35,108,Tuesday,March,0,195.47
Frozen,58.31,172,84,Sunday,May,1,65.31
Beverages,414.29,472,109,Monday,February,0,435.0
Vegetables,72.73,104,83,Sunday,March,1,81.46
Dairy,35.25,167,111,Saturday,April,1,39.48
Dairy,144.95,446,93,Thursday,August,0,152.2
Personal Care,18.37,233,13,Friday,December,0,16.53
Household,117.84,58,98,Monday,June,0,131.98
Frozen,154.56,260,29,Wednesday,July,0,139.1
Beverages,475.95,481,95,Friday,August,0,499.75
Household,104.73,55,100,Friday,May,0,117.3
Vegetables,467.48,435,31,Tuesday,July,0,420.73
Personal Care,285.73,57,45,Tuesday,December,0,300.02
Frozen,134.17,488,67,Thursday,February,0,134.17
Frozen,198.16,333,79,Tuesday,December,0,208.07
Dairy,111.67,68,21,Monday,July,0,111.67
Vegetables,359.33,263,6,Thursday,January,0,323.4
Bakery,260.83,446,11,Sunday,December,1,234.75
Household,174.75,135,104,Sunday,November,1,195.72
Bakery,449.87,486,104,Sunday,June,1,472.36
Bakery,97.41,279,70,Tuesday,December,0,102.28
Snacks,152.28,438,84,Monday,August,0,159.89
Bakery,300.52,156,35,Saturday,December,1,300.52
Household,318.45,452,61,Thursday,December,0,318.45
Frozen,464.69,387,92,Thursday,March,0,487.92
Household,108.8,232,107,Monday,February,0,121.86
Fruits,70.19,70,6,Tuesday,May,0,63.17
Household,348.08,246,89,Wednesday,February,0,365.48
Fruits,176.98,177,111,Sunday,October,1,198.22
Beverages,112.01,3,7,Tuesday,March,0,100.81
Personal Care,489.24,67,30,Thursday,February,0,489.24
Frozen,495.75,160,30,Tuesday,November,0,495.75
Snacks,370.62,437,89,Wednesday,February,0,389.15
Fruits,317.17,82,118,Monday,February,0,355.23
Bakery,165.2,491,79,Tuesday,August,0,173.46
Dairy,420.83,499,79,Saturday,October,1,441.87
Snacks,365.46,216,104,Thursday,July,0,409.32
Personal Care,71.58,325,92,Saturday,February,1,75.16
Bakery,254.35,389,107,Saturday,April,1,284.87
Bakery,29.65,21,79,Sunday,February,1,33.21
Dairy,478.32,393,34,Thursday,January,0,430.49
Dairy,412.15,96,83,Monday,May,0,461.61
Household,415.75,461,54,Friday,July,0,415.75
Household,53.58,103,71,Sunday,October,1,56.26
Household,113.17,352,82,Tuesday,March,0,118.83
Fruits,388.53,399,68,Tuesday,October,0,388.53
Beverages,371.53,5,22,Wednesday,April,0,371.53
Beverages,160.68,271,70,Friday,January,0,168.71
Fruits,388.75,210,77,Sunday,December,1,408.19
Frozen,184.88,243,102,Thursday,June,0,207.07
Personal Care,114.54,181,77,Tuesday,September,0,120.27
Bakery,135.59,121,98,Monday,March,0,151.86
Personal Care,177.82,122,34,Thursday,May,0,177.82
Bakery,475.08,208,5,Saturday,September,1,427.57
Personal Care,342.73,239,70,Saturday,February,1,359.87
Vegetables,87.49,84,28,Saturday,December,1,87.49
Personal Care,342.72,325,74,Sunday,May,1,359.86
Personal Care,232.51,412,86,Sunday,May,1,244.14
Vegetables,158.85,182,101,Saturday,July,1,177.91
Personal Care,157.59,169,11,Saturday,May,1,141.83
Beverages,67.85,189,60,Tuesday,October,0,71.24
Bakery,135.79,195,92,Monday,August,0,152.08
Bakery,117.51,405,75,Monday,May,0,123.39
Snacks,452.73,67,57,Thursday,May,0,475.37
Frozen,66.48,393,17,Tuesday,December,0,59.83
Household,168.06,188,95,Saturday,March,1,188.23
Household,364.95,399,15,Sunday,April,1,328.45
Fruits,94.67,494,2,Sunday,July,1,85.2
Fruits,226.29,441,86,Tuesday,January,0,237.6
Fruits,285.2,124,110,Friday,October,0,319.42
Snacks,135.11,287,51,Tuesday,January,0,135.11
Fruits,178.39,485,28,Friday,February,0,160.55
Bakery,382.77,401,82,Friday,April,0,401.91
Vegetables,466.99,265,120,Saturday,October,1,523.03
Bakery,259.94,370,27,Saturday,June,1,233.95
Dairy,226.78,319,65,Wednesday,September,0,238.12
Household,176.47,186,5,Thursday,September,0,158.82
Bakery,179.4,351,12,Wednesday,July,0,161.46
Beverages,235.7,258,43,Thursday,November,0,235.7
Frozen,88.91,241,120,Saturday,July,1,99.58
Beverages,340.71,449,92,Tuesday,May,0,357.75
Snacks,410.83,425,16,Wednesday,May,0,369.75
Household,210.67,423,45,Monday,December,0,210.67
Personal Care,300.46,232,44,Tuesday,November,0,300.46
Dairy,44.15,133,50,Saturday,April,1,46.36
Snacks,276.61,165,42,Wednesday,June,0,276.61
Dairy,53.74,336,19,Tuesday,February,0,48.37
Vegetables,327.05,258,39,Friday,February,0,327.05
Snacks,48.66,498,7,Wednesday,October,0,43.79
Snacks,37.4,294,67,Friday,December,0,39.27
Snacks,21.66,290,90,Tuesday,November,0,22.74
Beverages,84.25,21,22,Saturday,May,1,84.25
Bakery,406.61,219,53,Sunday,October,1,426.94
Fruits,32.36,409,118,Sunday,November,1,36.24
Frozen,436.69,104,90,Friday,March,0,489.09
Vegetables,90.67,363,53,Thursday,May,0,90.67
Dairy,345.0,10,86,Monday,October,0,386.4
Fruits,248.99,168,89,Sunday,May,1,278.87
Frozen,100.79,341,107,Friday,June,0,112.88
Dairy,368.05,73,12,Tuesday,June,0,331.25
Household,459.14,27,16,Tuesday,June,0,459.14
Snacks,133.72,102,56,Saturday,May,1,140.41
Frozen,220.47,114,60,Monday,July,0,231.49
Fruits,320.99,469,56,Wednesday,May,0,320.99
Dairy,113.16,45,35,Friday,March,0,113.16
Beverages,68.57,318,94,Wednesday,June,0,72.0
Fruits,98.47,456,111,Wednesday,June,0,110.29
Household,490.54,84,13,Thursday,December,0,441.49
Vegetables,421.51,451,106,Wednesday,June,0,442.59
Dairy,85.52,422,119,Friday,May,0,95.78
Household,16.73,496,67,Sunday,April,1,16.73
Frozen,36.35,82,20,Friday,September,0,36.35
Personal Care,393.04,296,26,Friday,March,0,353.74
Vegetables,320.79,287,94,Saturday,December,1,359.28
Frozen,439.48,259,75,Friday,January,0,461.45
Bakery,25.26,324,87,Wednesday,December,0,26.52
Beverages,269.82,146,40,Saturday,April,1,269.82
Dairy,163.87,339,28,Saturday,July,1,147.48
Bakery,474.79,445,98,Monday,July,0,498.53
Snacks,329.78,10,59,Saturday,March,1,346.27
Fruits,456.98,362,18,Monday,January,0,411.28
Household,35.94,333,80,Wednesday,January,0,37.74
Fruits,289.36,117,78,Thursday,August,0,303.83
Vegetables,261.17,43,7,Wednesday,September,0,235.05
Household,296.99,481,45,Sunday,October,1,296.99
Dairy,373.17,443,34,Tuesday,May,0,335.85
Vegetables,380.99,268,37,Saturday,January,1,380.99
Personal Care,61.33,158,64,Monday,May,0,64.4
Dairy,343.14,441,97,Sunday,September,1,360.3
Fruits,249.1,296,98,Wednesday,February,0,278.99
Household,352.08,206,79,Friday,March,0,369.68
Beverages,299.85,479,83,Tuesday,August,0,314.84
Dairy,317.99,204,71,Friday,May,0,333.89
Dairy,160.99,245,109,Thursday,December,0,180.31
Snacks,122.58,400,80,Saturday,October,1,128.71
Personal Care,240.76,329,77,Monday,May,0,252.8
Bakery,452.85,336,104,Friday,March,0,507.19
Vegetables,157.97,240,113,Thursday,August,0,176.93
Fruits,146.3,222,44,Tuesday,August,0,146.3
Personal Care,459.64,377,49,Sunday,August,1,459.64
Vegetables,178.33,215,27,Saturday,August,1,178.33
Bakery,195.18,122,51,Monday,November,0,204.94
Bakery,56.25,208,104,Friday,June,0,63.0
Household,495.38,71,40,Monday,August,0,495.38
Bakery,220.84,253,39,Thursday,September,0,220.84
Beverages,164.11,327,32,Wednesday,December,0,147.7
Snacks,94.91,45,2,Monday,February,0,85.42
Dairy,91.11,474,103,Friday,September,0,95.67
Snacks,349.88,402,35,Friday,November,0,314.89
Bakery,142.23,28,11,Monday,December,0,128.01
Beverages,32.27,42,83,Thursday,May,0,36.14
Fruits,136.52,287,12,Wednesday,November,0,122.87
Fruits,288.65,50,76,Sunday,May,1,323.29
Beverages,102.52,257,8,Tuesday,December,0,92.27
Bakery,94.68,165,103,Saturday,September,1,106.04
Beverages,138.7,400,62,Saturday,January,1,138.7
Vegetables,484.56,384,64,Monday,October,0,484.56
Beverages,236.06,330,101,Wednesday,August,0,264.39
Personal Care,368.8,210,89,Wednesday,March,0,387.24
Household,144.51,347,40,Saturday,August,1,144.51
Dairy,474.19,198,80,Monday,November,0,497.9
Household,413.71,339,38,Thursday,July,0,413.71
Frozen,307.21,68,118,Sunday,January,1,344.08
Fruits,389.8,90,74,Thursday,March,0,409.29
Beverages,394.01,397,31,Saturday,February,1,354.61
Vegetables,327.5,500,4,Friday,July,0,294.75
Snacks,111.96,499,39,Sunday,December,1,100.76
Personal Care,181.7,299,57,Wednesday,January,0,181.7
Vegetables,94.47,458,84,Monday,December,0,99.19
Snacks,477.66,369,42,Thursday,December,0,477.66
Vegetables,32.5,71,72,Wednesday,May,0,34.12
Dairy,467.35,79,58,Friday,April,0,490.72
Frozen,349.19,338,49,Friday,December,0,349.19
Personal Care,312.79,152,14,Saturday,November,1,281.51
Personal Care,405.74,235,77,Monday,May,0,426.03
Personal Care,233.29,42,45,Tuesday,August,0,244.95
Beverages,206.39,327,3,Sunday,July,1,185.75
Dairy,448.99,395,103,Sunday,March,1,502.87
Snacks,344.89,76,2,Saturday,January,1,310.4
Dairy,344.15,89,77,Thursday,September,0,361.36
Dairy,216.41,247,94,Sunday,September,1,242.38
Beverages,316.67,217,41,Saturday,June,1,316.67
Snacks,12.34,76,20,Tuesday,March,0,12.34
Bakery,72.61,281,14,Thursday,October,0,65.35
Dairy,110.35,488,41,Sunday,September,1,99.31
Snacks,389.06,464,23,Saturday,March,1,350.15
Snacks,91.55,74,29,Wednesday,May,0,91.55
Beverages,141.28,461,99,Thursday,January,0,148.34
Vegetables,115.0,269,120,Saturday,November,1,128.8
Bakery,134.6,279,75,Saturday,October,1,141.33
Personal Care,275.55,343,22,Saturday,March,1,248.0
Snacks,346.02,99,17,Tuesday,September,0,311.42
Personal Care,218.24,440,51,Monday,October,0,218.24
Fruits,49.73,261,91,Monday,September,0,52.22
Frozen,106.44,480,118,Monday,April,0,119.21
Snacks,228.59,386,89,Wednesday,December,0,240.02
Beverages,49.54,134,45,Saturday,June,1,49.54
Personal Care,136.1,68,20,Thursday,January,0,136.1
Dairy,437.91,265,117,Friday,November,0,490.46
Fruits,403.05,396,33,Tuesday,March,0,362.75
Household,310.52,441,58,Tuesday,January,0,310.52
Snacks,250.89,264,111,Sunday,June,1,281.0
Dairy,267.08,402,57,Sunday,May,1,267.08
Snacks,81.08,26,97,Monday,July,0,90.81
Dairy,417.06,401,71,Tuesday,January,0,437.91
Fruits,248.88,489,56,Saturday,November,1,248.88
Frozen,246.66,187,65,Wednesday,October,0,258.99
Vegetables,226.47,250,12,Saturday,December,1,203.82
Household,239.23,120,29,Tuesday,June,0,239.23
Snacks,255.75,256,99,Friday,January,0,286.44
Beverages,130.86,371,120,Saturday,October,1,146.56
Personal Care,392.85,29,42,Thursday,October,0,392.85
Personal Care,342.73,235,49,Sunday,February,1,342.73
Beverages,237.03,379,114,Friday,February,0,265.47
Beverages,374.14,462,6,Thursday,October,0,336.73
Frozen,85.82,277,5,Friday,October,0,77.24
Household,87.55,135,85,Tuesday,August,0,91.93
Household,219.08,446,58,Saturday,April,1,219.08
Fruits,84.1,41,61,Sunday,December,1,88.3
Dairy,41.18,229,42,Saturday,June,1,41.18
Household,349.83,233,59,Sunday,May,1,367.32
Fruits,131.42,58,6,Thursday,August,0,118.28
Personal Care,434.58,134,89,Friday,October,0,486.73
Vegetables,286.19,22,101,Saturday,August,1,320.53
Bakery,353.49,250,81,Thursday,September,0,371.16
Vegetables,35.63,10,104,Tuesday,May,0,39.91
Beverages,117.36,347,94,Monday,January,0,123.23
Vegetables,115.06,155,16,Friday,August,0,103.55
Bakery,391.91,362,41,Sunday,November,1,391.91
Dairy,496.37,101,79,Saturday,April,1,555.93
Dairy,390.88,118,66,Sunday,January,1,410.42
Snacks,378.24,138,27,Monday,April,0,378.24
Fruits,370.47,56,20,Saturday,October,1,370.47
Household,400.04,15,102,Sunday,May,1,448.04
Vegetables,450.65,321,110,Saturday,September,1,504.73
Bakery,387.87,278,64,Saturday,June,1,407.26
Fruits,121.85,356,23,Saturday,October,1,109.66
Beverages,438.63,247,68,Monday,October,0,460.56
Beverages,454.53,121,113,Sunday,December,1,509.07
Vegetables,204.09,448,74,Monday,November,0,214.29
Dairy,215.58,16,36,Thursday,August,0,215.58
Vegetables,213.22,101,117,Monday,April,0,238.81
Vegetables,41.16,199,75,Monday,October,0,43.22
Personal Care,277.21,246,6,Thursday,November,0,249.49
Frozen,352.27,486,69,Saturday,July,1,352.27
Personal Care,143.56,141,76,Monday,February,0,150.74
Vegetables,182.02,22,14,Wednesday,May,0,182.02
Beverages,225.77,498,23,Wednesday,June,0,203.19
Fruits,121.99,378,14,Friday,December,0,109.79
Dairy,267.46,70,44,Friday,May,0,267.46
Beverages,428.6,9,17,Tuesday,November,0,428.6
Fruits,464.47,474,103,Tuesday,August,0,487.69
Household,87.53,352,45,Sunday,March,1,87.53
Fruits,391.5,374,120,Saturday,March,1,438.48
Snacks,43.83,62,90,Wednesday,April,0,49.09
Personal Care,43.22,198,50,Sunday,April,1,45.38
Vegetables,87.76,237,57,Sunday,June,1,92.15
Fruits,74.61,226,60,Monday,November,0,78.34
Vegetables,353.2,209,4,Wednesday,April,0,317.88
Personal Care,476.8,471,94,Wednesday,November,0,500.64
Fruits,150.35,389,97,Monday,October,0,157.87
Frozen,398.27,119,34,Saturday,November,1,398.27
Vegetables,477.67,401,81,Friday,September,0,501.55
Fruits,55.99,356,38,Sunday,July,1,55.99
Beverages,310.98,290,12,Sunday,August,1,279.88
Fruits,378.42,200,99,Monday,June,0,423.83
Snacks,380.51,306,1,Friday,February,0,342.46
Bakery,393.23,12,5,Thursday,December,0,353.91
Fruits,274.81,499,113,Monday,September,0,307.79
Beverages,368.9,105,62,Saturday,May,1,387.34
Bakery,297.55,249,87,Saturday,January,1,312.43
Snacks,456.66,96,41,Monday,December,0,456.66
Vegetables,53.34,102,30,Friday,November,0,53.34
Beverages,88.84,499,112,Wednesday,November,0,93.28
Personal Care,438.08,136,85,Saturday,June,1,490.65
Personal Care,386.67,468,62,Tuesday,August,0,386.67
Vegetables,457.69,364,77,Sunday,March,1,480.57
Personal Care,148.52,225,105,Saturday,December,1,166.34
Fruits,461.87,39,59,Wednesday,January,0,484.96
Frozen,463.45,286,50,Thursday,October,0,463.45
Personal Care,71.58,3,88,Sunday,July,1,80.17
Bakery,117.16,220,78,Friday,March,0,123.02
Snacks,231.8,44,106,Friday,March,0,259.62
Household,488.59,310,110,Sunday,April,1,547.22
Dairy,276.86,266,111,Sunday,August,1,310.08
Dairy,304.05,91,65,Monday,March,0,319.25
Bakery,471.86,460,52,Tuesday,June,0,471.86
Vegetables,64.71,223,62,Monday,January,0,67.95
Beverages,480.43,200,22,Tuesday,December,0,432.39
Household,380.41,377,14,Friday,April,0,342.37
Snacks,165.29,67,103,Sunday,September,1,185.12
Personal Care,152.4,250,87,Tuesday,September,0,160.02
Beverages,442.84,257,33,Monday,December,0,442.84
Bakery,434.81,182,114,Saturday,March,1,486.99
Dairy,31.13,126,24,Monday,October,0,31.13
Bakery,275.02,257,98,Saturday,February,1,308.02
Beverages,152.9,469,80,Thursday,November,0,160.55
Frozen,221.21,409,85,Thursday,September,0,232.27
Snacks,22.74,498,13,Thursday,March,0,20.47
Personal Care,34.6,313,28,Thursday,June,0,31.14
Bakery,114.43,213,114,Saturday,September,1,128.16
Personal Care,269.92,156,95,Saturday,February,1,302.31
Frozen,252.39,315,110,Monday,September,0,282.68
Personal Care,408.44,35,80,Tuesday,January,0,457.45
Vegetables,363.65,140,80,Saturday,July,1,381.83
Household,132.37,263,44,Monday,October,0,132.37
Personal Care,29.21,480,52,Friday,May,0,29.21
Household,320.57,468,75,Sunday,April,1,336.6
Personal Care,36.71,451,13,Monday,August,0,33.04
Household,433.63,281,58,Saturday,October,1,455.31
Fruits,90.65,443,114,Wednesday,August,0,101.53
Household,33.18,466,23,Wednesday,October,0,29.86
Snacks,448.26,416,16,Saturday,March,1,403.43
Beverages,479.8,87,48,Wednesday,May,0,503.79
Household,465.34,321,2,Tuesday,November,0,418.81
Dairy,231.94,163,70,Tuesday,June,0,243.54
Personal Care,392.99,241,57,Tuesday,April,0,392.99
Frozen,226.45,249,67,Tuesday,October,0,237.77
Dairy,480.31,164,115,Monday,July,0,537.95
Snacks,276.3,206,55,Tuesday,July,0,276.3
Fruits,314.54,154,2,Friday,December,0,283.09
Dairy,234.9,239,93,Tuesday,March,0,263.09
Bakery,254.77,141,69,Monday,April,0,267.51
Frozen,43.77,325,86,Sunday,June,1,45.96
Personal Care,132.91,348,92,Tuesday,October,0,139.56
Bakery,457.3,314,47,Thursday,June,0,457.3
Dairy,335.99,167,96,Friday,May,0,376.31
Vegetables,157.37,328,35,Friday,March,0,157.37
Beverages,273.49,429,42,Saturday,July,1,273.49
Dairy,357.45,70,108,Friday,April,0,400.34
Household,452.3,42,85,Thursday,May,0,506.58
Vegetables,321.02,97,54,Friday,April,0,337.07
Vegetables,370.28,180,69,Wednesday,July,0,388.79
Dairy,242.54,339,102,Sunday,May,1,271.64
Snacks,175.27,358,14,Thursday,June,0,157.74
Snacks,49.39,83,55,Sunday,February,1,51.86
Dairy,275.15,422,34,Wednesday,July,0,247.63
Snacks,462.9,40,97,Wednesday,August,0,518.45
Frozen,60.95,92,54,Wednesday,January,0,64.0
Vegetables,272.36,312,78,Thursday,June,0,285.98
Household,257.76,164,25,Thursday,October,0,257.76
Fruits,497.2,478,66,Sunday,February,1,497.2
Frozen,358.55,264,82,Monday,October,0,376.48
Frozen,171.71,54,74,Friday,September,0,180.3
Vegetables,228.24,330,39,Saturday,August,1,228.24
Snacks,397.7,43,61,Saturday,August,1,417.58
Vegetables,384.71,151,41,Thursday,May,0,384.71
Fruits,462.6,237,3,Thursday,January,0,416.34
Vegetables,387.25,407,44,Saturday,June,1,387.25
Vegetables,363.6,343,25,Wednesday,September,0,327.24
Household,432.3,146,97,Saturday,April,1,484.18
Beverages,428.24,362,47,Wednesday,February,0,428.24
Bakery,365.75,165,55,Wednesday,March,0,384.04
Fruits,232.43,468,11,Saturday,June,1,209.19
Frozen,89.31,206,114,Sunday,October,1,100.03
Vegetables,49.82,30,106,Wednesday,March,0,55.8
Fruits,493.67,301,20,Monday,January,0,444.3
Vegetables,169.61,204,31,Sunday,February,1,169.61
Frozen,362.33,395,36,Saturday,July,1,362.33
Dairy,205.87,352,52,Saturday,May,1,205.87
Snacks,432.42,123,63,Wednesday,June,0,454.04
Vegetables,113.19,267,26,Saturday,April,1,113.19
Snacks,330.43,135,75,Tuesday,November,0,346.95
Beverages,185.25,147,66,Wednesday,October,0,194.51
Beverages,255.83,480,81,Tuesday,December,0,268.62
Dairy,471.0,414,51,Thursday,July,0,471.0
Household,111.74,256,79,Thursday,December,0,117.33
Bakery,27.13,11,3,Tuesday,September,0,24.42
Bakery,10.06,11,27,Tuesday,December,0,10.06
Frozen,205.6,435,12,Thursday,September,0,185.04
Dairy,258.98,262,106,Thursday,May,0,290.06
Personal Care,350.1,471,91,Friday,February,0,367.61
Frozen,486.71,74,64,Saturday,August,1,511.05
Frozen,179.39,76,111,Saturday,October,1,200.92
Personal Care,467.58,83,46,Monday,February,0,467.58
Beverages,75.22,449,74,Monday,June,0,78.98
Snacks,190.53,234,42,Friday,March,0,190.53
Fruits,45.79,304,60,Sunday,July,1,48.08
Frozen,454.94,193,22,Wednesday,March,0,409.45
Snacks,114.17,13,15,Sunday,November,1,114.17
Dairy,384.28,243,113,Saturday,January,1,430.39
Bakery,224.88,387,118,Wednesday,May,0,251.87
Frozen,19.67,114,38,Friday,July,0,19.67
Personal Care,291.51,250,96,Wednesday,January,0,326.49
Fruits,278.32,439,118,Tuesday,February,0,311.72
Beverages,480.61,114,15,Sunday,June,1,480.61
Snacks,143.63,256,49,Tuesday,February,0,143.63
Fruits,150.49,327,4,Sunday,November,1,135.44
Snacks,231.74,54,39,Monday,July,0,231.74
Personal Care,284.95,378,53,Saturday,July,1,284.95
Vegetables,345.8,287,24,Tuesday,October,0,311.22
Fruits,340.24,450,25,Saturday,March,1,306.22
Fruits,269.29,17,21,Sunday,September,1,269.29
Personal Care,350.94,481,108,Sunday,July,1,393.05
Snacks,444.68,188,118,Wednesday,November,0,498.04
Dairy,43.33,34,85,Friday,November,0,48.53
Bakery,138.65,347,76,Saturday,October,1,145.58
Household,73.3,98,114,Wednesday,October,0,82.1
Household,125.95,4,11,Sunday,October,1,125.95
Frozen,188.75,292,94,Thursday,January,0,198.19
Household,397.89,320,111,Wednesday,May,0,445.64
Household,342.21,301,73,Monday,May,0,359.32
Household,82.43,477,10,Monday,March,0,74.19
Dairy,323.55,105,65,Friday,November,0,339.73
Fruits,10.81,232,10,Tuesday,December,0,9.73
Frozen,20.86,148,17,Monday,March,0,18.77
Bakery,404.2,4,5,Wednesday,July,0,363.78
Vegetables,247.72,242,46,Tuesday,February,0,247.72
Dairy,449.97,270,37,Friday,July,0,449.97
Household,156.8,178,87,Wednesday,December,0,164.64
Frozen,471.09,265,50,Sunday,March,1,471.09
Beverages,91.04,29,96,Saturday,June,1,101.96
Personal Care,148.77,49,59,Monday,January,0,156.21
Household,482.08,196,64,Tuesday,October,0,506.18
Beverages,313.83,358,112,Sunday,November,1,351.49
Frozen,379.49,428,5,Thursday,January,0,341.54
Frozen,133.08,265,83,Thursday,March,0,139.73
Snacks,173.87,269,100,Sunday,December,1,194.73
Snacks,474.02,324,116,Friday,November,0,530.9
Household,50.48,449,47,Saturday,March,1,50.48
Dairy,159.04,248,3,Monday,May,0,143.14
Vegetables,105.74,4,88,Thursday,July,0,118.43
Beverages,236.45,128,113,Tuesday,June,0,264.82
Household,114.51,81,59,Sunday,December,1,120.24
Personal Care,115.84,120,20,Saturday,July,1,115.84
Beverages,434.4,173,8,Thursday,April,0,390.96
Personal Care,269.45,234,31,Saturday,November,1,269.45
Beverages,448.74,119,110,Monday,February,0,502.59
Personal Care,448.93,211,33,Thursday,August,0,448.93
Household,464.45,486,4,Tuesday,September,0,418.0
Dairy,399.04,168,95,Wednesday,February,0,446.92
Vegetables,164.53,85,8,Tuesday,October,0,148.08
Fruits,61.51,23,105,Monday,December,0,68.89
Dairy,145.36,139,28,Tuesday,January,0,145.36
Household,384.12,299,70,Monday,October,0,403.33
Snacks,411.77,22,85,Friday,July,0,461.18
Dairy,36.87,271,119,Thursday,July,0,41.29
Vegetables,152.95,270,51,Wednesday,June,0,152.95
Vegetables,338.62,80,21,Wednesday,March,0,338.62
Fruits,225.52,268,46,Thursday,June,0,225.52
Household,349.63,431,99,Wednesday,May,0,367.11
Beverages,294.85,254,64,Wednesday,January,0,309.59
Bakery,305.47,75,103,Wednesday,March,0,342.13
Frozen,414.12,160,79,Wednesday,March,0,434.83
Beverages,383.89,89,12,Thursday,July,0,345.5
Dairy,310.43,457,46,Tuesday,April,0,310.43
Vegetables,398.09,500,36,Friday,September,0,358.28
Fruits,47.1,148,24,Saturday,January,1,47.1
Snacks,335.63,234,113,Thursday,August,0,375.91
Snacks,68.9,130,7,Wednesday,October,0,62.01
Snacks,263.5,365,28,Thursday,March,0,237.15
Snacks,497.39,471,63,Wednesday,November,0,497.39
Household,110.0,375,60,Tuesday,November,0,110.0
Personal Care,457.31,240,84,Thursday,April,0,480.18
Dairy,437.91,368,56,Wednesday,September,0,437.91
Household,259.55,233,113,Sunday,July,1,290.7
Household,157.01,416,81,Sunday,July,1,164.86
Bakery,179.2,327,113,Friday,October,0,200.7
Fruits,117.36,15,82,Tuesday,December,0,131.44
Fruits,379.07,475,42,Friday,February,0,341.16
Personal Care,337.98,347,89,Saturday,May,1,354.88
Beverages,472.77,269,110,Saturday,April,1,529.5
Frozen,270.74,210,15,Friday,January,0,243.67
Fruits,163.49,163,51,Monday,February,0,163.49
Household,474.36,181,47,Sunday,February,1,474.36
Dairy,251.93,154,104,Friday,November,0,282.16
Vegetables,70.09,267,52,Sunday,October,1,70.09
Frozen,443.93,45,48,Friday,September,0,466.13
Dairy,41.43,37,94,Friday,August,0,46.4
Beverages,300.42,463,2,Sunday,February,1,270.38
Beverages,442.28,260,28,Saturday,February,1,442.28
Household,381.58,87,83,Sunday,May,1,427.37
Beverages,39.53,25,48,Saturday,February,1,41.51
Bakery,207.85,394,62,Thursday,October,0,207.85
Dairy,178.22,127,43,Sunday,March,1,178.22
Frozen,439.4,404,17,Saturday,February,1,395.46
Personal Care,358.06,43,75,Saturday,January,1,401.03
Beverages,336.41,89,64,Saturday,February,1,353.23
Dairy,470.95,357,61,Sunday,April,1,470.95
Beverages,176.64,232,47,Friday,March,0,176.64
Bakery,469.78,123,104,Monday,April,0,526.15
Personal Care,259.27,289,98,Sunday,November,1,290.38
Dairy,169.07,365,33,Sunday,April,1,169.07
Bakery,227.0,397,11,Saturday,January,1,204.3
Personal Care,421.81,203,27,Sunday,February,1,421.81
Bakery,267.26,198,98,Saturday,August,1,299.33
Dairy,329.46,290,69,Thursday,September,0,345.93
Snacks,181.41,350,41,Wednesday,May,0,181.41
Household,313.51,56,71,Monday,April,0,329.19
Bakery,82.83,150,116,Thursday,January,0,92.77
Fruits,104.61,422,14,Tuesday,June,0,94.15
Dairy,466.88,143,89,Monday,August,0,522.91
Frozen,134.54,454,62,Monday,November,0,134.54
Vegetables,419.7,197,89,Tuesday,November,0,440.69
Personal Care,104.02,281,89,Monday,April,0,109.22
Bakery,154.83,171,116,Tuesday,October,0,173.41
Personal Care,280.88,5,100,Thursday,March,0,314.59
Dairy,411.04,226,98,Friday,May,0,460.36
Household,336.55,266,36,Wednesday,September,0,336.55
Personal Care,36.54,68,21,Thursday,December,0,36.54
Fruits,489.92,352,1,Tuesday,February,0,440.93
Vegetables,491.93,217,97,Thursday,August,0,550.96
Beverages,174.52,230,76,Tuesday,December,0,183.25
Personal Care,134.67,139,45,Monday,December,0,134.67
Dairy,208.74,251,39,Saturday,March,1,208.74
Bakery,368.96,4,109,Sunday,September,1,413.24
Snacks,17.29,107,93,Wednesday,May,0,19.36
Snacks,418.82,251,14,Monday,November,0,376.94
Vegetables,135.54,170,57,Saturday,June,1,142.32
Personal Care,100.8,118,59,Tuesday,June,0,105.84
Snacks,347.29,290,110,Thursday,March,0,388.96
Personal Care,493.0,215,67,Friday,September,0,517.65
Snacks,91.28,460,43,Sunday,April,1,91.28
Household,22.87,491,24,Thursday,August,0,20.58
Personal Care,329.01,328,75,Monday,April,0,345.46
Snacks,263.73,252,112,Monday,April,0,295.38
Fruits,444.56,174,68,Thursday,November,0,466.79
Fruits,366.86,72,21,Tuesday,February,0,366.86
Beverages,489.65,465,6,Monday,December,0,440.69
Personal Care,15.98,77,28,Saturday,May,1,15.98
Beverages,483.13,25,25,Tuesday,November,0,483.13
Vegetables,244.5,108,71,Wednesday,June,0,256.73
Snacks,185.87,17,102,Monday,March,0,208.17
Bakery,163.8,373,53,Tuesday,September,0,163.8
Snacks,207.43,213,73,Wednesday,November,0,217.8
Snacks,209.48,174,65,Thursday,December,0,219.95
Personal Care,312.0,311,74,Thursday,September,0,327.6
Household,427.49,59,108,Tuesday,December,0,478.79
Personal Care,153.94,162,93,Wednesday,April,0,172.41
Beverages,302.27,255,64,Tuesday,August,0,317.38
Household,294.96,447,114,Tuesday,September,0,330.36
Snacks,53.48,332,70,Friday,November,0,56.15
Frozen,63.31,487,54,Thursday,April,0,63.31
Snacks,408.63,95,102,Friday,January,0,457.67
Bakery,57.73,133,94,Monday,July,0,64.66
Vegetables,94.4,311,102,Thursday,August,0,105.73
Dairy,380.53,347,34,Saturday,October,1,380.53
Bakery,44.62,346,120,Saturday,May,1,49.97
Dairy,472.36,220,48,Saturday,May,1,472.36
Fruits,204.4,49,24,Thursday,August,0,204.4
Personal Care,488.3,457,3,Thursday,June,0,439.47
Snacks,180.73,103,66,Tuesday,May,0,189.77
Household,212.48,421,73,Tuesday,April,0,223.1
Personal Care,336.69,167,55,Sunday,June,1,353.52
Bakery,173.98,273,20,Tuesday,December,0,156.58
Snacks,424.48,305,106,Wednesday,August,0,475.42
Frozen,27.81,291,55,Thursday,July,0,27.81
Household,338.3,222,11,Tuesday,May,0,304.47
Vegetables,344.87,118,100,Wednesday,May,0,386.25
Bakery,163.01,249,103,Friday,July,0,182.57
Snacks,259.53,77,48,Saturday,March,1,272.51
Bakery,405.64,330,77,Tuesday,August,0,425.92
Snacks,379.24,328,84,Saturday,March,1,398.2
Dairy,264.43,116,11,Sunday,December,1,237.99
Bakery,353.88,353,85,Friday,July,0,371.57
Fruits,348.02,454,106,Wednesday,August,0,365.42
Vegetables,493.58,427,68,Thursday,April,0,493.58
Beverages,11.59,33,69,Monday,February,0,12.17
Frozen,312.4,129,108,Monday,November,0,349.89
Vegetables,492.73,202,97,Friday,August,0,551.86
Bakery,257.13,391,60,Saturday,January,1,257.13
Bakery,177.99,369,74,Friday,November,0,186.89
Fruits,141.38,420,3,Wednesday,May,0,127.24
Bakery,293.06,299,104,Sunday,October,1,328.23
Personal Care,361.72,358,78,Friday,November,0,379.81
Household,331.75,63,109,Monday,August,0,371.56
Personal Care,92.65,41,40,Tuesday,March,0,92.65
Fruits,162.04,152,46,Monday,March,0,162.04
Beverages,266.69,169,110,Sunday,September,1,298.69
Snacks,328.38,16,72,Monday,January,0,344.8
Snacks,179.37,350,36,Tuesday,February,0,161.43
Vegetables,287.59,60,5,Monday,May,0,258.83
Beverages,135.06,19,107,Sunday,February,1,151.27
Beverages,275.62,184,34,Saturday,November,1,275.62
Fruits,451.54,205,100,Sunday,April,1,505.72
Bakery,329.65,27,66,Monday,January,0,346.13
Vegetables,223.06,227,108,Monday,May,0,249.83
Beverages,371.29,184,106,Saturday,August,1,415.84
Dairy,486.56,165,36,Saturday,January,1,486.56
Frozen,142.72,382,84,Friday,March,0,149.86
Snacks,427.61,292,109,Friday,May,0,478.92
Vegetables,256.34,249,51,Friday,November,0,256.34
Bakery,273.48,410,54,Wednesday,September,0,273.48
Personal Care,47.17,90,11,Tuesday,April,0,42.45
Personal Care,289.05,18,45,Friday,November,0,303.5
Snacks,381.03,22,91,Thursday,March,0,426.75
Fruits,80.17,172,18,Thursday,May,0,72.15
Snacks,196.96,57,32,Sunday,September,1,196.96
Vegetables,242.37,363,42,Thursday,February,0,242.37
Frozen,89.23,318,65,Wednesday,August,0,93.69
Household,458.97,258,64,Monday,December,0,481.92
Dairy,288.67,131,53,Monday,May,0,303.1
Frozen,290.94,144,66,Tuesday,September,0,305.49
Household,208.41,23,16,Thursday,July,0,208.41
Vegetables,175.9,471,98,Thursday,August,0,184.7
Fruits,268.09,171,30,Saturday,March,1,268.09
Personal Care,312.87,393,44,Sunday,April,1,312.87
Snacks,30.19,329,51,Monday,October,0,30.19
Snacks,71.69,375,3,Tuesday,September,0,64.52
Frozen,492.32,324,48,Saturday,August,1,492.32
Personal Care,492.29,445,108,Saturday,April,1,551.36
Frozen,272.18,231,95,Friday,January,0,304.84
Snacks,231.54,240,10,Friday,July,0,208.39
Household,273.7,279,3,Thursday,May,0,246.33
Frozen,393.63,354,19,Monday,May,0,354.27
Frozen,175.54,168,49,Wednesday,July,0,175.54
Frozen,118.33,198,96,Sunday,April,1,132.53
Frozen,105.56,362,71,Saturday,February,1,110.84
Snacks,459.05,74,102,Saturday,March,1,514.14
Beverages,113.29,30,116,Wednesday,March,0,126.88
Bakery,37.76,252,77,Saturday,October,1,39.65
Vegetables,409.38,463,4,Wednesday,November,0,368.44
Vegetables,228.53,481,92,Saturday,April,1,239.96
Fruits,364.29,469,97,Monday,March,0,382.5
Snacks,108.43,396,58,Sunday,December,1,108.43
Snacks,372.68,323,61,Saturday,December,1,391.31
Household,302.56,42,23,Friday,March,0,302.56
Beverages,313.35,455,4,Monday,April,0,282.02
Snacks,227.53,382,37,Wednesday,August,0,204.78
Personal Care,359.6,339,71,Wednesday,January,0,377.58
Fruits,355.89,309,82,Monday,February,0,373.68
Snacks,305.95,276,18,Tuesday,July,0,275.36
Frozen,376.84,320,31,Friday,March,0,339.16
Frozen,284.87,45,31,Friday,January,0,284.87
Dairy,359.99,112,32,Friday,April,0,359.99
Snacks,459.74,384,59,Saturday,April,1,459.74
Frozen,44.38,369,8,Wednesday,August,0,39.94
Frozen,47.51,148,114,Wednesday,July,0,53.21
Bakery,454.04,369,41,Friday,February,0,454.04
Vegetables,64.49,39,2,Thursday,December,0,58.04
Personal Care,334.12,78,103,Sunday,October,1,374.21
Beverages,90.42,121,9,Saturday,October,1,81.38
Fruits,374.2,297,92,Sunday,June,1,392.91
Vegetables,495.08,108,83,Saturday,March,1,554.49
Dairy,41.48,407,5,Saturday,September,1,37.33
Vegetables,347.33,471,1,Thursday,March,0,312.6
Snacks,82.48,409,19,Saturday,November,1,74.23
Fruits,157.0,380,57,Friday,April,0,157.0
Dairy,54.42,456,98,Wednesday,May,0,57.14
Bakery,12.88,485,69,Tuesday,May,0,12.88
Personal Care,132.68,174,32,Thursday,May,0,132.68
Beverages,140.69,389,39,Monday,August,0,126.62
Vegetables,172.46,135,61,Saturday,August,1,181.08
Dairy,86.1,299,17,Friday,November,0,77.49
Snacks,49.98,309,9,Wednesday,August,0,44.98
Bakery,302.61,48,2,Wednesday,November,0,272.35
Snacks,372.08,228,99,Friday,December,0,416.73
Beverages,465.06,123,40,Monday,January,0,465.06
Beverages,491.71,155,19,Wednesday,January,0,442.54
Household,307.39,200,27,Monday,January,0,307.39
Frozen,383.66,217,108,Friday,May,0,429.7
Personal Care,448.87,485,71,Thursday,August,0,448.87
Frozen,418.62,472,70,Friday,July,0,418.62
Bakery,347.99,475,55,Saturday,September,1,347.99
Fruits,353.94,289,54,Tuesday,December,0,353.94
Dairy,157.68,394,76,Thursday,June,0,165.56
Vegetables,317.91,30,12,Saturday,May,1,317.91
Bakery,33.01,15,68,Saturday,March,1,34.66
Household,461.23,326,23,Tuesday,January,0,415.11
Frozen,178.82,60,62,Thursday,September,0,187.76
Beverages,424.03,167,115,Monday,June,0,474.91
Beverages,447.2,426,65,Friday,January,0,447.2
Dairy,161.9,466,54,Monday,June,0,161.9
Personal Care,215.27,13,48,Sunday,January,1,226.03
Vegetables,157.28,330,76,Saturday,June,1,165.14
Bakery,242.62,470,2,Wednesday,March,0,218.36
Dairy,382.25,246,27,Sunday,January,1,382.25
Vegetables,416.1,287,70,Sunday,August,1,436.91
Household,465.04,198,29,Tuesday,March,0,465.04
Vegetables,437.6,152,15,Tuesday,April,0,393.84
Snacks,167.58,334,7,Sunday,March,1,150.82
Bakery,39.21,246,96,Thursday,January,0,43.92
Dairy,79.56,423,28,Wednesday,September,0,71.6
Beverages,107.17,412,110,Sunday,January,1,120.03
Frozen,95.22,159,86,Monday,December,0,99.98
Household,241.95,28,115,Friday,September,0,270.98
Snacks,92.0,202,110,Monday,May,0,103.04
Bakery,196.46,160,29,Wednesday,May,0,196.46
Snacks,406.23,156,75,Monday,December,0,426.54
Vegetables,290.44,431,40,Sunday,June,1,290.44
Household,231.78,147,84,Thursday,November,0,243.37
Personal Care,364.47,101,30,Monday,May,0,364.47
Dairy,116.33,451,6,Saturday,November,1,104.7
Household,278.29,42,65,Monday,June,0,292.2
Vegetables,492.91,121,44,Monday,July,0,492.91
Beverages,305.14,185,108,Friday,November,0,341.76
Dairy,369.52,306,103,Friday,May,0,413.86
Bakery,482.9,336,110,Sunday,May,1,540.85
Snacks,227.18,101,31,Tuesday,February,0,227.18
Beverages,409.02,428,79,Sunday,April,1,429.47
Vegetables,196.7,441,110,Wednesday,June,0,220.3
Frozen,390.11,175,112,Saturday,January,1,436.92
Beverages,446.81,5,82,Friday,January,0,500.43
Household,103.1,362,39,Sunday,August,1,103.1
Beverages,230.46,190,9,Tuesday,March,0,207.41
Personal Care,204.14,39,70,Tuesday,November,0,214.35
Household,440.44,305,13,Wednesday,July,0,396.4
Bakery,318.42,23,15,Saturday,May,1,318.42
Dairy,367.19,302,116,Friday,April,0,411.25
Personal Care,18.93,231,106,Thursday,February,0,21.2
Frozen,319.3,52,95,Monday,September,0,357.62
Snacks,389.96,438,119,Thursday,April,0,436.76
Personal Care,417.86,372,73,Thursday,April,0,438.75
Beverages,56.71,185,29,Saturday,April,1,56.71
Fruits,433.22,165,26,Monday,August,0,433.22
Household,74.32,479,106,Friday,July,0,78.04
Bakery,399.97,479,85,Tuesday,May,0,419.97
Dairy,449.84,329,86,Monday,January,0,472.33
Beverages,163.27,102,64,Sunday,December,1,171.43
Household,429.72,43,69,Tuesday,June,0,451.21
Dairy,323.13,95,19,Friday,August,0,323.13
Personal Care,16.26,344,68,Friday,August,0,17.07
Household,490.63,250,91,Friday,December,0,515.16
Personal Care,436.18,469,30,Wednesday,February,0,392.56
Vegetables,469.2,20,91,Sunday,March,1,525.5
Frozen,162.29,57,82,Wednesday,October,0,181.76
Beverages,437.11,364,66,Wednesday,February,0,437.11
Frozen,363.75,482,115,Saturday,May,1,407.4
Personal Care,250.69,333,76,Tuesday,August,0,263.22
Frozen,309.94,430,105,Saturday,April,1,347.13
Beverages,12.81,189,107,Monday,June,0,14.35
Fruits,12.73,129,105,Wednesday,December,0,14.26
Snacks,371.03,119,2,Wednesday,April,0,333.93
Personal Care,315.52,285,15,Wednesday,October,0,283.97
Vegetables,459.72,425,19,Saturday,July,1,413.75
Vegetables,240.52,150,29,Tuesday,November,0,240.52
Fruits,454.2,106,15,Wednesday,November,0,408.78
Dairy,79.96,11,30,Monday,January,0,79.96
Vegetables,62.07,352,102,Monday,April,0,69.52
Bakery,44.41,330,39,Monday,August,0,44.41
Household,193.12,293,60,Friday,July,0,193.12
Beverages,45.21,214,117,Tuesday,May,0,50.64
Vegetables,159.77,377,37,Tuesday,January,0,143.79
Household,114.5,475,34,Sunday,November,1,103.05
Fruits,486.5,457,46,Monday,September,0,486.5
Beverages,448.76,284,19,Friday,November,0,403.88
Vegetables,283.58,474,51,Monday,April,0,283.58
Fruits,329.94,298,114,Wednesday,November,0,369.53
Vegetables,272.34,396,4,Thursday,April,0,245.11
Beverages,455.66,63,40,Thursday,April,0,455.66
Household,178.18,73,69,Wednesday,July,0,187.09
Vegetables,410.24,110,98,Saturday,December,1,459.47
Vegetables,227.51,27,27,Sunday,March,1,227.51
Snacks,267.38,392,20,Sunday,March,1,240.64
Fruits,39.67,313,34,Tuesday,March,0,39.67
Fruits,483.83,150,4,Tuesday,July,0,435.45
Household,178.0,166,79,Tuesday,May,0,186.9
Household,284.26,26,22,Tuesday,December,0,284.26
Snacks,69.14,260,13,Friday,June,0,62.23
Personal Care,363.18,374,4,Sunday,June,1,326.86
Bakery,134.05,338,67,Friday,December,0,140.75
Beverages,242.13,250,82,Sunday,May,1,254.24
Dairy,297.28,133,85,Wednesday,August,0,332.95
Bakery,271.73,484,117,Saturday,February,1,304.34
Snacks,415.12,74,38,Sunday,January,1,415.12
Frozen,83.4,37,93,Wednesday,July,0,93.41
Bakery,123.86,180,34,Thursday,April,0,123.86
Snacks,241.32,87,111,Sunday,June,1,270.28
Household,180.09,421,97,Saturday,July,1,189.09
Snacks,152.49,282,16,Wednesday,February,0,137.24
Household,237.04,233,86,Monday,September,0,248.89
Dairy,376.11,469,33,Friday,March,0,338.5
Beverages,378.25,331,119,Tuesday,October,0,423.64
Frozen,212.9,70,69,Saturday,June,1,223.55
Bakery,323.04,55,76,Monday,September,0,339.19
Beverages,386.08,230,36,Wednesday,November,0,386.08
Fruits,144.83,211,45,Sunday,October,1,144.83
Beverages,497.92,10,63,Thursday,April,0,522.82
Snacks,242.78,354,103,Tuesday,July,0,271.91
Personal Care,424.95,104,48,Sunday,April,1,446.2
Fruits,65.0,51,38,Thursday,April,0,65.0
Dairy,254.53,333,111,Monday,October,0,285.07
Household,269.92,413,3,Wednesday,March,0,242.93
Vegetables,462.42,201,28,Tuesday,April,0,462.42
Bakery,34.35,207,46,Saturday,June,1,34.35
Fruits,147.86,136,88,Wednesday,October,0,165.6
Snacks,203.95,252,30,Wednesday,March,0,203.95
Bakery,206.02,267,32,Wednesday,January,0,206.02
Beverages,456.7,260,76,Thursday,May,0,479.54
Dairy,312.66,392,108,Saturday,October,1,350.18
Snacks,140.6,485,79,Saturday,December,1,147.63
Frozen,147.02,413,102,Friday,April,0,154.37
Household,117.3,364,104,Sunday,June,1,131.38
Frozen,90.28,54,95,Wednesday,May,0,101.11
Beverages,355.43,214,18,Sunday,July,1,319.89
Fruits,424.16,489,68,Friday,October,0,424.16
Beverages,465.6,377,62,Monday,February,0,465.6
Snacks,221.25,299,12,Thursday,July,0,199.12
Fruits,117.2,406,19,Monday,December,0,105.48
Fruits,328.12,468,58,Wednesday,October,0,328.12
Personal Care,407.56,153,34,Thursday,August,0,407.56
Beverages,21.82,144,44,Tuesday,April,0,21.82
Fruits,368.36,199,76,Sunday,August,1,386.78
Bakery,351.03,71,59,Thursday,March,0,368.58
Personal Care,129.9,210,85,Monday,July,0,136.4
Snacks,28.91,239,76,Friday,March,0,30.36
Snacks,357.25,328,99,Sunday,December,1,400.12
Vegetables,295.08,40,61,Friday,August,0,309.83
Snacks,335.52,187,111,Thursday,April,0,375.78
Beverages,46.38,258,59,Friday,February,0,46.38
Frozen,79.57,330,111,Friday,September,0,89.12
Fruits,224.51,169,95,Saturday,February,1,251.45
Dairy,183.1,352,102,Sunday,November,1,205.07
Fruits,113.98,154,100,Thursday,September,0,127.66
Household,404.73,2,5,Friday,May,0,364.26
Fruits,312.15,134,59,Sunday,November,1,327.76
Beverages,296.85,437,83,Thursday,November,0,311.69
Bakery,200.1,211,111,Tuesday,December,0,224.11
Dairy,276.87,294,114,Tuesday,October,0,310.09
Frozen,274.44,452,50,Tuesday,November,0,274.44
Frozen,368.86,251,58,Sunday,July,1,387.3
Snacks,315.52,198,30,Sunday,June,1,315.52
Beverages,242.8,207,2,Monday,August,0,218.52
Household,190.21,132,2,Saturday,September,1,171.19
Personal Care,65.98,101,66,Tuesday,September,0,69.28
Dairy,57.88,236,41,Tuesday,September,0,57.88
Beverages,12.19,458,83,Thursday,October,0,12.8
Dairy,492.8,248,110,Saturday,October,1,551.94
Vegetables,365.9,275,88,Thursday,February,0,384.19
Vegetables,95.35,213,91,Monday,July,0,106.79
Frozen,137.88,455,22,Friday,November,0,124.09
Dairy,74.24,473,72,Monday,March,0,74.24
Beverages,453.84,92,87,Wednesday,May,0,508.3
Frozen,222.23,498,90,Thursday,June,0,233.34
Bakery,241.76,424,47,Friday,July,0,241.76
Frozen,210.53,94,109,Thursday,June,0,235.79
Fruits,409.04,153,117,Tuesday,September,0,458.12
Vegetables,108.54,387,74,Tuesday,April,0,113.97
Vegetables,139.88,319,74,Saturday,February,1,146.87
Beverages,389.46,456,77,Monday,August,0,408.93
Frozen,385.44,295,72,Wednesday,August,0,404.71
Fruits,487.99,152,22,Thursday,April,0,487.99
Household,288.26,489,34,Monday,November,0,259.43
Fruits,22.66,417,119,Wednesday,May,0,25.38
Fruits,85.63,386,80,Tuesday,July,0,89.91
Personal Care,425.57,199,89,Wednesday,March,0,446.85
Frozen,235.06,305,106,Wednesday,August,0,263.27
Bakery,255.5,431,120,Monday,December,0,286.16
Frozen,210.8,23,63,Tuesday,December,0,221.34
Bakery,365.81,24,4,Monday,August,0,329.23
Fruits,240.24,197,86,Monday,January,0,252.25
Beverages,88.47,13,83,Tuesday,December,0,99.09
Frozen,160.9,67,28,Friday,March,0,160.9
Beverages,131.64,164,24,Tuesday,January,0,131.64
Personal Care,59.7,134,44,Saturday,December,1,59.7
Frozen,101.11,321,14,Tuesday,December,0,91.0
Dairy,92.98,133,105,Saturday,January,1,104.14
Personal Care,61.9,453,25,Friday,July,0,55.71
Household,137.88,82,43,Saturday,June,1,144.77
Bakery,227.88,200,41,Thursday,December,0,227.88
Vegetables,117.94,156,109,Friday,June,0,132.09
Dairy,415.98,336,113,Tuesday,July,0,465.9
Beverages,260.51,316,104,Thursday,June,0,291.77
Fruits,84.78,496,94,Saturday,December,1,89.02
Snacks,358.71,51,37,Saturday,April,1,358.71
Dairy,208.62,154,31,Sunday,March,1,208.62
Vegetables,255.2,188,68,Friday,October,0,267.96
Personal Care,231.87,308,85,Friday,January,0,243.46
Frozen,302.87,374,95,Friday,February,0,318.01
Vegetables,287.41,115,101,Sunday,August,1,321.9
Bakery,39.34,156,75,Monday,August,0,41.31
Bakery,331.86,115,85,Thursday,May,0,371.68
Frozen,274.81,315,7,Thursday,December,0,247.33
Vegetables,450.7,240,66,Wednesday,September,0,473.24
Dairy,102.8,52,19,Saturday,August,1,102.8
Fruits,312.77,20,44,Tuesday,November,0,328.41
Vegetables,374.12,171,10,Saturday,December,1,336.71
Vegetables,350.26,320,44,Tuesday,December,0,350.26
Personal Care,480.8,429,74,Thursday,November,0,504.84
Dairy,122.64,381,116,Thursday,December,0,137.36
Fruits,109.5,483,66,Monday,January,0,109.5
Personal Care,453.34,132,86,Sunday,April,1,507.74
Beverages,329.94,462,100,Saturday,July,1,346.44
Personal Care,321.48,64,101,Monday,May,0,360.06
Beverages,472.12,417,19,Monday,January,0,424.91
Vegetables,489.62,187,70,Thursday,March,0,514.1
Snacks,469.98,133,72,Thursday,September,0,493.48
Bakery,311.59,153,110,Tuesday,February,0,348.98
Bakery,450.6,225,83,Wednesday,July,0,473.13
Fruits,164.27,460,63,Tuesday,March,0,164.27
Household,51.45,322,33,Monday,June,0,46.31
Frozen,44.29,476,25,Sunday,February,1,39.86
Beverages,147.12,77,15,Saturday,October,1,147.12
Fruits,290.49,79,33,Thursday,December,0,290.49
Frozen,495.44,237,36,Monday,April,0,495.44
Household,321.96,105,91,Monday,January,0,360.6
Household,455.84,267,35,Monday,August,0,455.84
Beverages,249.79,139,8,Thursday,October,0,224.81
Fruits,406.91,135,15,Tuesday,March,0,366.22
Frozen,105.03,364,1,Sunday,November,1,94.53
Bakery,403.94,427,41,Monday,September,0,363.55
Beverages,74.43,259,26,Monday,October,0,66.99
Beverages,80.85,392,29,Tuesday,August,0,72.77
Dairy,133.99,165,101,Saturday,January,1,150.07
Snacks,327.67,264,53,Monday,August,0,327.67
Beverages,313.51,100,5,Thursday,March,0,282.16
Vegetables,234.16,396,36,Wednesday,February,0,210.74
Beverages,291.0,424,15,Friday,August,0,261.9
Beverages,273.12,172,43,Friday,July,0,273.12
Fruits,315.98,124,16,Thursday,January,0,284.38
Beverages,241.69,218,26,Saturday,December,1,241.69
Personal Care,272.05,226,105,Thursday,June,0,304.7
Frozen,488.62,382,13,Tuesday,September,0,439.76
Dairy,496.19,479,53,Friday,June,0,496.19
Household,394.32,81,114,Monday,February,0,441.64
Dairy,351.33,306,98,Wednesday,April,0,393.49
Bakery,204.88,57,43,Thursday,July,0,204.88
Fruits,361.38,351,44,Friday,August,0,361.38
Bakery,113.37,38,15,Sunday,March,1,113.37
Beverages,319.63,351,108,Friday,February,0,357.99
Dairy,142.31,436,28,Friday,November,0,128.08
Household,317.06,130,58,Friday,July,0,332.91
Household,347.56,184,38,Wednesday,January,0,347.56
Vegetables,168.53,134,70,Friday,June,0,176.96
Vegetables,429.34,487,81,Sunday,December,1,450.81
Dairy,199.62,26,40,Tuesday,October,0,199.62
Vegetables,242.78,271,70,Friday,October,0,254.92
Personal Care,314.57,427,70,Sunday,May,1,330.3
Personal Care,423.98,203,5,Tuesday,July,0,381.58
Dairy,289.83,188,77,Wednesday,January,0,304.32
Household,342.99,68,14,Friday,September,0,308.69
Dairy,101.79,1,102,Sunday,August,1,114.0
Fruits,254.4,27,69,Friday,February,0,267.12
Household,122.62,84,75,Tuesday,April,0,128.75
Snacks,477.2,409,117,Thursday,August,0,534.46
Dairy,179.37,289,64,Friday,March,0,188.34
Household,124.69,158,13,Saturday,March,1,112.22
Fruits,298.09,54,101,Tuesday,March,0,333.86
Household,117.97,128,18,Saturday,June,1,117.97
Vegetables,381.0,261,101,Wednesday,November,0,426.72
Dairy,158.88,41,55,Tuesday,August,0,166.82
Personal Care,96.89,50,17,Saturday,February,1,96.89
Bakery,374.76,391,107,Wednesday,May,0,419.73
Personal Care,161.92,472,66,Sunday,June,1,161.92
Dairy,81.4,153,97,Thursday,December,0,91.17
Bakery,18.97,354,10,Thursday,September,0,17.07
Bakery,441.25,254,14,Tuesday,August,0,397.12
Fruits,342.39,434,96,Thursday,April,0,359.51
Dairy,470.79,325,81,Wednesday,February,0,494.33
Personal Care,320.8,404,51,Monday,August,0,320.8
Snacks,433.97,89,8,Wednesday,January,0,390.57
Snacks,321.06,482,87,Sunday,May,1,337.11
Dairy,149.05,474,3,Monday,March,0,134.15
Bakery,228.03,176,55,Saturday,November,1,239.43
Snacks,451.01,388,40,Tuesday,July,0,451.01
Bakery,144.21,187,106,Monday,February,0,161.52
Beverages,304.04,129,31,Monday,March,0,304.04
Vegetables,488.6,275,112,Thursday,July,0,547.23
Fruits,224.93,197,38,Thursday,October,0,224.93
Vegetables,388.06,104,49,Tuesday,April,0,407.46
Beverages,27.04,145,67,Saturday,February,1,28.39
Frozen,258.63,182,25,Monday,October,0,258.63
Dairy,347.02,242,105,Monday,February,0,388.66
Personal Care,196.4,476,66,Thursday,January,0,196.4
Beverages,243.42,421,30,Friday,March,0,219.08
Personal Care,401.61,237,69,Sunday,April,1,421.69
Bakery,159.37,354,101,Thursday,May,0,167.34
Beverages,173.59,15,66,Sunday,September,1,182.27
Beverages,126.5,397,34,Saturday,April,1,113.85
Frozen,418.79,222,110,Saturday,December,1,469.04
Personal Care,487.5,344,58,Saturday,August,1,487.5
Snacks,475.09,128,63,Tuesday,May,0,498.84
Beverages,306.18,333,12,Tuesday,April,0,275.56
Beverages,159.83,3,119,Thursday,February,0,179.01
Vegetables,207.42,315,83,Wednesday,July,0,217.79
Dairy,185.21,302,105,Tuesday,August,0,207.44
Personal Care,462.2,14,119,Wednesday,December,0,517.66
Frozen,312.64,342,68,Tuesday,July,0,328.27
Bakery,454.16,454,55,Saturday,October,1,454.16
Bakery,107.85,495,29,Saturday,September,1,97.06
Bakery,86.51,174,72,Monday,March,0,90.84
Household,433.71,87,11,Friday,August,0,390.34
Personal Care,242.91,25,39,Saturday,May,1,255.06
Dairy,155.69,137,14,Wednesday,March,0,140.12
Frozen,164.4,80,55,Monday,July,0,172.62
Dairy,135.63,153,32,Monday,December,0,135.63
Dairy,224.95,157,60,Thursday,July,0,236.2
Dairy,481.25,183,100,Saturday,April,1,539.0
Bakery,421.79,316,91,Thursday,September,0,442.88
Snacks,236.48,245,49,Thursday,December,0,236.48
Snacks,251.55,373,62,Sunday,March,1,251.55
Personal Care,388.21,91,115,Wednesday,March,0,434.8
Fruits,259.88,401,89,Monday,March,0,272.87
Vegetables,336.88,328,53,Sunday,February,1,336.88
Beverages,379.49,259,19,Thursday,February,0,341.54
Beverages,147.0,366,75,Friday,September,0,154.35
Fruits,229.66,291,77,Sunday,May,1,241.14
Vegetables,45.9,160,89,Sunday,January,1,51.41
Frozen,356.34,63,23,Sunday,August,1,356.34
Household,206.83,47,93,Monday,May,0,231.65
Dairy,283.92,242,107,Tuesday,March,0,317.99
Household,397.68,480,51,Friday,May,0,397.68
Vegetables,45.14,194,109,Tuesday,May,0,50.56
Fruits,46.37,482,50,Wednesday,July,0,46.37
Snacks,318.17,388,90,Sunday,September,1,334.08
Frozen,447.36,36,120,Tuesday,January,0,501.04
Household,138.79,182,102,Tuesday,September,0,155.44
Dairy,367.33,257,54,Sunday,May,1,367.33
Fruits,385.47,4,15,Thursday,October,0,385.47
Frozen,499.45,471,3,Saturday,March,1,449.5
Snacks,104.62,65,63,Monday,July,0,109.85
Household,386.46,345,72,Monday,April,0,405.78
Fruits,274.63,170,50,Saturday,March,1,288.36
Snacks,170.6,442,29,Wednesday,November,0,153.54
Bakery,89.71,10,40,Wednesday,September,0,89.71
Frozen,117.34,283,46,Sunday,October,1,117.34
Household,77.59,419,110,Monday,June,0,86.9
Dairy,38.01,424,41,Sunday,February,1,38.01
Dairy,369.01,330,49,Sunday,July,1,369.01
Dairy,192.97,263,6,Friday,June,0,173.67
Beverages,324.25,109,75,Saturday,November,1,340.46
Vegetables,51.76,270,81,Friday,April,0,54.35
Beverages,86.08,192,106,Thursday,January,0,96.41
Beverages,64.26,211,70,Saturday,July,1,67.47
Frozen,485.73,419,6,Tuesday,September,0,437.16
Beverages,267.08,437,12,Wednesday,October,0,240.37
Vegetables,306.92,467,45,Thursday,November,0,276.23
Bakery,415.04,247,71,Monday,June,0,435.79
Personal Care,341.12,283,90,Tuesday,July,0,358.18
Bakery,372.78,36,41,Tuesday,September,0,372.78
Snacks,119.05,194,50,Sunday,November,1,125.0
Personal Care,149.6,101,37,Thursday,December,0,149.6
Personal Care,122.07,120,38,Saturday,March,1,122.07
Frozen,471.88,239,71,Saturday,May,1,495.47
Household,402.64,223,94,Sunday,February,1,450.96
Bakery,386.05,478,45,Thursday,September,0,347.44
Bakery,448.06,472,1,Friday,July,0,403.25
Personal Care,339.16,190,57,Friday,August,0,356.12
Frozen,214.58,391,99,Saturday,February,1,225.31
Fruits,466.97,81,87,Friday,July,0,523.01
Bakery,434.29,146,96,Saturday,August,1,486.4
Snacks,18.35,150,118,Friday,December,0,20.55
Dairy,83.22,307,64,Saturday,December,1,87.38
Beverages,472.97,463,64,Tuesday,January,0,472.97
Bakery,413.65,460,79,Thursday,October,0,434.33
Personal Care,203.68,191,102,Sunday,March,1,228.12
Bakery,242.86,448,48,Saturday,July,1,242.86
Household,282.39,467,89,Friday,September,0,296.51
Personal Care,105.71,284,55,Friday,May,0,105.71
Personal Care,422.86,353,72,Monday,November,0,444.0
Frozen,442.55,141,14,Sunday,May,1,398.3
Household,238.47,295,46,Wednesday,December,0,238.47
Fruits,106.53,443,9,Wednesday,November,0,95.88
Frozen,361.37,296,77,Thursday,November,0,379.44
Beverages,269.41,177,120,Thursday,February,0,301.74
Snacks,327.97,65,102,Saturday,April,1,367.33
Beverages,393.77,447,52,Tuesday,October,0,393.77
Bakery,203.2,324,100,Friday,May,0,227.58
Fruits,111.01,395,106,Friday,August,0,124.33
Frozen,266.48,349,89,Thursday,June,0,279.8
Frozen,154.79,440,64,Monday,September,0,154.79
Bakery,340.38,247,46,Tuesday,May,0,340.38
Dairy,294.66,56,82,Friday,November,0,330.02
Fruits,388.39,430,45,Monday,February,0,388.39
Fruits,164.87,487,28,Sunday,May,1,148.38
Personal Care,38.64,26,20,Monday,January,0,38.64
Bakery,444.33,417,101,Sunday,March,1,466.55
Frozen,311.31,318,54,Thursday,March,0,311.31
Fruits,396.2,259,90,Sunday,April,1,443.74
Snacks,95.8,416,23,Thursday,April,0,86.22
Fruits,107.73,290,53,Sunday,September,1,107.73
Beverages,159.25,216,75,Friday,February,0,167.21
Beverages,444.91,23,56,Thursday,September,0,467.16
Fruits,87.4,235,16,Wednesday,July,0,78.66
Bakery,322.8,371,92,Thursday,January,0,338.94
Bakery,87.26,424,70,Tuesday,November,0,87.26
Personal Care,346.02,150,11,Sunday,July,1,311.42
Personal Care,199.45,250,88,Monday,June,0,209.42
Dairy,10.57,328,89,Saturday,July,1,11.1
Household,457.62,281,43,Tuesday,January,0,457.62
Dairy,137.57,192,61,Saturday,November,1,144.45
Vegetables,443.2,274,111,Sunday,June,1,496.38
Beverages,83.52,442,17,Sunday,December,1,75.17
Dairy,19.03,198,119,Sunday,June,1,21.31
Fruits,326.89,157,83,Monday,May,0,343.23
Personal Care,76.41,29,11,Friday,November,0,68.77
Dairy,113.33,147,19,Monday,December,0,102.0
Frozen,499.79,477,71,Thursday,March,0,499.79
Bakery,462.96,15,36,Sunday,December,1,462.96
Frozen,214.7,242,83,Sunday,January,1,225.44
Vegetables,69.22,251,79,Thursday,March,0,72.68
Bakery,49.48,223,62,Monday,March,0,51.95
Snacks,29.95,200,90,Wednesday,September,0,31.45
Snacks,490.11,204,104,Wednesday,October,0,548.92
Vegetables,11.11,381,87,Saturday,December,1,11.67
Bakery,209.12,213,46,Friday,November,0,209.12
Bakery,417.53,217,103,Thursday,December,0,467.63
Beverages,91.87,492,20,Sunday,January,1,82.68
Vegetables,194.32,33,88,Monday,March,0,217.64
Bakery,126.43,11,91,Saturday,June,1,141.6
Dairy,438.02,475,49,Sunday,April,1,438.02
Personal Care,247.58,100,115,Wednesday,September,0,277.29
Vegetables,45.19,137,51,Monday,November,0,47.45
Vegetables,81.27,357,57,Wednesday,January,0,81.27
Fruits,287.54,439,39,Tuesday,May,0,258.79
Personal Care,149.71,58,86,Thursday,June,0,167.68
Frozen,220.33,198,12,Sunday,October,1,198.3
Frozen,101.06,114,22,Tuesday,October,0,101.06
Beverages,314.07,6,15,Saturday,October,1,314.07
Fruits,406.88,43,6,Sunday,April,1,366.19
Beverages,403.44,201,44,Sunday,September,1,403.44
Dairy,487.06,236,20,Thursday,November,0,438.35
Fruits,342.55,447,89,Wednesday,November,0,359.68
Bakery,367.41,318,29,Sunday,September,1,367.41
Vegetables,114.84,348,8,Friday,January,0,103.36
Personal Care,177.39,262,12,Thursday,November,0,159.65
Fruits,420.44,308,111,Monday,October,0,470.89
Snacks,14.81,67,100,Monday,February,0,16.59
Vegetables,189.17,32,99,Wednesday,March,0,211.87
Fruits,121.36,41,98,Friday,August,0,135.92
Frozen,182.03,211,63,Tuesday,March,0,191.13
Personal Care,62.66,262,50,Wednesday,December,0,62.66
Dairy,352.74,492,109,Friday,May,0,370.38
Bakery,36.76,481,87,Friday,June,0,38.6
Beverages,88.21,136,75,Tuesday,December,0,92.62
Personal Care,134.85,439,34,Monday,December,0,121.36
Frozen,221.74,464,116,Monday,June,0,248.35
Beverages,349.78,69,7,Friday,August,0,314.8
Frozen,353.48,143,105,Friday,July,0,395.9
Bakery,280.35,384,72,Tuesday,June,0,294.37
Household,347.44,61,38,Tuesday,March,0,347.44
Bakery,399.71,363,62,Tuesday,May,0,399.71
Household,194.95,32,100,Wednesday,February,0,218.34
Vegetables,95.69,270,82,Monday,September,0,100.47
Frozen,65.79,490,58,Friday,January,0,65.79
Vegetables,252.27,57,26,Wednesday,April,0,252.27
Vegetables,362.05,227,111,Tuesday,March,0,405.5
Personal Care,85.94,31,114,Saturday,June,1,96.25
Fruits,39.0,115,56,Wednesday,October,0,40.95
Household,294.42,162,62,Monday,August,0,309.14
Beverages,396.85,246,108,Saturday,December,1,444.47
Beverages,304.66,359,34,Saturday,July,1,304.66
Vegetables,380.6,415,117,Monday,February,0,426.27
Fruits,80.26,44,84,Tuesday,August,0,89.89
Dairy,98.72,221,93,Monday,July,0,110.57
Fruits,55.25,467,89,Thursday,March,0,58.01
Fruits,36.21,75,94,Wednesday,February,0,40.56
Dairy,395.03,214,21,Monday,January,0,355.53
Vegetables,111.17,282,27,Sunday,March,1,111.17
Dairy,384.47,494,118,Friday,February,0,430.61
Personal Care,357.62,327,16,Sunday,October,1,321.86
Snacks,272.6,426,115,Wednesday,February,0,305.31
Household,402.57,127,12,Saturday,February,1,362.31
Vegetables,301.11,118,7,Thursday,April,0,271.0
Bakery,122.88,237,19,Friday,September,0,110.59
Vegetables,241.22,92,68,Thursday,August,0,253.28
Bakery,113.09,483,96,Monday,May,0,118.74
Beverages,428.17,260,61,Saturday,July,1,449.58
Vegetables,449.31,380,76,Monday,January,0,471.78
Fruits,408.56,379,59,Friday,July,0,408.56
Personal Care,87.07,236,113,Thursday,December,0,97.52
Dairy,307.1,237,68,Sunday,June,1,322.46
Beverages,192.82,432,99,Friday,October,0,202.46
Bakery,102.23,269,42,Sunday,May,1,102.23
Bakery,120.63,442,92,Thursday,November,0,126.66
Personal Care,132.63,345,83,Wednesday,December,0,139.26
Bakery,399.62,184,33,Wednesday,March,0,399.62
Snacks,110.54,131,6,Tuesday,June,0,99.49
Vegetables,329.76,489,47,Sunday,June,1,329.76
Bakery,14.56,269,78,Tuesday,November,0,15.29
Bakery,227.43,1,115,Friday,November,0,254.72
Fruits,143.99,167,32,Monday,June,0,143.99
Frozen,150.83,422,51,Saturday,January,1,150.83
Vegetables,375.27,349,18,Sunday,June,1,337.74
Personal Care,254.72,254,64,Wednesday,April,0,267.46
Vegetables,381.69,281,16,Saturday,August,1,343.52
Frozen,273.08,189,25,Tuesday,May,0,273.08
Fruits,266.78,414,108,Saturday,February,1,298.79
Dairy,425.1,340,120,Monday,July,0,476.11
Beverages,65.95,312,67,Friday,August,0,69.25
Personal Care,392.65,146,54,Friday,April,0,412.28
Bakery,215.32,355,12,Sunday,December,1,193.79
Household,342.16,38,50,Wednesday,October,0,359.27
Bakery,359.52,10,64,Monday,November,0,377.5
Personal Care,452.88,175,15,Friday,December,0,407.59
Frozen,151.41,295,112,Tuesday,April,0,169.58
Dairy,196.39,490,55,Monday,October,0,196.39
Dairy,66.15,335,35,Sunday,September,1,66.15
Personal Care,90.33,164,21,Wednesday,July,0,81.3
Fruits,68.48,112,8,Thursday,December,0,61.63
Personal Care,414.26,250,117,Tuesday,December,0,463.97
Dairy,387.49,246,46,Tuesday,June,0,387.49
Vegetables,330.43,287,27,Tuesday,December,0,297.39
Personal Care,482.21,169,86,Friday,December,0,506.32
Household,458.7,500,15,Tuesday,April,0,412.83
Snacks,43.9,367,120,Thursday,December,0,49.17
Household,454.58,101,18,Tuesday,March,0,454.58
Personal Care,213.5,113,45,Wednesday,February,0,213.5
Frozen,312.39,283,67,Sunday,April,1,328.01
Fruits,408.04,243,62,Sunday,March,1,428.44
Dairy,160.93,474,73,Thursday,February,0,160.93
Vegetables,261.28,348,35,Tuesday,August,0,235.15
Bakery,371.29,371,80,Thursday,June,0,389.85
Frozen,148.11,182,47,Saturday,April,1,148.11
Beverages,265.27,10,112,Tuesday,May,0,297.1
Fruits,221.97,307,52,Wednesday,December,0,221.97
Household,349.93,477,108,Wednesday,January,0,367.43
Frozen,202.6,490,77,Friday,December,0,212.73
Personal Care,83.25,111,21,Friday,April,0,83.25
Frozen,295.12,3,112,Saturday,September,1,330.53
Dairy,45.99,332,86,Sunday,September,1,48.29
Fruits,95.68,334,25,Friday,September,0,86.11
Snacks,367.14,472,22,Monday,December,0,330.43
Dairy,407.05,495,55,Saturday,November,1,407.05
Household,229.24,423,22,Saturday,April,1,206.32
Vegetables,220.12,64,53,Saturday,January,1,231.13
Bakery,277.09,220,9,Friday,February,0,249.38
Snacks,471.78,394,94,Sunday,July,1,495.37
Personal Care,488.27,354,53,Friday,June,0,488.27
Vegetables,25.72,495,47,Saturday,February,1,25.72
Vegetables,411.33,24,38,Saturday,August,1,431.9
Fruits,128.24,19,31,Sunday,February,1,128.24
Vegetables,394.71,155,76,Thursday,May,0,414.45
Bakery,200.03,94,22,Friday,June,0,200.03
Household,209.14,473,117,Tuesday,April,0,234.24
Frozen,209.74,435,114,Saturday,January,1,234.91
Beverages,119.3,76,112,Saturday,February,1,133.62
Fruits,319.01,337,18,Monday,February,0,287.11
Vegetables,95.42,274,74,Monday,April,0,100.19
Dairy,408.22,166,10,Monday,March,0,367.4
Fruits,52.08,10,46,Saturday,September,1,54.68
Bakery,139.97,445,81,Friday,July,0,146.97
Dairy,357.0,194,18,Tuesday,April,0,321.3
Dairy,299.47,235,74,Saturday,December,1,314.44
Fruits,207.95,264,68,Wednesday,December,0,218.35
Personal Care,106.76,406,83,Thursday,May,0,112.1
Household,257.94,313,42,Wednesday,July,0,257.94
Snacks,483.39,435,62,Tuesday,April,0,483.39
Snacks,469.19,22,29,Saturday,January,1,469.19
Personal Care,233.59,196,86,Thursday,March,0,245.27
Snacks,149.37,334,23,Wednesday,April,0,134.43
Dairy,491.07,466,17,Saturday,September,1,441.96
Bakery,300.56,7,97,Monday,February,0,336.63
Bakery,76.67,177,18,Monday,August,0,69.0
Vegetables,60.03,254,94,Saturday,May,1,67.23
Bakery,158.64,179,54,Sunday,July,1,166.57
Snacks,230.79,253,5,Saturday,May,1,207.71
Snacks,323.72,244,25,Sunday,August,1,323.72
Household,49.73,121,48,Tuesday,June,0,49.73
Household,373.63,220,95,Tuesday,March,0,418.47
Beverages,343.71,453,91,Wednesday,August,0,360.9
Frozen,199.63,29,79,Thursday,May,0,223.59
Dairy,292.02,469,118,Monday,November,0,327.06
Beverages,196.49,311,29,Wednesday,September,0,176.84
Bakery,190.71,153,13,Friday,June,0,171.64
Personal Care,37.79,160,66,Friday,July,0,39.68
Household,223.02,283,33,Thursday,October,0,223.02
Household,142.71,140,77,Sunday,June,1,149.85
Frozen,374.72,464,73,Sunday,August,1,393.46
Fruits,186.67,220,117,Sunday,February,1,209.07
Beverages,130.5,9,6,Monday,December,0,117.45
Household,75.42,314,4,Wednesday,January,0,67.88
Bakery,185.08,248,56,Tuesday,October,0,185.08
Personal Care,93.62,51,19,Saturday,February,1,93.62
Fruits,76.98,95,6,Friday,May,0,69.28
Snacks,135.32,96,4,Friday,March,0,121.79
Personal Care,482.82,44,87,Friday,September,0,540.76
Household,236.98,373,66,Thursday,April,0,236.98
Personal Care,64.09,367,31,Thursday,March,0,57.68
Snacks,29.34,360,59,Tuesday,June,0,29.34
Fruits,58.78,109,50,Saturday,February,1,61.72
Vegetables,227.87,131,74,Thursday,September,0,239.26
Household,112.34,444,112,Saturday,June,1,125.82
Beverages,167.26,164,112,Tuesday,June,0,187.33
Household,321.35,317,74,Wednesday,February,0,337.42
Household,142.42,497,38,Tuesday,July,0,128.18
Dairy,151.58,281,64,Tuesday,May,0,159.16
Snacks,11.12,277,66,Wednesday,September,0,11.68
Frozen,368.0,219,109,Wednesday,November,0,412.16
Bakery,464.95,153,39,Saturday,March,1,464.95
Household,375.77,454,89,Monday,October,0,394.56
Frozen,293.71,128,100,Thursday,June,0,328.96
Fruits,291.25,25,13,Wednesday,June,0,291.25
Dairy,269.3,1,112,Thursday,April,0,301.62
Household,265.09,171,35,Wednesday,January,0,265.09
Household,449.53,339,83,Tuesday,October,0,472.01
Frozen,178.55,248,6,Sunday,May,1,160.7
Fruits,211.35,258,114,Monday,October,0,236.71
Vegetables,183.51,441,51,Friday,April,0,183.51
Household,36.56,51,106,Friday,April,0,40.95
Personal Care,160.91,16,24,Thursday,June,0,160.91
Household,138.3,252,87,Monday,February,0,145.22
Personal Care,96.93,471,76,Wednesday,January,0,101.78
Snacks,318.55,220,74,Tuesday,July,0,334.48
Vegetables,120.21,19,20,Monday,February,0,120.21
Dairy,141.72,153,97,Friday,September,0,158.73
Dairy,317.75,427,100,Saturday,May,1,333.64
Frozen,22.89,185,25,Wednesday,November,0,22.89
Snacks,20.09,217,53,Sunday,July,1,21.09
Snacks,161.85,64,54,Thursday,January,0,169.94
Household,373.79,253,58,Tuesday,December,0,373.79
Dairy,137.86,173,82,Wednesday,April,0,144.75
Frozen,499.84,413,29,Tuesday,February,0,449.86
Snacks,46.17,80,88,Monday,December,0,51.71
Dairy,282.1,61,88,Monday,April,0,315.95
Vegetables,249.66,98,119,Saturday,September,1,279.62
Dairy,445.21,485,58,Saturday,August,1,445.21
Vegetables,304.68,421,67,Monday,October,0,304.68
Frozen,280.47,473,58,Monday,December,0,280.47
Frozen,432.48,483,56,Friday,November,0,432.48
Vegetables,156.19,103,106,Tuesday,February,0,174.93
Frozen,167.02,306,70,Tuesday,April,0,175.37
Vegetables,42.35,93,63,Tuesday,May,0,44.47
Dairy,62.96,468,35,Monday,June,0,56.66
Personal Care,107.63,306,30,Wednesday,July,0,96.87
Vegetables,304.65,136,62,Saturday,April,1,319.88
Vegetables,439.09,128,76,Wednesday,April,0,461.04
Fruits,97.19,189,93,Friday,January,0,108.85
Bakery,411.39,173,99,Tuesday,November,0,460.76
Household,265.39,293,53,Tuesday,January,0,265.39
Dairy,110.19,431,29,Monday,March,0,99.17
Dairy,64.71,369,78,Tuesday,July,0,67.95
Vegetables,480.31,442,52,Monday,February,0,480.31
Fruits,122.27,182,42,Saturday,June,1,122.27
Household,183.42,177,13,Saturday,September,1,165.08
Bakery,414.47,478,116,Thursday,November,0,464.21
Frozen,468.46,47,39,Tuesday,July,0,468.46
Frozen,77.89,157,30,Thursday,August,0,77.89
Fruits,383.47,2,106,Wednesday,November,0,429.49
Bakery,52.54,257,6,Monday,November,0,47.29
Beverages,325.67,202,115,Wednesday,October,0,364.75
Bakery,109.42,165,85,Friday,August,0,114.89
Personal Care,423.94,270,76,Wednesday,July,0,445.14
Personal Care,78.43,77,63,Wednesday,December,0,82.35
Snacks,54.21,251,97,Friday,February,0,60.72
Dairy,187.74,119,57,Tuesday,June,0,197.13
Frozen,178.59,115,115,Tuesday,August,0,200.02
Snacks,478.06,99,109,Wednesday,September,0,535.43
Vegetables,307.86,317,8,Monday,January,0,277.07
Dairy,92.56,91,3,Sunday,February,1,83.3
Beverages,230.13,193,102,Monday,July,0,257.75
Frozen,495.46,69,48,Saturday,October,1,520.23
Household,488.46,242,70,Thursday,May,0,512.88
Personal Care,64.48,67,94,Friday,May,0,72.22
Vegetables,150.65,48,62,Saturday,March,1,158.18
Fruits,134.22,461,81,Tuesday,February,0,140.93
Personal Care,36.93,380,114,Wednesday,August,0,41.36
Vegetables,364.59,435,86,Monday,April,0,382.82
Frozen,245.14,224,9,Saturday,July,1,220.63
Vegetables,486.94,389,76,Saturday,September,1,511.29
Bakery,320.09,197,112,Tuesday,December,0,358.5
Vegetables,347.05,65,58,Friday,May,0,364.4
Bakery,160.17,331,118,Sunday,June,1,179.39
Dairy,299.36,123,112,Sunday,April,1,335.28
Snacks,447.08,309,119,Friday,August,0,500.73
Dairy,118.68,472,66,Tuesday,December,0,118.68
Personal Care,422.17,467,76,Friday,June,0,443.28
Beverages,253.15,150,79,Thursday,November,0,265.81
Snacks,146.07,466,40,Sunday,July,1,146.07
Snacks,404.91,151,50,Wednesday,August,0,404.91
Personal Care,288.94,436,44,Friday,February,0,288.94
Snacks,58.31,8,10,Sunday,June,1,58.31
Beverages,420.35,369,10,Sunday,November,1,378.32
Vegetables,55.71,453,97,Friday,June,0,58.5
Vegetables,270.95,84,26,Thursday,December,0,270.95
Vegetables,268.12,197,5,Friday,November,0,241.31
Vegetables,489.71,119,19,Tuesday,June,0,489.71
Bakery,45.04,337,75,Wednesday,December,0,47.29
Beverages,94.6,369,34,Friday,November,0,85.14
Personal Care,187.18,10,27,Monday,August,0,187.18
Frozen,277.47,53,8,Sunday,February,1,249.72
Snacks,417.02,143,61,Monday,August,0,437.87
Snacks,37.76,51,38,Monday,May,0,37.76
Beverages,474.84,225,46,Thursday,May,0,474.84
Household,343.5,426,98,Wednesday,November,0,360.68
Bakery,499.42,227,98,Tuesday,November,0,559.35
Snacks,12.48,209,44,Saturday,May,1,12.48
Vegetables,233.22,189,58,Friday,February,0,244.88
Household,370.97,38,54,Thursday,June,0,389.52
Household,321.63,476,12,Sunday,August,1,289.47
Beverages,393.74,199,33,Tuesday,February,0,393.74
Snacks,222.74,457,15,Thursday,February,0,200.47
Personal Care,469.77,467,108,Tuesday,March,0,493.26
Beverages,307.59,408,89,Sunday,May,1,322.97
Household,108.21,51,73,Thursday,December,0,113.62
Household,49.86,145,102,Wednesday,February,0,55.84
Vegetables,334.29,401,43,Wednesday,January,0,334.29
Dairy,264.32,372,29,Friday,December,0,237.89
Dairy,335.73,310,35,Sunday,March,1,335.73
Dairy,392.79,449,60,Sunday,October,1,392.79
Frozen,349.68,357,79,Friday,January,0,367.16
Fruits,299.61,407,76,Thursday,June,0,314.59
Bakery,120.82,54,72,Thursday,January,0,126.86
Vegetables,235.04,380,10,Wednesday,August,0,211.54
Personal Care,350.1,477,88,Monday,July,0,367.61
Fruits,43.0,452,42,Thursday,August,0,38.7
Dairy,341.0,270,116,Thursday,July,0,381.92
Fruits,407.91,280,69,Wednesday,February,0,428.31
Frozen,279.7,12,26,Friday,June,0,279.7
Beverages,330.83,188,60,Friday,May,0,347.37
Dairy,42.33,441,44,Wednesday,December,0,42.33
Bakery,336.57,482,3,Thursday,September,0,302.91
Vegetables,176.57,55,70,Friday,November,0,185.4
Bakery,49.43,348,101,Sunday,August,1,55.36
Vegetables,250.06,140,66,Monday,September,0,262.56
Household,67.2,130,79,Thursday,July,0,70.56
Fruits,193.51,338,13,Saturday,July,1,174.16
Household,152.31,72,25,Monday,April,0,152.31
Personal Care,482.45,352,50,Friday,April,0,482.45
Frozen,298.03,177,60,Monday,April,0,312.93
Household,237.35,24,14,Thursday,September,0,237.35
Personal Care,180.34,321,19,Tuesday,December,0,162.31
Personal Care,443.42,483,8,Tuesday,April,0,399.08
Vegetables,382.52,414,120,Friday,October,0,428.42
Snacks,31.68,276,15,Wednesday,December,0,28.51
Fruits,202.31,423,7,Wednesday,January,0,182.08
Frozen,438.46,449,24,Saturday,July,1,394.61
Beverages,453.12,493,21,Tuesday,June,0,407.81
Household,109.49,219,22,Monday,January,0,98.54
Vegetables,429.67,103,24,Saturday,August,1,429.67
Beverages,225.31,70,103,Monday,July,0,252.35
Frozen,236.87,497,36,Friday,November,0,213.18
Dairy,188.27,296,64,Tuesday,January,0,197.68
Snacks,233.84,342,31,Thursday,May,0,210.46
Household,491.54,423,89,Monday,September,0,516.12
Vegetables,109.84,368,52,Friday,March,0,109.84
Personal Care,262.99,438,57,Monday,May,0,262.99
Frozen,249.18,299,39,Tuesday,August,0,249.18
Bakery,455.95,480,9,Thursday,April,0,410.36
Fruits,349.95,268,100,Monday,January,0,391.94
Personal Care,380.01,230,19,Monday,March,0,342.01
Vegetables,469.24,286,91,Tuesday,April,0,492.7
Fruits,285.63,443,102,Thursday,January,0,299.91
Vegetables,471.29,226,61,Monday,February,0,494.85
Household,337.11,458,96,Wednesday,November,0,353.97
Beverages,492.43,146,32,Monday,January,0,492.43
Beverages,314.11,112,104,Tuesday,February,0,351.8
Dairy,448.71,207,61,Saturday,May,1,471.15
Dairy,27.41,95,94,Wednesday,November,0,30.7
Personal Care,82.03,13,102,Friday,September,0,91.87
Snacks,62.85,442,66,Sunday,February,1,62.85
Vegetables,39.71,398,36,Tuesday,January,0,35.74
Fruits,61.27,422,70,Sunday,September,1,64.33
Snacks,441.83,478,43,Saturday,May,1,441.83
Household,22.21,443,102,Friday,March,0,23.32
Fruits,322.1,352,114,Friday,September,0,360.75
Frozen,264.04,284,13,Friday,August,0,237.64
Personal Care,258.07,349,90,Sunday,May,1,270.97
Frozen,331.19,133,70,Tuesday,March,0,347.75
Snacks,93.78,276,52,Wednesday,March,0,93.78
Household,14.08,209,36,Thursday,February,0,14.08
Fruits,153.43,199,47,Sunday,September,1,153.43
Vegetables,449.96,153,118,Monday,July,0,503.96
Frozen,398.89,468,20,Wednesday,June,0,359.0
Dairy,50.87,222,86,Monday,February,0,53.41
Beverages,402.23,139,91,Sunday,February,1,450.5
Vegetables,61.49,354,53,Monday,August,0,61.49
Frozen,97.51,52,3,Friday,July,0,87.76
Beverages,210.26,93,12,Thursday,September,0,189.23
Personal Care,239.8,375,3,Tuesday,January,0,215.82
Frozen,105.51,402,40,Monday,January,0,94.96
Beverages,147.81,110,24,Friday,June,0,147.81
Personal Care,12.07,177,103,Thursday,September,0,13.52
Frozen,149.84,487,74,Sunday,July,1,157.33
Bakery,356.91,252,23,Sunday,May,1,321.22
Fruits,454.65,71,103,Thursday,November,0,509.21
Snacks,43.46,442,72,Friday,August,0,43.46
Dairy,222.72,25,40,Wednesday,July,0,222.72
Beverages,18.49,227,37,Wednesday,December,0,18.49
Household,243.01,296,80,Monday,November,0,255.16
Frozen,343.08,103,37,Saturday,March,1,343.08
Bakery,134.58,488,12,Monday,May,0,121.12
Dairy,237.14,286,99,Monday,April,0,265.6
Frozen,335.14,421,40,Friday,March,0,301.63
Dairy,252.36,99,67,Sunday,April,1,264.98
Personal Care,94.74,59,109,Saturday,April,1,106.11
Personal Care,80.06,251,8,Thursday,November,0,72.05
Personal Care,336.08,292,18,Tuesday,March,0,302.47
Household,350.66,409,105,Sunday,February,1,392.74
Frozen,364.91,149,7,Sunday,January,1,328.42
Personal Care,426.63,464,91,Friday,June,0,447.96
Beverages,139.17,137,29,Saturday,May,1,139.17
Household,220.17,210,118,Thursday,April,0,246.59
Fruits,48.95,257,6,Sunday,February,1,44.06
Beverages,368.73,23,50,Tuesday,April,0,387.17
Household,467.67,253,46,Saturday,October,1,467.67
Fruits,313.61,306,60,Wednesday,July,0,313.61
Fruits,184.43,144,49,Saturday,July,1,193.65
Fruits,194.79,479,57,Sunday,May,1,194.79
Bakery,117.67,360,66,Monday,July,0,117.67
Personal Care,455.67,109,22,Wednesday,March,0,455.67
Beverages,64.2,360,33,Saturday,June,1,64.2
Snacks,353.85,447,87,Wednesday,December,0,371.54
Personal Care,348.68,69,16,Wednesday,July,0,348.68
Bakery,16.47,146,74,Friday,April,0,17.29
Household,472.73,22,108,Monday,June,0,529.46
Vegetables,59.12,317,72,Tuesday,July,0,62.08
Household,47.02,150,52,Friday,January,0,49.37
Household,301.73,44,69,Tuesday,August,0,316.82
Frozen,183.18,318,59,Friday,January,0,183.18
Dairy,167.2,276,28,Sunday,May,1,167.2
Bakery,18.34,26,64,Wednesday,January,0,19.26
Household,38.87,478,28,Wednesday,May,0,34.98
Household,65.01,467,56,Wednesday,January,0,65.01
Beverages,365.38,312,114,Wednesday,March,0,409.23
Beverages,347.33,23,86,Saturday,September,1,389.01
Household,296.99,2,25,Sunday,February,1,296.99
Beverages,398.12,358,108,Monday,June,0,445.89
Household,456.11,183,74,Friday,December,0,478.92
Household,289.55,89,117,Wednesday,February,0,324.3
Fruits,64.49,201,44,Wednesday,April,0,64.49
Frozen,406.96,61,70,Monday,February,0,427.31
Fruits,385.9,105,17,Friday,January,0,347.31
Snacks,84.06,182,26,Friday,April,0,84.06
Frozen,44.69,147,35,Sunday,December,1,44.69
Bakery,240.17,80,106,Monday,November,0,268.99
Frozen,175.59,160,107,Sunday,September,1,196.66
Bakery,438.6,51,111,Sunday,May,1,491.23
Frozen,280.99,487,23,Thursday,February,0,252.89
Bakery,251.88,245,2,Tuesday,February,0,226.69
Household,112.4,427,98,Wednesday,June,0,118.02
Dairy,433.77,186,42,Saturday,October,1,433.77
Frozen,464.2,115,12,Tuesday,November,0,417.78
Bakery,84.39,104,103,Sunday,February,1,94.52
Beverages,162.05,131,91,Saturday,July,1,181.5
Frozen,351.6,66,107,Friday,February,0,393.79
Snacks,461.82,413,49,Tuesday,February,0,461.82
Household,121.23,142,111,Wednesday,January,0,135.78
Frozen,11.08,430,38,Thursday,December,0,9.97
Bakery,350.82,5,44,Saturday,September,1,368.36
Personal Care,302.02,145,33,Thursday,June,0,302.02
Snacks,313.35,218,117,Monday,January,0,350.95
Fruits,155.15,56,118,Tuesday,November,0,173.77
Snacks,191.04,109,89,Tuesday,July,0,213.96
Personal Care,40.88,227,45,Monday,September,0,40.88
Dairy,340.08,230,85,Wednesday,July,0,357.08
Household,272.29,173,42,Wednesday,September,0,272.29
Snacks,258.07,286,96,Sunday,July,1,289.04
Bakery,79.04,457,88,Wednesday,September,0,82.99
Fruits,308.79,473,44,Monday,August,0,277.91
Snacks,30.54,378,77,Monday,August,0,32.07
Beverages,287.15,490,88,Saturday,September,1,301.51
Household,199.32,408,32,Thursday,July,0,179.39
Frozen,226.57,51,117,Tuesday,October,0,253.76
Frozen,376.82,354,67,Thursday,April,0,395.66
Snacks,276.96,235,43,Wednesday,August,0,276.96
Dairy,67.79,41,24,Monday,May,0,67.79
Snacks,425.37,184,78,Sunday,December,1,446.64
Snacks,448.82,117,73,Wednesday,March,0,471.26
Fruits,492.97,263,106,Saturday,March,1,552.13
Vegetables,444.57,62,99,Wednesday,July,0,497.92
Household,374.15,389,104,Thursday,January,0,392.86
Personal Care,36.34,285,85,Thursday,May,0,38.16
Personal Care,235.55,469,3,Thursday,May,0,212.0
Vegetables,48.54,123,44,Thursday,September,0,48.54
Beverages,312.77,302,102,Tuesday,May,0,350.3
Personal Care,465.53,119,114,Wednesday,January,0,521.39
Frozen,277.69,160,28,Sunday,October,1,277.69
Snacks,299.37,115,86,Sunday,October,1,335.29
Frozen,22.99,359,19,Sunday,July,1,20.69
Snacks,275.97,76,30,Friday,February,0,275.97
Beverages,296.78,241,119,Saturday,December,1,332.39
Vegetables,346.85,242,36,Wednesday,May,0,346.85
Household,215.62,349,91,Sunday,January,1,226.4
Snacks,335.24,333,82,Sunday,September,1,352.0
Frozen,257.15,423,50,Wednesday,October,0,257.15
Beverages,242.66,424,77,Wednesday,September,0,254.79
Bakery,411.67,91,78,Saturday,July,1,461.07
Personal Care,167.85,466,37,Friday,March,0,151.06
Fruits,252.78,290,94,Saturday,June,1,283.11
Bakery,476.33,63,80,Saturday,October,1,533.49
Personal Care,64.22,371,30,Thursday,May,0,57.8
Personal Care,342.83,242,21,Friday,February,0,308.55
Bakery,275.77,146,111,Wednesday,January,0,308.86
Bakery,400.7,229,100,Saturday,January,1,448.78
Vegetables,96.65,102,12,Saturday,October,1,86.99
Frozen,64.03,333,19,Wednesday,September,0,57.63
Vegetables,75.44,340,67,Wednesday,December,0,79.21
Personal Care,458.42,88,57,Monday,November,0,481.34
Vegetables,424.62,136,47,Wednesday,October,0,424.62
Bakery,488.42,475,70,Sunday,October,1,488.42
Household,66.79,56,82,Sunday,November,1,74.8
Fruits,452.29,385,117,Saturday,May,1,506.56
Fruits,465.57,491,55,Sunday,December,1,465.57
Snacks,201.85,64,110,Friday,April,0,226.07
Fruits,21.56,235,6,Saturday,March,1,19.4
Snacks,433.06,391,16,Saturday,December,1,389.75
Beverages,187.76,193,101,Friday,March,0,210.29
Bakery,369.03,71,1,Tuesday,June,0,332.13
Vegetables,68.71,124,99,Friday,November,0,76.96
Fruits,493.39,318,85,Wednesday,February,0,518.06
Frozen,320.66,360,34,Wednesday,March,0,288.59
Personal Care,25.34,186,65,Friday,August,0,26.61
Beverages,124.15,392,47,Friday,February,0,124.15
Vegetables,403.57,496,41,Sunday,June,1,363.21
Beverages,426.03,308,20,Friday,August,0,383.43
Fruits,395.49,94,47,Saturday,October,1,415.26
Vegetables,148.9,287,104,Wednesday,June,0,166.77
Personal Care,76.67,431,5,Wednesday,May,0,69.0
Vegetables,365.3,232,120,Tuesday,October,0,409.14
Bakery,101.05,259,85,Saturday,November,1,106.1
Frozen,229.49,128,84,Wednesday,November,0,240.96
Snacks,233.42,433,81,Thursday,December,0,245.09
Snacks,81.6,27,1,Saturday,February,1,73.44
Fruits,51.9,500,111,Saturday,June,1,58.13
Household,438.9,245,102,Thursday,April,0,491.57
Beverages,301.75,192,84,Sunday,February,1,316.84
Frozen,428.29,65,10,Wednesday,December,0,385.46
Frozen,321.3,429,61,Wednesday,September,0,321.3
Frozen,110.52,145,105,Thursday,January,0,123.78
Snacks,325.04,109,53,Thursday,April,0,341.29
Vegetables,219.46,362,7,Tuesday,July,0,197.51
Vegetables,232.95,60,88,Thursday,June,0,260.9
Vegetables,136.34,494,3,Wednesday,April,0,122.71
Bakery,270.4,283,53,Wednesday,September,0,270.4
Household,99.42,260,66,Saturday,August,1,104.39
Frozen,369.57,229,21,Thursday,May,0,332.61
Frozen,38.4,126,113,Wednesday,February,0,43.01
Dairy,383.65,444,72,Sunday,September,1,402.83
Beverages,404.07,231,4,Sunday,April,1,363.66
Household,53.49,45,76,Friday,May,0,56.16
Fruits,136.42,8,109,Monday,October,0,152.79
Fruits,34.37,137,85,Wednesday,January,0,36.09
Fruits,333.4,37,82,Tuesday,November,0,373.41
Household,122.08,148,54,Monday,February,0,128.18
Household,424.42,169,81,Wednesday,March,0,445.64
Personal Care,318.44,406,18,Thursday,September,0,286.6
Beverages,36.38,186,71,Monday,February,0,38.2
Snacks,463.06,458,66,Saturday,April,1,463.06
Household,103.38,39,99,Thursday,November,0,115.79
Household,321.42,430,104,Monday,June,0,337.49
Beverages,81.97,387,111,Tuesday,May,0,91.81
Household,398.15,29,107,Sunday,September,1,445.93
Frozen,24.29,409,120,Thursday,February,0,27.2
Snacks,249.24,488,99,Thursday,July,0,261.7
Fruits,15.93,448,72,Monday,July,0,15.93
Dairy,219.72,476,44,Saturday,January,1,219.72
Frozen,151.98,182,13,Monday,September,0,136.78
Snacks,97.22,374,36,Monday,December,0,87.5
Bakery,333.12,372,36,Monday,August,0,299.81
Dairy,143.97,468,67,Friday,April,0,143.97
Household,120.31,233,25,Saturday,March,1,120.31
Personal Care,222.29,180,116,Saturday,June,1,248.96
Beverages,85.99,334,91,Monday,February,0,90.29
Snacks,466.46,41,38,Friday,February,0,466.46
Beverages,213.26,282,73,Tuesday,July,0,223.92
Household,274.37,113,42,Saturday,March,1,274.37
Fruits,127.53,105,109,Saturday,November,1,142.83
Frozen,396.05,280,42,Thursday,January,0,396.05
Frozen,484.94,313,35,Wednesday,July,0,484.94
Vegetables,318.38,141,57,Monday,October,0,334.3
Snacks,440.3,318,48,Thursday,October,0,440.3
Frozen,171.9,54,24,Saturday,April,1,171.9
Personal Care,436.57,420,103,Saturday,October,1,488.96
Personal Care,312.23,3,60,Saturday,December,1,327.84
Vegetables,161.38,233,110,Sunday,September,1,180.75
Personal Care,132.72,334,93,Monday,December,0,139.36
Beverages,406.45,120,8,Thursday,August,0,365.81
Bakery,440.44,402,40,Saturday,July,1,440.44
Household,461.13,17,84,Saturday,March,1,516.47
Vegetables,216.74,430,10,Monday,September,0,195.07
Snacks,227.84,428,79,Monday,January,0,239.23
Vegetables,45.63,461,115,Friday,December,0,51.11
Vegetables,57.68,332,97,Tuesday,August,0,60.56
Vegetables,36.96,57,6,Wednesday,August,0,33.26
Dairy,259.24,330,35,Wednesday,December,0,259.24
Personal Care,135.08,439,113,Tuesday,November,0,151.29
Beverages,181.07,241,18,Monday,December,0,162.96
Bakery,285.79,403,43,Monday,February,0,285.79
Dairy,288.45,186,93,Saturday,November,1,323.06
Beverages,206.99,460,97,Friday,November,0,217.34
Beverages,44.72,175,46,Monday,May,0,44.72
Frozen,94.59,450,111,Monday,January,0,105.94
Dairy,271.23,263,70,Saturday,September,1,284.79
Fruits,324.65,153,96,Sunday,February,1,363.61
Personal Care,127.58,460,57,Tuesday,March,0,127.58
Beverages,258.47,167,55,Sunday,October,1,271.39
Snacks,48.31,387,36,Friday,April,0,43.48
Household,150.8,286,10,Saturday,January,1,135.72
Fruits,108.4,238,54,Sunday,December,1,113.82
Bakery,299.52,312,93,Monday,April,0,314.5
Fruits,479.14,232,32,Monday,February,0,479.14
Dairy,398.59,419,107,Wednesday,December,0,446.42
Snacks,393.45,338,41,Sunday,October,1,393.45
Snacks,112.13,481,70,Wednesday,February,0,112.13
Household,336.92,321,38,Friday,May,0,336.92
Dairy,335.51,254,34,Sunday,July,1,335.51
Fruits,75.83,301,59,Sunday,October,1,79.62
Vegetables,272.84,42,14,Friday,September,0,272.84
Beverages,57.17,478,96,Sunday,January,1,60.03
Fruits,195.11,396,98,Saturday,January,1,204.87
Household,336.4,393,74,Wednesday,June,0,353.22
Vegetables,332.56,352,88,Thursday,January,0,349.19
Personal Care,80.61,115,89,Thursday,August,0,90.28
Frozen,300.68,209,62,Saturday,April,1,315.71
Beverages,421.63,455,35,Friday,July,0,379.47
Frozen,24.75,420,119,Thursday,January,0,27.72
Beverages,278.44,241,28,Sunday,August,1,278.44
Beverages,112.55,15,47,Thursday,February,0,118.18
Beverages,66.78,437,108,Saturday,July,1,74.79
Beverages,305.47,345,115,Thursday,September,0,342.13
Beverages,244.02,136,22,Friday,October,0,244.02
Dairy,330.32,136,22,Thursday,September,0,330.32
Household,371.77,150,38,Thursday,January,0,371.77
Frozen,498.71,270,74,Wednesday,September,0,523.65
Snacks,492.16,37,80,Monday,November,0,551.22
Snacks,102.42,17,118,Wednesday,May,0,114.71
Beverages,56.53,310,42,Tuesday,May,0,56.53
Vegetables,391.68,214,33,Sunday,June,1,391.68
Dairy,148.77,213,22,Wednesday,January,0,133.89
Personal Care,345.65,388,84,Wednesday,February,0,362.93
Frozen,466.55,47,55,Saturday,November,1,489.88
Frozen,386.31,148,108,Monday,August,0,432.67
Dairy,36.04,114,29,Thursday,October,0,36.04
Dairy,136.06,429,113,Thursday,May,0,152.39
Beverages,67.22,384,117,Monday,July,0,75.29
Frozen,20.52,447,87,Sunday,September,1,21.55
Dairy,349.9,275,99,Wednesday,July,0,391.89
Dairy,378.8,371,72,Saturday,October,1,397.74
Bakery,317.39,27,65,Friday,September,0,333.26
Dairy,225.08,73,36,Tuesday,January,0,225.08
Fruits,171.46,10,97,Friday,December,0,192.04
Fruits,436.91,75,20,Thursday,October,0,436.91
Frozen,389.68,470,51,Thursday,April,0,389.68
Personal Care,313.45,456,111,Friday,December,0,351.06
Frozen,487.16,46,95,Wednesday,December,0,545.62
Dairy,31.96,191,101,Friday,June,0,35.8
Personal Care,291.91,365,38,Saturday,July,1,291.91
Household,43.09,460,64,Sunday,October,1,43.09
Beverages,479.98,74,57,Monday,December,0,503.98
Household,79.46,48,62,Monday,September,0,83.43
Frozen,240.46,341,75,Thursday,September,0,252.48
Snacks,430.46,366,96,Sunday,August,1,451.98
Beverages,442.19,35,99,Thursday,May,0,495.25
Vegetables,329.61,162,34,Thursday,February,0,329.61
Snacks,117.2,341,42,Friday,February,0,117.2
Frozen,112.31,284,113,Monday,April,0,125.79
Dairy,423.12,156,88,Tuesday,July,0,473.89
Beverages,489.44,329,118,Thursday,October,0,548.17
Bakery,337.42,126,96,Saturday,December,1,377.91
Snacks,13.75,285,101,Monday,September,0,15.4
Fruits,349.51,85,118,Wednesday,January,0,391.45
Personal Care,462.02,194,12,Monday,February,0,415.82
Dairy,223.03,352,117,Saturday,February,1,249.79
Household,374.22,439,9,Sunday,July,1,336.8
Bakery,269.31,104,92,Tuesday,October,0,301.63
Vegetables,221.19,99,55,Thursday,February,0,232.25
Personal Care,184.75,344,10,Friday,February,0,166.28
Vegetables,244.99,186,112,Monday,April,0,274.39
Fruits,157.4,366,26,Thursday,November,0,141.66
Bakery,96.63,34,37,Tuesday,November,0,96.63
Frozen,438.75,494,118,Friday,October,0,491.4
Bakery,73.91,33,42,Sunday,December,1,77.61
Beverages,42.71,42,102,Saturday,November,1,47.84
Snacks,397.3,109,70,Thursday,April,0,417.17
Dairy,32.11,198,5,Sunday,April,1,28.9
Beverages,410.21,410,65,Friday,August,0,410.21
Household,474.14,117,60,Saturday,August,1,497.85
Household,223.48,380,96,Saturday,November,1,234.65
Personal Care,325.29,12,71,Friday,May,0,341.55
Household,77.57,246,17,Sunday,June,1,69.81
Personal Care,374.69,99,64,Thursday,May,0,393.42
Personal Care,350.13,99,31,Monday,October,0,350.13
Vegetables,433.6,500,33,Saturday,June,1,390.24
Household,86.33,470,18,Sunday,June,1,77.7
Household,152.27,444,80,Saturday,May,1,159.88
Beverages,92.84,175,111,Monday,May,0,103.98
Bakery,447.43,386,51,Saturday,April,1,447.43
Beverages,182.05,162,68,Sunday,July,1,191.15
Bakery,125.25,377,25,Saturday,April,1,112.73
Dairy,180.42,51,104,Saturday,April,1,202.07
Bakery,48.17,344,84,Saturday,April,1,50.58
Fruits,78.44,106,90,Sunday,July,1,87.85
Fruits,361.32,318,7,Friday,March,0,325.19
Bakery,473.17,380,112,Wednesday,December,0,529.95
Beverages,372.62,78,10,Sunday,February,1,335.36
Bakery,60.88,300,4,Friday,September,0,54.79
Snacks,334.69,26,65,Thursday,October,0,351.42
Snacks,443.69,106,6,Friday,November,0,399.32
Bakery,102.24,413,84,Friday,February,0,107.35
Vegetables,471.33,416,55,Sunday,January,1,471.33
Beverages,18.76,389,106,Friday,March,0,21.01
Vegetables,286.26,337,118,Saturday,December,1,320.61
Vegetables,321.56,280,16,Wednesday,April,0,289.4
Snacks,384.57,473,83,Sunday,September,1,403.8
Frozen,97.83,278,32,Wednesday,September,0,97.83
Vegetables,14.1,278,68,Sunday,August,1,14.8
Fruits,332.91,420,76,Thursday,September,0,349.56
Dairy,234.07,285,64,Friday,January,0,245.77
Beverages,146.94,215,34,Wednesday,March,0,146.94
Snacks,331.48,479,74,Friday,December,0,331.48
Frozen,143.18,140,4,Saturday,December,1,128.86
Beverages,346.33,242,4,Tuesday,October,0,311.7
Dairy,405.68,465,48,Wednesday,March,0,405.68
Beverages,464.0,328,34,Friday,October,0,417.6
Vegetables,28.12,155,60,Thursday,September,0,29.53
Vegetables,389.98,418,27,Sunday,July,1,350.98
Snacks,327.25,311,97,Monday,June,0,343.61
Frozen,184.97,261,49,Thursday,November,0,184.97
Vegetables,363.01,55,35,Monday,April,0,363.01
Personal Care,274.0,130,114,Wednesday,May,0,306.88
Household,128.42,233,73,Sunday,April,1,134.84
Beverages,454.48,98,28,Wednesday,June,0,454.48
Fruits,38.52,343,10,Monday,August,0,34.67
Household,490.42,453,76,Thursday,July,0,514.94
Bakery,476.64,150,40,Saturday,July,1,476.64
Frozen,192.85,342,35,Friday,January,0,173.56
Vegetables,349.89,411,119,Saturday,June,1,391.88
Fruits,70.22,248,6,Thursday,February,0,63.2
Bakery,135.85,8,23,Tuesday,November,0,135.85
Snacks,414.87,174,115,Sunday,October,1,464.65
Frozen,15.64,472,45,Friday,June,0,14.08
Household,95.08,455,98,Friday,June,0,99.83
Dairy,301.82,155,37,Tuesday,July,0,301.82
Dairy,402.93,139,69,Friday,May,0,423.08
Vegetables,332.3,366,87,Thursday,December,0,348.92
Bakery,271.23,254,37,Wednesday,August,0,271.23
Household,226.18,268,17,Thursday,November,0,203.56
Snacks,399.99,307,90,Saturday,January,1,419.99
Dairy,456.55,298,85,Thursday,April,0,479.38
Dairy,118.17,182,79,Saturday,January,1,124.08
Fruits,239.51,217,57,Sunday,May,1,251.49
Snacks,105.63,478,1,Friday,December,0,95.07
Fruits,36.31,174,44,Sunday,January,1,36.31
Bakery,350.52,345,106,Tuesday,April,0,392.58
Snacks,409.57,484,100,Wednesday,April,0,430.05
Bakery,491.04,241,93,Tuesday,November,0,515.59
Fruits,352.82,319,55,Saturday,April,1,352.82
Bakery,255.48,260,46,Tuesday,December,0,255.48
Personal Care,19.92,75,51,Monday,November,0,20.92
Dairy,69.95,382,67,Sunday,June,1,73.45
Beverages,196.75,463,22,Tuesday,February,0,177.08
Dairy,228.02,490,102,Friday,December,0,239.42
Household,240.15,264,89,Friday,May,0,252.16
Frozen,79.11,17,48,Sunday,May,1,83.07
Beverages,19.07,357,12,Monday,September,0,17.16
Frozen,202.35,262,23,Thursday,March,0,182.12
Frozen,121.16,156,6,Monday,September,0,109.04
Vegetables,55.02,290,57,Sunday,December,1,57.77
Fruits,364.25,56,71,Monday,September,0,382.46
Beverages,236.95,332,46,Sunday,December,1,236.95
Bakery,389.55,385,15,Friday,May,0,350.6
Vegetables,93.07,276,72,Sunday,March,1,97.72
Fruits,213.33,113,35,Tuesday,October,0,213.33
Personal Care,221.76,191,58,Saturday,February,1,232.85
Vegetables,400.95,413,68,Thursday,November,0,400.95
Vegetables,381.93,163,36,Thursday,April,0,381.93
Fruits,149.92,236,15,Wednesday,December,0,134.93
Fruits,100.68,136,87,Saturday,August,1,112.76
Snacks,70.72,353,84,Sunday,October,1,74.26
Vegetables,22.67,38,17,Tuesday,April,0,22.67
Frozen,227.18,53,88,Tuesday,December,0,254.44
Bakery,172.46,139,120,Sunday,March,1,193.16
Snacks,225.08,302,88,Friday,August,0,236.33
Fruits,335.3,482,3,Wednesday,November,0,301.77
Bakery,132.74,359,44,Friday,September,0,132.74
Frozen,51.06,203,35,Tuesday,March,0,51.06
Snacks,190.26,386,113,Monday,July,0,213.09
Snacks,72.52,259,59,Thursday,June,0,72.52
Household,471.82,369,65,Wednesday,January,0,471.82
Dairy,148.54,35,104,Monday,November,0,166.36
Fruits,299.42,267,67,Wednesday,August,0,314.39
Frozen,357.89,36,87,Friday,July,0,400.84
Frozen,457.78,498,50,Saturday,August,1,457.78
Snacks,413.11,290,95,Tuesday,August,0,433.77
Vegetables,339.85,100,50,Saturday,December,1,356.84
Dairy,435.31,361,110,Thursday,October,0,487.55
Vegetables,302.68,366,109,Friday,August,0,339.0
Vegetables,474.13,323,24,Sunday,January,1,426.72
Fruits,332.86,374,74,Friday,April,0,349.5
Snacks,264.96,451,2,Monday,April,0,238.46
Frozen,440.87,144,1,Friday,December,0,396.78
Snacks,50.05,172,102,Saturday,March,1,56.06
Frozen,137.77,203,62,Wednesday,May,0,144.66
Household,211.47,454,25,Saturday,December,1,190.32
Beverages,80.83,330,118,Saturday,June,1,90.53
Dairy,189.08,333,49,Thursday,December,0,189.08
Vegetables,433.6,425,85,Wednesday,September,0,455.28
Vegetables,422.81,423,2,Sunday,June,1,380.53
Household,138.41,147,24,Monday,January,0,138.41
Beverages,271.26,292,95,Tuesday,April,0,284.82
Personal Care,401.02,114,85,Thursday,February,0,449.14
Personal Care,433.61,436,91,Wednesday,April,0,455.29
Vegetables,333.12,31,101,Monday,April,0,373.09
Fruits,434.35,92,85,Wednesday,October,0,486.47
Beverages,272.37,444,38,Sunday,January,1,245.13
Frozen,307.39,215,41,Thursday,April,0,307.39
Vegetables,346.68,173,30,Saturday,August,1,346.68
Household,422.36,56,23,Tuesday,January,0,422.36
Fruits,77.2,423,110,Wednesday,October,0,86.46
Vegetables,320.38,25,43,Thursday,January,0,336.4
Beverages,458.11,77,35,Thursday,November,0,458.11
Dairy,123.15,329,118,Saturday,February,1,137.93
Snacks,393.04,374,110,Tuesday,August,0,440.2
Vegetables,439.35,9,8,Thursday,September,0,395.42
Personal Care,15.04,352,53,Wednesday,March,0,15.04
Snacks,284.58,436,47,Wednesday,June,0,284.58
Dairy,225.02,301,25,Tuesday,January,0,202.52
Dairy,347.52,374,68,Tuesday,November,0,347.52
Beverages,402.62,154,35,Saturday,December,1,402.62
Bakery,117.77,322,50,Sunday,February,1,117.77
Dairy,260.77,163,85,Sunday,August,1,292.06
Dairy,146.91,297,25,Thursday,May,0,132.22
Dairy,406.79,452,49,Wednesday,February,0,406.79
Household,421.62,496,114,Monday,September,0,472.21
Beverages,99.01,148,15,Tuesday,November,0,89.11
Beverages,375.02,296,48,Monday,February,0,375.02
Dairy,72.3,92,25,Saturday,March,1,72.3
Bakery,116.47,296,82,Saturday,March,1,122.29
Vegetables,164.2,455,108,Friday,February,0,172.41
Personal Care,490.71,254,30,Wednesday,January,0,490.71
Beverages,77.38,366,35,Sunday,October,1,77.38
Bakery,202.36,48,7,Saturday,February,1,182.12
Household,119.6,73,12,Monday,June,0,107.64
Fruits,256.18,153,85,Sunday,March,1,286.92
Vegetables,53.51,151,120,Saturday,April,1,59.93
Household,421.93,365,84,Friday,November,0,443.03
Personal Care,346.96,63,80,Sunday,October,1,388.6
Fruits,472.51,404,69,Sunday,February,1,496.14
Fruits,209.22,12,86,Monday,October,0,234.33
Bakery,62.93,142,103,Tuesday,December,0,70.48
Bakery,408.79,354,58,Monday,February,0,408.79
Personal Care,63.75,474,1,Wednesday,November,0,57.38
Vegetables,265.69,418,4,Thursday,May,0,239.12
Household,196.42,75,83,Saturday,January,1,219.99
Dairy,311.92,97,81,Tuesday,December,0,327.52
Fruits,103.33,393,48,Tuesday,November,0,103.33
Snacks,308.85,67,48,Saturday,December,1,324.29
Beverages,35.17,327,41,Thursday,June,0,35.17
Frozen,346.95,238,80,Saturday,February,1,364.3
Frozen,227.89,431,10,Tuesday,August,0,205.1
Personal Care,403.91,362,3,Monday,April,0,363.52
Dairy,180.6,296,58,Tuesday,June,0,180.6
Snacks,131.55,383,22,Wednesday,November,0,118.4
Fruits,404.86,235,86,Tuesday,January,0,425.1
Frozen,282.51,444,71,Friday,August,0,282.51
Vegetables,421.54,424,15,Friday,March,0,379.39
Dairy,358.71,489,114,Tuesday,December,0,401.76
Beverages,276.13,177,37,Monday,May,0,276.13
Dairy,79.35,385,12,Thursday,July,0,71.41
Vegetables,331.73,164,88,Monday,February,0,371.54
Household,400.37,384,84,Tuesday,March,0,420.39
Household,400.68,135,67,Monday,October,0,420.71
Dairy,209.66,149,43,Sunday,November,1,209.66
Vegetables,101.06,225,71,Monday,May,0,106.11
Fruits,488.22,175,85,Saturday,July,1,546.81
Personal Care,310.16,237,87,Monday,August,0,325.67
Beverages,295.0,88,52,Friday,September,0,309.75
Bakery,163.67,125,29,Wednesday,June,0,163.67
Snacks,104.04,153,105,Tuesday,January,0,116.52
Beverages,214.57,233,65,Friday,November,0,225.3
Snacks,112.59,26,92,Tuesday,January,0,126.1
Vegetables,177.01,79,6,Saturday,June,1,159.31
Frozen,136.8,315,68,Monday,April,0,143.64
Personal Care,135.17,175,69,Sunday,June,1,141.93
Frozen,184.66,316,105,Wednesday,February,0,206.82
Fruits,375.98,358,32,Sunday,October,1,375.98
Household,472.12,129,113,Wednesday,December,0,528.77
Personal Care,434.76,361,90,Friday,December,0,456.5
Beverages,379.92,9,76,Wednesday,May,0,425.51
Household,188.98,482,78,Monday,March,0,198.43
Vegetables,113.27,428,13,Sunday,August,1,101.94
Personal Care,465.25,299,38,Wednesday,March,0,465.25
Beverages,421.43,122,19,Friday,November,0,379.29
Household,336.93,456,59,Sunday,May,1,336.93
Beverages,224.77,493,117,Friday,July,0,251.74
Snacks,11.72,143,79,Sunday,June,1,12.31
Household,21.39,495,102,Sunday,May,1,22.46
Fruits,270.42,346,49,Saturday,May,1,270.42
Bakery,441.98,101,70,Friday,March,0,464.08
Vegetables,338.46,33,2,Saturday,June,1,304.61
Beverages,180.39,85,14,Monday,September,0,162.35
Personal Care,196.76,126,14,Monday,July,0,177.08
Frozen,190.9,460,108,Wednesday,July,0,200.45
Snacks,446.57,219,112,Tuesday,January,0,500.16
Dairy,468.08,152,106,Saturday,April,1,524.25
Snacks,166.68,437,112,Monday,February,0,186.68
Household,204.25,152,2,Thursday,November,0,183.83
Household,420.13,388,43,Saturday,July,1,420.13
Personal Care,426.17,136,120,Thursday,December,0,477.31
Fruits,498.79,175,80,Tuesday,December,0,523.73
Vegetables,105.63,348,107,Friday,July,0,118.31
Beverages,190.59,243,112,Thursday,May,0,213.46
Bakery,331.8,63,104,Sunday,July,1,371.62
Household,213.92,202,97,Wednesday,August,0,239.59
Frozen,161.87,204,28,Tuesday,July,0,161.87
Household,176.75,201,15,Thursday,February,0,159.08
Bakery,37.28,293,106,Thursday,August,0,41.75
Frozen,303.6,316,114,Tuesday,May,0,340.03
Frozen,465.3,117,40,Wednesday,April,0,465.3
Frozen,304.3,89,65,Wednesday,February,0,319.52
Household,213.63,366,68,Tuesday,August,0,224.31
Personal Care,227.55,323,38,Monday,August,0,227.55
Snacks,119.46,127,54,Saturday,January,1,125.43
Bakery,36.08,241,69,Thursday,August,0,37.88
Frozen,388.53,24,48,Tuesday,May,0,407.96
Household,27.91,169,120,Friday,December,0,31.26
Bakery,219.82,379,104,Saturday,November,1,246.2
Household,461.1,313,93,Friday,November,0,484.16
Dairy,317.55,202,14,Friday,May,0,285.8
Frozen,157.74,404,110,Thursday,July,0,176.67
Dairy,483.11,343,48,Sunday,August,1,483.11
Frozen,159.88,410,108,Monday,April,0,179.07
Frozen,439.47,104,85,Tuesday,May,0,492.21
Beverages,273.3,221,52,Tuesday,March,0,273.3
Fruits,58.26,319,81,Tuesday,February,0,61.17
Fruits,119.62,199,96,Wednesday,July,0,133.97
Frozen,233.95,311,8,Thursday,November,0,210.56
Dairy,466.43,463,21,Thursday,November,0,419.79
Fruits,381.3,475,101,Saturday,April,1,400.37
Frozen,193.0,229,53,Monday,May,0,193.0
Fruits,352.17,211,46,Saturday,December,1,352.17
Fruits,318.08,214,33,Monday,March,0,318.08
Beverages,203.53,485,92,Saturday,December,1,213.71
Beverages,410.67,131,111,Friday,December,0,459.95
Personal Care,409.09,174,94,Thursday,March,0,458.18
Personal Care,347.67,305,12,Thursday,July,0,312.9
Personal Care,273.63,466,24,Thursday,February,0,246.27
Personal Care,401.94,326,10,Monday,October,0,361.75
Household,459.96,245,66,Sunday,February,1,482.96
Vegetables,129.69,266,82,Sunday,January,1,136.17
Fruits,497.5,114,81,Tuesday,December,0,522.38
Bakery,181.85,392,54,Thursday,January,0,181.85
Household,104.7,128,83,Sunday,November,1,117.26
Dairy,271.07,169,12,Friday,September,0,243.96
Snacks,276.11,198,8,Thursday,October,0,248.5
Frozen,347.96,158,80,Friday,October,0,365.36
Household,214.18,293,12,Monday,January,0,192.76
Snacks,16.59,278,107,Friday,August,0,18.58
Household,268.68,110,72,Saturday,November,1,282.11
Dairy,467.29,29,104,Wednesday,May,0,523.36
Bakery,466.56,39,51,Thursday,November,0,489.89
Bakery,108.59,2,51,Tuesday,June,0,114.02
Personal Care,267.82,100,74,Thursday,February,0,281.21
Dairy,152.47,264,101,Monday,September,0,170.77
Vegetables,459.77,162,109,Saturday,August,1,514.94
Personal Care,497.78,349,75,Friday,December,0,522.67
Fruits,186.51,363,33,Sunday,December,1,186.51
Dairy,92.94,391,76,Tuesday,September,0,97.59
Fruits,42.66,111,69,Friday,October,0,44.79
Beverages,234.64,353,30,Wednesday,November,0,211.18
Personal Care,380.61,425,34,Saturday,May,1,342.55
Household,395.85,278,116,Saturday,October,1,443.35
Dairy,177.54,377,57,Sunday,April,1,177.54
Dairy,481.15,303,96,Friday,June,0,505.21
Beverages,203.95,393,36,Saturday,June,1,203.95
Fruits,323.64,88,107,Wednesday,June,0,362.48
Frozen,218.05,223,28,Monday,June,0,218.05
Bakery,77.75,470,11,Thursday,April,0,69.98
Fruits,312.48,223,30,Monday,August,0,312.48
Snacks,106.42,475,26,Sunday,September,1,95.78
Household,204.04,323,32,Thursday,October,0,183.64
Household,229.23,375,94,Saturday,January,1,240.69
Bakery,171.33,18,108,Saturday,April,1,191.89
Personal Care,110.08,435,55,Tuesday,October,0,110.08
Beverages,108.57,165,52,Tuesday,February,0,108.57
Snacks,138.32,100,31,Wednesday,August,0,138.32
Bakery,389.46,89,3,Wednesday,August,0,350.51
Personal Care,312.3,420,9,Tuesday,November,0,281.07
Vegetables,218.16,195,65,Tuesday,September,0,229.07
Fruits,385.59,404,86,Saturday,September,1,404.87
Fruits,26.28,130,48,Thursday,May,0,26.28
Household,441.55,120,115,Monday,November,0,494.54
Dairy,240.5,328,75,Saturday,January,1,252.53
Fruits,24.56,393,87,Friday,July,0,25.79
Dairy,279.08,224,60,Wednesday,May,0,293.03
Snacks,325.74,166,104,Friday,April,0,364.83
Personal Care,188.35,336,120,Thursday,February,0,210.95
Frozen,353.5,58,111,Wednesday,November,0,395.92
Frozen,111.28,200,3,Thursday,November,0,100.15
Bakery,18.47,357,87,Monday,April,0,19.39
Beverages,114.4,93,25,Monday,April,0,114.4
Frozen,253.53,219,65,Wednesday,August,0,266.21
Snacks,499.18,21,70,Monday,July,0,524.14
Dairy,106.89,15,27,Saturday,December,1,106.89
Personal Care,485.1,23,52,Tuesday,September,0,509.36
Household,367.89,382,2,Wednesday,March,0,331.1
Personal Care,447.41,284,43,Sunday,February,1,447.41
Bakery,333.02,270,93,Friday,December,0,349.67
Snacks,296.51,38,105,Monday,May,0,332.09
Snacks,320.24,254,71,Wednesday,September,0,336.25
Fruits,124.52,499,103,Saturday,November,1,130.75
Personal Care,199.49,480,119,Thursday,July,0,223.43
Frozen,270.17,316,27,Monday,January,0,243.15
Fruits,112.3,8,31,Friday,August,0,112.3
Fruits,152.41,222,109,Wednesday,April,0,170.7
Vegetables,335.2,9,68,Friday,March,0,351.96
Household,339.46,16,37,Wednesday,December,0,339.46
Household,392.57,130,21,Friday,April,0,392.57
Household,320.5,277,62,Saturday,May,1,336.53
Beverages,57.76,298,35,Tuesday,September,0,57.76
Dairy,180.69,145,88,Sunday,August,1,202.37
Personal Care,375.01,303,66,Tuesday,January,0,393.76
Bakery,265.31,425,55,Sunday,January,1,265.31
Vegetables,24.04,367,60,Wednesday,December,0,24.04
Snacks,499.88,118,85,Saturday,December,1,559.87
Vegetables,436.67,393,49,Thursday,July,0,436.67
Dairy,478.87,442,97,Saturday,May,1,502.81
Beverages,244.75,303,66,Tuesday,October,0,256.99
Frozen,377.61,172,38,Saturday,September,1,377.61
Personal Care,319.64,350,97,Tuesday,September,0,335.62
Dairy,458.32,188,28,Thursday,April,0,458.32
Personal Care,227.42,469,81,Monday,December,0,238.79
Frozen,252.75,21,33,Sunday,August,1,252.75
Vegetables,40.29,323,88,Sunday,December,1,42.3
Personal Care,132.68,404,17,Friday,March,0,119.41
Household,262.19,484,34,Friday,February,0,235.97
Personal Care,277.72,286,58,Wednesday,June,0,277.72
Beverages,57.39,260,74,Tuesday,February,0,60.26
Dairy,179.82,456,62,Thursday,September,0,179.82
Frozen,405.71,374,33,Sunday,July,1,365.14
Bakery,279.39,144,109,Monday,July,0,312.92
Household,369.28,33,34,Monday,November,0,369.28
Fruits,451.18,346,58,Sunday,May,1,451.18
Bakery,24.66,206,53,Tuesday,March,0,24.66
Frozen,453.13,433,36,Thursday,April,0,407.82
Dairy,98.32,394,44,Sunday,December,1,98.32
Fruits,275.99,213,44,Sunday,April,1,275.99
Household,245.47,197,54,Thursday,August,0,245.47
Snacks,219.0,399,4,Tuesday,March,0,197.1
Bakery,64.49,347,92,Tuesday,May,0,67.71
Household,285.24,43,46,Wednesday,August,0,299.5
Vegetables,430.26,153,116,Wednesday,December,0,481.89
Bakery,276.96,179,9,Friday,October,0,249.26
Frozen,261.22,354,21,Thursday,December,0,235.1
Frozen,471.44,405,107,Sunday,September,1,528.01
Dairy,260.41,469,29,Thursday,February,0,234.37
Dairy,193.12,215,2,Tuesday,April,0,173.81
Snacks,348.2,261,3,Wednesday,August,0,313.38
Snacks,84.65,252,101,Tuesday,March,0,94.81
Personal Care,103.16,466,97,Thursday,June,0,108.32
Vegetables,374.29,368,13,Monday,July,0,336.86
Beverages,178.53,200,118,Saturday,October,1,199.95
Fruits,471.26,258,48,Monday,February,0,471.26
Personal Care,338.19,227,57,Thursday,February,0,338.19
Frozen,109.25,353,41,Friday,April,0,109.25
Vegetables,34.72,407,52,Tuesday,November,0,34.72
Fruits,260.61,202,113,Sunday,February,1,291.88
Bakery,264.05,294,9,Friday,March,0,237.65
Vegetables,122.95,367,36,Sunday,December,1,122.95
Personal Care,27.97,67,56,Saturday,December,1,29.37
Dairy,337.39,455,116,Tuesday,June,0,377.88
Vegetables,449.81,278,96,Friday,August,0,503.79
Personal Care,320.74,109,48,Saturday,May,1,336.78
Dairy,427.12,476,99,Friday,June,0,448.48
Vegetables,152.19,434,1,Wednesday,October,0,136.97
Household,317.98,473,79,Tuesday,September,0,333.88
Fruits,200.43,240,86,Wednesday,July,0,210.45
Fruits,164.76,385,67,Thursday,July,0,164.76
Vegetables,263.32,160,44,Saturday,April,1,263.32
Beverages,339.5,418,12,Sunday,April,1,305.55
Snacks,249.33,97,103,Tuesday,July,0,279.25
Personal Care,421.31,267,13,Friday,November,0,379.18
Personal Care,161.97,288,74,Monday,March,0,170.07
Dairy,265.25,72,102,Thursday,April,0,297.08
Household,308.99,56,74,Tuesday,February,0,324.44
Household,243.49,343,65,Thursday,May,0,243.49
Personal Care,358.65,424,97,Tuesday,October,0,376.58
Frozen,48.85,86,2,Sunday,June,1,43.97
Beverages,340.75,262,58,Monday,January,0,340.75
Bakery,291.69,193,21,Wednesday,July,0,262.52
Household,84.57,34,81,Saturday,March,1,94.72
Beverages,182.85,79,33,Wednesday,April,0,182.85
Fruits,213.27,79,108,Friday,March,0,238.86
Dairy,217.68,473,45,Wednesday,June,0,195.91
Frozen,441.92,477,82,Thursday,August,0,464.02
Dairy,461.94,226,7,Thursday,January,0,415.75
Bakery,414.33,290,116,Wednesday,December,0,464.05
Household,246.95,498,46,Tuesday,September,0,222.25
Vegetables,476.55,67,44,Sunday,December,1,500.38
Fruits,282.26,353,27,Thursday,February,0,254.03
Bakery,243.03,395,10,Sunday,November,1,218.73
Vegetables,181.72,478,90,Saturday,July,1,190.81
Bakery,347.18,368,93,Thursday,September,0,364.54
Bakery,255.6,250,103,Wednesday,September,0,286.27
Bakery,186.12,302,101,Monday,September,0,208.45
Frozen,78.11,309,27,Thursday,September,0,70.3
Personal Care,37.94,332,60,Monday,October,0,37.94
Household,243.64,177,110,Thursday,March,0,272.88
Bakery,14.69,26,107,Monday,May,0,16.45
Fruits,356.38,36,101,Friday,May,0,399.15
Dairy,222.76,169,115,Thursday,September,0,249.49
Household,403.72,20,104,Monday,April,0,452.17
Fruits,461.51,456,70,Thursday,February,0,461.51
Personal Care,217.28,106,76,Monday,January,0,228.14
Beverages,397.24,236,82,Wednesday,March,0,417.1
Snacks,240.72,494,65,Tuesday,August,0,240.72
Frozen,77.56,122,15,Saturday,May,1,77.56
Fruits,12.02,48,19,Thursday,November,0,12.02
Dairy,376.32,453,53,Saturday,December,1,376.32
Beverages,499.11,66,52,Thursday,October,0,524.07
Beverages,448.4,199,18,Monday,February,0,403.56
Snacks,151.66,445,14,Wednesday,December,0,136.49
Vegetables,411.41,224,30,Monday,March,0,411.41
Vegetables,203.05,68,65,Monday,February,0,213.2
Vegetables,18.74,62,76,Thursday,December,0,19.68
Vegetables,276.19,99,47,Friday,February,0,276.19
Snacks,372.62,475,65,Tuesday,November,0,372.62
Frozen,132.32,466,114,Saturday,May,1,148.2
Fruits,267.24,268,111,Saturday,September,1,299.31
Beverages,155.54,351,80,Monday,October,0,163.32
Vegetables,254.2,58,93,Tuesday,April,0,284.7
Bakery,396.17,77,26,Sunday,March,1,396.17
Vegetables,264.21,330,98,Tuesday,October,0,277.42
Beverages,354.77,432,59,Wednesday,May,0,354.77
Bakery,390.49,452,68,Thursday,January,0,390.49
Household,462.15,147,104,Wednesday,January,0,517.61
Household,347.7,249,42,Wednesday,April,0,347.7
Beverages,154.53,58,118,Tuesday,July,0,173.07
Dairy,408.1,18,102,Sunday,March,1,457.07
Personal Care,296.1,486,16,Wednesday,November,0,266.49
Bakery,16.17,241,111,Monday,August,0,18.11
Vegetables,234.97,290,54,Thursday,June,0,234.97
Snacks,347.35,469,2,Monday,May,0,312.62
Household,377.92,156,44,Thursday,October,0,377.92
Personal Care,78.45,442,48,Tuesday,August,0,78.45
Snacks,232.83,86,116,Thursday,December,0,260.77
Household,108.55,76,33,Wednesday,May,0,108.55
Fruits,364.58,62,21,Tuesday,July,0,364.58
Household,468.49,149,84,Saturday,April,1,524.71
Frozen,302.76,474,113,Monday,January,0,339.09
Bakery,390.49,178,92,Sunday,September,1,437.35
Household,125.51,160,96,Monday,March,0,140.57
Fruits,456.49,261,119,Friday,June,0,511.27
Snacks,258.72,402,91,Friday,August,0,271.66
Dairy,470.09,340,34,Monday,February,0,423.08
Snacks,495.12,253,35,Friday,October,0,495.12
Frozen,418.32,286,104,Tuesday,July,0,468.52
Snacks,453.52,195,78,Tuesday,May,0,476.2
Frozen,43.93,170,93,Friday,November,0,49.2
Snacks,64.72,465,3,Wednesday,November,0,58.25
Personal Care,390.63,312,37,Monday,June,0,390.63
Dairy,400.69,353,42,Sunday,February,1,400.69
Household,296.85,310,2,Thursday,January,0,267.17
Snacks,467.78,215,82,Sunday,March,1,491.17
Fruits,489.12,457,50,Monday,January,0,489.12
Household,29.4,395,77,Monday,August,0,30.87
Bakery,486.93,318,81,Wednesday,April,0,511.28
Fruits,83.15,454,13,Thursday,August,0,74.84
Personal Care,12.98,315,72,Friday,May,0,13.63
Fruits,292.95,187,85,Tuesday,February,0,307.6
Bakery,187.64,440,38,Wednesday,December,0,168.88
Bakery,216.32,110,96,Tuesday,December,0,242.28
Vegetables,73.9,274,31,Thursday,August,0,73.9
Dairy,29.86,234,33,Sunday,February,1,29.86
Vegetables,278.62,283,101,Tuesday,September,0,312.05
Fruits,367.84,251,119,Monday,October,0,411.98
Vegetables,277.95,422,24,Saturday,November,1,250.16
Snacks,35.47,225,44,Saturday,June,1,35.47
Fruits,416.12,209,106,Saturday,February,1,466.05
Frozen,165.16,284,33,Monday,December,0,165.16
Snacks,419.48,19,94,Sunday,October,1,469.82
Snacks,466.6,85,3,Thursday,May,0,419.94
Frozen,97.17,216,84,Thursday,August,0,102.03
Beverages,311.89,257,31,Thursday,February,0,311.89
Personal Care,359.59,371,111,Monday,March,0,402.74
Vegetables,353.71,358,119,Tuesday,October,0,396.16
Frozen,108.61,385,66,Saturday,January,1,114.04
Beverages,223.44,388,77,Sunday,November,1,234.61
Beverages,418.32,393,72,Monday,April,0,439.24
Bakery,179.78,322,114,Tuesday,March,0,201.35
Frozen,164.55,401,68,Monday,December,0,164.55
Fruits,236.74,298,83,Saturday,March,1,248.58
Household,239.43,101,55,Tuesday,July,0,251.4
Vegetables,62.47,114,3,Wednesday,December,0,56.22
Snacks,82.77,168,18,Thursday,January,0,74.49
Dairy,43.55,46,70,Saturday,February,1,45.73
Beverages,459.74,126,118,Monday,August,0,514.91
Snacks,267.21,481,106,Friday,November,0,280.57
Dairy,467.84,40,81,Tuesday,March,0,523.98
Bakery,76.74,321,26,Saturday,November,1,69.07
Frozen,181.58,66,106,Monday,January,0,203.37
Bakery,25.55,411,82,Wednesday,June,0,26.83
Beverages,454.88,25,93,Wednesday,December,0,509.47
Dairy,26.87,471,74,Monday,February,0,26.87
Fruits,67.21,259,4,Friday,June,0,60.49
Bakery,50.82,356,9,Sunday,June,1,45.74
Dairy,335.43,156,14,Tuesday,March,0,301.89
Household,39.2,39,15,Tuesday,September,0,39.2
Fruits,390.91,478,43,Monday,September,0,351.82
Beverages,203.69,411,6,Tuesday,October,0,183.32
Dairy,298.62,127,72,Monday,August,0,313.55
Bakery,149.28,489,31,Thursday,February,0,134.35
Bakery,25.44,190,15,Wednesday,February,0,22.9
Personal Care,196.9,276,65,Sunday,February,1,206.75
Fruits,165.85,210,9,Monday,October,0,149.26
Household,282.22,407,38,Friday,December,0,254.0
Snacks,176.26,306,9,Sunday,March,1,158.63
Fruits,174.49,117,54,Saturday,March,1,183.21
Personal Care,462.58,243,79,Friday,December,0,485.71
Dairy,183.44,392,30,Saturday,April,1,165.1
Personal Care,243.47,7,104,Sunday,October,1,272.69
Bakery,447.92,282,25,Wednesday,December,0,403.13
Frozen,103.81,332,49,Sunday,May,1,103.81
Dairy,492.92,480,81,Saturday,June,1,517.57
Vegetables,470.44,260,71,Monday,February,0,493.96
Vegetables,191.84,231,61,Monday,August,0,201.43
Dairy,226.83,232,47,Thursday,July,0,226.83
Frozen,455.6,467,60,Monday,January,0,455.6
Frozen,60.67,18,37,Tuesday,January,0,60.67
Snacks,20.27,106,118,Saturday,December,1,22.7
Household,124.67,200,68,Tuesday,September,0,130.9
Bakery,167.72,425,60,Friday,January,0,167.72
Dairy,363.36,477,111,Saturday,September,1,406.96
Frozen,446.08,471,114,Thursday,October,0,499.61
Dairy,40.43,267,41,Tuesday,May,0,40.43
Fruits,170.36,32,96,Thursday,May,0,190.8
Vegetables,58.73,154,119,Wednesday,April,0,65.78
Personal Care,147.55,382,78,Tuesday,July,0,154.93
Frozen,95.53,395,28,Friday,June,0,85.98
Bakery,296.71,357,67,Monday,December,0,311.55
Snacks,271.79,473,30,Tuesday,May,0,244.61
Personal Care,475.16,164,118,Wednesday,March,0,532.18
Beverages,236.45,242,87,Thursday,February,0,248.27
Snacks,191.06,317,78,Sunday,November,1,200.61
Frozen,67.52,415,51,Monday,January,0,67.52
Bakery,110.46,60,32,Sunday,November,1,110.46
Fruits,255.76,35,103,Friday,August,0,286.45
Fruits,336.31,269,83,Sunday,October,1,353.13
Beverages,290.1,124,8,Friday,January,0,261.09
Fruits,476.35,73,105,Wednesday,September,0,533.51
Personal Care,33.84,406,7,Friday,November,0,30.46
Dairy,429.53,484,24,Saturday,June,1,386.58
Dairy,296.96,395,35,Thursday,December,0,267.26
Frozen,336.66,2,43,Sunday,January,1,353.49
Frozen,263.28,14,120,Sunday,March,1,294.87
Household,373.07,376,21,Sunday,September,1,335.76
Vegetables,386.47,306,59,Tuesday,August,0,386.47
Vegetables,139.03,227,85,Monday,May,0,145.98
Bakery,294.94,89,35,Sunday,February,1,294.94
Frozen,484.29,398,14,Thursday,August,0,435.86
Beverages,103.51,256,73,Saturday,August,1,108.69
Snacks,25.76,434,2,Wednesday,April,0,23.18
Snacks,382.47,60,87,Friday,March,0,428.37
Household,70.91,433,68,Thursday,May,0,70.91
Fruits,19.58,271,48,Saturday,June,1,19.58
Dairy,93.58,43,32,Sunday,August,1,93.58
Personal Care,357.61,430,63,Monday,June,0,357.61
Frozen,185.5,112,106,Thursday,February,0,207.76
Household,483.43,363,117,Monday,January,0,541.44
Fruits,135.76,264,29,Friday,March,0,122.18
Frozen,273.58,424,8,Monday,March,0,246.22
Dairy,80.78,404,116,Monday,June,0,90.47
Beverages,208.22,439,23,Monday,August,0,187.4
Frozen,345.77,294,47,Saturday,August,1,345.77
Household,342.85,54,94,Sunday,September,1,383.99
Frozen,443.71,403,58,Tuesday,June,0,443.71
Dairy,405.42,224,109,Friday,August,0,454.07
Snacks,217.67,481,101,Friday,August,0,228.55
Personal Care,298.83,76,110,Saturday,April,1,334.69
Bakery,319.98,56,15,Monday,November,0,319.98
Vegetables,48.43,253,66,Tuesday,February,0,50.85
Snacks,171.68,235,10,Friday,January,0,154.51
Snacks,349.3,210,55,Saturday,February,1,366.77
Fruits,492.6,185,65,Friday,February,0,517.23
Vegetables,393.46,454,103,Sunday,April,1,413.13
Fruits,418.69,12,54,Monday,November,0,439.62
Fruits,47.91,488,46,Wednesday,December,0,43.12
Dairy,447.11,177,70,Wednesday,October,0,469.47
Snacks,308.62,412,86,Thursday,September,0,324.05
Beverages,419.64,457,54,Wednesday,January,0,419.64
Vegetables,478.73,139,120,Saturday,May,1,536.18
Personal Care,111.49,32,24,Friday,September,0,111.49
Household,347.02,436,41,Friday,October,0,312.32
Bakery,37.67,234,58,Monday,August,0,39.55
Household,416.36,194,94,Saturday,April,1,466.32
Household,250.02,1,108,Tuesday,December,0,280.02
Vegetables,43.58,218,98,Friday,April,0,48.81
Beverages,39.89,240,94,Tuesday,September,0,44.68
Frozen,171.18,149,30,Thursday,January,0,171.18
Bakery,70.04,494,51,Sunday,October,1,70.04
Beverages,267.27,236,83,Tuesday,March,0,280.63
Personal Care,290.33,228,53,Monday,October,0,290.33
Snacks,162.04,274,64,Thursday,November,0,170.14
Frozen,31.38,114,14,Monday,December,0,28.24
Vegetables,462.12,68,34,Wednesday,April,0,462.12
Bakery,459.91,468,41,Sunday,August,1,459.91
Bakery,277.04,72,99,Thursday,June,0,310.28
Beverages,98.37,234,15,Saturday,January,1,88.53
Frozen,269.76,210,55,Sunday,July,1,283.25
Household,430.87,188,70,Wednesday,January,0,452.41
Personal Care,99.97,366,107,Friday,February,0,111.97
Dairy,115.36,227,35,Friday,August,0,115.36
Snacks,217.91,186,54,Thursday,February,0,228.81
Beverages,413.47,360,21,Wednesday,October,0,372.12
Vegetables,367.09,229,56,Saturday,May,1,385.44
Bakery,167.54,243,107,Sunday,December,1,187.64
Beverages,69.39,127,119,Monday,December,0,77.72
Bakery,131.3,194,68,Tuesday,October,0,137.87
Dairy,92.72,410,65,Tuesday,October,0,92.72
Fruits,222.18,372,23,Tuesday,January,0,199.96
Fruits,406.85,44,99,Saturday,February,1,455.67
Snacks,473.89,15,105,Saturday,December,1,530.76
Snacks,102.57,212,67,Sunday,October,1,107.7
Personal Care,411.38,148,78,Tuesday,August,0,431.95
Vegetables,110.73,244,62,Wednesday,May,0,116.27
Fruits,101.89,491,38,Wednesday,August,0,91.7
Bakery,475.87,294,117,Wednesday,June,0,532.97
Personal Care,287.16,481,56,Friday,May,0,287.16
Fruits,87.09,234,88,Thursday,January,0,91.44
Personal Care,43.83,375,23,Friday,February,0,39.45
Fruits,254.96,249,12,Thursday,October,0,229.46
Personal Care,143.13,95,83,Friday,April,0,160.31
Frozen,114.46,426,23,Wednesday,August,0,103.01
Dairy,452.47,159,22,Friday,November,0,452.47
Household,484.63,482,93,Saturday,May,1,508.86
Fruits,475.48,85,7,Monday,August,0,427.93
Snacks,489.91,46,50,Friday,January,0,514.41
Vegetables,31.42,406,72,Tuesday,May,0,32.99
Beverages,130.17,325,77,Thursday,November,0,136.68
Fruits,201.96,247,41,Tuesday,March,0,201.96
Vegetables,118.79,52,71,Thursday,December,0,124.73
Household,307.54,27,47,Friday,September,0,322.92
Personal Care,471.27,299,98,Saturday,December,1,527.82
Personal Care,261.24,142,54,Sunday,May,1,274.3
Bakery,42.7,271,67,Monday,April,0,44.84
Personal Care,206.66,24,90,Monday,July,0,231.46
Bakery,378.06,309,28,Friday,May,0,340.25
Fruits,126.88,38,4,Sunday,December,1,114.19
Frozen,130.22,435,1,Saturday,August,1,117.2
Beverages,44.54,191,5,Friday,March,0,40.09
Beverages,202.72,205,32,Wednesday,January,0,202.72
Household,148.14,147,79,Friday,June,0,155.55
Dairy,380.1,244,45,Tuesday,May,0,380.1
Dairy,352.19,5,10,Thursday,June,0,316.97
Household,22.04,304,86,Tuesday,June,0,23.14
Fruits,278.62,148,12,Tuesday,August,0,250.76
Fruits,21.71,430,102,Saturday,June,1,22.8
Snacks,104.85,450,67,Thursday,October,0,104.85
Beverages,334.32,123,108,Friday,March,0,374.44
Bakery,455.09,422,31,Friday,November,0,409.58
Bakery,369.54,42,84,Friday,August,0,413.88
Personal Care,446.54,408,6,Monday,August,0,401.89
Personal Care,119.49,74,50,Tuesday,September,0,125.46
Personal Care,113.87,492,29,Saturday,August,1,102.48
Frozen,30.32,373,81,Sunday,April,1,31.84
Household,194.74,495,18,Friday,May,0,175.27
Personal Care,453.49,147,105,Thursday,March,0,507.91
Beverages,87.05,217,37,Thursday,March,0,87.05
Vegetables,433.51,329,32,Tuesday,May,0,390.16
Snacks,87.71,194,6,Sunday,November,1,78.94
Snacks,98.31,77,85,Thursday,June,0,110.11
Frozen,59.15,334,114,Wednesday,September,0,66.25
Snacks,159.55,140,86,Monday,August,0,178.7
Snacks,22.41,417,104,Friday,December,0,23.53
Bakery,368.11,264,97,Monday,December,0,412.28
Beverages,151.6,466,111,Saturday,March,1,169.79
Personal Care,63.62,436,22,Friday,July,0,57.26
Snacks,184.54,309,64,Wednesday,March,0,193.77
Beverages,261.25,261,30,Tuesday,January,0,261.25
Snacks,298.45,394,34,Friday,September,0,268.61
Dairy,410.65,421,101,Friday,March,0,431.18
Snacks,209.68,225,69,Wednesday,February,0,220.16
Personal Care,470.32,176,35,Sunday,December,1,470.32
Personal Care,149.22,376,40,Tuesday,October,0,149.22
Fruits,461.49,251,19,Thursday,September,0,415.34
Snacks,90.15,119,27,Sunday,May,1,90.15
Vegetables,114.47,249,87,Wednesday,June,0,120.19
Fruits,322.58,435,106,Sunday,April,1,361.29
Fruits,275.27,48,30,Friday,April,0,275.27
Bakery,62.48,466,50,Wednesday,April,0,62.48
Bakery,81.09,470,54,Wednesday,June,0,81.09
Frozen,350.4,316,49,Thursday,June,0,350.4
Fruits,27.11,245,14,Sunday,August,1,24.4
Bakery,187.23,331,12,Saturday,September,1,168.51
Snacks,455.05,405,116,Tuesday,April,0,509.66
Household,203.78,396,81,Saturday,June,1,213.97
Household,18.39,106,43,Sunday,September,1,19.31
Personal Care,65.49,397,8,Saturday,December,1,58.94
Snacks,367.07,43,10,Tuesday,August,0,330.36
Snacks,412.67,72,4,Saturday,November,1,371.4
Beverages,74.83,43,59,Tuesday,September,0,78.57
Beverages,426.51,323,56,Sunday,January,1,426.51
Frozen,274.08,323,112,Friday,December,0,306.97
Frozen,216.39,1,97,Thursday,January,0,242.36
Frozen,405.27,279,70,Thursday,April,0,425.53
Vegetables,428.94,161,55,Friday,February,0,450.39
Beverages,316.24,390,43,Friday,February,0,316.24
Bakery,485.38,66,80,Friday,May,0,543.63
Snacks,267.75,98,41,Monday,October,0,267.75
Snacks,81.73,227,48,Tuesday,March,0,81.73
Frozen,307.24,435,65,Saturday,July,1,307.24
Snacks,437.56,339,17,Monday,December,0,393.8
Bakery,423.45,372,97,Monday,July,0,444.62
Household,392.39,104,22,Tuesday,October,0,392.39
Frozen,457.64,495,78,Monday,February,0,480.52
Vegetables,194.86,159,114,Saturday,February,1,218.24
Bakery,176.09,384,50,Wednesday,December,0,176.09
Personal Care,462.94,409,43,Friday,March,0,462.94
Snacks,314.7,398,48,Friday,August,0,314.7
Vegetables,84.16,300,3,Monday,September,0,75.74
Dairy,11.75,234,1,Tuesday,March,0,10.58
Beverages,213.94,381,2,Sunday,September,1,192.55
Vegetables,388.4,273,40,Sunday,November,1,388.4
Snacks,457.21,42,26,Saturday,May,1,457.21
Fruits,130.13,452,114,Sunday,January,1,145.75
Household,114.21,266,68,Saturday,November,1,119.92
Snacks,59.41,83,80,Saturday,January,1,66.54
Personal Care,437.96,377,35,Tuesday,September,0,394.16
Beverages,126.71,216,16,Thursday,January,0,114.04
Bakery,20.22,497,80,Thursday,March,0,21.23
Vegetables,315.66,486,27,Saturday,September,1,284.09
Beverages,43.6,434,96,Sunday,November,1,45.78
Bakery,29.22,496,47,Sunday,February,1,29.22
Dairy,458.24,498,7,Sunday,December,1,412.42
Fruits,405.84,155,73,Thursday,November,0,426.13
Dairy,147.94,346,82,Tuesday,December,0,155.34
Dairy,294.99,345,110,Thursday,November,0,330.39
Frozen,423.49,219,86,Sunday,April,1,444.66
Bakery,486.14,26,78,Wednesday,June,0,544.48
Snacks,47.59,373,110,Sunday,December,1,53.3
Personal Care,78.41,469,28,Thursday,June,0,70.57
Snacks,90.57,41,34,Sunday,August,1,90.57
Beverages,325.4,178,2,Thursday,July,0,292.86
Beverages,106.06,420,17,Sunday,August,1,95.45
Household,29.37,340,35,Wednesday,May,0,26.43
Vegetables,118.85,254,120,Sunday,November,1,133.11
Personal Care,376.04,450,109,Tuesday,July,0,421.16
Dairy,401.3,38,51,Monday,July,0,421.37
Vegetables,242.47,382,101,Sunday,December,1,271.57
Frozen,119.51,16,119,Thursday,April,0,133.85
Fruits,89.69,431,114,Saturday,June,1,100.45
Fruits,192.37,134,68,Tuesday,July,0,201.99
Snacks,303.86,228,106,Monday,February,0,340.32
Snacks,395.98,315,72,Friday,February,0,415.78
Dairy,80.36,165,106,Thursday,September,0,90.0
Vegetables,71.99,345,27,Tuesday,November,0,64.79
Household,269.59,70,28,Wednesday,March,0,269.59
Beverages,121.57,150,117,Sunday,March,1,136.16
Beverages,214.72,39,3,Monday,May,0,193.25
Personal Care,476.98,73,25,Monday,June,0,476.98
Frozen,413.01,402,44,Sunday,August,1,413.01
Fruits,216.38,373,98,Thursday,February,0,227.2
Beverages,185.01,64,63,Wednesday,April,0,194.26
Personal Care,94.51,15,70,Wednesday,April,0,99.24
Vegetables,418.02,478,73,Tuesday,December,0,418.02
Dairy,131.98,52,56,Friday,July,0,138.58
Personal Care,200.99,485,67,Monday,March,0,200.99
Frozen,335.8,375,72,Thursday,May,0,352.59
Vegetables,179.32,323,81,Monday,August,0,188.29
Frozen,335.09,366,90,Thursday,February,0,351.84
Beverages,147.36,490,103,Sunday,November,1,154.73
Frozen,461.33,283,42,Sunday,December,1,461.33
Fruits,195.24,155,101,Thursday,October,0,218.67
Beverages,460.6,189,77,Saturday,November,1,483.63
Dairy,99.66,489,21,Thursday,August,0,89.69
Personal Care,211.19,500,97,Wednesday,December,0,221.75
Vegetables,99.81,366,38,Sunday,June,1,99.81
Fruits,195.73,151,38,Sunday,August,1,195.73
Vegetables,498.71,21,7,Monday,April,0,448.84
Fruits,334.83,262,32,Wednesday,March,0,334.83
Vegetables,47.89,249,17,Saturday,May,1,43.1
Beverages,439.82,24,37,Thursday,December,0,439.82
Household,121.38,449,41,Tuesday,February,0,109.24
Fruits,321.76,173,104,Sunday,August,1,360.37
Beverages,195.21,254,59,Friday,September,0,195.21
Snacks,444.79,414,109,Monday,March,0,498.16
Dairy,104.23,138,25,Tuesday,January,0,104.23
Fruits,237.18,431,3,Saturday,January,1,213.46
Bakery,73.78,46,108,Wednesday,April,0,82.63
Beverages,130.6,279,40,Monday,October,0,130.6
Household,191.54,6,119,Sunday,July,1,214.52
Beverages,247.91,286,16,Monday,July,0,223.12
Snacks,44.71,274,47,Wednesday,May,0,44.71
Vegetables,36.38,200,58,Saturday,July,1,38.2
Personal Care,355.96,222,18,Saturday,October,1,320.36
Dairy,335.97,500,100,Saturday,July,1,352.77
Household,40.77,179,11,Tuesday,July,0,36.69
Household,436.34,129,118,Thursday,April,0,488.7
Fruits,28.24,85,101,Saturday,February,1,31.63
Personal Care,68.46,74,31,Friday,August,0,68.46
Fruits,471.73,385,68,Thursday,January,0,471.73
Dairy,13.06,272,44,Wednesday,June,0,13.06
Dairy,209.35,306,27,Sunday,June,1,188.41
Fruits,205.25,343,27,Friday,November,0,184.72
Bakery,101.23,455,42,Sunday,May,1,101.23
Snacks,485.07,335,28,Thursday,January,0,436.56
Frozen,85.74,106,64,Thursday,January,0,90.03
Beverages,322.6,20,81,Thursday,January,0,361.31
Fruits,130.78,122,116,Thursday,July,0,146.47
Vegetables,31.24,47,56,Sunday,October,1,32.8
Fruits,223.35,230,92,Friday,January,0,234.52
Personal Care,449.29,330,56,Monday,January,0,449.29
Household,174.27,389,31,Saturday,February,1,156.84
Personal Care,291.1,97,36,Wednesday,October,0,291.1
Bakery,329.97,200,11,Wednesday,October,0,296.97
Dairy,101.5,287,57,Friday,December,0,101.5
Vegetables,441.99,214,84,Tuesday,March,0,464.09
Household,174.8,171,58,Wednesday,February,0,183.54
Personal Care,362.34,325,109,Monday,September,0,405.82
Dairy,222.59,13,30,Thursday,April,0,222.59
Personal Care,16.47,331,12,Saturday,July,1,14.82
Bakery,456.27,290,28,Monday,April,0,410.64
Snacks,131.72,103,38,Wednesday,March,0,131.72
Vegetables,25.22,341,29,Tuesday,March,0,22.7
Frozen,136.3,137,105,Wednesday,September,0,152.66
Bakery,208.56,300,35,Thursday,February,0,208.56
Household,439.09,326,65,Thursday,September,0,461.04
Bakery,170.65,479,79,Monday,June,0,179.18
Frozen,238.5,334,97,Monday,November,0,250.43
Fruits,348.6,301,33,Friday,February,0,348.6
Fruits,330.37,454,79,Saturday,January,1,346.89
Frozen,18.04,376,70,Monday,March,0,18.94
Household,225.43,32,51,Monday,March,0,236.7
Vegetables,363.69,487,19,Wednesday,September,0,327.32
Fruits,42.8,244,7,Thursday,August,0,38.52
Household,308.27,418,43,Monday,January,0,308.27
Dairy,99.46,58,87,Friday,December,0,111.4
Fruits,314.05,471,99,Sunday,December,1,329.75
Frozen,158.68,331,57,Monday,November,0,158.68
Personal Care,347.9,210,85,Monday,February,0,365.3
Frozen,177.23,36,19,Wednesday,July,0,177.23
Frozen,75.91,212,75,Wednesday,February,0,79.71
Beverages,424.53,35,55,Sunday,March,1,445.76
Vegetables,365.18,16,23,Thursday,February,0,365.18
Personal Care,97.73,78,105,Friday,November,0,109.46
Personal Care,254.58,197,76,Thursday,September,0,267.31
Household,444.19,108,55,Friday,February,0,466.4
Personal Care,450.76,277,3,Saturday,May,1,405.68
Personal Care,369.57,119,117,Wednesday,November,0,413.92
Vegetables,480.97,420,6,Saturday,November,1,432.87
Beverages,466.89,231,105,Tuesday,October,0,522.92
Bakery,228.84,137,16,Monday,March,0,205.96
Bakery,485.55,313,6,Wednesday,September,0,437.0
Vegetables,468.69,258,38,Monday,October,0,468.69
Snacks,478.66,325,81,Saturday,March,1,502.59
Frozen,318.78,394,90,Tuesday,February,0,334.72
Snacks,495.44,155,75,Wednesday,July,0,520.21
Dairy,238.41,36,93,Friday,March,0,267.02
Household,472.61,476,17,Monday,October,0,425.35
Snacks,276.61,176,21,Tuesday,March,0,248.95
Snacks,69.6,34,40,Tuesday,April,0,69.6
Bakery,48.86,447,40,Thursday,October,0,43.97
Fruits,318.66,447,106,Monday,May,0,334.59
Vegetables,334.57,482,85,Tuesday,February,0,351.3
Beverages,18.48,339,5,Wednesday,April,0,16.63
Household,437.3,159,32,Sunday,December,1,437.3
Beverages,453.23,142,45,Sunday,November,1,453.23
Bakery,465.36,427,77,Saturday,October,1,488.63
Snacks,272.52,357,67,Friday,May,0,286.15
Snacks,47.58,225,38,Friday,February,0,47.58
Personal Care,481.84,271,58,Thursday,May,0,481.84
Beverages,226.5,3,113,Monday,October,0,253.68
Beverages,35.56,386,13,Friday,September,0,32.0
Fruits,39.81,399,54,Saturday,October,1,39.81
Vegetables,106.58,385,74,Tuesday,May,0,111.91
Dairy,49.02,194,23,Sunday,September,1,49.02
Dairy,53.02,213,70,Sunday,January,1,55.67
Fruits,128.53,88,118,Friday,February,0,143.95
Fruits,442.69,321,83,Saturday,December,1,464.82
Dairy,232.77,77,10,Friday,September,0,209.49
Dairy,221.12,465,115,Wednesday,November,0,247.65
Dairy,335.32,218,47,Wednesday,April,0,335.32
Personal Care,487.91,475,3,Monday,March,0,439.12
Frozen,344.55,253,11,Thursday,February,0,310.1
Fruits,76.05,235,57,Wednesday,April,0,76.05
Household,136.95,108,87,Monday,December,0,153.38
Frozen,56.05,38,70,Thursday,October,0,58.85
Vegetables,64.37,143,100,Saturday,March,1,72.09
Bakery,258.45,296,24,Friday,April,0,232.6
Dairy,468.08,451,38,Saturday,May,1,421.27
Beverages,86.82,298,35,Thursday,September,0,86.82
Fruits,206.5,53,53,Sunday,July,1,216.83
Bakery,67.08,191,60,Monday,December,0,70.43
Dairy,55.83,11,109,Friday,March,0,62.53
Dairy,465.94,409,61,Tuesday,August,0,465.94
Vegetables,457.94,224,52,Wednesday,June,0,457.94
Fruits,446.73,312,44,Wednesday,August,0,446.73
Beverages,287.83,98,34,Monday,November,0,287.83
Snacks,277.74,416,41,Monday,August,0,249.97
Frozen,487.55,348,117,Sunday,November,1,546.06
Snacks,327.85,77,103,Thursday,March,0,367.19
Household,419.98,409,92,Monday,July,0,440.98
Snacks,178.7,356,29,Monday,March,0,160.83
Bakery,351.95,39,85,Monday,January,0,394.18
Bakery,95.58,442,76,Friday,March,0,100.36
Personal Care,266.16,489,56,Monday,April,0,266.16
Bakery,57.5,98,113,Wednesday,September,0,64.4
Dairy,232.75,445,89,Monday,January,0,244.39
Bakery,91.38,480,88,Wednesday,December,0,95.95
Household,422.28,298,30,Friday,August,0,380.05
Household,308.57,471,49,Tuesday,September,0,308.57
Personal Care,167.89,167,93,Wednesday,July,0,188.04
Vegetables,464.95,318,54,Thursday,March,0,464.95
Snacks,446.87,370,87,Monday,January,0,469.21
Snacks,434.99,120,51,Tuesday,August,0,456.74
Household,244.42,386,105,Monday,September,0,273.75
Bakery,172.3,356,69,Sunday,December,1,180.92
Dairy,470.86,404,59,Thursday,September,0,470.86
Snacks,114.97,219,68,Tuesday,July,0,120.72
Bakery,152.42,429,92,Wednesday,July,0,160.04
Personal Care,451.76,428,46,Wednesday,August,0,451.76
Household,447.26,35,8,Monday,March,0,402.53
Frozen,434.41,489,72,Friday,December,0,434.41
Fruits,161.81,481,24,Thursday,June,0,145.63
Fruits,468.09,140,67,Friday,February,0,491.49
Beverages,499.64,180,17,Friday,February,0,449.68
Frozen,179.1,401,78,Sunday,August,1,188.06
Personal Care,145.04,129,2,Monday,November,0,130.54
Household,280.15,212,105,Thursday,September,0,313.77
Personal Care,463.54,418,22,Thursday,March,0,417.19
Household,135.5,435,100,Tuesday,September,0,142.28
Snacks,421.46,371,111,Sunday,March,1,472.04
Personal Care,24.31,438,18,Tuesday,January,0,21.88
Vegetables,369.96,464,93,Monday,March,0,388.46
Beverages,441.81,382,75,Wednesday,April,0,463.9
Fruits,61.54,383,41,Monday,February,0,61.54
Dairy,82.79,454,86,Tuesday,October,0,86.93
Personal Care,66.91,340,17,Saturday,December,1,60.22
Dairy,40.25,292,39,Monday,February,0,40.25
Fruits,415.15,423,94,Wednesday,October,0,435.91
Bakery,287.98,475,66,Tuesday,March,0,287.98
Personal Care,287.47,419,13,Monday,January,0,258.72
Frozen,444.39,429,91,Thursday,January,0,466.61
Beverages,444.68,319,9,Monday,July,0,400.21
Snacks,399.39,370,59,Saturday,September,1,399.39
Fruits,237.0,74,78,Thursday,May,0,248.85
Frozen,226.06,107,117,Monday,December,0,253.19
Fruits,81.98,479,99,Saturday,August,1,86.08
Vegetables,96.04,332,75,Saturday,November,1,100.84
Beverages,247.04,403,4,Saturday,January,1,222.34
Frozen,372.93,334,33,Sunday,July,1,372.93
Personal Care,97.07,256,32,Wednesday,June,0,97.07
Fruits,467.1,98,87,Wednesday,September,0,523.15
Fruits,104.51,45,11,Sunday,April,1,104.51
Household,151.28,314,24,Wednesday,September,0,136.15
Frozen,240.19,164,53,Sunday,May,1,252.2
Personal Care,499.86,62,27,Tuesday,September,0,499.86
Bakery,437.92,192,120,Thursday,February,0,490.47
Snacks,215.77,96,29,Tuesday,November,0,215.77
Beverages,315.13,18,91,Wednesday,July,0,352.95
Dairy,428.89,498,38,Thursday,November,0,386.0
Fruits,487.67,18,61,Tuesday,May,0,512.05
Vegetables,465.57,422,6,Sunday,December,1,419.01
Bakery,261.74,320,80,Friday,August,0,274.83
Bakery,392.83,250,119,Friday,January,0,439.97
Vegetables,401.34,286,11,Wednesday,December,0,361.21
Beverages,250.21,357,14,Monday,June,0,225.19
Beverages,251.77,360,2,Thursday,November,0,226.59
Snacks,484.64,218,11,Sunday,April,1,436.18
Beverages,27.4,30,103,Sunday,July,1,30.69
Snacks,389.62,430,22,Tuesday,July,0,350.66
Beverages,324.92,49,83,Sunday,December,1,363.91
Fruits,285.87,480,111,Monday,February,0,300.16
Bakery,113.94,244,30,Thursday,July,0,113.94
Bakery,401.05,397,77,Saturday,July,1,421.1
Fruits,449.92,297,57,Friday,July,0,449.92
Fruits,266.9,195,23,Thursday,July,0,240.21
Fruits,56.35,139,9,Thursday,September,0,50.72
Beverages,209.43,354,47,Friday,August,0,209.43
Dairy,36.62,111,120,Tuesday,February,0,41.01
Beverages,231.5,342,93,Tuesday,February,0,243.08
Household,70.43,318,103,Thursday,November,0,78.88
Dairy,307.3,207,97,Tuesday,August,0,344.18
Snacks,63.53,220,61,Tuesday,May,0,66.71
Beverages,281.53,133,19,Thursday,August,0,253.38
Vegetables,212.93,48,106,Thursday,September,0,238.48
Personal Care,14.58,154,70,Wednesday,November,0,15.31
Bakery,72.74,209,14,Tuesday,December,0,65.47
Frozen,261.06,244,113,Tuesday,August,0,292.39
Dairy,62.13,137,80,Saturday,September,1,65.24
Fruits,247.18,465,90,Saturday,June,1,259.54
Vegetables,327.57,492,78,Saturday,March,1,343.95
Fruits,281.84,51,94,Tuesday,November,0,315.66
Household,302.0,120,28,Saturday,October,1,302.0
Bakery,299.51,455,93,Saturday,October,1,314.49
Snacks,215.68,216,116,Sunday,May,1,241.56
Beverages,67.62,35,11,Saturday,March,1,67.62
Frozen,42.61,4,76,Saturday,February,1,47.72
Beverages,268.45,78,62,Thursday,June,0,281.87
Frozen,332.58,180,25,Friday,October,0,332.58
Vegetables,354.39,500,63,Thursday,December,0,354.39
Fruits,121.86,411,21,Thursday,May,0,109.67
Beverages,223.47,213,99,Thursday,August,0,250.29
Snacks,23.59,135,119,Tuesday,April,0,26.42
Household,332.71,249,87,Friday,November,0,349.35
Personal Care,127.28,20,119,Thursday,February,0,142.55
Frozen,79.48,372,63,Thursday,July,0,79.48
Personal Care,245.61,366,111,Saturday,May,1,275.08
Vegetables,222.78,329,41,Thursday,May,0,222.78
Bakery,122.44,363,3,Thursday,July,0,110.2
Frozen,456.67,23,93,Tuesday,October,0,511.47
Fruits,80.33,156,43,Monday,April,0,80.33
Household,436.73,4,77,Friday,January,0,489.14
Bakery,332.04,408,67,Monday,July,0,332.04
Vegetables,45.15,453,55,Saturday,June,1,45.15
Household,346.44,493,27,Saturday,July,1,311.8
Snacks,344.27,76,56,Tuesday,April,0,361.48
Fruits,167.96,172,95,Sunday,November,1,188.12
Personal Care,112.68,489,24,Saturday,July,1,101.41
Dairy,486.82,247,72,Wednesday,July,0,511.16
Beverages,148.79,29,49,Saturday,September,1,156.23
Snacks,476.22,417,43,Friday,December,0,476.22
Personal Care,361.25,269,62,Sunday,December,1,379.31
Dairy,400.7,110,97,Monday,August,0,448.78
Bakery,31.11,169,49,Wednesday,January,0,31.11
Dairy,212.18,483,40,Monday,June,0,190.96
Vegetables,198.63,313,41,Saturday,March,1,198.63
Personal Care,365.47,325,69,Thursday,December,0,383.74
Personal Care,419.81,162,97,Sunday,November,1,470.19
Household,494.57,9,59,Wednesday,August,0,519.3
Frozen,136.76,296,49,Saturday,April,1,136.76
Beverages,56.97,285,103,Monday,October,0,63.81
Frozen,162.18,435,36,Saturday,January,1,145.96
Personal Care,385.51,206,47,Wednesday,December,0,385.51
Household,48.83,39,92,Sunday,July,1,54.69
Dairy,34.72,91,91,Tuesday,March,0,38.89
Frozen,343.82,499,43,Saturday,July,1,343.82
Fruits,439.46,317,21,Thursday,July,0,395.51
Beverages,158.14,439,36,Saturday,December,1,142.33
Bakery,446.1,404,70,Saturday,February,1,468.41
Personal Care,266.21,378,6,Friday,October,0,239.59
Frozen,186.68,374,84,Friday,July,0,196.01
Bakery,156.42,314,20,Saturday,February,1,140.78
Bakery,425.38,114,105,Saturday,July,1,476.43
Vegetables,237.52,186,62,Wednesday,February,0,249.4
Beverages,454.37,366,66,Thursday,July,0,454.37
Fruits,15.8,129,35,Wednesday,August,0,15.8
Bakery,274.02,290,38,Saturday,February,1,274.02
Snacks,448.71,27,33,Monday,September,0,448.71
Dairy,258.68,209,18,Saturday,December,1,232.81
Vegetables,382.32,366,30,Wednesday,December,0,344.09
Household,320.84,52,37,Tuesday,August,0,320.84
Dairy,297.48,474,11,Friday,February,0,267.73
Beverages,465.54,33,20,Wednesday,November,0,465.54
Household,122.29,172,28,Saturday,March,1,122.29
Personal Care,68.45,442,55,Thursday,July,0,68.45
Beverages,478.44,24,55,Friday,June,0,502.36
Frozen,212.08,389,118,Sunday,January,1,237.53
Dairy,356.94,264,71,Wednesday,May,0,374.79
Bakery,44.23,40,92,Monday,November,0,49.54
Beverages,24.12,184,5,Tuesday,July,0,21.71
Bakery,432.11,172,48,Sunday,May,1,453.72
Beverages,237.22,475,89,Thursday,November,0,249.08
Bakery,326.35,34,115,Monday,May,0,365.51
Household,76.83,267,69,Thursday,July,0,80.67
Personal Care,368.25,260,66,Monday,October,0,386.66
Dairy,356.84,130,119,Friday,December,0,399.66
Household,86.55,15,43,Saturday,February,1,90.88
Vegetables,479.72,426,38,Saturday,December,1,479.72
Frozen,145.5,49,111,Tuesday,August,0,162.96
Beverages,409.38,287,14,Monday,March,0,368.44
Beverages,112.36,156,34,Friday,September,0,112.36
Frozen,473.37,213,55,Friday,January,0,473.37
Beverages,308.08,189,35,Friday,June,0,308.08
Fruits,171.33,415,120,Tuesday,July,0,191.89
Household,438.55,391,63,Monday,January,0,438.55
Household,211.15,269,90,Wednesday,May,0,221.71
Snacks,440.89,410,19,Friday,November,0,396.8
Dairy,358.19,461,70,Monday,December,0,358.19
Bakery,218.78,366,107,Friday,July,0,245.03
Beverages,311.29,127,73,Saturday,June,1,326.85
Frozen,54.81,196,12,Wednesday,February,0,49.33
Dairy,452.32,4,27,Thursday,May,0,452.32
Beverages,70.8,77,2,Friday,July,0,63.72
Vegetables,391.51,19,7,Saturday,December,1,391.51
Fruits,238.72,351,42,Thursday,February,0,238.72
Household,187.43,458,43,Thursday,March,0,168.69
Snacks,291.86,146,64,Thursday,May,0,306.45
Frozen,425.26,361,79,Monday,December,0,446.52
Personal Care,419.02,234,66,Sunday,June,1,439.97
Dairy,293.98,62,78,Saturday,September,1,329.26
Dairy,297.35,306,80,Sunday,January,1,312.22
Household,194.29,437,28,Sunday,March,1,174.86
Frozen,421.51,430,52,Sunday,March,1,421.51
Household,369.27,29,30,Monday,June,0,369.27
Snacks,22.35,240,104,Monday,April,0,25.03
Snacks,10.38,486,21,Wednesday,July,0,9.34
Fruits,463.16,215,86,Friday,December,0,486.32
Frozen,281.31,285,118,Sunday,August,1,315.07
Dairy,218.21,151,12,Monday,September,0,196.39
Dairy,491.95,319,85,Monday,January,0,516.55
Fruits,331.32,460,73,Friday,December,0,331.32
Frozen,252.78,91,37,Sunday,September,1,252.78
Household,182.13,175,109,Saturday,August,1,203.99
Dairy,469.94,133,26,Wednesday,October,0,469.94
Bakery,225.15,452,10,Saturday,January,1,202.64
Dairy,124.29,321,44,Sunday,August,1,124.29
Dairy,173.93,274,30,Saturday,April,1,173.93
Personal Care,420.41,144,32,Saturday,August,1,420.41
Personal Care,250.43,31,55,Tuesday,July,0,262.95
Vegetables,479.34,107,73,Friday,December,0,503.31
Beverages,258.57,370,27,Thursday,October,0,232.71
Snacks,133.37,346,11,Monday,June,0,120.03
Beverages,184.47,138,102,Monday,November,0,206.61
Frozen,183.34,26,56,Sunday,May,1,192.51
Snacks,355.91,426,4,Wednesday,May,0,320.32
Dairy,378.09,207,73,Thursday,June,0,396.99
Bakery,145.21,73,50,Sunday,September,1,152.47
Beverages,233.48,174,53,Sunday,April,1,245.15
Snacks,28.09,298,104,Saturday,March,1,31.46
Beverages,146.46,397,10,Monday,August,0,131.81
Fruits,67.93,181,91,Tuesday,July,0,76.08
Fruits,128.65,363,62,Sunday,May,1,128.65
Beverages,394.94,54,44,Tuesday,February,0,394.94
Beverages,411.45,382,77,Tuesday,July,0,432.02
Dairy,293.11,254,6,Thursday,April,0,263.8
Household,188.34,120,12,Monday,April,0,169.51
Vegetables,219.91,278,67,Sunday,July,1,230.91
Snacks,173.13,152,13,Tuesday,April,0,155.82
Dairy,339.01,242,112,Wednesday,July,0,379.69
Fruits,157.84,128,60,Saturday,August,1,165.73
Dairy,307.65,130,20,Tuesday,June,0,307.65
Frozen,112.11,398,47,Monday,July,0,112.11
Dairy,477.22,57,20,Monday,October,0,477.22
Bakery,156.95,68,95,Tuesday,September,0,175.78
Bakery,162.71,431,36,Monday,April,0,146.44
Beverages,243.65,140,14,Wednesday,May,0,219.28
Frozen,133.08,80,47,Wednesday,October,0,139.73
Beverages,437.07,256,10,Friday,March,0,393.36
Dairy,240.45,141,11,Saturday,February,1,216.41
Personal Care,340.3,198,21,Friday,November,0,306.27
Fruits,259.04,97,17,Saturday,September,1,259.04
Personal Care,168.34,267,15,Sunday,March,1,151.51
Bakery,453.9,223,56,Sunday,January,1,476.59
Personal Care,351.26,460,89,Sunday,January,1,368.82
Vegetables,296.37,116,95,Thursday,September,0,331.93
Fruits,30.53,241,19,Monday,June,0,27.48
Bakery,271.24,136,83,Sunday,August,1,303.79
Personal Care,136.9,22,8,Monday,June,0,123.21
Personal Care,346.71,128,83,Monday,November,0,364.05
Beverages,72.25,365,106,Thursday,May,0,80.92
Beverages,118.61,227,22,Wednesday,November,0,106.75
Personal Care,391.4,325,86,Wednesday,January,0,410.97
Snacks,256.79,460,27,Wednesday,August,0,231.11
Frozen,330.34,491,80,Friday,June,0,346.86
Beverages,357.95,97,20,Sunday,June,1,357.95
Snacks,366.74,244,83,Wednesday,March,0,385.08
Beverages,323.85,389,57,Monday,July,0,323.85
Personal Care,278.72,124,98,Wednesday,February,0,312.17
Personal Care,186.09,147,93,Saturday,July,1,208.42
Beverages,201.0,166,44,Tuesday,September,0,201.0
Household,447.72,180,70,Friday,June,0,470.11
Bakery,369.73,433,82,Friday,October,0,388.22
Dairy,117.67,138,61,Thursday,November,0,123.55
Personal Care,144.02,316,74,Wednesday,September,0,151.22
Household,113.67,312,98,Sunday,February,1,127.31
Bakery,379.17,408,108,Monday,April,0,424.67
Dairy,404.46,420,27,Tuesday,December,0,364.01
Bakery,450.67,54,110,Sunday,July,1,504.75
Bakery,447.46,464,98,Sunday,November,1,469.83
Fruits,215.59,183,12,Sunday,October,1,194.03
Fruits,111.39,348,13,Saturday,January,1,100.25
Beverages,398.83,340,77,Friday,November,0,418.77
Snacks,117.06,49,19,Thursday,June,0,117.06
Beverages,329.98,49,1,Monday,August,0,296.98
Personal Care,402.78,389,112,Friday,September,0,451.11
Vegetables,333.88,276,62,Monday,January,0,350.57
Household,135.33,150,5,Wednesday,April,0,121.8
Vegetables,440.79,30,70,Thursday,July,0,462.83
Frozen,172.07,489,84,Monday,June,0,180.67
Snacks,314.85,488,49,Tuesday,March,0,314.85
Snacks,387.59,479,79,Tuesday,July,0,406.97
Personal Care,389.13,294,45,Wednesday,October,0,389.13
Personal Care,221.16,185,90,Friday,March,0,247.7
Dairy,187.73,268,72,Friday,June,0,197.12
Dairy,239.09,109,20,Wednesday,August,0,239.09
Bakery,210.29,339,83,Friday,November,0,220.8
Dairy,435.72,461,62,Tuesday,July,0,435.72
Beverages,188.58,108,119,Tuesday,January,0,211.21
Frozen,214.77,232,115,Tuesday,June,0,240.54
Dairy,248.57,36,18,Sunday,January,1,248.57
Dairy,428.11,146,6,Thursday,June,0,385.3
Vegetables,260.78,67,19,Thursday,March,0,260.78
Personal Care,261.17,304,79,Tuesday,February,0,274.23
Fruits,261.88,172,65,Thursday,September,0,274.97
Fruits,110.57,28,45,Tuesday,September,0,116.1
Frozen,456.1,356,52,Thursday,August,0,456.1
Dairy,341.15,448,62,Saturday,April,1,341.15
Fruits,287.17,208,120,Thursday,March,0,321.63
Vegetables,416.86,104,53,Thursday,February,0,437.7
Personal Care,345.33,380,48,Sunday,January,1,345.33
Bakery,101.29,173,62,Friday,March,0,106.35
Beverages,106.52,316,35,Friday,December,0,106.52
Fruits,468.27,474,70,Tuesday,May,0,468.27
Dairy,223.01,193,19,Friday,June,0,200.71
Snacks,204.26,159,10,Wednesday,September,0,183.83
Fruits,399.36,226,120,Saturday,May,1,447.28
Household,289.34,290,36,Monday,September,0,289.34
Vegetables,121.44,264,97,Saturday,January,1,136.01
Vegetables,294.26,270,118,Friday,December,0,329.57
Dairy,297.2,99,22,Monday,August,0,297.2
Frozen,149.71,371,68,Sunday,February,1,157.2
Fruits,417.4,487,106,Wednesday,March,0,438.27
Household,419.11,118,77,Monday,November,0,440.07
Beverages,384.4,483,45,Wednesday,March,0,345.96
Household,23.81,15,98,Sunday,April,1,26.67
Dairy,276.61,353,102,Thursday,April,0,309.8
Fruits,435.87,26,85,Tuesday,August,0,488.17
Vegetables,242.24,489,26,Sunday,April,1,218.02
Beverages,442.84,59,108,Saturday,June,1,495.98
Vegetables,388.82,323,52,Tuesday,January,0,388.82
Snacks,356.16,320,17,Friday,June,0,320.54
Vegetables,369.98,220,60,Wednesday,April,0,388.48
Frozen,21.05,258,88,Friday,September,0,22.1
Vegetables,125.0,201,18,Saturday,September,1,112.5
Bakery,466.94,225,94,Wednesday,January,0,522.97
Frozen,468.93,21,89,Friday,May,0,525.2
Fruits,488.63,34,69,Sunday,September,1,513.06
Vegetables,16.24,343,50,Saturday,October,1,16.24
Household,45.28,499,30,Monday,October,0,40.75
Bakery,444.07,142,21,Friday,July,0,444.07
Fruits,498.78,399,2,Thursday,May,0,448.9
Frozen,402.13,281,94,Thursday,December,0,422.24
Snacks,273.91,194,38,Thursday,February,0,273.91
Dairy,450.2,382,59,Friday,December,0,450.2
Bakery,94.18,234,109,Friday,May,0,105.48
Bakery,240.88,167,109,Sunday,June,1,269.79
Vegetables,447.03,283,66,Tuesday,April,0,469.38
Bakery,210.57,75,62,Monday,May,0,221.1
Bakery,149.5,329,16,Friday,June,0,134.55
Frozen,424.92,122,31,Tuesday,September,0,424.92
Snacks,63.84,256,23,Friday,January,0,57.46
Dairy,124.97,72,118,Sunday,November,1,139.97
Personal Care,324.47,445,8,Saturday,November,1,292.02
Personal Care,68.36,314,46,Monday,April,0,68.36
Dairy,249.34,168,47,Tuesday,October,0,249.34
Dairy,321.06,102,45,Friday,March,0,321.06
Dairy,478.61,466,62,Saturday,January,1,478.61
Vegetables,106.24,350,17,Sunday,November,1,95.62
Beverages,213.64,409,93,Monday,April,0,224.32
Dairy,253.37,439,97,Tuesday,November,0,266.04
Fruits,42.48,329,53,Sunday,May,1,42.48
Beverages,366.42,142,100,Saturday,July,1,410.39
Bakery,81.79,469,46,Saturday,August,1,81.79
Vegetables,335.17,63,109,Saturday,March,1,375.39
Snacks,103.04,424,16,Saturday,July,1,92.74
Dairy,414.73,27,70,Saturday,October,1,435.47
Beverages,342.67,346,48,Thursday,April,0,342.67
Bakery,492.66,150,116,Monday,March,0,551.78
Bakery,181.36,26,66,Sunday,January,1,190.43
Personal Care,37.1,236,108,Thursday,February,0,41.55
Fruits,447.12,280,13,Tuesday,December,0,402.41
Vegetables,298.8,126,17,Tuesday,May,0,268.92
Household,135.72,339,19,Sunday,December,1,122.15
Snacks,337.96,44,96,Thursday,November,0,378.52
Fruits,263.27,474,50,Tuesday,February,0,263.27
Personal Care,477.13,244,54,Wednesday,November,0,477.13
Frozen,175.91,426,3,Thursday,July,0,158.32
Beverages,43.1,131,113,Monday,July,0,48.27
Snacks,433.86,29,87,Tuesday,February,0,485.92
Personal Care,101.76,465,3,Thursday,November,0,91.58
Bakery,69.79,135,113,Monday,January,0,78.16
Frozen,479.57,165,44,Friday,March,0,479.57
Dairy,22.16,294,33,Sunday,February,1,22.16
Beverages,395.45,130,46,Monday,July,0,395.45
Bakery,493.75,158,105,Thursday,June,0,553.0
Snacks,393.64,2,80,Tuesday,April,0,440.88
Vegetables,337.56,312,104,Friday,April,0,378.07
Beverages,316.36,87,97,Saturday,April,1,354.32
Frozen,487.65,226,108,Monday,October,0,546.17
Vegetables,288.46,190,27,Sunday,May,1,288.46
Beverages,183.5,397,9,Thursday,January,0,165.15
Bakery,104.15,363,41,Friday,September,0,104.15
Bakery,342.39,62,48,Wednesday,June,0,359.51
Beverages,139.41,296,80,Tuesday,January,0,146.38
Vegetables,241.54,105,2,Sunday,February,1,217.39
Frozen,54.94,285,67,Monday,May,0,57.69
Bakery,60.76,93,114,Sunday,February,1,68.05
Beverages,198.66,26,76,Saturday,December,1,222.5
Dairy,218.31,61,7,Saturday,March,1,196.48
Frozen,241.1,482,54,Sunday,December,1,241.1
Fruits,225.07,13,25,Wednesday,October,0,225.07
Snacks,61.34,410,30,Saturday,October,1,55.21
Snacks,350.79,156,70,Tuesday,June,0,368.33
Household,226.43,296,4,Friday,June,0,203.79
Fruits,156.88,455,63,Monday,August,0,156.88
Fruits,62.53,172,53,Wednesday,September,0,65.66
Frozen,133.83,79,20,Saturday,May,1,133.83
Frozen,297.75,120,14,Sunday,September,1,297.75
Bakery,169.39,273,77,Friday,July,0,177.86
Dairy,297.35,101,91,Saturday,November,1,333.03
Beverages,200.09,129,26,Monday,October,0,200.09
Beverages,221.03,10,105,Wednesday,September,0,247.55
Beverages,133.31,58,104,Wednesday,March,0,149.31
Bakery,230.74,107,70,Monday,January,0,242.28
Bakery,332.76,420,79,Thursday,April,0,349.4
Snacks,350.23,94,37,Sunday,August,1,350.23
Bakery,177.72,84,44,Friday,October,0,177.72
Frozen,385.95,451,106,Tuesday,October,0,405.25
Dairy,103.06,387,50,Friday,August,0,103.06
Beverages,421.06,53,70,Sunday,September,1,442.11
Household,325.75,274,33,Monday,August,0,325.75
Snacks,398.54,149,30,Monday,October,0,398.54
Dairy,456.44,403,88,Friday,June,0,479.26
Fruits,353.21,142,51,Friday,September,0,370.87
Frozen,356.68,174,88,Friday,October,0,374.51
Fruits,39.78,169,92,Saturday,December,1,44.55
Personal Care,462.7,456,86,Tuesday,November,0,485.84
Fruits,29.39,492,117,Saturday,June,1,32.92
Household,243.05,450,84,Sunday,March,1,255.2
Dairy,444.46,451,7,Saturday,June,1,400.01
Snacks,213.36,282,104,Friday,December,0,238.96
Dairy,281.47,222,35,Tuesday,June,0,281.47
Snacks,422.53,91,5,Monday,September,0,380.28
Fruits,249.64,232,90,Monday,March,0,262.12
Personal Care,462.79,130,94,Monday,February,0,518.32
Household,118.15,2,79,Monday,March,0,132.33
Fruits,365.28,413,57,Tuesday,July,0,365.28
Frozen,97.53,498,53,Saturday,March,1,97.53
Fruits,71.25,491,114,Wednesday,August,0,79.8
Dairy,414.45,298,98,Thursday,August,0,464.18
Personal Care,188.69,233,9,Thursday,March,0,169.82
Snacks,299.52,458,115,Wednesday,March,0,335.46
Frozen,341.3,346,104,Wednesday,June,0,382.26
Fruits,473.37,478,57,Thursday,November,0,473.37
Vegetables,70.1,84,108,Sunday,January,1,78.51
Dairy,436.36,215,108,Wednesday,November,0,488.72
Household,179.51,125,7,Saturday,November,1,161.56
Personal Care,20.0,409,93,Wednesday,April,0,21.0
Snacks,270.1,81,114,Saturday,August,1,302.51
Dairy,242.95,463,47,Friday,December,0,242.95
Snacks,121.34,318,84,Sunday,March,1,127.41
Personal Care,91.94,286,39,Wednesday,September,0,91.94
Beverages,130.98,78,70,Friday,January,0,137.53
Bakery,374.51,33,5,Thursday,April,0,337.06
Fruits,267.3,39,89,Sunday,February,1,299.38
Vegetables,221.28,415,76,Sunday,April,1,232.34
Vegetables,113.37,351,91,Sunday,December,1,119.04
Household,386.91,98,36,Saturday,June,1,386.91
Fruits,350.65,40,18,Sunday,September,1,350.65
Personal Care,37.15,112,98,Friday,May,0,41.61
Dairy,435.63,283,113,Friday,August,0,487.91
Dairy,133.31,315,95,Monday,October,0,139.98
Snacks,407.44,281,84,Thursday,April,0,427.81
Beverages,124.24,99,42,Monday,October,0,124.24
Household,35.41,213,18,Tuesday,April,0,31.87
Personal Care,143.94,346,47,Sunday,December,1,143.94
Snacks,472.47,284,94,Friday,September,0,496.09
Snacks,129.1,101,27,Thursday,November,0,129.1
Vegetables,248.46,343,85,Tuesday,June,0,260.88
Vegetables,38.91,427,116,Friday,March,0,43.58
Vegetables,305.12,174,73,Saturday,September,1,320.38
Bakery,148.73,265,69,Monday,June,0,156.17
Household,42.78,176,53,Thursday,May,0,42.78
Frozen,157.5,433,113,Tuesday,August,0,176.4
Snacks,35.63,213,31,Thursday,May,0,35.63
Fruits,28.7,413,68,Thursday,January,0,28.7
Personal Care,419.01,272,117,Saturday,January,1,469.29
Personal Care,464.18,277,115,Friday,February,0,519.88
Beverages,314.06,463,81,Wednesday,August,0,329.76
Frozen,115.1,326,85,Thursday,August,0,120.86
Snacks,260.05,477,33,Sunday,August,1,234.05
Dairy,65.6,431,2,Tuesday,August,0,59.04
Frozen,431.87,470,35,Friday,February,0,388.68
Bakery,371.31,305,73,Thursday,January,0,389.88
Household,233.05,459,109,Saturday,August,1,261.02
Snacks,58.85,259,7,Saturday,March,1,52.97
Fruits,374.33,117,55,Tuesday,March,0,393.05
Household,190.07,267,37,Monday,October,0,190.07
Dairy,132.11,66,18,Monday,February,0,132.11
Snacks,414.1,260,66,Thursday,October,0,434.81
Bakery,281.89,222,111,Monday,August,0,315.72
Dairy,311.72,158,11,Saturday,October,1,280.55
Household,492.21,254,21,Sunday,May,1,442.99
Bakery,462.77,286,44,Saturday,September,1,462.77
Personal Care,181.67,408,27,Saturday,July,1,163.5
Vegetables,489.04,38,81,Monday,June,0,547.72
Snacks,367.59,159,2,Wednesday,April,0,330.83
Personal Care,253.48,147,73,Tuesday,November,0,266.15
Snacks,30.38,277,9,Sunday,January,1,27.34
Fruits,365.33,299,116,Sunday,April,1,409.17
Personal Care,183.5,184,10,Sunday,April,1,165.15
Dairy,420.59,494,86,Tuesday,July,0,441.62
Fruits,416.8,437,85,Sunday,June,1,437.64
Snacks,368.75,315,49,Tuesday,June,0,368.75
Bakery,225.95,282,108,Monday,November,0,253.06
Beverages,245.62,163,24,Sunday,March,1,245.62
Fruits,125.02,438,110,Saturday,March,1,140.02
Beverages,456.27,103,116,Sunday,September,1,511.02
Frozen,64.71,240,15,Thursday,September,0,58.24
Bakery,104.5,281,107,Tuesday,June,0,117.04
Vegetables,60.82,253,65,Monday,January,0,63.86
Household,85.16,330,42,Monday,April,0,85.16
Household,232.29,330,69,Tuesday,June,0,243.9
Personal Care,97.19,385,15,Saturday,April,1,87.47
Household,241.99,406,51,Monday,May,0,241.99
Personal Care,155.41,31,43,Thursday,October,0,163.18
Fruits,306.23,156,29,Monday,June,0,306.23
Beverages,89.72,364,80,Monday,February,0,94.21
Dairy,342.52,157,56,Wednesday,June,0,359.65
Dairy,208.86,391,106,Tuesday,January,0,233.92
Beverages,330.56,444,1,Monday,July,0,297.5
Vegetables,377.0,405,45,Saturday,March,1,377.0
Snacks,86.67,156,18,Sunday,January,1,86.67
Personal Care,88.26,454,36,Thursday,January,0,79.43
Personal Care,86.69,481,38,Friday,June,0,78.02
Dairy,496.16,103,52,Thursday,March,0,520.97
Personal Care,174.74,288,79,Tuesday,March,0,183.48
Dairy,424.56,271,41,Saturday,December,1,424.56
Vegetables,343.06,455,57,Wednesday,March,0,343.06
Bakery,441.46,116,21,Thursday,October,0,441.46
Personal Care,145.6,193,40,Tuesday,February,0,145.6
Dairy,71.7,60,95,Tuesday,January,0,80.3
Fruits,223.49,175,118,Friday,April,0,250.31
Household,251.54,330,90,Thursday,September,0,264.12
Frozen,76.64,267,95,Friday,March,0,80.47
Fruits,293.62,254,79,Tuesday,May,0,308.3
Vegetables,114.41,292,33,Friday,January,0,114.41
Fruits,139.93,206,65,Friday,January,0,146.93
Bakery,229.21,32,13,Thursday,August,0,229.21
Household,146.09,434,45,Monday,April,0,146.09
Bakery,498.05,453,81,Sunday,December,1,522.95
Vegetables,70.05,235,25,Thursday,July,0,63.05
Personal Care,365.96,343,78,Saturday,July,1,384.26
Vegetables,13.27,90,4,Monday,April,0,11.94
Dairy,481.25,272,84,Monday,December,0,505.31
Fruits,367.35,344,40,Thursday,July,0,367.35
Household,481.31,171,38,Sunday,May,1,481.31
Dairy,283.73,285,65,Wednesday,January,0,297.92
Snacks,403.29,84,9,Sunday,October,1,362.96
Snacks,23.26,442,12,Friday,January,0,20.93
Vegetables,330.1,286,17,Friday,July,0,297.09
Dairy,359.44,146,54,Tuesday,January,0,377.41
Vegetables,254.67,437,71,Wednesday,April,0,254.67
Beverages,92.3,188,98,Thursday,April,0,103.38
Personal Care,447.88,310,113,Saturday,August,1,501.63
Frozen,426.47,74,81,Wednesday,March,0,477.65
Snacks,258.43,176,99,Wednesday,August,0,289.44
Personal Care,458.37,361,22,Sunday,November,1,412.53
Household,479.43,414,58,Wednesday,June,0,479.43
Snacks,396.63,271,30,Wednesday,January,0,356.97
Frozen,455.99,356,120,Wednesday,February,0,510.71
Snacks,398.26,418,4,Thursday,November,0,358.43
Personal Care,437.14,128,17,Friday,August,0,393.43
Beverages,348.15,2,24,Sunday,March,1,348.15
Beverages,70.49,74,31,Saturday,December,1,70.49
Fruits,447.4,5,85,Tuesday,March,0,501.09
Beverages,267.4,499,69,Friday,December,0,267.4
Fruits,399.75,348,24,Saturday,December,1,359.78
Frozen,24.86,326,46,Tuesday,January,0,24.86
Frozen,424.84,59,4,Sunday,September,1,382.36
Personal Care,63.53,13,104,Sunday,July,1,71.15
Fruits,242.23,330,60,Wednesday,April,0,242.23
Beverages,128.69,202,25,Saturday,November,1,128.69
Fruits,240.56,474,52,Saturday,May,1,240.56
Beverages,67.0,280,43,Saturday,November,1,67.0
Fruits,88.62,87,66,Saturday,November,1,93.05
Dairy,408.56,137,91,Saturday,April,1,457.59
Frozen,304.99,225,95,Wednesday,March,0,341.59
Snacks,281.63,28,98,Saturday,September,1,315.43
Frozen,305.29,46,75,Monday,September,0,320.55
Dairy,290.95,276,14,Thursday,May,0,261.86
Household,171.27,68,92,Thursday,June,0,191.82
Snacks,252.95,5,114,Monday,May,0,283.3
Bakery,459.25,89,95,Tuesday,April,0,514.36
Frozen,388.82,288,49,Wednesday,February,0,388.82
Bakery,202.13,310,17,Thursday,August,0,181.92
Dairy,129.54,283,77,Tuesday,November,0,136.02
Bakery,338.39,487,90,Saturday,July,1,355.31
Personal Care,295.14,413,32,Thursday,December,0,265.63
Household,230.73,217,68,Friday,October,0,242.27
Fruits,82.37,334,29,Monday,October,0,74.13
Dairy,46.94,468,11,Friday,June,0,42.25
Household,143.06,192,97,Thursday,May,0,160.23
Personal Care,262.85,446,3,Tuesday,September,0,236.57
Bakery,350.68,255,13,Thursday,May,0,315.61
Fruits,152.53,452,117,Monday,August,0,170.83
Beverages,129.42,270,48,Tuesday,April,0,129.42
Fruits,131.73,75,26,Monday,December,0,131.73
Household,382.24,206,20,Sunday,December,1,344.02
Dairy,354.47,237,22,Thursday,July,0,319.02
Snacks,69.86,273,92,Wednesday,September,0,73.35
Household,94.87,361,84,Monday,September,0,99.61
Frozen,79.59,114,77,Wednesday,July,0,83.57
Snacks,294.69,483,87,Friday,August,0,309.42
Personal Care,101.08,131,27,Saturday,May,1,101.08
Dairy,299.13,487,111,Tuesday,May,0,314.09
Beverages,199.22,393,75,Sunday,March,1,209.18
Frozen,118.6,469,40,Wednesday,May,0,106.74
Vegetables,113.05,129,15,Monday,June,0,101.75
Personal Care,175.27,444,117,Friday,October,0,196.3
Frozen,15.33,305,29,Saturday,August,1,15.33
Fruits,394.52,87,71,Thursday,August,0,414.25
Household,324.58,223,52,Saturday,September,1,340.81
Dairy,396.87,100,40,Wednesday,December,0,396.87
Fruits,417.66,12,60,Monday,August,0,438.54
Vegetables,20.88,181,42,Sunday,January,1,20.88
Beverages,219.43,244,18,Tuesday,April,0,197.49
Bakery,138.1,212,88,Wednesday,March,0,145.0
Dairy,84.33,469,58,Thursday,June,0,84.33
Fruits,291.07,491,51,Sunday,August,1,291.07
Household,265.88,354,27,Wednesday,April,0,239.29
Personal Care,349.65,238,110,Thursday,December,0,391.61
Frozen,375.94,119,51,Saturday,December,1,394.74
Frozen,209.86,127,58,Friday,July,0,220.35
Bakery,99.08,489,1,Sunday,May,1,89.17
Household,492.59,253,64,Sunday,July,1,517.22
Fruits,425.64,329,101,Wednesday,January,0,476.72
Personal Care,313.57,469,104,Monday,July,0,329.25
Beverages,180.99,44,96,Friday,November,0,202.71
Bakery,52.56,339,48,Thursday,June,0,52.56
Beverages,312.03,73,59,Saturday,September,1,327.63
Bakery,318.81,208,19,Wednesday,November,0,286.93
Vegetables,15.28,363,35,Thursday,August,0,13.75
Fruits,460.45,113,116,Tuesday,September,0,515.7
Snacks,295.71,404,94,Monday,March,0,310.5
Fruits,284.6,493,85,Tuesday,November,0,298.83
Frozen,108.86,347,112,Monday,May,0,121.92
Bakery,121.97,381,5,Tuesday,December,0,109.77
Fruits,266.7,434,41,Monday,May,0,240.03
Bakery,96.55,432,116,Monday,February,0,108.14
Dairy,198.57,486,63,Tuesday,July,0,198.57
Vegetables,166.45,347,31,Thursday,November,0,149.81
Personal Care,464.45,238,54,Monday,February,0,464.45
Household,177.71,376,37,Friday,November,0,159.94
Fruits,386.43,260,112,Wednesday,January,0,432.8
Dairy,264.49,39,107,Monday,June,0,296.23
Beverages,54.63,136,3,Saturday,August,1,49.17
Frozen,364.52,247,67,Thursday,December,0,382.75
Bakery,310.81,200,98,Thursday,May,0,348.11
Household,108.8,265,26,Thursday,April,0,97.92
Snacks,70.18,413,57,Sunday,November,1,70.18
Personal Care,224.59,13,25,Monday,January,0,224.59
Fruits,227.35,98,83,Wednesday,April,0,254.63
Snacks,293.17,136,11,Wednesday,May,0,263.85
Bakery,90.72,405,98,Wednesday,August,0,95.26
Vegetables,280.59,90,59,Sunday,March,1,294.62
Dairy,310.98,434,88,Tuesday,June,0,326.53
Beverages,452.07,37,20,Monday,October,0,452.07
Vegetables,232.34,426,46,Wednesday,May,0,232.34
Frozen,254.31,368,8,Monday,May,0,228.88
Fruits,183.36,281,59,Monday,February,0,183.36
Beverages,395.87,266,3,Friday,August,0,356.28
Dairy,103.89,52,119,Monday,July,0,116.36
Snacks,274.02,38,5,Monday,January,0,246.62
Vegetables,108.02,53,48,Tuesday,June,0,113.42
Beverages,433.85,230,72,Monday,January,0,455.54
Household,210.19,20,66,Friday,July,0,220.7
Snacks,395.31,488,85,Sunday,May,1,415.08
Bakery,304.55,197,18,Sunday,September,1,274.1
Personal Care,407.44,415,77,Wednesday,May,0,427.81
Fruits,147.97,318,4,Saturday,June,1,133.17
Fruits,293.87,128,22,Saturday,December,1,293.87
Bakery,387.66,102,74,Wednesday,August,0,407.04
Frozen,355.1,455,115,Wednesday,April,0,397.71
Vegetables,306.98,98,42,Thursday,March,0,306.98
Personal Care,65.15,178,11,Thursday,September,0,58.64
Frozen,125.03,279,84,Friday,March,0,131.28
Fruits,263.98,317,99,Friday,November,0,295.66
Household,212.07,241,93,Sunday,October,1,237.52
Frozen,444.46,233,90,Tuesday,August,0,466.68
Household,197.68,267,104,Monday,December,0,221.4
Vegetables,167.96,353,77,Saturday,July,1,176.36
Frozen,180.95,61,120,Thursday,April,0,202.66
Personal Care,267.6,283,105,Thursday,December,0,299.71
Personal Care,499.7,472,112,Friday,January,0,559.66
Bakery,35.2,475,15,Saturday,February,1,31.68
Vegetables,149.43,474,18,Saturday,December,1,134.49
Frozen,462.28,64,95,Monday,March,0,517.75
Beverages,407.46,26,47,Friday,April,0,427.83
Household,293.28,166,82,Thursday,September,0,307.94
Vegetables,20.51,273,29,Wednesday,March,0,18.46
Frozen,429.74,372,58,Tuesday,November,0,429.74
Vegetables,98.31,203,106,Monday,July,0,110.11
Fruits,27.65,75,47,Monday,October,0,29.03
Bakery,438.72,242,94,Saturday,October,1,491.37
Beverages,437.07,498,13,Monday,October,0,393.36
Vegetables,357.17,32,78,Sunday,June,1,400.03
Frozen,354.48,404,49,Saturday,October,1,354.48
Snacks,365.13,126,18,Saturday,April,1,365.13
Frozen,250.23,473,31,Thursday,December,0,225.21
Household,346.51,370,7,Monday,October,0,311.86
Fruits,114.87,36,12,Sunday,March,1,114.87
Dairy,423.9,73,112,Thursday,March,0,474.77
Beverages,65.64,124,9,Thursday,May,0,59.08
Bakery,313.0,436,29,Friday,October,0,281.7
Beverages,333.51,125,29,Wednesday,January,0,333.51
Household,274.13,126,41,Wednesday,July,0,274.13
Beverages,132.3,72,50,Sunday,July,1,138.92
Beverages,136.31,298,94,Friday,December,0,143.13
Frozen,489.1,498,49,Sunday,April,1,489.1
Dairy,435.55,230,36,Tuesday,November,0,435.55
Frozen,217.33,108,65,Saturday,October,1,228.2
Bakery,95.45,271,113,Monday,January,0,106.9
Beverages,413.84,329,61,Monday,November,0,413.84
Frozen,20.46,413,114,Sunday,November,1,22.92
Snacks,44.95,34,59,Saturday,April,1,47.2
Snacks,200.89,82,30,Friday,April,0,200.89
Snacks,278.23,281,76,Wednesday,June,0,292.14
Personal Care,337.19,461,75,Thursday,June,0,354.05
Bakery,347.26,349,113,Wednesday,March,0,388.93
Snacks,388.7,349,44,Friday,October,0,388.7
Fruits,83.98,11,102,Sunday,July,1,94.06
Fruits,358.62,116,19,Tuesday,November,0,358.62
Snacks,230.72,475,91,Saturday,January,1,242.26
Dairy,443.12,54,31,Wednesday,July,0,443.12
Personal Care,152.88,117,78,Monday,December,0,160.52
Bakery,171.22,436,30,Tuesday,October,0,154.1
Household,284.65,430,120,Tuesday,December,0,318.81
Beverages,408.46,217,47,Monday,October,0,408.46
Dairy,67.88,271,10,Friday,May,0,61.09
Vegetables,310.14,326,50,Wednesday,June,0,310.14
Dairy,130.97,437,87,Monday,January,0,137.52
Frozen,238.22,468,101,Friday,October,0,250.13
Bakery,329.73,451,26,Wednesday,July,0,296.76
Vegetables,371.34,196,81,Sunday,January,1,389.91
Frozen,179.92,34,19,Monday,November,0,179.92
Fruits,422.37,242,18,Thursday,August,0,380.13
Beverages,113.79,435,5,Thursday,September,0,102.41
Vegetables,460.1,226,64,Tuesday,August,0,483.11
Household,461.48,328,26,Friday,July,0,415.33
Frozen,279.2,354,63,Saturday,January,1,293.16
Fruits,111.99,374,39,Saturday,March,1,111.99
Bakery,273.33,9,94,Sunday,September,1,306.13
Snacks,63.24,472,118,Friday,September,0,70.83
Beverages,443.08,438,101,Tuesday,December,0,465.23
Fruits,292.47,396,76,Saturday,June,1,307.09
Snacks,484.77,155,18,Saturday,November,1,484.77
Dairy,171.44,208,65,Monday,August,0,180.01
Snacks,457.2,416,106,Tuesday,July,0,480.06
Fruits,165.42,199,46,Tuesday,October,0,165.42
Vegetables,466.34,192,32,Saturday,January,1,466.34
Snacks,204.66,5,105,Monday,May,0,229.22
Frozen,470.21,478,3,Sunday,December,1,423.19
Household,63.41,482,3,Monday,October,0,57.07
Household,11.6,320,103,Sunday,September,1,12.99
Fruits,93.1,139,112,Thursday,March,0,104.27
Fruits,59.88,463,59,Wednesday,March,0,59.88
Dairy,187.02,126,119,Sunday,December,1,209.46
Household,419.78,41,48,Sunday,August,1,440.77
Beverages,125.14,254,34,Tuesday,May,0,125.14
Fruits,496.55,77,84,Wednesday,September,0,556.14
Bakery,315.9,298,91,Wednesday,October,0,331.69
Fruits,379.53,220,42,Monday,October,0,379.53
Vegetables,155.26,349,106,Wednesday,July,0,173.89
Snacks,457.03,57,101,Thursday,January,0,511.87
Snacks,100.52,288,85,Friday,September,0,105.55
Personal Care,338.8,492,74,Thursday,September,0,338.8
Personal Care,61.5,448,117,Thursday,March,0,68.88
Frozen,384.91,355,91,Wednesday,March,0,404.16
Vegetables,279.89,449,117,Friday,January,0,313.48
Vegetables,88.72,110,13,Wednesday,April,0,79.85
Dairy,334.83,78,45,Tuesday,January,0,334.83
Dairy,330.07,398,74,Sunday,December,1,346.57
Vegetables,315.66,149,21,Saturday,July,1,315.66
Vegetables,32.24,245,70,Tuesday,June,0,33.85
Snacks,138.12,254,85,Monday,October,0,145.03
Fruits,441.74,259,96,Wednesday,November,0,494.75
Dairy,379.62,37,50,Monday,April,0,398.6
Bakery,328.76,482,16,Thursday,September,0,295.88
Vegetables,334.53,421,69,Saturday,September,1,351.26
Bakery,222.93,95,51,Thursday,July,0,234.08
Vegetables,243.46,388,114,Tuesday,March,0,272.68
Snacks,439.79,439,30,Friday,May,0,395.81
Personal Care,486.66,205,9,Monday,August,0,437.99
Household,157.93,373,48,Saturday,August,1,157.93
Bakery,343.43,422,11,Thursday,January,0,309.09
Personal Care,311.91,132,83,Saturday,May,1,349.34
Bakery,188.07,99,50,Monday,May,0,197.47
Household,428.9,352,86,Saturday,September,1,450.34
Snacks,46.3,425,30,Tuesday,February,0,41.67
Vegetables,63.79,194,103,Thursday,January,0,71.44
Personal Care,414.65,54,118,Wednesday,July,0,464.41
Bakery,15.48,30,119,Thursday,March,0,17.34
Frozen,40.33,482,49,Friday,November,0,40.33
Household,44.69,450,38,Saturday,January,1,40.22
Frozen,151.09,450,7,Wednesday,September,0,135.98
Personal Care,478.55,178,14,Saturday,March,1,430.69
Vegetables,439.66,247,101,Tuesday,October,0,492.42
Personal Care,398.71,458,69,Friday,September,0,398.71
Bakery,63.97,217,118,Thursday,May,0,71.65
Fruits,89.52,139,68,Saturday,April,1,94.0
Beverages,164.65,308,42,Thursday,May,0,164.65
Vegetables,189.23,56,97,Tuesday,April,0,211.94
Fruits,182.33,297,99,Tuesday,April,0,204.21
Personal Care,189.89,283,24,Sunday,April,1,170.9
Vegetables,271.23,258,63,Monday,July,0,284.79
Personal Care,197.79,225,99,Wednesday,July,0,221.52
Vegetables,444.43,314,86,Sunday,March,1,466.65
Beverages,161.87,409,59,Thursday,September,0,161.87
Dairy,241.49,169,61,Saturday,October,1,253.56
Fruits,184.66,324,10,Tuesday,February,0,166.19
Household,375.46,215,25,Thursday,August,0,337.91
Frozen,478.08,54,28,Saturday,July,1,478.08
Dairy,222.33,316,37,Sunday,December,1,222.33
Personal Care,468.17,239,81,Tuesday,August,0,491.58
Beverages,162.57,166,86,Thursday,July,0,170.7
Vegetables,388.03,256,41,Monday,February,0,388.03
Personal Care,268.97,440,32,Saturday,April,1,242.07
Snacks,204.77,455,112,Tuesday,October,0,229.34
Frozen,498.64,35,40,Wednesday,August,0,498.64
Bakery,188.59,351,95,Friday,October,0,198.02
Fruits,252.9,424,10,Friday,May,0,227.61
Personal Care,170.87,187,90,Friday,July,0,191.37
Bakery,139.08,449,79,Sunday,August,1,146.03
Fruits,410.74,44,118,Friday,May,0,460.03
Bakery,416.41,73,118,Thursday,May,0,466.38
Dairy,169.54,458,32,Wednesday,March,0,152.59
Snacks,422.91,70,60,Thursday,October,0,444.06
Fruits,103.33,337,8,Wednesday,August,0,93.0
Beverages,68.41,221,36,Wednesday,November,0,68.41
Snacks,73.41,223,12,Sunday,July,1,66.07
Bakery,239.66,416,33,Friday,October,0,215.69
Snacks,323.23,313,36,Wednesday,November,0,323.23
Beverages,91.39,364,76,Sunday,February,1,95.96
Vegetables,402.56,182,41,Sunday,May,1,402.56
Fruits,34.9,363,111,Thursday,September,0,39.09
Vegetables,247.48,122,103,Saturday,January,1,277.18
Beverages,407.26,214,84,Tuesday,January,0,427.62
Household,370.81,332,32,Tuesday,July,0,333.73
Personal Care,33.48,297,58,Thursday,March,0,33.48
Vegetables,436.34,227,11,Saturday,March,1,392.71
Vegetables,279.36,474,97,Sunday,July,1,293.33
Snacks,70.15,375,73,Thursday,September,0,73.66
Fruits,454.82,192,39,Monday,August,0,454.82
Fruits,387.25,130,69,Sunday,September,1,406.61
Bakery,480.93,457,114,Thursday,September,0,538.64
Beverages,466.45,143,28,Tuesday,September,0,466.45
Bakery,76.15,237,63,Tuesday,February,0,79.96
Fruits,380.33,152,87,Sunday,March,1,425.97
Fruits,272.68,500,83,Sunday,May,1,286.31
Snacks,244.31,349,72,Thursday,March,0,256.53
Personal Care,77.9,179,65,Sunday,February,1,81.8
Personal Care,22.26,196,42,Sunday,January,1,22.26
Household,277.55,424,93,Friday,November,0,291.43
Household,115.05,219,114,Wednesday,August,0,128.86
Dairy,193.16,460,82,Wednesday,September,0,202.82
Vegetables,432.08,239,44,Tuesday,December,0,432.08
Personal Care,27.59,331,81,Saturday,April,1,28.97
Beverages,273.42,152,45,Thursday,September,0,273.42
Vegetables,340.27,121,19,Tuesday,September,0,306.24
Bakery,322.34,246,12,Sunday,January,1,290.11
Vegetables,101.53,480,107,Sunday,September,1,113.71
Bakery,287.06,29,28,Tuesday,May,0,287.06
Fruits,234.16,327,81,Friday,April,0,245.87
Snacks,198.16,399,70,Tuesday,June,0,208.07
Vegetables,279.95,145,44,Wednesday,October,0,279.95
Dairy,339.6,210,63,Saturday,September,1,356.58
Bakery,112.65,346,103,Tuesday,April,0,126.17
Bakery,434.95,373,13,Friday,July,0,391.45
Fruits,390.66,204,86,Wednesday,August,0,410.19
Household,336.55,380,110,Tuesday,April,0,376.94
Household,195.13,127,67,Friday,November,0,204.89
Beverages,453.57,85,24,Thursday,January,0,453.57
Frozen,466.73,453,81,Friday,August,0,490.07
Fruits,233.46,121,5,Friday,May,0,210.11
Beverages,293.72,259,41,Monday,August,0,293.72
Fruits,29.1,72,28,Thursday,September,0,29.1
Bakery,339.35,369,86,Wednesday,July,0,356.32
Snacks,199.73,126,19,Saturday,January,1,199.73
Bakery,444.32,177,105,Wednesday,July,0,497.64
Bakery,74.01,132,94,Friday,February,0,82.89
Beverages,323.53,275,84,Saturday,July,1,339.71
Fruits,102.75,340,76,Wednesday,December,0,107.89
Bakery,419.67,336,74,Sunday,May,1,440.65
Beverages,325.84,472,94,Saturday,June,1,342.13
Bakery,67.87,170,90,Friday,January,0,76.01
Beverages,13.08,333,28,Monday,June,0,11.77
Beverages,59.74,360,95,Saturday,September,1,62.73
Dairy,288.99,211,9,Tuesday,May,0,260.09
Beverages,40.26,58,71,Saturday,May,1,42.27
Snacks,169.03,369,77,Thursday,April,0,177.48
Dairy,388.34,267,7,Thursday,June,0,349.51
Fruits,81.44,452,25,Friday,January,0,73.3
Bakery,213.95,174,71,Wednesday,June,0,224.65
Frozen,105.19,350,33,Sunday,June,1,105.19
Personal Care,374.15,378,47,Tuesday,July,0,374.15
Dairy,205.88,217,65,Monday,June,0,216.17
Personal Care,316.63,426,77,Friday,June,0,332.46
Beverages,57.26,361,61,Tuesday,November,0,57.26
Frozen,73.76,77,75,Tuesday,April,0,77.45
Personal Care,376.04,212,62,Monday,September,0,394.84
Personal Care,143.36,39,85,Thursday,April,0,160.56
Beverages,231.76,125,4,Saturday,August,1,208.58
Frozen,365.76,323,85,Saturday,July,1,384.05
Fruits,425.64,130,81,Monday,January,0,446.92
Bakery,321.01,369,120,Saturday,May,1,359.53
Fruits,401.63,447,83,Thursday,July,0,421.71
Household,103.62,293,49,Monday,August,0,103.62
Bakery,81.42,463,120,Sunday,January,1,91.19
Vegetables,495.93,344,61,Thursday,June,0,495.93
Beverages,440.46,393,87,Wednesday,July,0,462.48
Beverages,100.37,153,98,Thursday,February,0,112.41
Vegetables,39.02,498,82,Sunday,September,1,40.97
Vegetables,413.88,413,81,Sunday,May,1,434.57
Snacks,233.58,31,116,Wednesday,December,0,261.61
Household,324.99,96,49,Monday,October,0,341.24
Frozen,374.75,449,4,Saturday,August,1,337.28
Household,36.94,355,100,Friday,August,0,38.79
Household,390.94,487,19,Tuesday,February,0,351.85
Fruits,258.15,212,53,Thursday,August,0,258.15
Personal Care,426.94,36,66,Friday,April,0,448.29
Dairy,356.4,35,52,Tuesday,December,0,374.22
Frozen,256.13,488,35,Tuesday,July,0,230.52
Snacks,464.34,224,11,Friday,October,0,417.91
Bakery,487.56,163,44,Friday,December,0,487.56
Frozen,188.28,84,60,Tuesday,September,0,197.69
Fruits,415.83,58,85,Saturday,September,1,465.73
Personal Care,340.3,371,39,Sunday,August,1,340.3
Frozen,100.6,403,87,Tuesday,September,0,105.63
Dairy,87.33,417,98,Thursday,January,0,91.7
Personal Care,209.52,286,55,Thursday,November,0,209.52
Fruits,52.96,381,53,Sunday,May,1,52.96
Bakery,264.29,135,118,Thursday,January,0,296.0
Personal Care,443.13,345,74,Friday,February,0,465.29
Beverages,297.15,466,29,Thursday,April,0,267.44
Beverages,82.09,16,115,Saturday,November,1,91.94
Beverages,307.31,308,104,Friday,January,0,344.19
Bakery,114.12,153,63,Tuesday,December,0,119.83
Dairy,470.0,223,63,Tuesday,September,0,493.5
Frozen,199.79,177,9,Friday,July,0,179.81
Household,112.8,419,50,Thursday,January,0,112.8
Snacks,437.61,445,93,Tuesday,August,0,459.49
Personal Care,314.2,305,11,Wednesday,April,0,282.78
Vegetables,126.05,489,57,Saturday,June,1,126.05
Dairy,177.96,113,2,Friday,November,0,160.16
Snacks,114.2,193,98,Sunday,January,1,127.9
Bakery,153.58,428,107,Thursday,February,0,161.26
Household,47.11,491,82,Friday,November,0,49.47
Vegetables,262.95,458,91,Tuesday,August,0,276.1
Dairy,128.01,380,107,Tuesday,May,0,143.37
Vegetables,309.92,122,49,Monday,May,0,309.92
Snacks,230.08,177,48,Thursday,November,0,230.08
Frozen,223.78,472,93,Tuesday,October,0,234.97
Personal Care,18.73,44,74,Tuesday,August,0,19.67
Household,493.86,403,109,Wednesday,December,0,553.12
Vegetables,458.71,251,57,Wednesday,October,0,458.71
Personal Care,452.84,232,78,Tuesday,March,0,475.48
Fruits,338.42,411,7,Monday,October,0,304.58
Beverages,134.91,193,60,Wednesday,October,0,141.66
Household,247.21,316,81,Thursday,April,0,259.57
Snacks,242.52,476,89,Monday,October,0,254.65
Snacks,166.39,445,60,Monday,September,0,166.39
Fruits,455.64,214,41,Monday,September,0,455.64
Bakery,239.2,105,103,Saturday,August,1,267.9
Frozen,43.46,168,21,Wednesday,March,0,39.11
Vegetables,484.35,220,75,Wednesday,June,0,508.57
Snacks,403.48,364,70,Wednesday,June,0,423.65
Household,155.77,326,82,Sunday,November,1,163.56
Fruits,75.43,140,82,Sunday,August,1,84.48
Household,382.27,406,80,Sunday,November,1,401.38
Vegetables,229.37,332,75,Saturday,December,1,240.84
Beverages,333.81,46,37,Friday,March,0,333.81
Beverages,107.45,248,79,Sunday,March,1,112.82
Household,341.86,375,113,Saturday,October,1,382.88
Frozen,271.52,498,86,Wednesday,January,0,285.1
Frozen,214.56,62,110,Monday,July,0,240.31
Household,175.01,479,52,Wednesday,February,0,175.01
Bakery,179.67,468,4,Tuesday,June,0,161.7
Household,191.28,53,103,Sunday,September,1,214.23
Dairy,340.14,351,87,Sunday,January,1,357.15
Frozen,205.94,16,46,Thursday,November,0,216.24
Fruits,245.23,409,24,Saturday,February,1,220.71
Snacks,482.18,10,6,Friday,May,0,433.96
Snacks,274.57,470,4,Saturday,July,1,247.11
Snacks,363.14,309,115,Tuesday,August,0,406.72
Vegetables,77.59,485,110,Tuesday,July,0,81.47
Bakery,16.58,348,80,Saturday,August,1,17.41
Vegetables,231.92,425,113,Monday,October,0,259.75
Bakery,407.33,102,86,Monday,December,0,456.21
Bakery,221.7,47,54,Friday,January,0,232.78
Dairy,142.2,247,24,Monday,June,0,127.98
Snacks,171.93,456,86,Monday,January,0,180.53
Snacks,171.86,231,113,Monday,August,0,192.48
Dairy,450.88,6,7,Saturday,December,1,450.88
Household,469.9,482,85,Wednesday,January,0,493.39
Bakery,377.32,231,68,Friday,January,0,396.19
Dairy,329.71,477,24,Friday,October,0,296.74
Personal Care,80.82,68,46,Wednesday,November,0,84.86
Personal Care,441.07,104,83,Tuesday,May,0,494.0
Beverages,346.28,108,23,Saturday,February,1,346.28
Beverages,341.8,102,102,Monday,March,0,382.82
Household,262.52,326,117,Tuesday,April,0,294.02
Dairy,116.84,323,10,Tuesday,March,0,105.16
Beverages,491.16,458,55,Saturday,October,1,491.16
Dairy,446.51,421,84,Saturday,December,1,468.84
Fruits,474.43,135,39,Thursday,November,0,474.43
Snacks,15.86,325,93,Friday,February,0,16.65
Bakery,420.95,430,95,Thursday,November,0,442.0
Vegetables,16.53,373,107,Friday,August,0,18.51
Frozen,414.21,247,68,Wednesday,June,0,434.92
Snacks,493.72,102,38,Saturday,November,1,493.72
Snacks,367.27,180,87,Sunday,August,1,411.34
Vegetables,155.61,234,6,Sunday,February,1,140.05
Bakery,258.65,486,88,Monday,April,0,271.58
Snacks,373.35,205,112,Monday,April,0,418.15
Frozen,114.16,362,42,Monday,July,0,114.16
Dairy,163.3,113,32,Saturday,June,1,163.3
Bakery,450.19,403,102,Monday,July,0,472.7
Snacks,401.79,373,85,Sunday,August,1,421.88
Vegetables,379.77,430,37,Sunday,June,1,341.79
Fruits,316.34,121,53,Sunday,March,1,332.16
Household,444.99,124,2,Tuesday,May,0,400.49
Beverages,405.41,402,111,Monday,March,0,454.06
Fruits,419.45,96,119,Tuesday,July,0,469.78
Beverages,472.07,231,18,Saturday,September,1,424.86
Fruits,22.77,95,78,Wednesday,December,0,23.91
Dairy,17.97,367,63,Wednesday,February,0,17.97
Bakery,11.81,96,73,Tuesday,October,0,12.4
Personal Care,492.08,295,100,Sunday,October,1,551.13
Frozen,182.47,240,110,Sunday,September,1,204.37
Household,319.5,141,115,Saturday,June,1,357.84
Vegetables,333.07,389,107,Thursday,February,0,373.04
Snacks,439.38,20,29,Tuesday,October,0,439.38
Beverages,394.52,150,39,Tuesday,December,0,394.52
Beverages,62.59,279,38,Saturday,April,1,62.59
Snacks,72.62,395,32,Sunday,April,1,65.36
Dairy,443.17,332,7,Wednesday,December,0,398.85
Beverages,314.44,193,1,Tuesday,January,0,283.0
Beverages,302.15,350,1,Friday,June,0,271.94
Vegetables,250.28,94,4,Tuesday,January,0,225.25
Fruits,184.22,26,3,Sunday,December,1,165.8
Beverages,169.54,202,77,Tuesday,February,0,178.02
Vegetables,493.88,4,56,Saturday,March,1,518.57
Snacks,409.85,404,15,Wednesday,April,0,368.87
Vegetables,245.13,155,30,Thursday,April,0,245.13
Dairy,181.78,500,46,Friday,July,0,163.6
Beverages,472.46,212,31,Monday,January,0,472.46
Fruits,197.16,118,120,Sunday,November,1,220.82
Beverages,169.4,235,85,Tuesday,October,0,177.87
Fruits,452.94,249,99,Wednesday,September,0,507.29
Vegetables,53.45,486,75,Monday,May,0,53.45
Beverages,437.77,119,64,Wednesday,July,0,459.66
Personal Care,40.68,159,32,Monday,May,0,40.68
Dairy,59.81,302,68,Friday,August,0,62.8
Vegetables,161.27,496,79,Wednesday,April,0,169.33
Snacks,363.1,237,14,Friday,October,0,326.79
Personal Care,444.97,386,24,Friday,May,0,400.47
Dairy,398.13,358,81,Friday,September,0,418.04
Household,211.68,114,65,Monday,March,0,222.26
Vegetables,391.18,77,9,Tuesday,January,0,352.06
Dairy,414.02,329,12,Thursday,May,0,372.62
Vegetables,445.84,359,47,Saturday,February,1,445.84
Household,182.46,439,52,Wednesday,September,0,182.46
Fruits,415.44,97,112,Sunday,March,1,465.29
Bakery,263.69,8,31,Friday,June,0,263.69
Dairy,365.87,281,101,Sunday,September,1,409.77
Vegetables,263.22,85,102,Tuesday,November,0,294.81
Household,312.67,5,18,Saturday,February,1,312.67
Frozen,291.87,356,6,Thursday,September,0,262.68
Bakery,121.47,322,50,Tuesday,November,0,121.47
Frozen,431.67,74,35,Saturday,May,1,431.67
Frozen,387.6,490,55,Wednesday,June,0,387.6
Frozen,69.61,341,63,Saturday,August,1,73.09
Beverages,411.95,458,30,Wednesday,November,0,370.75
Household,426.89,500,62,Tuesday,August,0,426.89
Personal Care,476.04,282,38,Thursday,October,0,476.04
Beverages,238.92,456,46,Friday,October,0,238.92
Personal Care,462.87,471,36,Thursday,February,0,416.58
Fruits,119.62,116,52,Monday,July,0,125.6
Vegetables,150.61,149,64,Saturday,November,1,158.14
Dairy,216.9,357,63,Wednesday,January,0,216.9
Bakery,344.97,198,4,Tuesday,November,0,310.47
Vegetables,233.05,327,7,Monday,December,0,209.75
Fruits,380.84,56,4,Thursday,May,0,342.76
Vegetables,35.97,392,19,Sunday,April,1,32.37
Beverages,473.97,345,97,Friday,July,0,497.67
Vegetables,469.13,32,100,Friday,September,0,525.43
Bakery,149.47,154,70,Saturday,October,1,156.94
Personal Care,199.83,481,107,Wednesday,May,0,209.82
Bakery,352.82,93,36,Saturday,March,1,352.82
Beverages,303.29,489,8,Thursday,October,0,272.96
Bakery,132.33,285,24,Sunday,December,1,119.1
Bakery,242.26,82,95,Sunday,October,1,271.33
Household,413.36,353,10,Friday,July,0,372.02
Frozen,227.26,436,19,Tuesday,November,0,204.53
Frozen,246.67,221,93,Thursday,July,0,276.27
Household,296.54,351,114,Friday,July,0,332.12
Snacks,230.45,242,106,Saturday,November,1,258.1
Vegetables,181.31,302,93,Thursday,February,0,190.38
Bakery,387.32,318,116,Thursday,December,0,433.8
Beverages,148.3,266,115,Monday,September,0,166.1
Fruits,18.86,222,26,Tuesday,August,0,16.97
Vegetables,420.87,134,57,Tuesday,December,0,441.91
Frozen,386.1,227,93,Tuesday,March,0,432.43
Frozen,375.88,57,30,Thursday,February,0,375.88
Household,478.38,375,79,Tuesday,July,0,502.3
Personal Care,33.22,355,51,Tuesday,January,0,33.22
Beverages,474.27,276,20,Sunday,December,1,426.84
Dairy,245.99,323,76,Wednesday,December,0,258.29
Frozen,98.99,433,36,Monday,November,0,89.09
Snacks,461.51,74,36,Wednesday,October,0,461.51
Bakery,365.51,123,87,Sunday,February,1,409.37
Personal Care,333.58,43,35,Tuesday,February,0,333.58
Household,265.1,176,109,Sunday,May,1,296.91
Household,370.6,351,103,Monday,May,0,415.07
Snacks,159.91,278,120,Tuesday,June,0,179.1
Dairy,37.74,474,94,Thursday,November,0,39.63
Beverages,489.16,179,9,Monday,April,0,440.24
Personal Care,349.67,39,47,Friday,May,0,367.15
Beverages,361.84,279,25,Wednesday,October,0,325.66
Personal Care,84.65,127,46,Sunday,March,1,88.88
Fruits,39.75,6,58,Thursday,November,0,41.74
Bakery,144.77,427,62,Thursday,May,0,144.77
Beverages,123.52,314,14,Thursday,November,0,111.17
Dairy,124.93,446,17,Wednesday,March,0,112.44
Beverages,121.08,36,59,Saturday,August,1,127.13
Beverages,383.83,383,11,Saturday,February,1,345.45
Fruits,39.09,187,21,Wednesday,June,0,35.18
Frozen,16.53,13,13,Tuesday,August,0,16.53
Bakery,245.88,431,5,Friday,November,0,221.29
Vegetables,151.31,9,21,Thursday,January,0,151.31
Personal Care,106.18,47,45,Tuesday,February,0,111.49
Bakery,381.12,312,105,Sunday,October,1,426.85
Fruits,70.12,268,105,Thursday,December,0,78.53
Beverages,179.06,335,52,Saturday,February,1,179.06
Household,209.7,217,72,Friday,July,0,220.19
Personal Care,493.98,198,82,Saturday,June,1,518.68
Dairy,149.35,166,49,Friday,July,0,149.35
Dairy,385.18,213,120,Tuesday,September,0,431.4
Household,121.62,419,97,Saturday,November,1,127.7
Fruits,411.85,310,22,Friday,November,0,370.67
Bakery,269.01,491,61,Monday,February,0,269.01
Snacks,458.42,211,30,Wednesday,May,0,458.42
Snacks,486.15,120,32,Monday,February,0,486.15
Beverages,346.53,251,96,Monday,July,0,388.11
Personal Care,166.81,246,114,Friday,April,0,186.83
Dairy,146.77,297,61,Friday,December,0,146.77
Bakery,18.87,21,94,Tuesday,April,0,21.13
Fruits,298.06,60,52,Monday,September,0,312.96
Household,360.88,83,79,Thursday,July,0,378.92
Fruits,35.65,220,33,Wednesday,January,0,35.65
Snacks,382.23,360,97,Wednesday,August,0,401.34
Fruits,218.58,367,84,Monday,May,0,229.51
Dairy,197.77,380,20,Thursday,January,0,177.99
Dairy,178.68,80,72,Thursday,April,0,187.61
Household,494.49,144,5,Sunday,September,1,445.04
Vegetables,432.04,173,14,Thursday,May,0,388.84
Personal Care,155.48,493,10,Tuesday,September,0,139.93
Vegetables,421.03,162,70,Saturday,March,1,442.08
Snacks,390.13,180,44,Tuesday,July,0,390.13
Snacks,235.31,126,69,Sunday,January,1,247.08
Frozen,384.47,254,62,Friday,October,0,403.69
Vegetables,286.3,145,109,Sunday,April,1,320.66
Vegetables,349.86,468,7,Monday,July,0,314.87
Snacks,62.74,162,77,Saturday,December,1,65.88
Household,23.69,401,52,Monday,May,0,23.69
Dairy,338.86,264,55,Friday,August,0,338.86
Bakery,432.22,223,77,Monday,August,0,453.83
Snacks,497.21,116,72,Tuesday,February,0,522.07
Dairy,304.09,28,6,Friday,February,0,273.68
Bakery,146.63,370,68,Friday,March,0,153.96
Bakery,346.27,285,45,Monday,October,0,346.27
Vegetables,421.61,144,60,Friday,April,0,442.69
Vegetables,420.17,113,86,Thursday,May,0,470.59
Frozen,304.97,322,54,Saturday,February,1,304.97
Dairy,310.47,19,29,Tuesday,September,0,310.47
Beverages,460.66,391,19,Saturday,April,1,414.59
Vegetables,319.15,85,24,Tuesday,June,0,319.15
Snacks,234.59,167,87,Thursday,March,0,246.32
Fruits,349.08,171,79,Tuesday,November,0,366.53
Household,23.79,34,70,Sunday,November,1,24.98
Vegetables,227.7,24,53,Friday,July,0,239.09
Household,434.09,424,102,Thursday,August,0,455.79
Frozen,248.58,373,99,Thursday,September,0,261.01
Vegetables,241.06,98,110,Monday,September,0,269.99
Personal Care,410.43,258,27,Friday,August,0,369.39
Beverages,10.74,21,51,Saturday,July,1,11.28
Snacks,73.73,172,55,Friday,October,0,77.42
Vegetables,497.86,182,57,Wednesday,September,0,522.75
Snacks,206.35,438,105,Saturday,January,1,231.11
Frozen,377.15,291,90,Sunday,December,1,396.01
Fruits,459.8,5,1,Tuesday,September,0,413.82
Bakery,407.79,452,39,Saturday,January,1,407.79
Personal Care,110.46,286,70,Monday,February,0,115.98
Household,426.73,36,46,Monday,January,0,448.07
Household,349.87,108,48,Saturday,April,1,367.36
Personal Care,346.88,165,84,Friday,May,0,364.22
Beverages,171.91,204,9,Wednesday,February,0,154.72
Fruits,473.78,155,28,Sunday,August,1,473.78
Frozen,23.81,397,67,Saturday,April,1,25.0
Beverages,391.72,245,87,Friday,September,0,411.31
Bakery,483.1,197,77,Wednesday,December,0,507.26
Snacks,325.9,188,20,Wednesday,November,0,293.31
Frozen,382.63,304,25,Sunday,November,1,344.37
Frozen,35.36,390,92,Tuesday,June,0,37.13
Dairy,136.49,411,88,Saturday,December,1,143.31
Dairy,43.79,477,31,Friday,June,0,39.41
Vegetables,291.51,41,91,Saturday,September,1,326.49
Personal Care,125.56,96,36,Sunday,May,1,125.56
Household,253.19,160,106,Tuesday,May,0,283.57
Beverages,164.32,182,81,Monday,March,0,172.54
Beverages,282.91,389,75,Wednesday,March,0,297.06
Snacks,438.6,372,115,Sunday,November,1,491.23
Vegetables,88.62,499,7,Thursday,March,0,79.76
Vegetables,197.09,406,45,Tuesday,February,0,197.09
Dairy,29.44,235,29,Wednesday,October,0,29.44
Dairy,47.43,94,94,Sunday,November,1,53.12
Household,425.88,237,3,Saturday,May,1,383.29
Personal Care,401.2,44,102,Wednesday,September,0,449.34
Beverages,82.79,387,27,Sunday,January,1,74.51
Beverages,441.47,315,42,Friday,September,0,441.47
Vegetables,188.58,469,106,Wednesday,August,0,198.01
Snacks,301.06,113,78,Thursday,May,0,316.11
Beverages,323.48,205,1,Friday,June,0,291.13
Household,31.78,340,51,Tuesday,June,0,31.78
Bakery,140.27,347,98,Sunday,April,1,157.1
Household,116.69,293,105,Wednesday,October,0,130.69
Household,209.55,431,16,Thursday,March,0,188.6
Dairy,240.91,127,56,Saturday,August,1,252.96
Vegetables,412.52,258,77,Sunday,April,1,433.15
Fruits,104.95,113,116,Sunday,January,1,117.54
Bakery,179.09,334,24,Thursday,August,0,161.18
Snacks,239.38,368,70,Sunday,February,1,251.35
Bakery,270.45,141,70,Thursday,September,0,283.97
Dairy,185.11,295,13,Friday,May,0,166.6
Personal Care,34.59,12,8,Sunday,March,1,34.59
Household,404.32,476,67,Thursday,September,0,404.32
Beverages,168.78,238,26,Monday,April,0,151.9
Dairy,97.82,443,104,Monday,April,0,102.71
Fruits,382.24,126,120,Saturday,June,1,428.11
Personal Care,30.66,401,47,Saturday,April,1,30.66
Snacks,346.29,130,100,Sunday,January,1,387.84
Bakery,214.59,498,102,Sunday,November,1,225.32
Fruits,276.12,185,86,Monday,December,0,289.93
Frozen,468.05,320,115,Saturday,April,1,524.22
Snacks,254.75,318,69,Thursday,June,0,267.49
Vegetables,461.23,37,3,Tuesday,December,0,415.11
Bakery,408.54,148,52,Wednesday,May,0,428.97
Vegetables,447.68,289,104,Sunday,November,1,501.4
Snacks,94.97,415,22,Sunday,January,1,85.47
Frozen,467.75,35,46,Tuesday,November,0,491.14
Household,431.32,41,77,Sunday,February,1,483.08
Fruits,246.35,474,66,Saturday,August,1,246.35
Household,20.23,494,39,Thursday,November,0,18.21
Dairy,15.6,205,24,Tuesday,June,0,14.04
Dairy,47.23,232,105,Thursday,June,0,52.9
Bakery,237.78,145,103,Friday,November,0,266.31
Dairy,489.19,476,23,Tuesday,October,0,440.27
Snacks,210.3,9,90,Wednesday,November,0,235.54
Personal Care,247.55,238,93,Sunday,November,1,277.26
Dairy,215.53,27,94,Wednesday,August,0,241.39
Frozen,448.98,66,61,Tuesday,October,0,471.43
Vegetables,130.71,37,94,Monday,March,0,146.4
Household,300.38,442,21,Tuesday,February,0,270.34
Vegetables,356.1,275,58,Sunday,January,1,373.91
Bakery,221.6,80,88,Wednesday,November,0,248.19
Personal Care,141.63,37,51,Friday,July,0,148.71
Bakery,115.43,8,32,Wednesday,January,0,115.43
Vegetables,337.89,311,61,Friday,June,0,337.89
Snacks,69.7,366,6,Sunday,March,1,62.73
Fruits,321.7,124,73,Tuesday,October,0,337.79
Bakery,429.95,52,88,Saturday,July,1,481.54
Household,145.93,303,36,Friday,January,0,145.93
Frozen,75.95,296,86,Wednesday,March,0,79.75
Fruits,310.55,257,82,Sunday,July,1,326.08
Dairy,230.12,182,8,Sunday,October,1,207.11
Snacks,103.15,341,92,Tuesday,January,0,108.31
Beverages,34.6,214,99,Friday,March,0,38.75
Beverages,16.54,110,101,Sunday,September,1,18.52
Personal Care,175.03,83,72,Monday,April,0,183.78
Personal Care,290.74,264,41,Sunday,August,1,290.74
Household,434.25,431,109,Tuesday,March,0,486.36
Frozen,194.51,500,5,Tuesday,September,0,175.06
Beverages,65.35,269,53,Tuesday,January,0,65.35
Household,399.23,23,87,Tuesday,June,0,447.14
Household,42.25,25,113,Friday,November,0,47.32
Frozen,412.24,312,39,Tuesday,November,0,412.24
Frozen,152.47,314,64,Sunday,August,1,160.09
Dairy,242.72,112,38,Wednesday,July,0,242.72
Beverages,45.4,184,43,Tuesday,August,0,45.4
Personal Care,85.07,437,15,Thursday,October,0,76.56
Bakery,296.24,183,98,Thursday,June,0,331.79
Personal Care,66.17,291,94,Monday,May,0,69.48
Household,139.46,295,7,Thursday,June,0,125.51
Personal Care,362.23,255,68,Saturday,March,1,380.34
Beverages,157.36,336,79,Friday,September,0,165.23
Frozen,401.64,207,10,Sunday,November,1,361.48
Bakery,434.46,445,110,Thursday,January,0,486.6
Dairy,224.77,314,99,Sunday,September,1,251.74
Dairy,16.56,47,71,Monday,March,0,17.39
Dairy,457.61,59,48,Wednesday,July,0,480.49
Fruits,236.32,410,41,Tuesday,February,0,236.32
Frozen,105.74,318,103,Tuesday,November,0,118.43
Personal Care,369.77,155,100,Wednesday,January,0,414.14
Fruits,222.89,166,40,Thursday,September,0,222.89
Vegetables,292.93,409,41,Sunday,June,1,292.93
Snacks,315.14,300,60,Thursday,June,0,315.14
Bakery,432.6,69,41,Saturday,September,1,454.23
Dairy,253.63,152,19,Tuesday,February,0,228.27
Beverages,10.62,99,100,Thursday,December,0,11.89
Snacks,401.06,7,2,Monday,May,0,360.95
Household,101.45,124,23,Tuesday,March,0,101.45
Bakery,381.7,69,82,Monday,May,0,427.5
Bakery,248.87,109,92,Friday,June,0,278.73
Snacks,260.41,99,2,Thursday,February,0,234.37
Vegetables,158.86,221,2,Friday,January,0,142.97
Snacks,360.69,57,84,Wednesday,October,0,403.97
Dairy,330.54,112,119,Tuesday,February,0,370.2
Snacks,288.9,454,49,Saturday,January,1,288.9
Household,351.84,76,94,Sunday,January,1,394.06
Fruits,108.73,37,47,Sunday,November,1,114.17
Frozen,249.92,496,53,Saturday,March,1,249.92
Snacks,256.39,219,46,Friday,March,0,256.39
Frozen,124.8,14,101,Monday,December,0,139.78
Frozen,432.65,258,8,Tuesday,January,0,389.38
Snacks,266.62,416,75,Sunday,May,1,279.95
Beverages,204.95,346,119,Wednesday,January,0,229.54
Household,154.48,253,46,Wednesday,February,0,154.48
Household,420.99,340,52,Friday,September,0,420.99
Snacks,499.17,81,24,Friday,October,0,499.17
Bakery,354.06,281,115,Monday,March,0,396.55
Vegetables,439.21,4,78,Monday,October,0,491.92
Bakery,239.5,358,4,Monday,October,0,215.55
Vegetables,101.59,250,60,Saturday,February,1,106.67
Fruits,299.45,208,64,Friday,June,0,314.42
Vegetables,224.44,204,56,Monday,March,0,235.66
Bakery,358.51,251,92,Saturday,December,1,401.53
Personal Care,496.84,133,40,Monday,June,0,496.84
Frozen,186.38,147,28,Sunday,August,1,186.38
Household,497.33,447,77,Friday,March,0,522.2
Personal Care,470.48,39,28,Tuesday,September,0,470.48
Bakery,257.81,8,101,Monday,March,0,288.75
Household,182.36,140,86,Wednesday,June,0,204.24
Fruits,464.92,167,22,Thursday,May,0,418.43
Dairy,403.11,56,90,Saturday,May,1,451.48
Bakery,106.84,22,34,Thursday,December,0,106.84
Household,80.12,160,8,Saturday,May,1,72.11
Household,221.58,165,36,Sunday,April,1,221.58
Bakery,320.46,295,8,Tuesday,September,0,288.41
Beverages,216.93,51,20,Sunday,October,1,216.93
Personal Care,230.94,294,75,Tuesday,July,0,242.49
Snacks,105.59,17,116,Saturday,January,1,118.26
Household,69.41,112,106,Saturday,October,1,77.74
Bakery,342.79,95,108,Tuesday,March,0,383.92
Fruits,362.72,222,13,Wednesday,September,0,326.45
Personal Care,391.61,178,90,Monday,February,0,438.6
Vegetables,378.09,243,89,Wednesday,March,0,396.99
Beverages,126.9,287,43,Friday,April,0,126.9
Bakery,473.34,388,28,Tuesday,October,0,426.01
Fruits,181.82,14,26,Wednesday,January,0,181.82
Fruits,428.55,374,111,Friday,February,0,479.98
Personal Care,415.08,190,40,Tuesday,July,0,415.08
Beverages,322.85,226,84,Wednesday,September,0,338.99
Bakery,285.01,98,15,Thursday,December,0,256.51
Vegetables,438.5,161,18,Friday,August,0,394.65
Frozen,152.42,418,119,Friday,May,0,170.71
Frozen,279.47,64,76,Tuesday,July,0,293.44
Bakery,248.85,476,86,Sunday,June,1,261.29
Vegetables,408.61,205,107,Friday,March,0,457.64
Fruits,353.9,146,21,Saturday,October,1,353.9
Dairy,416.37,28,29,Friday,February,0,416.37
Frozen,69.53,71,66,Monday,February,0,73.01
Bakery,473.35,251,5,Wednesday,January,0,426.02
Personal Care,358.56,255,70,Saturday,November,1,376.49
Fruits,122.78,154,66,Monday,June,0,128.92
Beverages,67.83,352,60,Saturday,January,1,67.83
Beverages,32.78,470,31,Friday,August,0,29.5
Dairy,317.94,214,87,Tuesday,February,0,333.84
Frozen,73.55,162,66,Monday,January,0,77.23
Fruits,244.56,298,51,Saturday,August,1,244.56
Frozen,250.18,383,33,Monday,November,0,225.16
Frozen,198.52,425,7,Thursday,May,0,178.67
Vegetables,175.76,282,88,Sunday,December,1,184.55
Vegetables,275.08,147,101,Saturday,May,1,308.09
Personal Care,336.22,147,44,Monday,May,0,336.22
Vegetables,260.46,150,110,Wednesday,April,0,291.72
Vegetables,217.2,383,38,Wednesday,February,0,195.48
Beverages,214.27,453,23,Thursday,July,0,192.84
Frozen,474.48,228,31,Monday,June,0,474.48
Household,94.26,430,35,Monday,December,0,84.83
Fruits,416.59,109,117,Tuesday,February,0,466.58
Bakery,84.14,488,69,Monday,September,0,84.14
Frozen,263.53,13,109,Thursday,April,0,295.15
Personal Care,169.65,492,68,Saturday,June,1,169.65
Frozen,375.86,303,63,Thursday,February,0,394.65
Dairy,151.58,335,49,Friday,December,0,151.58
Vegetables,99.96,470,90,Tuesday,May,0,104.96
Beverages,410.23,94,27,Wednesday,October,0,410.23
Beverages,269.95,267,82,Thursday,January,0,283.45
Dairy,172.63,179,11,Sunday,April,1,155.37
Frozen,99.18,472,110,Tuesday,June,0,104.14
Vegetables,472.85,207,16,Friday,March,0,425.57
Bakery,41.93,132,2,Saturday,September,1,37.74
Personal Care,483.0,373,65,Thursday,May,0,483.0
Beverages,212.31,178,81,Sunday,May,1,222.93
Fruits,67.23,88,9,Sunday,December,1,60.51
Frozen,470.11,242,48,Thursday,November,0,470.11
Snacks,128.14,364,24,Monday,January,0,115.33
Frozen,56.63,444,83,Saturday,October,1,59.46
Snacks,223.02,313,45,Tuesday,October,0,223.02
Fruits,391.21,415,100,Friday,January,0,410.77
Beverages,433.79,100,30,Saturday,June,1,433.79
Beverages,127.54,443,67,Saturday,May,1,127.54
Household,302.76,121,103,Friday,April,0,339.09
Vegetables,160.93,32,58,Wednesday,October,0,168.98
Bakery,202.62,497,79,Friday,February,0,212.75
Household,170.18,224,14,Tuesday,October,0,153.16
Frozen,378.82,27,102,Saturday,May,1,424.28
Fruits,326.57,467,98,Monday,November,0,342.9
Dairy,152.24,138,102,Tuesday,June,0,170.51
Vegetables,137.29,192,67,Friday,October,0,144.15
Snacks,108.09,406,103,Wednesday,August,0,113.49
Bakery,229.42,222,71,Sunday,December,1,240.89
Household,104.21,422,113,Sunday,May,1,116.72
Personal Care,20.77,377,111,Wednesday,December,0,23.26
Fruits,237.66,76,61,Friday,August,0,249.54
Beverages,260.45,318,112,Tuesday,August,0,291.7
Fruits,375.1,38,39,Monday,January,0,375.1
Personal Care,399.05,473,33,Monday,September,0,359.15
Fruits,304.74,52,61,Tuesday,July,0,319.98
Bakery,259.39,499,68,Wednesday,August,0,259.39
Household,82.94,454,47,Tuesday,February,0,82.94
Frozen,153.29,85,84,Monday,December,0,171.68
Bakery,64.33,265,7,Friday,March,0,57.9
Household,133.48,288,84,Wednesday,March,0,140.15
Bakery,368.64,469,11,Saturday,March,1,331.78
Bakery,481.53,356,47,Friday,May,0,481.53
Frozen,130.58,127,72,Monday,December,0,137.11
Fruits,484.46,344,69,Wednesday,March,0,508.68
Fruits,488.53,465,76,Monday,February,0,512.96
Fruits,238.92,455,49,Friday,November,0,238.92
Dairy,348.32,169,120,Tuesday,April,0,390.12
Fruits,40.11,64,77,Saturday,April,1,44.92
Frozen,121.38,393,95,Friday,September,0,127.45
Frozen,369.95,471,9,Wednesday,November,0,332.95
Snacks,209.91,221,24,Friday,July,0,188.92
Dairy,178.97,368,44,Tuesday,February,0,178.97
Dairy,393.35,86,51,Thursday,February,0,413.02
Beverages,482.47,275,101,Sunday,May,1,540.37
Dairy,154.61,254,54,Sunday,January,1,154.61
Vegetables,486.35,127,104,Saturday,January,1,544.71
Fruits,130.99,463,36,Thursday,January,0,117.89
Dairy,374.45,298,59,Saturday,May,1,393.17
Dairy,320.85,471,61,Sunday,July,1,320.85
Vegetables,181.74,196,35,Wednesday,October,0,181.74
Beverages,163.41,174,74,Tuesday,April,0,171.58
Personal Care,270.88,258,49,Friday,June,0,270.88
Personal Care,209.2,31,1,Tuesday,March,0,188.28
Dairy,336.02,227,55,Wednesday,July,0,336.02
Household,108.67,363,94,Thursday,November,0,114.1
Household,347.07,316,44,Friday,July,0,347.07
Beverages,346.36,323,61,Wednesday,March,0,346.36
Snacks,123.55,483,85,Monday,March,0,129.73
Vegetables,348.7,148,106,Tuesday,November,0,390.54
Fruits,21.48,237,44,Tuesday,July,0,21.48
Frozen,261.21,245,46,Tuesday,October,0,261.21
Bakery,197.56,312,14,Tuesday,October,0,177.8
Personal Care,196.1,401,78,Tuesday,April,0,205.91
Beverages,247.32,204,120,Sunday,February,1,277.0
Frozen,480.03,319,65,Wednesday,September,0,504.03
Bakery,395.59,235,20,Sunday,March,1,356.03
Household,67.55,410,42,Thursday,May,0,67.55
Vegetables,67.94,179,101,Tuesday,March,0,76.09
Personal Care,222.15,27,82,Thursday,April,0,248.81
Vegetables,62.81,269,1,Friday,June,0,56.53
Household,143.16,18,100,Thursday,January,0,160.34
Snacks,309.01,321,111,Thursday,January,0,346.09
Dairy,355.65,281,74,Saturday,May,1,373.43
Snacks,175.95,497,1,Thursday,February,0,158.35
Fruits,232.04,482,27,Friday,March,0,208.84
Dairy,233.43,38,15,Tuesday,May,0,233.43
Vegetables,389.72,174,58,Friday,July,0,409.21
Vegetables,65.09,125,24,Monday,March,0,65.09
Beverages,136.95,51,63,Tuesday,November,0,143.8
Beverages,283.99,164,79,Saturday,November,1,298.19
Household,381.38,158,27,Monday,March,0,381.38
Personal Care,320.78,251,33,Monday,December,0,320.78
Dairy,432.3,148,1,Wednesday,April,0,389.07
Fruits,278.89,445,37,Monday,February,0,251.0
Household,269.09,368,119,Sunday,April,1,301.38
Frozen,448.45,450,53,Saturday,April,1,448.45
Personal Care,29.6,414,116,Monday,April,0,33.15
Dairy,32.61,237,24,Tuesday,October,0,29.35
Household,110.97,232,73,Monday,September,0,116.52
Beverages,121.11,420,16,Thursday,August,0,109.0
Bakery,215.11,71,77,Friday,July,0,225.87
Vegetables,42.09,240,100,Wednesday,May,0,47.14
Vegetables,485.9,148,38,Sunday,March,1,485.9
Snacks,117.59,417,116,Tuesday,November,0,131.7
Bakery,164.43,26,19,Tuesday,November,0,164.43
Beverages,157.46,415,119,Sunday,August,1,176.36
Personal Care,460.66,487,118,Friday,August,0,515.94
Beverages,476.92,44,71,Wednesday,June,0,500.77
Bakery,122.67,28,27,Saturday,June,1,122.67
Fruits,444.98,307,59,Sunday,September,1,467.23
Dairy,283.83,260,82,Wednesday,February,0,298.02
Fruits,260.89,215,115,Thursday,October,0,292.2
Snacks,311.77,458,28,Thursday,October,0,280.59
Snacks,289.82,378,96,Friday,October,0,304.31
Household,406.95,95,4,Tuesday,January,0,366.25
Snacks,448.26,84,16,Monday,May,0,403.43
Vegetables,481.22,50,16,Sunday,May,1,481.22
Frozen,269.16,46,32,Friday,October,0,269.16
Snacks,129.48,109,68,Thursday,April,0,135.95
Personal Care,291.66,111,102,Wednesday,December,0,326.66
Beverages,374.71,311,26,Thursday,December,0,337.24
Bakery,31.76,143,13,Thursday,July,0,28.58
Beverages,404.81,285,118,Wednesday,December,0,453.39
Bakery,438.34,128,84,Monday,February,0,460.26
Frozen,144.45,22,95,Wednesday,January,0,161.78
Snacks,492.81,358,60,Sunday,November,1,492.81
Frozen,73.4,57,68,Friday,January,0,77.07
Frozen,310.42,142,32,Sunday,September,1,310.42
Bakery,62.83,332,66,Tuesday,February,0,65.97
Bakery,93.11,193,19,Sunday,May,1,83.8
Personal Care,41.22,162,97,Monday,February,0,46.17
Frozen,392.21,375,38,Saturday,February,1,392.21
Household,412.68,10,78,Friday,June,0,462.2
Fruits,373.56,466,43,Thursday,September,0,336.2
Bakery,46.25,118,33,Tuesday,February,0,46.25
Household,119.23,95,77,Tuesday,February,0,125.19
Personal Care,296.58,310,18,Saturday,September,1,266.92
Beverages,391.69,107,47,Saturday,October,1,411.27
Frozen,128.68,457,92,Thursday,March,0,135.11
Frozen,91.5,139,108,Thursday,February,0,102.48
Snacks,290.16,216,41,Tuesday,August,0,290.16
Fruits,430.02,477,26,Monday,September,0,387.02
Fruits,353.74,346,33,Monday,April,0,318.37
Frozen,150.54,385,116,Monday,January,0,168.6
Beverages,335.64,182,106,Saturday,May,1,375.92
Dairy,221.43,138,116,Sunday,December,1,248.0
Frozen,337.95,233,55,Wednesday,February,0,337.95
Fruits,81.53,381,64,Saturday,June,1,85.61
Snacks,86.95,58,17,Tuesday,November,0,86.95
Frozen,169.0,171,56,Wednesday,May,0,177.45
Bakery,137.61,101,1,Monday,February,0,123.85
Household,312.29,112,119,Friday,March,0,349.76
Personal Care,475.08,122,7,Friday,March,0,427.57
Beverages,480.76,260,29,Sunday,May,1,480.76
Snacks,199.23,494,39,Wednesday,July,0,179.31
Frozen,108.19,304,102,Sunday,November,1,121.17
Dairy,195.64,293,41,Friday,January,0,195.64
Personal Care,388.93,139,3,Thursday,July,0,350.04
Personal Care,162.54,436,48,Monday,June,0,162.54
Fruits,56.07,340,74,Tuesday,December,0,58.87
Snacks,491.42,7,18,Friday,September,0,491.42
Snacks,470.58,143,74,Saturday,March,1,494.11
Vegetables,140.75,152,43,Wednesday,January,0,140.75
Fruits,161.95,331,105,Tuesday,October,0,181.38
Vegetables,79.39,279,3,Tuesday,December,0,71.45
Fruits,484.32,351,36,Wednesday,January,0,435.89
Dairy,14.97,2,114,Wednesday,July,0,16.77
Vegetables,495.96,296,120,Thursday,August,0,555.48
Dairy,119.86,491,93,Thursday,May,0,125.85
Frozen,158.89,69,86,Tuesday,February,0,177.96
Frozen,295.35,426,88,Friday,October,0,310.12
Beverages,350.59,222,73,Thursday,October,0,368.12
Fruits,480.45,298,30,Sunday,May,1,480.45
Vegetables,435.9,164,80,Thursday,April,0,457.69
Household,242.11,66,104,Saturday,April,1,271.16
Bakery,164.77,397,87,Thursday,January,0,173.01
Household,347.23,235,76,Wednesday,September,0,364.59
Bakery,163.37,164,68,Monday,January,0,171.54
Dairy,47.89,189,40,Wednesday,August,0,47.89
Household,41.11,134,48,Thursday,April,0,41.11
Fruits,342.48,357,70,Wednesday,September,0,359.6
Dairy,354.95,76,103,Monday,November,0,397.54
Snacks,92.36,500,67,Thursday,November,0,92.36
Dairy,226.49,268,100,Friday,July,0,253.67
Bakery,244.53,371,112,Sunday,April,1,273.87
Beverages,334.87,421,18,Wednesday,November,0,301.38
Dairy,303.11,54,101,Wednesday,December,0,339.48
Household,231.66,82,23,Tuesday,March,0,231.66
Snacks,354.31,206,114,Monday,February,0,396.83
Fruits,451.89,147,19,Thursday,October,0,406.7
Vegetables,265.1,490,27,Tuesday,January,0,238.59
Bakery,76.66,77,27,Wednesday,September,0,76.66
Snacks,330.51,332,97,Sunday,January,1,370.17
Frozen,48.53,265,35,Sunday,June,1,48.53
Frozen,350.72,248,19,Thursday,September,0,315.65
Household,244.99,12,18,Saturday,December,1,244.99
Snacks,333.98,304,106,Wednesday,September,0,374.06
Personal Care,245.23,227,11,Wednesday,July,0,220.71
Fruits,124.52,331,76,Saturday,December,1,130.75
Dairy,315.16,63,32,Saturday,August,1,315.16
Dairy,65.15,109,106,Tuesday,August,0,72.97
Personal Care,15.45,477,103,Tuesday,February,0,16.22
Frozen,299.25,328,111,Saturday,August,1,335.16
Personal Care,128.46,44,69,Friday,February,0,134.88
Household,435.53,229,84,Thursday,November,0,457.31
Household,487.77,192,116,Monday,March,0,546.3
Bakery,260.69,485,34,Wednesday,October,0,234.62
Vegetables,78.03,295,39,Monday,June,0,78.03
Bakery,242.9,389,32,Friday,July,0,218.61
Bakery,280.39,313,4,Friday,June,0,252.35
Personal Care,460.7,323,102,Tuesday,January,0,515.98
Snacks,80.3,184,29,Wednesday,June,0,80.3
Household,299.08,371,47,Tuesday,October,0,299.08
Fruits,98.71,394,114,Saturday,December,1,110.56
Household,409.91,9,1,Saturday,July,1,368.92
Personal Care,426.44,2,78,Tuesday,March,0,477.61
Household,288.25,415,32,Friday,July,0,259.43
Fruits,403.12,229,103,Sunday,February,1,451.49
Dairy,200.69,413,3,Monday,December,0,180.62
Bakery,354.59,324,104,Monday,April,0,397.14
Beverages,89.49,342,21,Tuesday,June,0,80.54
Personal Care,119.65,353,64,Saturday,May,1,125.63
Household,111.8,221,90,Sunday,June,1,125.22
Frozen,28.43,71,50,Thursday,December,0,29.85
Personal Care,442.31,438,23,Monday,July,0,398.08
Snacks,482.96,85,33,Wednesday,October,0,482.96
Frozen,460.65,86,30,Friday,November,0,460.65
Fruits,80.12,354,69,Sunday,May,1,84.13
Snacks,290.35,371,95,Saturday,December,1,304.87
Dairy,302.67,302,49,Saturday,January,1,302.67
Fruits,295.37,298,111,Monday,January,0,330.81
Household,476.38,181,81,Monday,December,0,500.2
Fruits,44.17,442,8,Friday,February,0,39.75
Frozen,381.16,422,48,Tuesday,December,0,381.16
Household,291.76,339,69,Wednesday,December,0,306.35
Bakery,389.12,330,26,Saturday,March,1,350.21
Dairy,360.16,88,72,Tuesday,November,0,378.17
Household,126.42,78,84,Wednesday,November,0,141.59
Household,14.4,41,41,Tuesday,December,0,14.4
Vegetables,481.11,28,94,Sunday,July,1,538.84
Personal Care,419.92,472,53,Monday,November,0,419.92
Household,228.97,234,102,Friday,October,0,256.45
Snacks,453.5,347,24,Wednesday,July,0,408.15
Frozen,347.15,310,111,Tuesday,September,0,388.81
Frozen,108.56,271,80,Saturday,October,1,113.99
Frozen,259.38,53,24,Saturday,July,1,259.38
Frozen,289.37,314,25,Sunday,January,1,260.43
Dairy,166.91,229,52,Wednesday,March,0,166.91
Personal Care,312.87,158,19,Saturday,September,1,312.87
Beverages,421.77,47,115,Friday,April,0,472.38
Beverages,175.27,43,106,Tuesday,July,0,196.3
Frozen,397.57,375,77,Monday,August,0,417.45
Vegetables,99.17,225,21,Friday,August,0,89.25
Beverages,65.1,223,79,Saturday,January,1,68.36
Vegetables,203.08,10,22,Tuesday,October,0,203.08
Frozen,122.14,211,46,Sunday,January,1,122.14
Bakery,358.84,141,107,Monday,May,0,401.9
Dairy,377.28,107,40,Monday,August,0,377.28
Frozen,11.98,345,79,Thursday,February,0,12.58
Snacks,459.47,245,62,Sunday,October,1,482.44
Snacks,264.68,153,3,Wednesday,August,0,238.21
Dairy,143.14,474,20,Monday,November,0,128.83
Vegetables,473.13,217,103,Thursday,December,0,529.91
Personal Care,251.87,272,54,Tuesday,June,0,251.87
Personal Care,132.14,360,90,Monday,March,0,138.75
Beverages,199.94,155,16,Wednesday,April,0,179.95
Household,133.19,102,16,Friday,August,0,119.87
Dairy,326.67,332,45,Sunday,January,1,326.67
Vegetables,411.11,464,19,Monday,July,0,370.0
Beverages,364.44,466,80,Sunday,April,1,382.66
Beverages,432.6,141,2,Saturday,September,1,389.34
Personal Care,321.03,456,84,Thursday,May,0,337.08
Snacks,270.09,136,114,Monday,July,0,302.5
Beverages,441.32,434,97,Tuesday,June,0,463.39
Beverages,259.83,142,40,Monday,March,0,259.83
Bakery,474.6,108,18,Tuesday,August,0,427.14
Frozen,429.91,442,27,Friday,March,0,386.92
Bakery,285.72,475,53,Sunday,June,1,285.72
Vegetables,379.26,199,34,Tuesday,November,0,379.26
Vegetables,191.95,170,95,Monday,March,0,214.98
Vegetables,217.89,360,31,Sunday,February,1,196.1
Vegetables,344.5,166,66,Tuesday,January,0,361.73
Fruits,201.43,15,101,Saturday,May,1,225.6
Frozen,108.06,162,3,Thursday,August,0,97.25
Snacks,479.52,56,71,Sunday,September,1,503.5
Household,445.3,121,111,Thursday,August,0,498.74
Household,127.58,180,77,Saturday,December,1,133.96
Personal Care,322.21,292,104,Wednesday,November,0,360.88
Snacks,498.7,419,25,Tuesday,November,0,448.83
Personal Care,342.89,379,32,Tuesday,December,0,308.6
Household,437.68,202,74,Sunday,September,1,459.56
Personal Care,433.32,125,28,Saturday,September,1,433.32
Dairy,88.71,462,35,Thursday,December,0,79.84
Bakery,335.33,91,61,Friday,January,0,352.1
Frozen,195.06,386,40,Friday,June,0,195.06
Frozen,407.18,406,71,Saturday,July,1,427.54
Vegetables,302.8,204,96,Friday,June,0,339.14
Household,63.97,246,99,Monday,December,0,71.65
Bakery,60.55,367,27,Thursday,January,0,54.49
Frozen,494.01,494,29,Sunday,December,1,444.61
Fruits,15.88,358,84,Saturday,June,1,16.67
Household,160.83,210,91,Wednesday,February,0,180.13
Household,143.73,46,108,Wednesday,March,0,160.98
Snacks,352.19,276,54,Monday,May,0,352.19
Household,20.51,157,16,Tuesday,November,0,18.46
Vegetables,93.36,410,46,Sunday,September,1,93.36
Bakery,140.96,18,11,Saturday,January,1,140.96
Bakery,338.94,296,4,Wednesday,January,0,305.05
Personal Care,366.34,376,22,Saturday,September,1,329.71
Bakery,215.63,489,41,Friday,December,0,194.07
Dairy,327.91,271,14,Monday,November,0,295.12
Frozen,353.13,466,43,Wednesday,February,0,317.82
Fruits,393.2,205,25,Wednesday,December,0,353.88
Personal Care,185.05,214,48,Sunday,September,1,185.05
Beverages,152.27,214,72,Tuesday,December,0,159.88
Household,468.14,439,33,Wednesday,October,0,421.33
Fruits,75.17,25,48,Monday,February,0,78.93
Bakery,197.9,12,18,Thursday,September,0,197.9
Personal Care,340.53,224,61,Thursday,August,0,357.56
Frozen,373.13,300,23,Monday,March,0,335.82
Fruits,206.87,226,58,Wednesday,June,0,217.21
Household,335.1,227,80,Sunday,May,1,351.86
Snacks,60.81,351,77,Tuesday,July,0,63.85
Frozen,227.85,48,12,Thursday,March,0,205.06
Household,109.39,92,18,Friday,April,0,109.39
Vegetables,204.92,442,114,Friday,November,0,229.51
Bakery,272.82,327,75,Tuesday,November,0,286.46
Fruits,176.59,396,32,Saturday,August,1,158.93
Beverages,244.32,495,13,Tuesday,February,0,219.89
Household,264.87,195,19,Sunday,January,1,238.38
Fruits,45.48,106,110,Friday,October,0,50.94
Personal Care,243.23,239,86,Friday,June,0,255.39
Personal Care,321.9,27,57,Friday,May,0,338.0
Household,130.6,109,36,Monday,February,0,130.6
Beverages,475.38,451,53,Wednesday,July,0,475.38
Beverages,326.93,279,42,Monday,July,0,326.93
Frozen,233.57,80,93,Sunday,January,1,261.6
Frozen,478.24,433,35,Thursday,May,0,430.42
Dairy,358.74,190,91,Monday,April,0,401.79
Fruits,164.65,64,115,Saturday,July,1,184.41
Dairy,168.22,251,96,Monday,May,0,188.41
Fruits,259.09,229,86,Monday,March,0,272.04
Snacks,245.01,382,23,Friday,August,0,220.51
Snacks,187.2,206,107,Sunday,September,1,209.66
Household,222.59,78,80,Thursday,June,0,233.72
Snacks,381.07,317,110,Friday,November,0,426.8
Dairy,313.75,146,61,Monday,August,0,329.44
Fruits,402.75,451,94,Monday,July,0,422.89
Vegetables,217.01,145,89,Wednesday,September,0,243.05
Frozen,68.31,477,120,Wednesday,February,0,76.51
Frozen,16.96,285,2,Wednesday,May,0,15.26
Snacks,188.22,275,30,Sunday,June,1,188.22
Bakery,10.92,214,86,Sunday,August,1,11.47
Dairy,397.25,370,58,Saturday,July,1,397.25
Dairy,130.71,368,88,Wednesday,June,0,137.25
Snacks,19.53,336,104,Saturday,August,1,21.87
Snacks,147.59,185,20,Thursday,May,0,132.83
Beverages,372.8,73,69,Monday,April,0,391.44
Snacks,478.91,312,38,Tuesday,September,0,478.91
Dairy,68.69,281,111,Monday,September,0,76.93
Fruits,438.42,181,99,Tuesday,August,0,491.03
Personal Care,62.34,498,23,Saturday,July,1,56.11
Dairy,22.04,83,119,Thursday,November,0,24.68
Fruits,140.58,351,97,Friday,July,0,147.61
Bakery,413.45,292,82,Saturday,May,1,434.12
Beverages,380.68,197,20,Sunday,May,1,380.68
Vegetables,272.02,258,17,Saturday,January,1,244.82
Beverages,377.73,74,45,Tuesday,July,0,377.73
Household,399.65,77,20,Monday,June,0,399.65
Snacks,407.09,147,109,Friday,January,0,455.94
Snacks,14.05,489,46,Monday,June,0,12.65
Fruits,390.52,201,107,Sunday,February,1,437.38
Household,360.25,210,59,Tuesday,April,0,378.26
Dairy,382.88,452,37,Wednesday,February,0,344.59
Vegetables,189.87,20,57,Monday,February,0,199.36
Snacks,256.43,103,108,Saturday,November,1,287.2
Household,42.71,224,32,Wednesday,May,0,42.71
Fruits,205.86,275,36,Friday,December,0,205.86
Vegetables,393.04,166,114,Wednesday,December,0,440.2
Fruits,210.45,1,55,Friday,April,0,220.97
Personal Care,392.04,450,50,Thursday,April,0,392.04
Fruits,18.32,348,24,Monday,December,0,16.49
Fruits,202.11,62,62,Sunday,May,1,212.22
Snacks,77.83,216,39,Saturday,February,1,77.83
Fruits,88.28,345,24,Wednesday,June,0,79.45
Bakery,153.46,284,104,Friday,June,0,171.88
Dairy,70.88,93,75,Friday,October,0,74.42
Dairy,309.66,6,120,Monday,January,0,346.82
Beverages,195.44,446,75,Saturday,January,1,205.21
Dairy,336.97,440,14,Friday,October,0,303.27
Dairy,229.62,120,73,Wednesday,September,0,241.1
Vegetables,131.1,1,111,Tuesday,October,0,146.83
Dairy,217.49,1,58,Saturday,August,1,228.36
Bakery,453.24,480,105,Thursday,March,0,475.9
Fruits,33.37,134,41,Monday,November,0,33.37
Household,277.19,432,98,Saturday,September,1,291.05
Beverages,335.97,88,33,Wednesday,July,0,335.97
Personal Care,317.7,421,27,Friday,November,0,285.93
Fruits,152.35,77,42,Thursday,August,0,152.35
Vegetables,118.4,159,110,Saturday,March,1,132.61
Bakery,144.49,105,66,Tuesday,April,0,151.71
Snacks,92.58,111,92,Monday,February,0,103.69
Snacks,279.05,197,115,Saturday,September,1,312.54
Beverages,76.94,239,23,Tuesday,June,0,69.25
Frozen,59.21,306,112,Wednesday,April,0,66.32
Frozen,58.1,252,105,Wednesday,July,0,65.07
Beverages,297.38,286,70,Tuesday,April,0,312.25
Household,176.2,497,27,Monday,September,0,158.58
Personal Care,153.34,158,91,Sunday,July,1,171.74
Dairy,156.47,270,26,Wednesday,July,0,140.82
Snacks,474.74,251,13,Sunday,July,1,427.27
Vegetables,325.56,30,14,Sunday,August,1,325.56
Fruits,52.18,493,70,Saturday,July,1,52.18
Frozen,189.73,21,51,Wednesday,January,0,199.22
Dairy,81.32,190,52,Saturday,May,1,85.39
Bakery,156.4,18,61,Thursday,February,0,164.22
Personal Care,429.56,42,91,Monday,June,0,481.11
Personal Care,130.04,381,102,Sunday,February,1,145.64
Snacks,226.79,260,30,Saturday,May,1,226.79
Fruits,353.11,294,20,Sunday,March,1,317.8
Bakery,38.72,456,70,Sunday,January,1,40.66
Fruits,228.57,445,48,Saturday,September,1,228.57
Household,308.7,493,81,Friday,February,0,324.13
Beverages,261.99,346,87,Tuesday,February,0,275.09
Fruits,222.47,428,76,Sunday,July,1,233.59
Dairy,469.29,117,69,Sunday,April,1,492.75
Personal Care,250.59,426,68,Thursday,March,0,250.59
Frozen,144.47,403,11,Saturday,July,1,130.02
Bakery,172.63,332,7,Monday,September,0,155.37
Frozen,20.55,7,31,Wednesday,January,0,20.55
Dairy,478.61,256,69,Sunday,July,1,502.54
Bakery,476.51,50,90,Sunday,May,1,533.69
Dairy,345.75,221,58,Monday,April,0,363.04
Personal Care,480.07,238,3,Monday,September,0,432.06
Beverages,203.78,98,62,Wednesday,November,0,213.97
Frozen,397.43,193,20,Tuesday,November,0,357.69
Household,31.19,230,34,Thursday,July,0,31.19
Beverages,55.88,281,108,Friday,December,0,62.59
Snacks,471.78,279,95,Tuesday,December,0,495.37
Household,289.52,7,10,Thursday,September,0,260.57
Personal Care,286.99,32,57,Monday,October,0,301.34
Beverages,187.14,168,16,Monday,August,0,168.43
Bakery,133.78,439,89,Monday,April,0,140.47
Personal Care,97.21,417,59,Wednesday,November,0,97.21
Frozen,226.65,464,89,Monday,December,0,237.98
Bakery,385.19,64,60,Thursday,July,0,404.45
Dairy,462.65,94,57,Friday,February,0,485.78
Beverages,498.45,39,45,Wednesday,January,0,523.37
Vegetables,458.77,337,47,Thursday,October,0,458.77
Bakery,12.46,303,113,Tuesday,May,0,13.96
Vegetables,69.73,31,32,Tuesday,May,0,69.73
Household,112.95,294,25,Monday,November,0,101.66
Fruits,161.86,67,19,Monday,July,0,161.86
Household,486.93,257,13,Monday,June,0,438.24
Fruits,390.39,387,73,Sunday,February,1,409.91
Snacks,199.64,346,57,Saturday,September,1,199.64
Household,131.12,434,112,Thursday,October,0,146.85
Beverages,492.2,31,50,Tuesday,October,0,516.81
Frozen,338.12,69,34,Friday,February,0,338.12
Fruits,407.49,326,109,Tuesday,October,0,456.39
Fruits,60.89,35,12,Saturday,June,1,60.89
Vegetables,408.52,168,7,Friday,May,0,367.67
Snacks,146.54,95,12,Sunday,December,1,131.89
Bakery,486.7,49,89,Friday,December,0,545.1
Beverages,273.54,383,101,Tuesday,October,0,287.22
Bakery,137.08,160,113,Sunday,August,1,153.53
Dairy,326.1,164,118,Wednesday,April,0,365.23
Snacks,97.05,79,42,Friday,December,0,97.05
Household,330.53,455,38,Tuesday,March,0,297.48
Personal Care,153.08,111,95,Friday,March,0,171.45
Beverages,39.21,239,66,Saturday,November,1,41.17
Bakery,410.35,170,93,Monday,September,0,459.59
Vegetables,349.5,306,91,Wednesday,December,0,366.98
Dairy,374.66,353,95,Monday,July,0,393.39
Fruits,88.72,478,98,Tuesday,July,0,93.16
Snacks,192.38,378,6,Thursday,April,0,173.14
Vegetables,193.27,163,104,Tuesday,May,0,216.46
Snacks,187.1,245,114,Sunday,October,1,209.55
Personal Care,44.98,148,115,Saturday,January,1,50.38
Personal Care,215.26,228,36,Wednesday,June,0,215.26
Frozen,105.74,251,72,Sunday,January,1,111.03
Bakery,264.94,497,13,Saturday,June,1,238.45
Bakery,121.23,446,2,Monday,July,0,109.11
Snacks,155.41,304,54,Sunday,February,1,155.41
Beverages,440.61,474,76,Friday,March,0,462.64
Frozen,403.2,351,117,Sunday,April,1,451.58
Frozen,63.97,394,15,Wednesday,August,0,57.57
Fruits,226.99,483,37,Tuesday,April,0,204.29
Fruits,269.96,257,41,Monday,August,0,269.96
Dairy,324.07,475,40,Thursday,June,0,291.66
Household,86.71,388,101,Monday,April,0,91.05
Snacks,349.21,161,81,Monday,February,0,366.67
Beverages,121.53,292,1,Sunday,January,1,109.38
Bakery,379.29,362,21,Sunday,May,1,341.36
Snacks,147.27,323,46,Saturday,September,1,147.27
Beverages,78.14,444,22,Sunday,February,1,70.33
Household,47.26,23,71,Friday,January,0,49.62
Vegetables,287.08,475,7,Thursday,July,0,258.37
Household,304.57,361,108,Tuesday,June,0,341.12
Frozen,417.96,364,35,Sunday,January,1,417.96
Dairy,278.76,51,39,Saturday,June,1,292.7
Beverages,446.46,455,104,Friday,July,0,468.78
Dairy,207.2,304,20,Sunday,February,1,186.48
Fruits,372.02,135,63,Saturday,January,1,390.62
Fruits,133.24,343,94,Wednesday,March,0,139.9
Beverages,155.35,478,80,Wednesday,November,0,163.12
Vegetables,293.97,205,114,Tuesday,October,0,329.25
Bakery,195.39,25,58,Thursday,October,0,205.16
Personal Care,50.39,215,42,Saturday,September,1,50.39
Fruits,22.98,457,10,Wednesday,March,0,20.68
Household,35.63,415,54,Tuesday,June,0,35.63
Personal Care,63.99,499,106,Saturday,July,1,67.19
Fruits,267.62,323,43,Tuesday,January,0,267.62
Personal Care,159.14,199,60,Sunday,June,1,167.1
Vegetables,469.37,349,120,Monday,September,0,525.69
Frozen,129.46,70,82,Wednesday,December,0,145.0
Snacks,490.3,164,2,Friday,November,0,441.27
Household,54.0,59,17,Thursday,May,0,54.0
Vegetables,462.59,365,13,Thursday,March,0,416.33
Frozen,375.12,320,68,Wednesday,March,0,393.88
Dairy,176.47,341,53,Monday,June,0,176.47
Snacks,81.68,330,9,Friday,August,0,73.51
Personal Care,206.69,202,27,Saturday,September,1,206.69
Beverages,192.28,307,6,Tuesday,September,0,173.05
Fruits,322.5,47,104,Saturday,October,1,361.2
Fruits,489.63,212,102,Friday,February,0,548.39
Snacks,258.15,443,112,Sunday,February,1,289.13
Dairy,73.79,21,70,Thursday,December,0,77.48
Personal Care,25.95,488,69,Friday,October,0,25.95
Snacks,420.5,171,83,Saturday,January,1,470.96
Dairy,370.89,479,32,Monday,October,0,333.8
Dairy,270.68,234,72,Sunday,September,1,284.21
Beverages,165.25,139,111,Tuesday,March,0,185.08
Dairy,261.06,328,49,Wednesday,March,0,261.06
Dairy,232.49,150,107,Friday,July,0,260.39
Dairy,98.08,385,53,Tuesday,August,0,98.08
Vegetables,476.46,46,107,Saturday,November,1,533.64
Frozen,498.68,28,88,Friday,August,0,558.52
Beverages,428.75,125,23,Saturday,September,1,428.75
Household,192.58,397,64,Sunday,August,1,192.58
Fruits,140.7,477,33,Saturday,January,1,126.63
Vegetables,186.79,385,106,Tuesday,September,0,209.2
Frozen,52.27,308,68,Tuesday,August,0,54.88
Beverages,210.2,424,107,Monday,July,0,235.42
Household,244.28,261,21,Sunday,December,1,219.85
Frozen,240.6,268,23,Sunday,May,1,216.54
Bakery,410.77,486,94,Saturday,October,1,431.31
Fruits,255.67,419,52,Friday,January,0,255.67
Personal Care,92.57,276,63,Friday,November,0,97.2
Beverages,170.31,292,68,Thursday,August,0,178.83
Beverages,349.85,63,116,Friday,June,0,391.83
Personal Care,464.85,321,47,Thursday,February,0,464.85
Fruits,223.69,207,73,Thursday,August,0,234.87
Beverages,405.26,290,18,Wednesday,August,0,364.73
Frozen,397.85,179,43,Sunday,June,1,397.85
Bakery,139.02,468,47,Friday,October,0,139.02
Vegetables,122.4,138,26,Monday,October,0,122.4
Household,122.12,53,70,Friday,April,0,128.23
Bakery,437.37,186,88,Tuesday,January,0,459.24
Household,335.68,370,119,Thursday,June,0,375.96
Personal Care,276.5,417,30,Saturday,September,1,248.85
Vegetables,31.79,256,14,Friday,February,0,28.61
Fruits,149.48,187,11,Friday,November,0,134.53
Frozen,315.76,382,43,Saturday,July,1,315.76
Frozen,337.41,452,61,Monday,August,0,337.41
Household,434.6,65,39,Sunday,November,1,434.6
Dairy,310.52,359,45,Friday,July,0,310.52
Bakery,478.95,127,84,Sunday,October,1,536.42
Snacks,144.04,241,34,Saturday,November,1,144.04
Household,411.52,22,7,Wednesday,May,0,370.37
Bakery,274.37,184,81,Monday,January,0,288.09
Frozen,27.79,5,64,Sunday,November,1,29.18
Vegetables,160.52,388,49,Tuesday,May,0,160.52
Vegetables,205.74,166,93,Thursday,June,0,230.43
Vegetables,260.26,243,78,Sunday,April,1,273.27
Personal Care,412.61,461,81,Wednesday,September,0,433.24
Frozen,306.29,378,32,Friday,December,0,275.66
Personal Care,45.01,244,3,Thursday,September,0,40.51
Fruits,24.1,443,85,Tuesday,January,0,25.31
Bakery,147.02,58,65,Tuesday,July,0,154.37
Dairy,221.4,23,100,Thursday,September,0,247.97
Beverages,465.14,373,11,Thursday,October,0,418.63
Fruits,449.9,140,107,Saturday,July,1,503.89
Fruits,19.92,484,44,Thursday,May,0,17.93
Beverages,10.08,17,83,Monday,September,0,11.29
Dairy,442.12,491,5,Monday,September,0,397.91
Beverages,214.99,3,89,Thursday,March,0,240.79
Dairy,477.29,63,79,Friday,January,0,501.15
Frozen,418.07,286,62,Monday,December,0,438.97
Dairy,295.4,409,40,Tuesday,April,0,265.86
Beverages,476.14,377,82,Sunday,July,1,499.95
Snacks,354.98,179,52,Wednesday,June,0,354.98
Dairy,321.03,136,100,Monday,December,0,359.55
Fruits,300.01,151,103,Tuesday,November,0,336.01
Household,425.22,73,17,Monday,March,0,425.22
Bakery,479.82,320,83,Sunday,June,1,503.81
Beverages,22.72,421,53,Wednesday,November,0,22.72
Snacks,178.39,111,20,Wednesday,July,0,178.39
Bakery,462.59,261,101,Sunday,April,1,518.1
Fruits,29.61,402,44,Thursday,August,0,29.61
Personal Care,162.33,328,54,Thursday,March,0,162.33
Bakery,150.31,167,94,Friday,September,0,168.35
Personal Care,342.83,265,106,Saturday,November,1,383.97
Personal Care,245.13,41,55,Saturday,November,1,257.39
Snacks,216.42,374,13,Thursday,November,0,194.78
Household,194.04,88,87,Sunday,November,1,217.32
Frozen,272.07,393,9,Sunday,May,1,244.86
Bakery,471.17,169,85,Monday,February,0,494.73
Personal Care,174.3,234,2,Monday,May,0,156.87
Dairy,431.59,249,25,Saturday,April,1,431.59
Fruits,173.71,485,12,Monday,November,0,156.34
Beverages,268.33,216,90,Monday,April,0,281.75
Bakery,383.31,268,67,Tuesday,October,0,402.48
Household,171.38,19,12,Thursday,January,0,171.38
Bakery,219.3,339,79,Friday,December,0,230.27
Household,413.05,153,22,Wednesday,December,0,413.05
Snacks,169.2,71,112,Wednesday,April,0,189.5
Fruits,16.73,154,20,Monday,December,0,15.06
Frozen,185.17,425,75,Friday,June,0,194.43
Personal Care,480.19,2,71,Monday,December,0,504.2
Household,284.31,80,84,Saturday,September,1,318.43
Beverages,410.67,331,43,Sunday,May,1,410.67
Frozen,102.64,6,65,Tuesday,October,0,107.77
Fruits,499.17,71,85,Sunday,June,1,559.07
Bakery,499.86,467,65,Tuesday,April,0,499.86
Vegetables,477.69,303,43,Tuesday,May,0,477.69
Bakery,494.98,92,103,Thursday,April,0,554.38
Vegetables,371.47,148,76,Tuesday,June,0,390.04
Personal Care,136.45,317,83,Thursday,January,0,143.27
Fruits,176.18,164,38,Wednesday,April,0,176.18
Vegetables,277.82,88,20,Tuesday,November,0,277.82
Personal Care,24.79,62,58,Monday,September,0,26.03
Household,452.54,249,110,Wednesday,April,0,506.84
Vegetables,80.66,255,68,Tuesday,September,0,84.69
Beverages,226.01,298,67,Thursday,July,0,237.31
Vegetables,440.52,239,74,Friday,February,0,462.55
Dairy,420.37,63,89,Tuesday,February,0,470.81
Personal Care,224.09,417,21,Friday,October,0,201.68
Snacks,109.64,322,65,Thursday,December,0,115.12
Snacks,139.86,259,63,Tuesday,April,0,146.85
Frozen,395.64,335,49,Tuesday,September,0,395.64
Household,377.11,258,37,Saturday,October,1,377.11
Vegetables,46.23,421,82,Wednesday,June,0,48.54
Fruits,186.91,369,59,Tuesday,September,0,186.91
Frozen,470.13,270,4,Wednesday,January,0,423.12
Fruits,157.76,50,16,Wednesday,March,0,157.76
Personal Care,236.66,39,68,Saturday,August,1,248.49
Bakery,406.72,10,84,Monday,January,0,455.53
Snacks,10.56,27,32,Wednesday,November,0,10.56
Beverages,430.19,244,42,Monday,August,0,430.19
Beverages,269.67,114,17,Wednesday,October,0,242.7
Personal Care,400.93,282,64,Sunday,December,1,420.98
Vegetables,495.05,459,31,Thursday,January,0,445.55
Dairy,449.13,312,65,Wednesday,December,0,471.59
Household,326.24,376,70,Tuesday,September,0,342.55
Bakery,154.89,207,81,Monday,August,0,162.63
Beverages,421.33,241,4,Monday,September,0,379.2
Bakery,112.72,286,64,Sunday,March,1,118.36
Bakery,247.39,68,88,Friday,April,0,277.08
Frozen,11.01,311,49,Thursday,September,0,11.01
Vegetables,378.17,140,100,Wednesday,September,0,423.55
Fruits,297.07,313,32,Monday,August,0,267.36
Snacks,106.87,69,17,Monday,July,0,106.87
Beverages,146.59,363,71,Monday,August,0,153.92
Beverages,439.1,146,28,Wednesday,September,0,439.1
Household,198.45,109,110,Sunday,March,1,222.26
Vegetables,484.06,381,118,Wednesday,December,0,542.15
Snacks,446.96,393,38,Tuesday,January,0,402.26
Household,18.24,147,8,Sunday,October,1,16.42
Dairy,182.97,287,81,Tuesday,December,0,192.12
Personal Care,180.46,101,110,Sunday,August,1,202.12
Snacks,192.79,312,23,Saturday,July,1,173.51
Beverages,178.06,469,88,Saturday,November,1,186.96
Beverages,218.68,242,48,Monday,June,0,218.68
Personal Care,52.56,475,70,Saturday,March,1,52.56
Beverages,467.16,260,58,Monday,January,0,467.16
Beverages,43.23,112,55,Sunday,November,1,45.39
Bakery,115.87,297,73,Sunday,March,1,121.66
Snacks,85.94,111,76,Saturday,September,1,90.24
Fruits,417.2,144,87,Saturday,May,1,467.26
Household,56.48,440,21,Tuesday,August,0,50.83
Frozen,329.04,338,1,Sunday,August,1,296.14
Vegetables,215.29,4,58,Saturday,July,1,226.05
Personal Care,151.43,343,17,Sunday,January,1,136.29
Fruits,28.42,251,14,Tuesday,November,0,25.58
Household,340.63,314,20,Saturday,April,1,306.57
Snacks,53.13,281,80,Friday,September,0,55.79
Household,67.29,261,95,Thursday,December,0,75.36
Dairy,180.11,66,26,Monday,February,0,180.11
Beverages,194.79,72,46,Sunday,August,1,204.53
Personal Care,483.42,497,77,Wednesday,July,0,483.42
Frozen,355.71,157,50,Saturday,June,1,373.5
Household,21.81,232,41,Saturday,February,1,21.81
Personal Care,123.76,66,44,Wednesday,September,0,123.76
Beverages,320.57,341,2,Friday,June,0,288.51
Bakery,48.88,157,102,Friday,May,0,54.75
Fruits,348.66,429,48,Sunday,December,1,348.66
Dairy,346.46,217,118,Sunday,June,1,388.04
Snacks,135.38,88,44,Wednesday,November,0,135.38
Beverages,491.62,390,65,Friday,January,0,491.62
Snacks,355.9,216,1,Tuesday,October,0,320.31
Fruits,327.16,360,96,Wednesday,September,0,343.52
Dairy,408.97,234,77,Thursday,December,0,429.42
Vegetables,230.32,421,26,Tuesday,June,0,207.29
Beverages,27.58,267,71,Friday,August,0,28.96
Frozen,433.59,44,7,Saturday,October,1,390.23
Fruits,419.75,499,26,Monday,March,0,377.78
Vegetables,448.65,217,55,Sunday,December,1,471.08
Household,129.43,360,85,Friday,February,0,135.9
Vegetables,417.66,297,106,Friday,June,0,467.78
Fruits,313.37,55,85,Thursday,March,0,350.97
Bakery,140.16,205,72,Friday,March,0,147.17
Snacks,282.71,406,46,Wednesday,February,0,282.71
Household,59.87,398,86,Friday,April,0,62.86
Personal Care,208.03,225,31,Monday,September,0,208.03
Vegetables,471.09,134,70,Saturday,January,1,494.64
Vegetables,55.05,375,63,Sunday,March,1,55.05
Fruits,351.11,221,2,Monday,February,0,316.0
Bakery,53.66,223,119,Sunday,July,1,60.1
Snacks,470.82,62,95,Sunday,February,1,527.32
Dairy,369.4,470,66,Wednesday,September,0,369.4
Household,177.1,360,78,Saturday,April,1,185.96
Snacks,418.39,266,13,Tuesday,May,0,376.55
Dairy,60.97,147,63,Thursday,July,0,64.02
Frozen,145.41,136,56,Monday,June,0,152.68
Bakery,23.35,154,41,Tuesday,October,0,23.35
Fruits,331.52,53,59,Saturday,April,1,348.1
Dairy,144.06,345,118,Monday,February,0,161.35
Snacks,257.11,228,113,Wednesday,January,0,287.96
Snacks,45.66,2,94,Thursday,December,0,51.14
Bakery,495.22,116,44,Saturday,June,1,519.98
Fruits,70.15,245,62,Thursday,March,0,73.66
Bakery,220.11,148,8,Sunday,February,1,198.1
Frozen,486.25,165,73,Wednesday,April,0,510.56
Personal Care,186.17,233,79,Sunday,August,1,195.48
Beverages,271.71,383,87,Monday,September,0,285.3
Snacks,252.53,165,74,Wednesday,July,0,265.16
Bakery,201.95,274,77,Sunday,September,1,212.05
Snacks,426.83,343,41,Monday,February,0,426.83
Personal Care,281.3,64,97,Saturday,January,1,315.06
Beverages,253.62,385,88,Tuesday,July,0,266.3
Personal Care,360.58,181,90,Thursday,July,0,403.85
Bakery,373.38,401,6,Wednesday,March,0,336.04
Fruits,94.81,350,115,Thursday,June,0,106.19
Personal Care,458.01,463,42,Wednesday,August,0,412.21
Fruits,282.19,351,8,Monday,June,0,253.97
Beverages,221.22,337,2,Thursday,May,0,199.1
Vegetables,198.59,366,80,Tuesday,June,0,208.52
Vegetables,456.58,97,74,Thursday,December,0,479.41
Vegetables,380.21,230,77,Monday,December,0,399.22
Frozen,450.9,491,42,Friday,November,0,405.81
Bakery,148.83,133,46,Monday,April,0,148.83
Beverages,358.2,64,20,Wednesday,November,0,358.2
Vegetables,499.56,456,94,Friday,February,0,524.54
Personal Care,413.33,251,34,Tuesday,November,0,413.33
Household,257.64,53,47,Sunday,October,1,270.52
Frozen,166.99,170,115,Saturday,September,1,187.03
Beverages,404.05,484,28,Thursday,December,0,363.65
Beverages,21.48,59,56,Friday,October,0,22.55
Snacks,308.51,137,22,Wednesday,February,0,308.51
Vegetables,438.37,478,3,Wednesday,September,0,394.53
Dairy,15.6,11,51,Thursday,January,0,16.38
Vegetables,356.61,205,17,Wednesday,January,0,320.95
Vegetables,499.47,287,28,Sunday,April,1,499.47
Dairy,25.15,296,24,Thursday,April,0,22.63
Snacks,265.05,79,72,Friday,March,0,278.3
Household,252.04,423,19,Saturday,July,1,226.84
Fruits,87.33,278,22,Wednesday,August,0,78.6
Bakery,402.16,232,63,Tuesday,December,0,422.27
Bakery,477.25,169,31,Sunday,July,1,477.25
Snacks,308.34,276,99,Thursday,November,0,345.34
Dairy,118.1,60,105,Sunday,September,1,132.27
Personal Care,127.49,371,53,Friday,March,0,127.49
Beverages,403.83,264,84,Tuesday,April,0,424.02
Frozen,295.83,301,44,Thursday,February,0,295.83
Fruits,278.45,107,2,Monday,December,0,250.6
Snacks,23.81,189,49,Wednesday,May,0,23.81
Bakery,167.59,305,52,Friday,October,0,167.59
Fruits,424.46,267,20,Saturday,September,1,382.01
Fruits,165.48,330,69,Saturday,April,1,173.75
Snacks,498.43,50,70,Sunday,November,1,523.35
Snacks,338.8,10,96,Saturday,March,1,379.46
Bakery,170.05,252,31,Sunday,November,1,170.05
Beverages,470.84,4,69,Tuesday,December,0,494.38
Frozen,459.52,438,93,Thursday,December,0,482.5
Beverages,79.6,241,76,Wednesday,August,0,83.58
Snacks,488.81,498,9,Sunday,January,1,439.93
Vegetables,414.01,31,112,Wednesday,September,0,463.69
Bakery,209.15,33,25,Tuesday,July,0,209.15
Beverages,282.95,352,105,Saturday,June,1,316.9
Fruits,395.26,32,14,Wednesday,September,0,395.26
Frozen,241.49,292,54,Wednesday,March,0,241.49
Frozen,330.08,437,91,Monday,March,0,346.58
Frozen,450.79,216,79,Friday,January,0,473.33
Snacks,77.95,346,57,Saturday,April,1,77.95
Frozen,222.91,92,74,Monday,October,0,234.06
Bakery,109.64,480,37,Monday,March,0,98.68
Vegetables,398.9,369,76,Saturday,February,1,418.84
Fruits,178.98,412,49,Thursday,April,0,178.98
Household,32.64,274,23,Tuesday,December,0,29.38
Dairy,422.74,141,64,Saturday,November,1,443.88
Snacks,20.82,304,17,Wednesday,October,0,18.74
Dairy,425.7,144,66,Friday,March,0,446.99
Personal Care,58.5,281,28,Saturday,April,1,58.5
Household,215.42,76,4,Thursday,November,0,193.88
Bakery,404.54,302,3,Monday,May,0,364.09
Fruits,119.38,142,95,Tuesday,August,0,133.71
Beverages,467.97,89,7,Friday,October,0,421.17
Household,273.47,6,79,Monday,November,0,306.29
Bakery,186.77,465,10,Thursday,May,0,168.09
Vegetables,479.5,304,65,Thursday,March,0,503.48
Beverages,19.49,209,69,Thursday,August,0,20.46
Snacks,210.95,141,31,Saturday,September,1,210.95
Personal Care,41.26,191,21,Tuesday,June,0,37.13
Vegetables,385.31,94,83,Monday,March,0,431.55
Dairy,44.35,202,92,Sunday,July,1,49.67
Household,444.61,186,9,Thursday,May,0,400.15
Fruits,226.1,387,97,Tuesday,April,0,237.41
Personal Care,112.48,351,56,Thursday,November,0,112.48
Frozen,148.41,319,68,Saturday,November,1,155.83
Personal Care,319.99,466,43,Sunday,November,1,319.99
Dairy,116.49,184,3,Wednesday,July,0,104.84
Vegetables,390.99,25,90,Sunday,February,1,437.91
Household,348.79,230,102,Thursday,June,0,390.64
Dairy,315.94,202,5,Tuesday,January,0,284.35
Fruits,414.5,186,113,Saturday,September,1,464.24
Household,210.16,341,101,Tuesday,December,0,235.38
Frozen,451.18,455,17,Sunday,March,1,406.06
Bakery,307.95,370,82,Wednesday,December,0,323.35
Fruits,451.26,121,84,Wednesday,April,0,473.82
Snacks,303.13,396,64,Monday,March,0,303.13
Snacks,212.83,20,56,Monday,October,0,223.47
Snacks,467.7,228,92,Sunday,November,1,523.82
Fruits,326.24,32,51,Monday,October,0,342.55
Vegetables,422.8,446,69,Saturday,January,1,443.94
Bakery,278.97,411,87,Monday,July,0,292.92
Frozen,330.75,292,26,Wednesday,November,0,297.68
Bakery,36.84,437,118,Wednesday,July,0,41.26
Fruits,384.63,85,34,Tuesday,August,0,384.63
Personal Care,74.54,480,82,Saturday,August,1,78.27
Vegetables,451.88,92,82,Thursday,February,0,506.11
Fruits,466.42,33,25,Thursday,June,0,466.42
Frozen,407.64,286,54,Sunday,August,1,407.64
Bakery,139.19,114,53,Wednesday,September,0,146.15
Snacks,423.4,43,60,Wednesday,October,0,444.57
Dairy,442.57,263,81,Thursday,December,0,464.7
Dairy,39.19,80,48,Monday,September,0,41.15
Vegetables,465.33,286,15,Sunday,July,1,418.8
Dairy,91.93,167,117,Tuesday,April,0,102.96
Personal Care,152.79,436,112,Sunday,February,1,171.12
Dairy,94.14,18,10,Tuesday,October,0,84.73
Beverages,45.0,13,81,Friday,March,0,50.4
Beverages,460.35,448,79,Tuesday,August,0,483.37
Dairy,373.32,306,94,Friday,August,0,391.99
Beverages,466.36,126,31,Tuesday,October,0,466.36
Snacks,458.22,114,86,Monday,January,0,513.21
Beverages,406.98,88,70,Saturday,June,1,427.33
Beverages,68.77,138,2,Monday,July,0,61.89
Beverages,73.93,49,62,Wednesday,December,0,77.63
Vegetables,208.51,12,52,Wednesday,October,0,218.94
Vegetables,256.83,81,33,Thursday,December,0,256.83
Frozen,308.47,326,111,Tuesday,October,0,345.49
Dairy,433.57,90,60,Thursday,October,0,455.25
Dairy,415.42,421,35,Wednesday,January,0,373.88
Vegetables,101.36,429,82,Tuesday,July,0,106.43
Beverages,234.02,85,105,Saturday,October,1,262.1
Fruits,89.0,377,115,Wednesday,April,0,99.68
Vegetables,102.73,462,63,Wednesday,June,0,102.73
Snacks,227.49,27,10,Saturday,March,1,227.49
Frozen,275.79,386,79,Monday,September,0,289.58
Household,214.04,102,19,Saturday,January,1,214.04
Frozen,396.91,170,80,Tuesday,February,0,416.76
Beverages,494.1,266,31,Sunday,September,1,494.1
Beverages,486.02,312,7,Thursday,November,0,437.42
Household,485.95,431,100,Wednesday,June,0,510.25
Fruits,126.56,344,72,Saturday,June,1,132.89
Personal Care,67.86,430,113,Tuesday,April,0,76.0
Frozen,196.76,469,10,Thursday,March,0,177.08
Household,99.27,17,85,Sunday,November,1,111.18
Vegetables,43.13,343,60,Tuesday,November,0,43.13
Snacks,487.05,326,34,Friday,May,0,438.35
Household,80.96,8,33,Wednesday,March,0,80.96
Personal Care,81.34,31,46,Tuesday,July,0,85.41
Fruits,108.86,332,99,Friday,October,0,114.3
Dairy,326.04,394,49,Saturday,February,1,326.04
Snacks,69.03,355,71,Sunday,August,1,72.48
Frozen,121.96,406,85,Sunday,October,1,128.06
Household,152.28,22,4,Sunday,March,1,137.05
Beverages,14.3,82,113,Saturday,July,1,16.02
Fruits,283.94,286,102,Thursday,October,0,318.01
Household,60.26,245,95,Sunday,January,1,67.49
Household,249.63,365,21,Thursday,April,0,224.67
Dairy,387.63,120,67,Sunday,March,1,407.01
Dairy,36.61,344,5,Tuesday,October,0,32.95
Dairy,422.32,57,8,Friday,January,0,380.09
Dairy,288.0,89,105,Friday,March,0,322.56
Bakery,388.72,472,1,Tuesday,September,0,349.85
Vegetables,245.72,54,43,Monday,May,0,245.72
Bakery,238.09,298,108,Tuesday,July,0,266.66
Household,149.87,29,103,Monday,July,0,167.85
Beverages,370.7,444,18,Friday,June,0,333.63
Household,190.47,114,66,Thursday,January,0,199.99
Fruits,476.03,46,41,Saturday,May,1,499.83
Beverages,486.75,90,118,Saturday,December,1,545.16
Dairy,186.18,339,26,Tuesday,December,0,167.56
Vegetables,121.13,33,90,Wednesday,September,0,135.67
Fruits,171.39,131,102,Friday,July,0,191.96
Snacks,98.97,433,20,Wednesday,July,0,89.07
Frozen,38.46,249,24,Friday,May,0,34.61
Vegetables,140.79,95,115,Monday,October,0,157.68
Dairy,17.13,382,38,Tuesday,February,0,15.42
Dairy,481.96,223,83,Monday,October,0,506.06
Fruits,366.4,378,56,Thursday,November,0,366.4
Dairy,134.68,126,2,Tuesday,May,0,121.21
Bakery,474.92,464,118,Friday,April,0,531.91
Household,25.34,362,104,Monday,June,0,28.38
Personal Care,421.91,105,29,Sunday,June,1,421.91
Fruits,148.9,183,16,Friday,February,0,134.01
Snacks,469.28,129,23,Saturday,September,1,469.28
Vegetables,65.06,43,85,Wednesday,August,0,72.87
Snacks,287.9,450,74,Monday,June,0,302.3
Snacks,237.51,466,84,Saturday,November,1,249.39
Bakery,361.93,338,115,Wednesday,August,0,405.36
Beverages,280.57,248,50,Friday,May,0,280.57
Bakery,265.69,53,55,Tuesday,December,0,278.97
Vegetables,101.72,59,104,Saturday,April,1,113.93
Frozen,79.86,120,82,Wednesday,November,0,83.85
Bakery,291.87,238,86,Saturday,April,1,306.46
Household,286.8,78,76,Wednesday,May,0,301.14
Personal Care,365.38,377,4,Wednesday,December,0,328.84
Household,141.34,324,50,Tuesday,November,0,141.34
Beverages,52.52,94,57,Monday,January,0,55.15
Frozen,390.12,500,110,Saturday,March,1,436.93
Frozen,281.3,216,13,Sunday,January,1,253.17
Vegetables,464.94,398,39,Wednesday,August,0,418.45
Frozen,483.22,328,63,Thursday,October,0,483.22
Vegetables,420.66,497,68,Friday,July,0,420.66
Beverages,265.1,256,38,Tuesday,April,0,265.1
Snacks,415.37,317,83,Friday,December,0,436.14
Vegetables,403.08,420,101,Sunday,March,1,423.23
Household,381.58,285,66,Monday,May,0,400.66
Frozen,348.82,183,22,Wednesday,December,0,313.94
Household,442.0,16,112,Tuesday,December,0,495.04
Bakery,394.43,114,78,Saturday,June,1,414.15
Snacks,41.73,373,25,Monday,April,0,37.56
Household,425.05,35,39,Saturday,September,1,446.3
Household,334.32,174,10,Thursday,May,0,300.89
Snacks,387.28,485,9,Friday,March,0,348.55
Frozen,73.16,463,76,Thursday,December,0,76.82
Snacks,61.21,187,58,Tuesday,July,0,64.27
Household,157.79,166,118,Friday,November,0,176.72
Frozen,371.3,2,105,Monday,October,0,415.86
Personal Care,485.83,460,89,Monday,February,0,510.12
Frozen,10.24,59,105,Monday,August,0,11.47
Personal Care,336.76,465,21,Wednesday,May,0,303.08
Vegetables,469.54,207,16,Saturday,December,1,422.59
Household,30.35,272,47,Wednesday,February,0,30.35
Bakery,34.01,325,97,Sunday,September,1,38.09
Dairy,432.66,100,2,Thursday,November,0,389.39
Bakery,179.89,245,12,Monday,June,0,161.9
Fruits,273.22,493,8,Tuesday,November,0,245.9
Fruits,61.22,386,15,Monday,October,0,55.1
Personal Care,323.22,466,89,Thursday,February,0,339.38
Dairy,39.91,215,105,Thursday,July,0,44.7
Dairy,222.71,78,72,Saturday,December,1,233.85
Fruits,313.52,286,9,Sunday,June,1,282.17
Personal Care,358.96,344,44,Thursday,December,0,358.96
Dairy,203.21,326,111,Wednesday,June,0,227.6
Bakery,171.88,386,114,Wednesday,March,0,192.51
Fruits,349.1,341,8,Friday,January,0,314.19
Bakery,194.43,327,14,Wednesday,April,0,174.99
Frozen,135.59,397,29,Sunday,February,1,122.03
Frozen,90.43,8,4,Sunday,April,1,81.39
Dairy,24.52,346,45,Sunday,November,1,24.52
Beverages,434.79,23,68,Sunday,March,1,456.53
Snacks,163.15,443,107,Friday,July,0,171.31
Vegetables,272.02,384,66,Saturday,September,1,285.62
Snacks,42.68,149,76,Thursday,April,0,44.81
Vegetables,211.73,209,70,Wednesday,May,0,222.32
Personal Care,42.29,397,119,Tuesday,February,0,47.36
Bakery,246.66,27,49,Tuesday,March,0,258.99
Bakery,254.84,499,75,Wednesday,March,0,254.84
Frozen,369.55,101,20,Monday,January,0,369.55
Snacks,334.6,12,21,Friday,February,0,334.6
Household,161.65,181,78,Wednesday,December,0,169.73
Beverages,258.37,397,75,Saturday,September,1,271.29
Bakery,63.98,59,5,Wednesday,October,0,57.58
Fruits,438.18,462,11,Tuesday,November,0,394.36
Personal Care,340.63,459,20,Saturday,April,1,306.57
Frozen,13.54,73,41,Thursday,August,0,13.54
Snacks,492.5,92,90,Tuesday,October,0,551.6
Bakery,231.26,85,32,Saturday,March,1,231.26
Dairy,440.95,307,93,Wednesday,June,0,463.0
Personal Care,10.89,100,36,Tuesday,July,0,10.89
Vegetables,323.84,277,54,Friday,February,0,323.84
Personal Care,279.67,111,4,Thursday,July,0,251.7
Household,431.23,204,88,Friday,April,0,452.79
Dairy,366.47,371,82,Friday,January,0,384.79
Snacks,259.03,247,41,Saturday,June,1,259.03
Frozen,404.64,231,50,Monday,April,0,404.64
Personal Care,99.21,67,30,Tuesday,May,0,99.21
Personal Care,125.32,11,89,Wednesday,August,0,140.36
Bakery,160.89,249,18,Saturday,January,1,144.8
Household,49.6,420,25,Friday,June,0,44.64
Personal Care,399.97,149,73,Sunday,February,1,419.97
Frozen,498.33,330,94,Monday,February,0,523.25
Beverages,268.74,76,41,Sunday,July,1,282.18
Bakery,482.17,203,106,Tuesday,April,0,540.03
Beverages,321.31,382,69,Thursday,March,0,337.38
Household,53.82,99,60,Thursday,March,0,56.51
Fruits,204.11,343,77,Monday,June,0,214.32
Household,185.15,6,112,Friday,May,0,207.37
Vegetables,111.09,8,28,Sunday,May,1,111.09
Personal Care,210.82,137,28,Monday,August,0,210.82
Personal Care,468.75,481,65,Sunday,November,1,468.75
Beverages,33.15,435,61,Sunday,November,1,33.15
Frozen,256.15,75,60,Friday,September,0,268.96
Vegetables,358.26,428,1,Sunday,February,1,322.43
Beverages,82.01,452,80,Friday,June,0,86.11
Bakery,472.84,312,7,Sunday,July,1,425.56
Beverages,307.12,156,39,Tuesday,January,0,307.12
Household,94.96,12,105,Tuesday,January,0,106.36
Frozen,370.53,452,63,Sunday,February,1,370.53
Beverages,284.32,182,92,Tuesday,April,0,318.44
Personal Care,257.92,334,120,Sunday,September,1,288.87
Dairy,46.33,224,103,Monday,May,0,51.89
Personal Care,252.73,367,101,Sunday,March,1,283.06
Bakery,145.45,173,34,Saturday,December,1,145.45
Vegetables,98.97,51,72,Sunday,October,1,103.92
Vegetables,24.92,164,59,Sunday,July,1,26.17
Beverages,93.06,219,21,Wednesday,September,0,83.75
Personal Care,383.2,479,82,Monday,August,0,402.36
Beverages,66.7,444,55,Sunday,October,1,66.7
Household,315.96,181,29,Monday,May,0,315.96
Personal Care,400.03,395,108,Monday,November,0,448.03
Fruits,157.16,29,51,Tuesday,November,0,165.02
Household,314.25,26,62,Monday,January,0,329.96
Fruits,466.94,32,60,Tuesday,April,0,490.29
Fruits,116.55,59,100,Monday,October,0,130.54
Dairy,451.93,298,26,Saturday,April,1,406.74
Bakery,265.18,355,66,Sunday,April,1,278.44
Vegetables,345.8,295,9,Sunday,May,1,311.22
Frozen,313.27,443,51,Thursday,December,0,313.27
Frozen,123.4,35,87,Friday,October,0,138.21
Dairy,30.66,61,65,Saturday,January,1,32.19
Fruits,124.8,83,99,Monday,September,0,139.78
Household,70.74,330,117,Monday,October,0,79.23
Fruits,348.95,143,116,Sunday,September,1,390.82
Frozen,25.75,350,113,Monday,August,0,28.84
Fruits,163.27,188,100,Sunday,January,1,182.86
Fruits,322.26,479,47,Saturday,July,1,322.26
Vegetables,332.5,281,4,Wednesday,August,0,299.25
Fruits,467.54,467,74,Monday,December,0,467.54
Dairy,52.45,495,81,Tuesday,September,0,55.07
Vegetables,187.81,228,87,Friday,August,0,197.2
Bakery,293.48,439,115,Monday,April,0,328.7
Beverages,41.48,498,63,Monday,December,0,41.48
Household,294.65,151,50,Thursday,October,0,294.65
Frozen,62.23,417,34,Saturday,August,1,56.01
Fruits,337.92,102,113,Friday,October,0,378.47
Beverages,201.77,137,68,Monday,April,0,211.86
Snacks,368.43,489,17,Friday,November,0,331.59
Household,371.43,421,36,Saturday,January,1,334.29
Dairy,181.29,149,43,Tuesday,January,0,181.29
Personal Care,75.71,56,37,Saturday,December,1,75.71
Snacks,411.74,353,118,Thursday,December,0,461.15
Frozen,181.05,286,114,Friday,October,0,202.78
Personal Care,21.98,204,85,Sunday,December,1,23.08
Personal Care,32.06,297,70,Sunday,February,1,33.66
Frozen,257.99,466,107,Sunday,September,1,288.95
Snacks,113.99,195,21,Monday,January,0,102.59
Dairy,120.33,440,70,Wednesday,September,0,120.33
Personal Care,243.1,290,16,Sunday,June,1,218.79
Household,59.27,341,23,Monday,October,0,53.34
Vegetables,382.2,209,90,Tuesday,April,0,401.31
Dairy,272.52,393,82,Thursday,March,0,286.15
Frozen,18.57,483,62,Thursday,February,0,18.57
Beverages,145.34,26,40,Wednesday,February,0,145.34
Household,203.1,352,18,Sunday,December,1,182.79
Dairy,401.03,80,62,Saturday,October,1,421.08
Personal Care,290.06,315,36,Sunday,November,1,290.06
Dairy,400.42,387,16,Saturday,September,1,360.38
Vegetables,293.0,90,50,Thursday,March,0,307.65
Snacks,380.17,362,83,Thursday,August,0,399.18
Personal Care,37.53,336,54,Wednesday,July,0,37.53
Dairy,25.26,85,112,Saturday,March,1,28.29
Household,380.2,466,63,Monday,April,0,380.2
Personal Care,299.34,489,25,Wednesday,December,0,269.41
Household,113.92,61,61,Thursday,January,0,119.62
Fruits,303.55,353,67,Thursday,July,0,318.73
Fruits,301.67,125,114,Thursday,December,0,337.87
Vegetables,385.74,64,119,Friday,June,0,432.03
Beverages,31.69,434,68,Wednesday,July,0,31.69
Snacks,468.86,252,57,Thursday,May,0,468.86
Bakery,179.95,154,97,Sunday,July,1,201.54
Snacks,316.52,112,39,Saturday,May,1,316.52
Bakery,310.06,45,23,Friday,January,0,310.06
Beverages,294.0,156,26,Sunday,October,1,294.0
Personal Care,480.04,75,99,Monday,August,0,537.64
Personal Care,255.49,35,43,Wednesday,October,0,268.26
Fruits,91.3,178,50,Wednesday,March,0,91.3
Beverages,233.02,41,78,Tuesday,December,0,244.67
Frozen,318.58,10,60,Wednesday,January,0,334.51
Dairy,289.63,199,59,Monday,September,0,304.11
Snacks,447.52,456,67,Friday,December,0,447.52
Vegetables,14.52,289,103,Thursday,April,0,16.26
Snacks,269.46,260,62,Friday,November,0,282.93
Bakery,345.73,227,20,Tuesday,June,0,311.16
Beverages,283.68,276,14,Wednesday,February,0,255.31
Snacks,222.13,398,78,Tuesday,September,0,233.24
Fruits,58.04,361,4,Monday,March,0,52.24
Snacks,423.93,297,101,Thursday,August,0,474.8
Dairy,141.83,35,27,Wednesday,June,0,141.83
Household,40.97,106,68,Friday,September,0,43.02
Snacks,97.41,313,79,Thursday,November,0,102.28
Bakery,29.86,238,42,Wednesday,December,0,29.86
Vegetables,407.04,60,10,Sunday,September,1,407.04
Dairy,311.57,47,53,Thursday,November,0,327.15
Dairy,364.81,280,73,Friday,November,0,383.05
Bakery,360.73,80,66,Monday,May,0,378.77
Fruits,58.28,122,71,Saturday,May,1,61.19
Dairy,62.59,47,44,Sunday,November,1,65.72
Personal Care,24.28,352,118,Sunday,April,1,27.19
Snacks,467.68,314,55,Sunday,October,1,467.68
Dairy,39.72,448,59,Monday,June,0,39.72
Household,109.76,318,55,Tuesday,December,0,109.76
Fruits,228.93,43,71,Thursday,October,0,240.38
Vegetables,211.06,450,26,Monday,February,0,189.95
Fruits,252.3,91,52,Monday,October,0,264.92
Personal Care,369.41,75,114,Saturday,August,1,413.74
Personal Care,191.63,241,77,Wednesday,November,0,201.21
Frozen,312.83,214,71,Tuesday,July,0,328.47
Dairy,357.3,310,19,Friday,January,0,321.57
Personal Care,68.11,316,81,Wednesday,September,0,71.52
Vegetables,339.67,468,28,Monday,April,0,305.7
Snacks,177.35,14,28,Thursday,July,0,177.35
Frozen,29.14,93,106,Friday,June,0,32.64
Household,39.59,285,112,Wednesday,November,0,44.34
Fruits,391.07,42,1,Thursday,September,0,351.96
Fruits,104.78,39,60,Tuesday,July,0,110.02
Fruits,418.66,438,118,Tuesday,April,0,468.9
Bakery,38.51,345,16,Saturday,January,1,34.66
Personal Care,463.42,428,74,Thursday,June,0,486.59
Bakery,132.22,56,22,Monday,August,0,132.22
Snacks,21.03,279,10,Thursday,April,0,18.93
Personal Care,255.39,43,3,Sunday,June,1,229.85
Dairy,75.91,237,98,Tuesday,June,0,85.02
Fruits,400.08,234,100,Tuesday,July,0,448.09
Bakery,429.63,163,69,Saturday,May,1,451.11
Snacks,453.01,58,90,Tuesday,August,0,507.37
Snacks,452.21,288,46,Sunday,September,1,452.21
Beverages,152.15,153,68,Sunday,March,1,159.76
Beverages,267.14,422,1,Sunday,September,1,240.43
Household,229.47,489,120,Tuesday,November,0,257.01
Snacks,198.59,122,74,Monday,July,0,208.52
Bakery,393.13,381,44,Sunday,January,1,393.13
Beverages,162.13,442,85,Saturday,June,1,170.24
Household,393.27,91,44,Thursday,September,0,393.27
Fruits,470.26,410,81,Monday,September,0,493.77
Vegetables,29.73,357,107,Tuesday,June,0,33.3
Fruits,394.42,408,75,Friday,November,0,414.14
Vegetables,82.09,407,45,Wednesday,February,0,82.09
Snacks,239.25,440,95,Sunday,March,1,251.21
Vegetables,97.19,50,23,Thursday,February,0,97.19
Frozen,464.52,119,15,Saturday,July,1,464.52
Household,463.51,330,71,Monday,January,0,486.69
Frozen,265.98,39,98,Saturday,February,1,297.9
Frozen,26.73,85,81,Monday,December,0,28.07
Bakery,92.74,445,14,Sunday,March,1,83.47
Household,274.32,455,101,Wednesday,August,0,288.04
Beverages,125.84,236,104,Wednesday,September,0,140.94
Personal Care,258.11,461,89,Tuesday,November,0,271.02
Frozen,289.48,260,2,Saturday,March,1,260.53
Beverages,174.65,24,73,Monday,April,0,183.38
Household,333.8,376,60,Saturday,November,1,333.8
Vegetables,392.04,111,61,Saturday,May,1,411.64
Beverages,405.5,55,39,Sunday,February,1,405.5
Household,377.62,12,73,Friday,June,0,396.5
Beverages,432.61,32,97,Wednesday,July,0,484.52
Dairy,178.12,275,76,Friday,March,0,187.03
Frozen,68.51,13,87,Wednesday,May,0,76.73
Fruits,374.55,212,86,Saturday,February,1,419.5
Personal Care,290.42,137,26,Wednesday,January,0,290.42
Household,40.53,119,105,Sunday,July,1,45.39
Vegetables,59.46,309,40,Sunday,November,1,59.46
Household,232.69,162,104,Wednesday,December,0,260.61
Household,92.33,162,48,Sunday,September,1,96.95
Fruits,71.53,414,41,Wednesday,January,0,64.38
Household,411.62,76,36,Monday,February,0,411.62
Dairy,264.56,330,111,Monday,June,0,296.31
Personal Care,15.1,426,79,Friday,March,0,15.86
Beverages,312.56,351,87,Tuesday,May,0,328.19
Frozen,205.31,306,58,Tuesday,June,0,205.31
Personal Care,281.31,181,36,Sunday,June,1,281.31
Household,232.61,221,27,Wednesday,September,0,232.61
Household,407.89,424,43,Saturday,January,1,407.89
Dairy,85.74,351,101,Monday,October,0,90.03
Fruits,471.41,305,118,Thursday,November,0,527.98
Fruits,389.9,449,21,Friday,July,0,350.91
Frozen,48.87,260,18,Friday,June,0,43.98
Dairy,141.79,215,17,Monday,October,0,127.61
Personal Care,498.21,113,103,Wednesday,February,0,558.0
Dairy,457.88,424,30,Saturday,January,1,412.09
Bakery,393.82,101,7,Saturday,February,1,354.44
Bakery,129.69,200,31,Tuesday,October,0,129.69
Vegetables,280.61,264,39,Friday,July,0,280.61
Frozen,214.17,208,62,Tuesday,May,0,224.88
Vegetables,71.22,183,88,Tuesday,October,0,74.78
Bakery,99.61,459,118,Monday,October,0,111.56
Dairy,134.51,358,117,Sunday,November,1,150.65
Frozen,25.89,163,54,Friday,January,0,27.18
Personal Care,381.85,212,101,Saturday,May,1,427.67
Personal Care,136.06,385,115,Saturday,July,1,152.39
Personal Care,158.22,332,9,Saturday,February,1,142.4
Dairy,211.03,8,79,Friday,November,0,236.35
Dairy,476.13,107,82,Sunday,January,1,533.27
Snacks,93.83,397,114,Sunday,November,1,105.09
Bakery,434.05,49,81,Friday,August,0,486.14
Bakery,26.18,11,87,Sunday,May,1,29.32
Personal Care,465.64,134,98,Sunday,July,1,521.52
Snacks,270.32,287,75,Tuesday,March,0,283.84
Vegetables,161.24,34,40,Saturday,May,1,169.3
Fruits,289.98,357,83,Saturday,June,1,304.48
Fruits,478.43,113,42,Friday,January,0,478.43
Household,475.24,491,35,Monday,July,0,427.72
Snacks,61.24,309,92,Tuesday,August,0,64.3
Household,28.71,1,53,Saturday,November,1,30.15
Beverages,60.28,98,79,Saturday,January,1,67.51
Dairy,477.43,471,4,Saturday,July,1,429.69
Fruits,359.4,147,99,Friday,November,0,402.53
Bakery,389.48,417,58,Friday,September,0,389.48
Dairy,108.79,324,30,Monday,April,0,97.91
Snacks,246.49,399,83,Saturday,December,1,258.81
Vegetables,61.52,111,90,Monday,December,0,68.9
Bakery,421.48,46,59,Monday,October,0,442.55
Personal Care,148.83,166,113,Thursday,February,0,166.69
Vegetables,42.04,131,15,Monday,March,0,37.84
Dairy,223.56,461,50,Friday,February,0,223.56
Vegetables,384.42,452,43,Tuesday,July,0,345.98
Bakery,37.96,256,4,Thursday,July,0,34.16
Frozen,245.69,4,24,Wednesday,December,0,245.69
Vegetables,314.78,434,17,Thursday,February,0,283.3
Fruits,245.89,489,101,Tuesday,July,0,258.18
Vegetables,330.6,366,113,Saturday,August,1,370.27
Vegetables,385.14,37,8,Sunday,June,1,385.14
Beverages,256.23,149,9,Thursday,November,0,230.61
Vegetables,403.07,409,30,Monday,September,0,362.76
Household,192.04,340,41,Thursday,August,0,192.04
Frozen,354.99,277,57,Friday,November,0,354.99
Dairy,167.43,380,39,Monday,February,0,167.43
Frozen,336.27,195,77,Monday,February,0,353.08
Household,111.62,11,82,Wednesday,March,0,125.01
Personal Care,78.02,493,108,Friday,October,0,81.92
Frozen,334.24,300,101,Thursday,October,0,374.35
Fruits,211.47,219,79,Sunday,October,1,222.04
Dairy,34.92,240,72,Tuesday,September,0,36.67
Bakery,206.13,498,2,Wednesday,February,0,185.52
Snacks,253.08,444,91,Saturday,July,1,265.73
Personal Care,338.5,149,117,Friday,August,0,379.12
Dairy,113.3,121,40,Monday,January,0,113.3
Snacks,44.4,52,10,Wednesday,June,0,39.96
Fruits,378.63,442,62,Monday,February,0,378.63
Vegetables,118.95,477,88,Saturday,August,1,124.9
Vegetables,159.8,471,3,Friday,March,0,143.82
Personal Care,496.19,194,2,Saturday,December,1,446.57
Personal Care,460.96,472,20,Monday,February,0,414.86
Snacks,490.2,78,102,Sunday,March,1,549.02
Snacks,289.34,328,32,Saturday,June,1,289.34
Personal Care,35.21,192,58,Monday,April,0,36.97
Snacks,384.74,134,117,Wednesday,August,0,430.91
Beverages,316.97,283,10,Tuesday,February,0,285.27
Frozen,455.88,365,106,Wednesday,November,0,510.59
Fruits,123.76,190,118,Monday,June,0,138.61
Personal Care,490.94,195,7,Saturday,July,1,441.85
Frozen,40.35,361,56,Thursday,May,0,40.35
Fruits,54.18,140,27,Wednesday,December,0,54.18
Frozen,324.48,419,72,Tuesday,May,0,340.7
Vegetables,170.22,304,59,Wednesday,February,0,170.22
Household,419.92,306,67,Sunday,January,1,440.92
Dairy,163.71,261,30,Tuesday,July,0,163.71
Fruits,321.73,208,7,Thursday,April,0,289.56
Dairy,44.51,429,115,Friday,September,0,49.85
Beverages,411.33,47,96,Monday,October,0,460.69
Household,315.68,256,71,Tuesday,December,0,331.46
Snacks,98.04,171,80,Saturday,December,1,102.94
Frozen,413.83,118,115,Wednesday,June,0,463.49
Bakery,47.02,433,90,Monday,December,0,49.37
Dairy,491.14,197,45,Monday,June,0,491.14
Bakery,116.19,77,120,Sunday,March,1,130.13
Beverages,213.48,315,99,Tuesday,July,0,239.1
Household,260.36,118,105,Wednesday,December,0,291.6
Frozen,424.59,170,20,Monday,December,0,382.13
Personal Care,277.95,73,114,Wednesday,March,0,311.3
Frozen,411.09,239,88,Friday,February,0,431.64
Snacks,402.97,257,48,Monday,June,0,402.97
Vegetables,206.58,146,113,Monday,October,0,231.37
Personal Care,418.4,445,118,Thursday,February,0,468.61
Vegetables,270.18,71,77,Friday,February,0,283.69
Fruits,271.53,461,99,Thursday,July,0,285.11
Frozen,58.47,186,33,Wednesday,December,0,58.47
Vegetables,371.24,337,81,Thursday,February,0,389.8
Vegetables,226.14,14,11,Tuesday,July,0,203.53
Household,43.54,95,2,Monday,July,0,39.19
Snacks,186.91,202,78,Monday,April,0,196.26
Frozen,161.72,229,24,Sunday,November,1,161.72
Household,300.6,421,46,Thursday,September,0,300.6
Personal Care,96.65,52,92,Tuesday,March,0,108.25
Vegetables,451.36,309,68,Wednesday,April,0,473.93
Household,409.85,419,14,Wednesday,April,0,368.87
Dairy,56.39,471,103,Friday,May,0,59.21
Beverages,203.99,448,60,Tuesday,July,0,203.99
Snacks,449.02,167,115,Sunday,February,1,502.9
Household,126.72,23,91,Wednesday,November,0,141.93
Snacks,21.27,15,38,Wednesday,April,0,21.27
Bakery,26.4,19,22,Wednesday,October,0,26.4
Dairy,154.54,191,38,Saturday,August,1,154.54
Frozen,302.64,239,14,Tuesday,June,0,272.38
Household,43.06,490,65,Wednesday,July,0,43.06
Bakery,241.92,261,39,Thursday,February,0,241.92
Beverages,231.54,313,77,Tuesday,August,0,243.12
Beverages,396.52,44,78,Sunday,September,1,444.1
Fruits,273.76,103,105,Tuesday,April,0,306.61
Snacks,37.13,187,45,Saturday,October,1,37.13
Fruits,387.81,36,31,Wednesday,June,0,387.81
Beverages,356.18,3,90,Tuesday,March,0,398.92
Fruits,314.0,51,85,Thursday,August,0,351.68
Dairy,26.62,417,23,Friday,January,0,23.96
Vegetables,178.74,372,106,Sunday,June,1,200.19
Bakery,231.88,333,76,Wednesday,September,0,243.47
Vegetables,358.61,282,32,Tuesday,December,0,358.61
Bakery,54.99,262,74,Thursday,September,0,57.74
Snacks,187.62,18,48,Tuesday,November,0,197.0
Household,324.8,403,33,Monday,December,0,292.32
Frozen,21.79,175,51,Wednesday,April,0,21.79
Beverages,440.14,6,7,Friday,September,0,396.13
Household,474.27,412,74,Monday,June,0,497.98
Fruits,345.12,256,120,Wednesday,January,0,386.53
Frozen,354.46,464,86,Thursday,March,0,372.18
Beverages,305.61,462,23,Sunday,March,1,275.05
Household,15.96,126,66,Thursday,June,0,16.76
Snacks,55.76,101,41,Friday,May,0,55.76
Vegetables,349.11,79,8,Friday,May,0,314.2
Bakery,266.57,152,36,Thursday,December,0,266.57
Beverages,489.55,23,35,Sunday,March,1,489.55
Personal Care,175.15,376,64,Saturday,October,1,183.91
Fruits,101.5,99,99,Monday,April,0,113.68
Beverages,414.68,46,14,Saturday,September,1,414.68
Dairy,259.9,444,100,Sunday,November,1,272.89
Beverages,335.41,114,111,Sunday,September,1,375.66
Dairy,234.33,110,68,Wednesday,November,0,246.05
Fruits,418.75,312,6,Tuesday,March,0,376.88
Bakery,332.83,172,113,Monday,June,0,372.77
Household,219.22,436,59,Tuesday,December,0,219.22
Snacks,225.04,38,7,Thursday,March,0,202.54
Fruits,239.23,375,72,Sunday,December,1,251.19
Fruits,366.82,323,43,Saturday,December,1,366.82
Fruits,125.17,149,54,Monday,June,0,131.43
Fruits,378.23,389,5,Wednesday,January,0,340.41
Beverages,349.35,49,77,Tuesday,June,0,366.82
Dairy,362.73,190,66,Sunday,November,1,380.87
Snacks,204.22,267,111,Tuesday,June,0,228.73
Bakery,234.69,25,82,Tuesday,May,0,262.85
Household,331.39,496,48,Saturday,March,1,331.39
Frozen,443.17,468,33,Thursday,October,0,398.85
Snacks,481.19,156,25,Tuesday,March,0,481.19
Beverages,279.9,229,107,Tuesday,February,0,313.49
Snacks,13.92,345,64,Tuesday,March,0,13.92
Beverages,393.4,155,39,Friday,May,0,393.4
Dairy,324.81,7,35,Wednesday,April,0,324.81
Personal Care,151.53,202,105,Tuesday,March,0,169.71
Fruits,481.58,463,103,Friday,March,0,505.66
Vegetables,44.94,79,62,Tuesday,May,0,47.19
Snacks,106.72,240,58,Tuesday,November,0,106.72
Dairy,140.15,472,69,Sunday,December,1,140.15
Personal Care,150.55,489,106,Thursday,July,0,158.08
Beverages,322.62,419,20,Wednesday,November,0,290.36
Household,289.92,158,103,Friday,May,0,324.71
Vegetables,89.75,405,64,Wednesday,October,0,89.75
Frozen,188.61,305,71,Thursday,July,0,198.04
Personal Care,477.67,495,31,Monday,January,0,429.9
Vegetables,402.3,349,102,Sunday,August,1,450.58
Bakery,36.01,76,29,Wednesday,October,0,36.01
Bakery,203.19,110,98,Monday,September,0,227.57
Beverages,339.02,136,96,Sunday,May,1,379.7
Frozen,340.11,298,42,Sunday,July,1,340.11
Frozen,339.04,495,43,Thursday,December,0,305.14
Frozen,15.51,341,4,Thursday,July,0,13.96
Beverages,147.05,376,41,Monday,April,0,147.05
Dairy,295.04,58,110,Sunday,March,1,330.44
Fruits,368.93,150,91,Friday,June,0,413.2
Fruits,404.6,394,85,Wednesday,October,0,424.83
Personal Care,46.63,286,37,Saturday,May,1,46.63
Beverages,223.52,347,36,Friday,November,0,201.17
Household,119.22,479,6,Wednesday,August,0,107.3
Household,143.15,152,11,Wednesday,September,0,128.84
Fruits,160.5,306,16,Wednesday,November,0,144.45
Dairy,94.83,81,94,Friday,June,0,106.21
Bakery,372.74,379,48,Saturday,September,1,372.74
Fruits,469.52,264,11,Monday,July,0,422.57
Household,182.29,425,116,Saturday,September,1,204.16
Bakery,161.93,32,109,Friday,August,0,181.36
Frozen,306.54,61,104,Wednesday,August,0,343.32
Personal Care,281.67,483,4,Monday,May,0,253.5
Vegetables,339.17,219,120,Sunday,October,1,379.87
Dairy,267.3,7,111,Saturday,March,1,299.38
Frozen,411.3,373,66,Tuesday,March,0,411.3
Personal Care,290.85,376,102,Friday,April,0,305.39
Personal Care,74.35,432,64,Wednesday,October,0,74.35
Fruits,489.18,152,59,Wednesday,March,0,513.64
Beverages,257.06,33,48,Wednesday,February,0,269.91
Household,209.0,428,82,Wednesday,October,0,219.45
Snacks,372.41,72,76,Friday,June,0,391.03
Beverages,26.91,106,5,Monday,July,0,24.22
Dairy,151.34,427,54,Sunday,April,1,151.34
Fruits,191.4,308,82,Sunday,December,1,200.97
Fruits,348.55,94,74,Friday,May,0,365.98
Frozen,317.66,466,47,Friday,June,0,317.66
Fruits,211.25,16,48,Monday,November,0,221.81
Household,240.38,306,98,Friday,August,0,269.23
Household,358.53,377,80,Tuesday,October,0,376.46
Bakery,271.11,395,81,Saturday,November,1,284.67
Bakery,314.61,21,45,Wednesday,September,0,330.34
Personal Care,212.68,184,118,Tuesday,October,0,238.2
Bakery,354.2,274,75,Tuesday,June,0,371.91
Vegetables,35.34,280,116,Tuesday,January,0,39.58
Fruits,198.85,279,18,Saturday,January,1,178.97
Household,133.02,70,52,Monday,March,0,139.67
Personal Care,145.05,362,16,Monday,August,0,130.55
Snacks,377.79,258,37,Friday,July,0,377.79
Beverages,368.96,135,32,Saturday,December,1,368.96
Frozen,284.22,424,93,Wednesday,September,0,298.43
Household,26.69,12,9,Tuesday,December,0,24.02
Personal Care,78.14,90,30,Wednesday,December,0,78.14
Household,375.4,142,40,Saturday,December,1,375.4
Dairy,192.02,370,91,Monday,January,0,201.62
Frozen,73.29,261,114,Saturday,January,1,82.08
Beverages,11.45,333,14,Monday,May,0,10.3
Bakery,80.62,186,66,Friday,July,0,84.65
Dairy,153.05,336,51,Monday,March,0,153.05
Beverages,163.52,319,22,Saturday,January,1,147.17
Bakery,61.5,278,65,Wednesday,June,0,64.58
Beverages,203.41,251,18,Friday,December,0,183.07
Beverages,249.91,66,92,Thursday,February,0,279.9
Beverages,193.13,66,99,Thursday,October,0,216.31
Fruits,445.37,476,1,Wednesday,January,0,400.83
Beverages,231.01,273,111,Saturday,April,1,258.73
Dairy,398.39,6,7,Friday,November,0,358.55
Personal Care,490.04,427,45,Tuesday,June,0,490.04
Personal Care,29.06,5,96,Saturday,April,1,32.55
Household,337.73,499,119,Monday,November,0,378.26
Vegetables,259.76,400,113,Friday,April,0,290.93
Personal Care,376.14,253,50,Sunday,May,1,376.14
Personal Care,226.88,339,76,Thursday,October,0,238.22
Beverages,199.38,385,86,Saturday,October,1,209.35
Bakery,50.81,334,100,Saturday,December,1,56.91
Bakery,211.17,342,34,Thursday,July,0,190.05
Frozen,338.52,111,24,Thursday,July,0,338.52
Snacks,336.68,377,11,Friday,September,0,303.01
Beverages,302.33,226,65,Sunday,November,1,317.45
Fruits,197.25,358,106,Tuesday,May,0,220.92
Household,264.63,156,65,Sunday,June,1,277.86
Bakery,203.02,455,24,Thursday,April,0,182.72
Household,225.46,166,38,Saturday,September,1,225.46
Personal Care,171.74,154,4,Sunday,June,1,154.57
Personal Care,394.86,212,69,Tuesday,April,0,414.6
Bakery,439.43,92,15,Saturday,December,1,439.43
Personal Care,239.03,336,31,Sunday,September,1,239.03
Dairy,434.22,81,58,Monday,June,0,455.93
Household,156.43,5,22,Thursday,May,0,156.43
Bakery,453.85,392,23,Wednesday,April,0,408.47
Beverages,497.05,491,105,Saturday,June,1,521.9
Vegetables,300.38,82,4,Saturday,December,1,270.34
Fruits,308.68,8,83,Wednesday,November,0,345.72
Beverages,198.58,421,110,Saturday,July,1,222.41
Bakery,342.48,126,49,Saturday,August,1,359.6
Frozen,497.96,158,81,Friday,June,0,522.86
Beverages,443.8,167,88,Tuesday,October,0,497.06
Household,435.54,4,27,Saturday,November,1,435.54
Bakery,465.56,14,15,Tuesday,December,0,465.56
Beverages,373.74,377,78,Thursday,September,0,392.43
Household,190.59,292,104,Thursday,June,0,213.46
Beverages,47.83,45,61,Thursday,December,0,50.22
Vegetables,420.94,6,22,Friday,February,0,420.94
Dairy,166.89,289,28,Friday,January,0,150.2
Snacks,36.72,160,103,Saturday,February,1,41.13
Frozen,254.71,413,3,Tuesday,December,0,229.24
Bakery,157.74,96,103,Saturday,October,1,176.67
Dairy,400.28,263,115,Tuesday,May,0,448.31
Dairy,59.24,237,59,Saturday,March,1,62.2
Household,341.5,67,16,Sunday,January,1,341.5
Vegetables,466.6,299,28,Monday,November,0,419.94
Frozen,347.16,443,66,Wednesday,April,0,347.16
Vegetables,321.11,425,80,Monday,April,0,337.17
Household,449.05,402,76,Sunday,May,1,471.5
Bakery,345.32,464,16,Friday,August,0,310.79
Beverages,239.2,90,78,Tuesday,April,0,251.16
Bakery,237.9,222,105,Monday,April,0,266.45
Frozen,492.39,438,15,Monday,June,0,443.15
Frozen,327.35,410,45,Saturday,June,1,327.35
Personal Care,453.96,350,10,Saturday,August,1,408.56
Vegetables,39.52,280,71,Wednesday,June,0,41.5
Fruits,202.54,135,16,Saturday,December,1,202.54
Frozen,100.12,115,15,Thursday,May,0,90.11
Dairy,327.32,358,27,Thursday,April,0,294.59
Snacks,480.35,28,93,Wednesday,June,0,537.99
Fruits,484.15,143,13,Saturday,March,1,435.74
Vegetables,219.99,376,85,Saturday,April,1,230.99
Fruits,245.3,290,97,Monday,June,0,274.74
Personal Care,86.46,401,29,Monday,August,0,77.81
Dairy,477.09,253,60,Thursday,March,0,500.94
Bakery,469.43,323,110,Saturday,November,1,525.76
Fruits,336.77,288,84,Sunday,August,1,353.61
Beverages,274.57,233,66,Tuesday,July,0,288.3
Household,14.46,440,81,Tuesday,February,0,15.18
Beverages,467.04,192,112,Wednesday,September,0,523.08
Snacks,223.11,81,41,Tuesday,October,0,223.11
Frozen,250.28,282,27,Tuesday,April,0,225.25
Household,106.72,76,10,Wednesday,June,0,96.05
Household,101.17,110,116,Sunday,October,1,113.31
Snacks,469.59,174,77,Saturday,November,1,493.07
Bakery,481.31,183,90,Monday,September,0,539.07
Household,30.58,248,101,Friday,August,0,34.25
Beverages,90.33,483,13,Monday,December,0,81.3
Vegetables,293.75,286,89,Friday,August,0,308.44
Dairy,445.33,308,72,Wednesday,January,0,467.6
Dairy,459.29,113,68,Friday,November,0,482.25
Bakery,59.68,114,17,Monday,April,0,53.71
Frozen,20.73,203,4,Tuesday,April,0,18.66
Fruits,145.19,491,52,Sunday,February,1,145.19
Beverages,206.96,422,1,Thursday,March,0,186.26
Vegetables,39.55,241,78,Tuesday,December,0,41.53
Personal Care,420.49,406,105,Thursday,October,0,441.51
Frozen,307.44,328,75,Monday,January,0,322.81
Beverages,115.9,296,98,Tuesday,August,0,129.81
Vegetables,462.31,32,35,Wednesday,July,0,462.31
Dairy,12.66,295,115,Monday,October,0,14.18
Personal Care,297.28,111,43,Friday,December,0,297.28
Beverages,39.45,249,112,Tuesday,November,0,44.18
Dairy,397.1,437,74,Sunday,October,1,416.96
Fruits,269.51,18,43,Wednesday,January,0,282.99
Bakery,155.68,463,36,Tuesday,January,0,140.11
Bakery,61.15,35,81,Thursday,August,0,68.49
Dairy,396.51,453,14,Tuesday,November,0,356.86
Bakery,38.02,161,32,Wednesday,April,0,38.02
Household,382.66,492,38,Saturday,March,1,344.39
Snacks,219.12,343,27,Sunday,August,1,197.21
Household,192.54,136,78,Monday,March,0,202.17
Vegetables,97.85,406,106,Wednesday,March,0,109.59
Personal Care,288.05,138,100,Friday,June,0,322.62
Frozen,66.09,316,38,Sunday,July,1,66.09
Household,330.69,273,44,Wednesday,December,0,330.69
Fruits,490.5,421,80,Friday,October,0,515.02
Snacks,327.87,43,55,Monday,March,0,344.26
Fruits,467.1,73,39,Tuesday,July,0,467.1
Beverages,457.47,436,11,Monday,June,0,411.72
Dairy,230.11,216,69,Friday,March,0,241.62
Snacks,81.02,390,16,Thursday,February,0,72.92
Bakery,146.74,475,60,Wednesday,April,0,146.74
Dairy,54.72,162,100,Thursday,January,0,61.29
Household,184.03,378,5,Sunday,February,1,165.63
Personal Care,130.04,338,111,Monday,March,0,145.64
Fruits,418.62,201,58,Saturday,October,1,439.55
Bakery,338.8,66,36,Sunday,May,1,338.8
Dairy,147.45,469,19,Saturday,September,1,132.7
Snacks,72.97,87,4,Monday,October,0,65.67
Household,140.34,20,119,Friday,May,0,157.18
Beverages,394.44,307,60,Friday,December,0,394.44
Frozen,242.18,152,18,Thursday,April,0,217.96
Snacks,358.6,497,16,Tuesday,March,0,322.74
Household,213.62,93,11,Tuesday,November,0,192.26
Fruits,144.57,458,113,Saturday,December,1,161.92
Personal Care,16.65,171,48,Monday,July,0,16.65
Beverages,375.82,240,60,Sunday,March,1,394.61
Bakery,208.32,345,98,Sunday,July,1,233.32
Snacks,465.61,143,74,Sunday,July,1,488.89
Bakery,235.78,159,51,Wednesday,September,0,235.78
Fruits,316.57,431,65,Tuesday,January,0,316.57
Fruits,423.75,301,110,Wednesday,December,0,474.6
Beverages,488.95,256,44,Thursday,January,0,488.95
Personal Care,394.64,398,103,Thursday,May,0,414.37
Vegetables,341.76,453,114,Saturday,August,1,382.77
Bakery,450.3,108,98,Monday,April,0,504.34
Fruits,214.72,348,15,Thursday,May,0,193.25
Vegetables,61.27,368,53,Thursday,May,0,61.27
Snacks,60.63,442,19,Monday,December,0,54.57
Vegetables,98.33,78,45,Friday,July,0,98.33
Fruits,119.14,152,86,Thursday,June,0,125.1
Snacks,326.16,246,103,Friday,May,0,365.3
Bakery,486.95,218,84,Wednesday,August,0,511.3
Household,371.35,12,108,Friday,February,0,415.91
Household,239.45,353,48,Wednesday,February,0,239.45
Household,232.57,220,16,Saturday,May,1,209.31
Beverages,284.05,94,30,Wednesday,March,0,284.05
Vegetables,92.9,318,57,Friday,September,0,92.9
Frozen,496.56,79,32,Saturday,June,1,496.56
Snacks,429.07,372,23,Tuesday,February,0,386.16
Snacks,451.68,80,91,Friday,July,0,505.88
Vegetables,251.76,300,85,Thursday,April,0,264.35
Beverages,170.63,471,72,Saturday,October,1,179.16
Frozen,35.33,296,101,Saturday,April,1,39.57
Personal Care,252.18,280,48,Friday,September,0,252.18
Snacks,158.1,123,20,Saturday,September,1,158.1
Dairy,387.05,440,13,Friday,May,0,348.35
Dairy,313.0,188,10,Thursday,August,0,281.7
Dairy,352.64,251,10,Wednesday,May,0,317.38
Vegetables,296.76,290,110,Saturday,June,1,332.37
Dairy,192.77,351,119,Sunday,July,1,215.9
Beverages,462.53,221,86,Monday,August,0,485.66
Frozen,282.24,445,56,Tuesday,August,0,282.24
Personal Care,472.82,10,49,Friday,December,0,496.46
Household,289.31,129,53,Wednesday,March,0,303.78
Bakery,170.98,248,113,Tuesday,May,0,191.5
Vegetables,309.67,196,92,Thursday,June,0,346.83
Personal Care,216.87,110,77,Friday,October,0,227.71
Fruits,346.32,112,1,Saturday,August,1,311.69
Dairy,437.41,144,51,Thursday,July,0,459.28
Dairy,362.37,432,117,Sunday,December,1,405.85
Household,343.99,69,90,Thursday,December,0,385.27
Bakery,417.43,404,18,Sunday,May,1,375.69
Fruits,64.56,451,113,Monday,June,0,72.31
Beverages,11.86,138,91,Monday,December,0,13.28
Bakery,313.69,41,93,Sunday,August,1,351.33
Dairy,205.19,289,30,Wednesday,May,0,184.67
Vegetables,308.49,361,84,Monday,March,0,323.91
Bakery,426.16,136,94,Monday,October,0,477.3
Bakery,164.0,407,69,Monday,July,0,164.0
Fruits,451.99,268,28,Tuesday,October,0,406.79
Fruits,10.93,150,79,Sunday,September,1,11.48
Snacks,166.52,436,31,Tuesday,August,0,149.87
Fruits,33.13,208,9,Sunday,October,1,29.82
Snacks,83.32,259,104,Sunday,November,1,93.32
Fruits,177.36,71,41,Thursday,July,0,177.36
Vegetables,409.57,179,120,Saturday,March,1,458.72
Frozen,140.32,225,119,Friday,November,0,157.16
Fruits,461.39,402,104,Friday,August,0,484.46
Household,77.37,156,17,Monday,August,0,69.63
Bakery,384.6,310,107,Monday,July,0,430.75
Vegetables,140.71,310,111,Saturday,June,1,157.6
Vegetables,461.92,438,96,Thursday,April,0,485.02
Personal Care,349.51,151,84,Wednesday,October,0,366.99
Dairy,169.63,109,111,Thursday,June,0,189.99
Personal Care,285.8,29,36,Friday,November,0,285.8
Household,355.08,391,9,Saturday,May,1,319.57
Bakery,448.47,41,1,Friday,October,0,403.62
Vegetables,463.26,417,83,Tuesday,July,0,486.42
Dairy,182.03,317,101,Wednesday,August,0,203.87
Bakery,108.19,99,76,Tuesday,July,0,113.6
Frozen,218.56,302,48,Sunday,November,1,218.56
Vegetables,44.88,272,26,Sunday,August,1,44.88
Dairy,103.44,138,64,Saturday,April,1,108.61
Bakery,389.7,95,97,Sunday,November,1,436.46
Household,415.08,319,64,Monday,August,0,435.83
Household,56.79,290,81,Sunday,August,1,59.63
Frozen,252.65,31,8,Tuesday,September,0,227.39
Frozen,247.88,375,13,Thursday,January,0,223.09
Fruits,127.19,47,75,Sunday,September,1,142.45
Household,32.19,139,115,Thursday,September,0,36.05
Vegetables,78.85,174,47,Thursday,November,0,78.85
Frozen,61.37,451,70,Saturday,March,1,64.44
Personal Care,34.09,267,20,Friday,November,0,30.68
Fruits,368.64,387,17,Thursday,November,0,331.78
Personal Care,442.76,20,49,Wednesday,August,0,464.9
Dairy,271.0,229,5,Wednesday,May,0,243.9
Bakery,326.27,341,3,Thursday,December,0,293.64
Snacks,476.28,415,20,Thursday,December,0,428.65
Household,324.61,255,76,Wednesday,April,0,340.84
Beverages,373.6,184,6,Monday,January,0,336.24
Personal Care,338.31,200,44,Friday,July,0,338.31
Dairy,408.88,251,44,Wednesday,June,0,408.88
Personal Care,360.14,96,23,Tuesday,April,0,360.14
Frozen,14.17,393,90,Friday,May,0,14.88
Snacks,390.45,228,18,Friday,November,0,351.4
Frozen,293.9,339,29,Tuesday,February,0,264.51
Household,73.64,360,75,Wednesday,October,0,77.32
Frozen,48.7,411,58,Saturday,January,1,48.7
Vegetables,266.63,418,35,Friday,December,0,239.97
Bakery,284.29,71,56,Wednesday,October,0,298.5
Dairy,462.53,302,33,Monday,December,0,462.53
Beverages,191.82,158,62,Tuesday,May,0,201.41
Frozen,109.99,18,98,Tuesday,May,0,123.19
Household,273.84,374,37,Sunday,January,1,273.84
Personal Care,103.83,260,74,Wednesday,April,0,109.02
Frozen,433.09,216,91,Wednesday,August,0,454.74
Dairy,173.04,352,61,Monday,October,0,173.04
Frozen,67.73,385,89,Sunday,November,1,71.12
Dairy,223.96,185,62,Saturday,January,1,235.16
Fruits,70.63,10,96,Friday,January,0,79.11
Beverages,332.89,261,62,Friday,June,0,349.53
Beverages,251.67,69,93,Wednesday,May,0,281.87
Dairy,421.56,289,44,Tuesday,June,0,421.56
Bakery,254.1,239,16,Sunday,February,1,228.69
Vegetables,259.59,74,10,Tuesday,February,0,233.63
Fruits,81.18,193,93,Monday,April,0,90.92
Beverages,445.37,332,100,Sunday,September,1,498.81
Dairy,20.41,392,14,Friday,June,0,18.37
Personal Care,463.59,268,82,Saturday,August,1,486.77
Personal Care,314.24,16,28,Tuesday,May,0,314.24
Frozen,227.48,189,59,Thursday,April,0,238.85
Frozen,338.31,58,37,Monday,March,0,338.31
Beverages,200.06,179,55,Sunday,March,1,210.06
Dairy,316.05,261,108,Wednesday,December,0,353.98
Frozen,49.19,374,72,Monday,March,0,51.65
Vegetables,260.07,410,28,Friday,September,0,234.06
Vegetables,384.37,99,61,Thursday,March,0,403.59
Bakery,46.07,105,81,Saturday,February,1,51.6
Vegetables,486.29,176,114,Monday,December,0,544.64
Fruits,163.48,124,5,Friday,November,0,147.13
Fruits,91.12,351,3,Wednesday,September,0,82.01
Frozen,396.62,417,69,Monday,September,0,396.62
Beverages,36.19,144,117,Monday,March,0,40.53
Beverages,171.82,494,54,Sunday,October,1,171.82
Vegetables,326.0,122,23,Monday,May,0,326.0
Personal Care,189.01,339,81,Thursday,November,0,198.46
Vegetables,324.02,217,114,Tuesday,February,0,362.9
Personal Care,210.67,285,109,Thursday,January,0,235.95
Personal Care,373.76,496,11,Sunday,February,1,336.38
Household,69.23,362,54,Friday,June,0,69.23
Household,107.6,70,99,Monday,September,0,120.51
Bakery,425.0,56,87,Tuesday,May,0,476.0
Frozen,132.75,268,85,Friday,January,0,139.39
Fruits,498.36,446,69,Friday,October,0,498.36
Dairy,254.74,407,60,Thursday,April,0,254.74
Dairy,293.1,480,31,Friday,March,0,263.79
Beverages,98.3,75,16,Saturday,January,1,98.3
Beverages,67.58,180,119,Tuesday,April,0,75.69
Personal Care,346.1,270,40,Monday,August,0,346.1
Bakery,287.45,65,113,Sunday,March,1,321.94
Household,229.35,47,57,Thursday,October,0,240.82
Bakery,262.3,22,52,Wednesday,February,0,275.42
Fruits,350.98,116,17,Monday,April,0,315.88
Frozen,16.21,246,116,Monday,May,0,18.16
Vegetables,232.4,427,27,Thursday,September,0,209.16
Personal Care,390.77,192,61,Saturday,December,1,410.31
Frozen,335.59,491,56,Saturday,April,1,335.59
Bakery,376.72,62,90,Tuesday,November,0,421.93
Bakery,359.16,483,23,Friday,October,0,323.24
Snacks,101.27,375,30,Friday,May,0,91.14
Fruits,391.82,274,5,Sunday,January,1,352.64
Dairy,182.69,469,99,Thursday,August,0,191.82
Bakery,186.85,193,85,Thursday,April,0,196.19
Frozen,270.96,168,56,Friday,September,0,284.51
Dairy,398.72,19,75,Saturday,October,1,446.57
Fruits,390.11,135,69,Saturday,March,1,409.62
Dairy,489.16,185,2,Wednesday,August,0,440.24
Snacks,72.57,210,82,Thursday,April,0,76.2
Dairy,185.63,78,88,Wednesday,December,0,207.91
Fruits,82.43,438,120,Tuesday,August,0,92.32
Dairy,294.25,49,35,Wednesday,March,0,294.25
Vegetables,262.79,499,44,Sunday,September,1,262.79
Snacks,55.76,351,98,Thursday,January,0,58.55
Personal Care,303.49,390,115,Saturday,January,1,339.91
Bakery,101.95,5,114,Thursday,August,0,114.18
Beverages,439.28,377,18,Friday,March,0,395.35
Vegetables,233.82,28,119,Wednesday,June,0,261.88
Snacks,400.15,361,104,Saturday,March,1,448.17
Vegetables,78.85,424,39,Friday,June,0,70.97
Vegetables,460.55,72,92,Wednesday,August,0,515.82
Frozen,315.58,356,71,Wednesday,September,0,331.36
Snacks,305.35,245,20,Wednesday,February,0,274.82
Dairy,272.56,216,56,Wednesday,February,0,272.56
Fruits,93.21,357,71,Wednesday,November,0,97.87
Household,453.24,478,69,Friday,June,0,453.24
Household,122.87,422,109,Wednesday,June,0,137.61
Snacks,145.64,87,27,Sunday,September,1,145.64
Household,92.93,151,53,Sunday,February,1,97.58
Bakery,459.76,41,8,Saturday,June,1,413.78
Household,301.42,237,95,Friday,December,0,337.59
Personal Care,100.53,469,96,Tuesday,May,0,105.56
Bakery,130.49,157,21,Thursday,December,0,117.44
Beverages,259.03,376,69,Friday,December,0,271.98
Snacks,194.17,59,79,Wednesday,July,0,203.88
Household,361.23,183,89,Sunday,July,1,404.58
Dairy,120.74,207,49,Monday,October,0,120.74
Fruits,104.63,374,80,Thursday,May,0,109.86
Bakery,244.5,435,97,Thursday,November,0,256.73
Household,239.05,3,62,Thursday,October,0,251.0
Personal Care,295.11,89,1,Monday,April,0,265.6
Beverages,190.24,263,84,Thursday,July,0,199.75
Snacks,247.07,91,11,Thursday,October,0,222.36
Vegetables,243.49,289,9,Tuesday,December,0,219.14
Frozen,214.58,237,15,Thursday,April,0,193.12
Vegetables,76.71,106,61,Friday,August,0,80.55
Bakery,114.69,498,4,Sunday,March,1,103.22
Fruits,44.7,182,12,Tuesday,April,0,40.23
Beverages,221.59,21,12,Friday,August,0,221.59
Snacks,393.27,126,64,Thursday,March,0,412.93
Fruits,386.48,83,7,Friday,December,0,347.83
Frozen,33.55,92,14,Friday,February,0,30.19
Beverages,344.44,423,10,Thursday,November,0,310.0
Personal Care,495.1,331,59,Friday,July,0,495.1
Vegetables,273.41,132,70,Friday,April,0,287.08
Beverages,106.45,42,58,Saturday,May,1,111.77
Vegetables,356.07,350,65,Thursday,December,0,356.07
Personal Care,65.26,74,104,Monday,April,0,73.09
Bakery,493.8,238,48,Wednesday,November,0,493.8
Vegetables,486.1,268,4,Sunday,July,1,437.49
Bakery,496.76,483,61,Wednesday,August,0,496.76
Snacks,262.08,378,51,Sunday,July,1,262.08
Personal Care,249.17,264,104,Tuesday,May,0,279.07
Personal Care,311.75,272,46,Thursday,May,0,311.75
Fruits,85.7,188,32,Sunday,December,1,85.7
Frozen,164.82,368,103,Sunday,November,1,184.6
Household,163.87,3,109,Wednesday,October,0,183.53
Beverages,102.85,266,75,Saturday,March,1,107.99
Household,62.65,463,98,Friday,February,0,65.78
Snacks,354.88,417,119,Monday,July,0,397.47
Vegetables,489.31,116,14,Saturday,November,1,489.31
Beverages,301.22,467,68,Wednesday,January,0,301.22
Snacks,135.22,44,25,Wednesday,October,0,135.22
Dairy,254.87,24,111,Thursday,August,0,285.45
Bakery,184.64,164,21,Sunday,June,1,184.64
Vegetables,369.05,94,15,Sunday,August,1,369.05
Dairy,17.28,241,119,Sunday,September,1,19.35
Bakery,105.14,90,79,Friday,February,0,110.4
Bakery,423.04,427,15,Sunday,September,1,380.74
Beverages,481.88,405,59,Friday,September,0,481.88
Personal Care,40.03,332,65,Tuesday,August,0,42.03
Snacks,147.05,188,78,Friday,September,0,154.4
Frozen,183.78,319,71,Friday,September,0,192.97
Beverages,339.29,281,46,Friday,March,0,339.29
Personal Care,382.91,163,103,Wednesday,January,0,428.86
Snacks,316.91,221,102,Tuesday,January,0,354.94
Fruits,474.2,427,31,Tuesday,June,0,426.78
Vegetables,168.56,472,81,Sunday,June,1,176.99
Bakery,74.84,455,92,Saturday,March,1,78.58
Household,413.76,254,54,Saturday,October,1,413.76
Vegetables,161.89,74,115,Saturday,September,1,181.32
Beverages,339.27,440,12,Sunday,January,1,305.34
Personal Care,430.94,9,85,Thursday,February,0,482.65
Dairy,53.02,383,81,Wednesday,July,0,55.67
Snacks,118.71,51,67,Saturday,January,1,124.65
Fruits,180.53,321,64,Thursday,November,0,180.53
Personal Care,151.01,105,85,Tuesday,March,0,169.13
Snacks,102.17,341,119,Thursday,May,0,114.43
Beverages,446.99,77,71,Friday,April,0,469.34
Bakery,388.91,21,40,Friday,September,0,388.91
Vegetables,35.85,290,39,Wednesday,January,0,35.85
Frozen,480.53,450,60,Tuesday,February,0,480.53
Snacks,221.79,391,92,Saturday,December,1,232.88
Bakery,371.73,311,23,Saturday,September,1,334.56
Beverages,98.76,302,56,Tuesday,September,0,98.76
Beverages,189.73,194,77,Thursday,February,0,199.22
Frozen,304.34,41,59,Wednesday,June,0,319.56
Personal Care,409.37,125,28,Monday,September,0,409.37
Bakery,190.84,35,9,Saturday,April,1,190.84
Dairy,28.78,21,119,Saturday,June,1,32.23
Vegetables,318.26,374,77,Saturday,February,1,334.17
Bakery,429.25,130,104,Wednesday,April,0,480.76
Personal Care,380.7,328,93,Tuesday,May,0,399.74
Personal Care,43.21,173,95,Thursday,February,0,48.4
Snacks,448.0,442,40,Sunday,July,1,448.0
Frozen,106.54,9,57,Tuesday,September,0,111.87
Fruits,174.8,161,87,Thursday,February,0,183.54
Bakery,421.59,401,23,Friday,May,0,379.43
Dairy,155.14,22,10,Tuesday,August,0,139.63
Beverages,479.99,157,88,Monday,October,0,537.59
Fruits,183.05,78,66,Friday,November,0,192.2
Fruits,107.04,284,9,Thursday,May,0,96.34
Household,159.01,275,90,Wednesday,July,0,166.96
Beverages,477.88,183,57,Thursday,August,0,501.77
Fruits,281.0,101,22,Monday,November,0,281.0
Vegetables,374.55,232,114,Tuesday,April,0,419.5
Fruits,82.71,162,116,Thursday,November,0,92.64
Vegetables,108.1,87,111,Monday,January,0,121.07
Personal Care,164.16,412,51,Sunday,June,1,164.16
Household,413.12,314,9,Wednesday,February,0,371.81
Fruits,474.0,278,98,Saturday,March,1,530.88
Fruits,123.63,354,103,Wednesday,January,0,138.47
Beverages,65.7,84,13,Thursday,March,0,59.13
Bakery,312.15,268,117,Friday,September,0,349.61
Beverages,117.69,429,57,Tuesday,March,0,117.69
Personal Care,74.78,73,26,Wednesday,May,0,74.78
Beverages,314.81,30,117,Thursday,February,0,352.59
Beverages,490.41,488,94,Tuesday,January,0,514.93
Beverages,392.43,110,86,Monday,January,0,439.52
Fruits,487.71,116,104,Tuesday,May,0,546.24
Vegetables,323.43,141,35,Wednesday,May,0,323.43
Dairy,455.72,52,26,Saturday,August,1,455.72
Personal Care,319.98,276,58,Monday,June,0,319.98
Household,134.93,468,68,Monday,January,0,134.93
Household,239.43,93,111,Wednesday,March,0,268.16
Personal Care,160.11,118,7,Friday,December,0,144.1
Vegetables,354.34,408,26,Tuesday,December,0,318.91
Beverages,446.11,179,27,Saturday,March,1,446.11
Vegetables,436.52,94,100,Sunday,April,1,488.9
Snacks,84.52,25,11,Friday,July,0,76.07
Bakery,492.02,387,104,Thursday,March,0,516.62
Frozen,323.0,180,50,Monday,October,0,323.0
Vegetables,30.84,267,57,Tuesday,November,0,30.84
Bakery,474.22,115,84,Sunday,September,1,531.13
Personal Care,248.28,431,8,Wednesday,January,0,223.45
Beverages,412.61,86,63,Wednesday,October,0,433.24
Snacks,14.51,435,7,Sunday,December,1,13.06
Snacks,261.55,84,102,Sunday,October,1,292.94
Household,443.25,116,49,Saturday,April,1,465.41
Bakery,180.23,371,103,Sunday,August,1,201.86
Snacks,233.41,23,29,Friday,December,0,233.41
Vegetables,176.03,227,17,Saturday,July,1,158.43
Dairy,386.83,110,25,Sunday,July,1,386.83
Dairy,217.23,177,74,Friday,November,0,228.09
Dairy,394.03,225,82,Sunday,January,1,413.73
Beverages,118.1,52,113,Thursday,June,0,132.27
Dairy,440.97,51,3,Wednesday,April,0,396.87
Household,76.31,54,56,Tuesday,March,0,80.13
Frozen,185.13,81,14,Sunday,February,1,185.13
Vegetables,364.62,160,95,Wednesday,August,0,408.37
Bakery,104.75,117,36,Monday,September,0,104.75
Bakery,88.03,51,90,Sunday,December,1,98.59
Frozen,381.9,492,52,Monday,July,0,381.9
Beverages,169.34,110,54,Sunday,December,1,177.81
Bakery,423.8,340,67,Monday,September,0,444.99
Personal Care,261.86,270,103,Sunday,July,1,293.28
Fruits,421.06,238,10,Monday,January,0,378.95
Dairy,343.43,125,26,Saturday,December,1,343.43
Beverages,15.2,474,58,Saturday,July,1,15.2
Beverages,188.45,247,28,Monday,July,0,169.6
Household,220.64,450,20,Friday,June,0,198.58
Bakery,451.82,314,9,Wednesday,September,0,406.64
Beverages,396.62,318,12,Monday,January,0,356.96
Snacks,402.73,220,56,Thursday,June,0,402.73
Vegetables,29.9,278,24,Thursday,April,0,26.91
Snacks,249.89,305,79,Sunday,August,1,262.38
Snacks,44.52,178,114,Friday,October,0,49.86
Snacks,208.89,242,37,Saturday,September,1,208.89
Household,261.22,267,44,Friday,August,0,261.22
Snacks,330.92,188,61,Wednesday,May,0,347.47
Snacks,119.0,410,60,Saturday,March,1,119.0
Snacks,133.42,53,98,Wednesday,March,0,149.43
Snacks,490.37,296,79,Saturday,February,1,514.89
Bakery,290.45,216,94,Sunday,September,1,325.3
Frozen,101.35,58,13,Sunday,April,1,101.35
Fruits,188.44,220,37,Friday,September,0,188.44
Fruits,376.95,18,49,Thursday,October,0,395.8
Fruits,333.23,103,72,Wednesday,March,0,349.89
Vegetables,387.38,263,23,Thursday,November,0,348.64
Household,339.65,298,3,Monday,February,0,305.69
Dairy,449.86,116,117,Friday,January,0,503.84
Bakery,97.94,491,103,Friday,March,0,102.84
Personal Care,319.75,149,52,Saturday,April,1,335.74
Snacks,38.95,293,58,Tuesday,October,0,38.95
Household,297.34,322,90,Tuesday,August,0,312.21
Personal Care,32.88,103,30,Sunday,October,1,32.88
Beverages,390.74,120,20,Friday,April,0,390.74
Dairy,211.01,381,102,Sunday,September,1,236.33
Personal Care,409.76,30,97,Wednesday,February,0,458.93
Household,198.68,293,29,Wednesday,February,0,178.81
Snacks,488.85,120,78,Friday,May,0,513.29
Beverages,369.79,359,9,Tuesday,April,0,332.81
Dairy,110.28,484,40,Tuesday,March,0,99.25
Vegetables,291.12,172,90,Monday,September,0,326.05
Beverages,413.81,115,17,Wednesday,July,0,372.43
Household,17.42,295,37,Saturday,September,1,17.42
Personal Care,210.6,342,38,Sunday,June,1,210.6
Household,216.46,303,92,Monday,April,0,227.28
Snacks,205.38,180,36,Wednesday,April,0,205.38
Bakery,322.26,245,40,Tuesday,May,0,322.26
Fruits,299.85,190,54,Wednesday,November,0,299.85
Snacks,85.83,105,26,Tuesday,October,0,85.83
Frozen,36.84,440,31,Tuesday,January,0,33.16
Frozen,67.8,47,20,Monday,August,0,67.8
Dairy,142.63,110,61,Friday,July,0,149.76
Household,22.6,480,72,Wednesday,April,0,22.6
Snacks,388.21,480,17,Wednesday,February,0,349.39
Fruits,160.7,23,79,Sunday,August,1,179.98
Vegetables,89.71,211,78,Friday,February,0,94.2
Fruits,346.71,58,85,Thursday,May,0,388.32
Beverages,36.57,371,96,Sunday,August,1,38.4
Personal Care,497.47,240,41,Saturday,February,1,497.47
Fruits,405.64,244,63,Friday,May,0,425.92
Beverages,189.2,23,90,Friday,February,0,211.9
Frozen,176.35,258,70,Thursday,September,0,185.17
Fruits,47.56,293,51,Sunday,August,1,47.56
Personal Care,335.93,440,59,Wednesday,April,0,335.93
Bakery,197.61,340,120,Sunday,August,1,221.32
Fruits,30.93,382,49,Sunday,October,1,30.93
Household,182.01,173,101,Wednesday,January,0,203.85
Snacks,397.97,78,71,Friday,March,0,417.87
Frozen,83.37,233,43,Tuesday,July,0,83.37
Frozen,402.69,287,87,Monday,March,0,422.82
Vegetables,470.97,158,53,Monday,December,0,494.52
Personal Care,407.73,163,35,Wednesday,February,0,407.73
Bakery,405.69,250,99,Wednesday,June,0,454.37
Household,262.54,294,86,Friday,March,0,275.67
Bakery,485.31,226,3,Friday,June,0,436.78
Frozen,160.2,461,18,Saturday,October,1,144.18
Household,485.76,225,24,Tuesday,January,0,437.18
Vegetables,170.54,142,83,Wednesday,April,0,179.07
Frozen,389.12,154,36,Friday,April,0,389.12
Fruits,159.8,391,101,Sunday,August,1,178.98
Dairy,349.68,259,115,Thursday,December,0,391.64
Frozen,275.06,400,27,Friday,November,0,247.55
Personal Care,421.62,51,55,Friday,August,0,442.7
Bakery,373.89,225,90,Sunday,July,1,418.76
Beverages,447.0,303,39,Friday,January,0,447.0
Frozen,380.86,368,28,Wednesday,December,0,342.77
Bakery,403.55,398,68,Thursday,March,0,403.55
Frozen,394.53,240,104,Thursday,September,0,441.87
Vegetables,36.06,471,27,Saturday,July,1,32.45
Fruits,197.26,54,59,Thursday,March,0,207.12
Dairy,318.3,13,22,Tuesday,December,0,318.3
Bakery,312.65,310,6,Tuesday,January,0,281.38
Dairy,476.11,408,99,Sunday,May,1,499.92
Household,25.35,422,98,Thursday,March,0,26.62
Personal Care,459.4,435,40,Monday,January,0,413.46
Dairy,121.71,66,113,Tuesday,May,0,136.32
Fruits,88.99,77,105,Wednesday,April,0,99.67
Dairy,182.53,457,76,Thursday,November,0,191.66
Dairy,166.2,276,8,Friday,March,0,149.58
Snacks,465.07,15,52,Thursday,October,0,488.32
Beverages,344.02,147,51,Tuesday,October,0,344.02
Household,465.24,175,49,Wednesday,March,0,465.24
Beverages,201.65,484,110,Saturday,September,1,225.85
Bakery,466.79,230,104,Wednesday,October,0,522.8
Fruits,354.37,494,15,Sunday,November,1,318.93
Bakery,475.52,3,65,Monday,May,0,499.3
Fruits,303.94,465,39,Friday,November,0,273.55
Dairy,183.95,191,67,Wednesday,September,0,193.15
Vegetables,258.56,458,48,Friday,December,0,258.56
Bakery,445.34,393,96,Monday,November,0,467.61
Beverages,476.51,84,42,Sunday,September,1,500.34
Bakery,325.54,142,14,Thursday,September,0,292.99
Household,28.21,207,45,Thursday,April,0,28.21
Bakery,122.49,276,44,Monday,June,0,122.49
Household,77.8,239,34,Saturday,March,1,77.8
Vegetables,201.75,244,60,Monday,November,0,211.84
Dairy,95.12,500,25,Sunday,December,1,85.61
Frozen,284.63,283,101,Saturday,August,1,318.79
Vegetables,368.8,32,71,Saturday,October,1,387.24
Fruits,22.21,327,75,Wednesday,August,0,23.32
Beverages,454.31,176,116,Tuesday,October,0,508.83
Bakery,369.06,238,46,Saturday,January,1,369.06
Vegetables,199.15,424,80,Tuesday,August,0,209.11
Fruits,360.39,303,102,Sunday,November,1,403.64
Vegetables,133.45,370,25,Monday,February,0,120.1
Beverages,150.64,24,79,Saturday,December,1,168.72
Vegetables,496.93,440,50,Sunday,November,1,496.93
Dairy,329.68,126,52,Thursday,September,0,346.16
Household,251.88,146,15,Monday,September,0,226.69
Household,121.32,217,33,Tuesday,April,0,121.32
Bakery,496.57,202,112,Wednesday,March,0,556.16
Bakery,311.99,224,32,Sunday,May,1,311.99
Frozen,344.29,41,97,Monday,November,0,385.6
Vegetables,420.1,164,88,Friday,September,0,470.51
Frozen,21.83,275,101,Thursday,April,0,24.45
Vegetables,404.82,86,37,Monday,June,0,404.82
Fruits,359.45,434,87,Friday,March,0,377.42
Frozen,280.08,354,118,Sunday,November,1,313.69
Personal Care,259.29,242,101,Wednesday,February,0,290.4
Frozen,35.58,362,9,Sunday,November,1,32.02
Personal Care,32.69,498,85,Tuesday,June,0,34.32
Bakery,297.72,180,58,Tuesday,January,0,312.61
Dairy,313.09,150,53,Sunday,June,1,328.74
Beverages,146.57,119,39,Friday,April,0,146.57
Bakery,49.69,159,48,Monday,July,0,49.69
Personal Care,164.44,110,39,Saturday,October,1,164.44
Household,209.73,78,36,Monday,February,0,209.73
Snacks,263.34,496,112,Saturday,June,1,294.94
Vegetables,478.57,466,111,Sunday,May,1,536.0
Frozen,268.61,458,37,Friday,January,0,241.75
Vegetables,370.62,184,117,Saturday,March,1,415.09
Beverages,276.52,85,39,Friday,August,0,276.52
Personal Care,321.65,456,25,Tuesday,April,0,289.49
Frozen,438.31,483,84,Friday,September,0,460.23
Beverages,163.54,320,43,Saturday,June,1,163.54
Bakery,57.22,390,36,Saturday,January,1,57.22
Frozen,265.85,484,114,Sunday,May,1,297.75
Dairy,16.77,348,1,Thursday,August,0,15.09
Personal Care,238.75,479,107,Monday,October,0,250.69
Bakery,476.8,78,5,Sunday,November,1,429.12
Bakery,42.79,56,109,Thursday,November,0,47.92
Beverages,416.17,96,112,Saturday,January,1,466.11
Household,191.9,201,36,Monday,October,0,191.9
Dairy,329.39,378,30,Friday,November,0,296.45
Fruits,14.71,382,79,Thursday,December,0,15.45
Dairy,479.12,314,19,Tuesday,February,0,431.21
Dairy,427.91,477,101,Wednesday,July,0,449.31
Bakery,331.57,52,77,Saturday,November,1,371.36
Fruits,350.1,469,22,Wednesday,May,0,315.09
Fruits,339.03,226,69,Friday,April,0,355.98
Household,314.62,471,76,Sunday,May,1,330.35
Personal Care,232.7,341,48,Monday,March,0,232.7
Bakery,430.17,11,71,Thursday,November,0,451.68
Household,353.08,165,1,Friday,October,0,317.77
Dairy,244.54,54,79,Wednesday,April,0,256.77
Dairy,189.99,485,70,Wednesday,August,0,189.99
Bakery,206.22,454,36,Wednesday,February,0,185.6
Household,62.42,118,50,Sunday,February,1,65.54
Beverages,363.69,158,105,Monday,April,0,407.33
Frozen,464.46,14,16,Tuesday,August,0,464.46
Vegetables,98.83,3,77,Monday,August,0,110.69
Frozen,32.17,470,120,Saturday,May,1,36.03
Dairy,74.25,207,31,Sunday,December,1,74.25
Household,386.99,282,70,Thursday,October,0,406.34
Household,177.07,294,76,Monday,January,0,185.92
Dairy,411.32,70,102,Friday,February,0,460.68
Frozen,304.05,221,62,Monday,September,0,319.25
Snacks,79.59,118,70,Thursday,September,0,83.57
Beverages,422.88,4,71,Tuesday,November,0,444.02
Personal Care,26.1,410,7,Monday,August,0,23.49
Dairy,161.7,206,37,Monday,January,0,161.7
Snacks,431.77,287,12,Thursday,January,0,388.59
Frozen,22.81,73,53,Monday,March,0,23.95
Personal Care,137.77,115,58,Wednesday,October,0,144.66
Household,215.66,264,103,Friday,July,0,241.54
Vegetables,90.9,442,29,Wednesday,August,0,81.81
Dairy,227.28,439,37,Thursday,March,0,204.55
Household,314.8,299,63,Friday,September,0,330.54
Frozen,268.28,216,17,Sunday,January,1,241.45
Household,420.69,172,4,Thursday,August,0,378.62
Beverages,260.05,119,50,Monday,September,0,273.05
Snacks,498.35,490,22,Tuesday,April,0,448.52
Bakery,301.22,310,105,Sunday,September,1,337.37
Frozen,77.81,497,84,Saturday,August,1,81.7
Fruits,392.46,462,4,Tuesday,September,0,353.21
Fruits,134.78,468,115,Friday,October,0,150.95
Beverages,274.08,96,32,Sunday,February,1,274.08
Snacks,48.83,346,103,Friday,August,0,54.69
Bakery,77.43,32,56,Saturday,June,1,81.3
Household,432.11,102,46,Monday,August,0,432.11
Personal Care,295.97,357,38,Sunday,July,1,295.97
Vegetables,161.51,221,63,Monday,December,0,169.59
Personal Care,233.1,54,39,Tuesday,November,0,233.1
Household,54.56,436,114,Thursday,February,0,61.11
Fruits,92.6,395,1,Wednesday,April,0,83.34
Personal Care,234.02,75,82,Tuesday,February,0,262.1
Snacks,121.18,367,99,Tuesday,July,0,127.24
Bakery,148.96,111,38,Saturday,June,1,148.96
Frozen,453.35,273,95,Thursday,August,0,476.02
Bakery,327.02,48,44,Tuesday,October,0,343.37
Household,360.98,490,29,Saturday,January,1,324.88
Snacks,112.29,459,9,Thursday,January,0,101.06
Personal Care,429.86,198,22,Friday,January,0,386.87
Fruits,26.49,175,109,Monday,February,0,29.67
Personal Care,78.34,162,47,Saturday,December,1,78.34
Beverages,208.19,188,34,Monday,June,0,208.19
Fruits,400.62,43,93,Saturday,April,1,448.69
Frozen,131.77,133,77,Tuesday,September,0,138.36
Personal Care,353.78,448,43,Thursday,February,0,318.4
Household,295.59,388,53,Saturday,October,1,295.59
Bakery,416.41,301,71,Tuesday,June,0,437.23
Dairy,138.07,41,52,Monday,August,0,144.97
Bakery,115.65,252,112,Monday,May,0,129.53
Fruits,62.91,279,41,Thursday,April,0,62.91
Dairy,215.47,486,7,Thursday,November,0,193.92
Frozen,325.57,100,13,Tuesday,February,0,293.01
Beverages,433.51,285,102,Friday,August,0,485.53
Personal Care,214.79,195,109,Friday,April,0,240.56
Household,60.08,195,11,Tuesday,December,0,54.07
Snacks,148.58,457,55,Saturday,February,1,148.58
Bakery,291.78,202,27,Tuesday,October,0,291.78
Snacks,28.55,20,56,Saturday,June,1,29.98
Vegetables,326.85,78,72,Tuesday,January,0,343.19
Dairy,292.51,138,50,Tuesday,May,0,292.51
Vegetables,50.0,214,75,Wednesday,June,0,52.5
Frozen,466.04,45,115,Thursday,November,0,521.96
Vegetables,345.69,325,11,Wednesday,December,0,311.12
Dairy,349.65,284,77,Friday,March,0,367.13
Bakery,93.98,14,26,Saturday,November,1,93.98
Dairy,281.73,90,88,Thursday,April,0,315.54
Frozen,410.37,103,84,Thursday,June,0,459.61
Frozen,240.97,192,52,Friday,July,0,240.97
Household,388.13,93,5,Friday,June,0,349.32
Vegetables,416.07,79,21,Thursday,November,0,416.07
Household,13.67,330,39,Wednesday,July,0,13.67
Household,400.01,456,49,Thursday,January,0,400.01
Bakery,351.9,397,19,Saturday,October,1,316.71
Vegetables,256.63,410,92,Sunday,June,1,269.46
Vegetables,159.12,490,86,Monday,July,0,167.08
Household,266.45,498,39,Friday,February,0,239.81
Personal Care,152.18,196,68,Sunday,July,1,159.79
Dairy,179.79,182,108,Thursday,April,0,201.36
Personal Care,306.43,378,66,Sunday,June,1,321.75
Dairy,115.61,266,27,Friday,October,0,104.05
Beverages,137.55,418,91,Friday,December,0,144.43
Dairy,14.09,426,9,Wednesday,December,0,12.68
Personal Care,86.57,42,72,Sunday,May,1,90.9
Snacks,349.48,428,119,Tuesday,April,0,391.42
Dairy,240.89,453,65,Thursday,May,0,240.89
Household,101.97,406,85,Sunday,November,1,107.07
Dairy,70.38,425,86,Thursday,November,0,73.9
Personal Care,288.97,428,7,Tuesday,December,0,260.07
Household,453.78,98,90,Saturday,June,1,508.23
Fruits,317.21,277,104,Monday,May,0,355.28
Frozen,210.52,151,54,Sunday,May,1,221.05
Snacks,75.84,56,49,Wednesday,October,0,79.63
Vegetables,246.8,95,64,Saturday,January,1,259.14
Bakery,353.03,316,60,Saturday,March,1,370.68
Snacks,436.48,417,65,Sunday,November,1,436.48
Household,263.4,289,115,Friday,January,0,295.01
Frozen,222.96,183,41,Tuesday,May,0,222.96
Vegetables,285.51,185,29,Monday,April,0,285.51
Personal Care,219.49,437,55,Sunday,December,1,219.49
Fruits,111.25,130,108,Monday,November,0,124.6
Dairy,35.47,190,28,Thursday,June,0,35.47
Frozen,240.29,256,24,Friday,March,0,216.26
Frozen,257.21,435,63,Thursday,February,0,257.21
Beverages,386.63,497,100,Friday,May,0,405.96
Personal Care,63.62,66,48,Tuesday,November,0,66.8
Snacks,215.78,467,22,Friday,July,0,194.2
Dairy,361.96,262,64,Thursday,June,0,380.06
Fruits,270.47,250,26,Wednesday,October,0,243.42
Personal Care,394.25,150,53,Sunday,April,1,413.96
Personal Care,95.37,343,48,Tuesday,June,0,95.37
Fruits,161.29,393,55,Tuesday,January,0,161.29
Frozen,447.66,175,20,Thursday,April,0,402.89
Household,360.17,333,49,Wednesday,June,0,360.17
Beverages,269.71,261,6,Sunday,January,1,242.74
Bakery,447.21,363,52,Friday,July,0,447.21
Frozen,431.74,323,64,Saturday,February,1,453.33
Household,210.63,323,26,Monday,November,0,189.57
Fruits,445.78,187,74,Tuesday,June,0,468.07
Fruits,462.03,235,60,Saturday,July,1,485.13
Frozen,424.46,25,100,Monday,January,0,475.4
Beverages,229.71,395,97,Monday,April,0,241.2
Fruits,77.59,215,97,Wednesday,February,0,86.9
Beverages,484.78,161,72,Wednesday,August,0,509.02
Beverages,440.35,469,17,Tuesday,May,0,396.32
Dairy,98.89,354,11,Monday,October,0,89.0
Dairy,206.2,108,114,Sunday,July,1,230.94
Fruits,234.36,296,37,Wednesday,August,0,234.36
Fruits,150.48,305,21,Saturday,January,1,135.43
Household,28.9,53,72,Sunday,March,1,30.34
Fruits,434.48,194,75,Sunday,November,1,456.2
Beverages,61.92,379,13,Saturday,July,1,55.73
Fruits,359.51,500,60,Monday,January,0,359.51
Vegetables,204.31,432,74,Sunday,May,1,214.53
Fruits,304.82,472,71,Saturday,December,1,320.06
Dairy,72.55,101,76,Tuesday,August,0,76.18
Vegetables,60.29,241,68,Friday,June,0,63.3
Beverages,241.28,264,56,Friday,January,0,241.28
Snacks,24.94,13,40,Wednesday,February,0,24.94
Beverages,297.31,469,57,Sunday,October,1,297.31
Bakery,461.59,378,54,Saturday,August,1,461.59
Bakery,200.28,127,62,Monday,February,0,210.29
Vegetables,342.47,439,109,Monday,February,0,383.57
Dairy,355.77,104,109,Wednesday,June,0,398.46
Beverages,423.07,264,33,Wednesday,December,0,423.07
Bakery,80.24,375,91,Monday,January,0,84.25
Household,446.84,360,28,Saturday,September,1,402.16
Vegetables,109.73,389,79,Saturday,September,1,115.22
Fruits,483.14,238,70,Saturday,October,1,507.3
Personal Care,63.55,387,50,Thursday,October,0,63.55
Fruits,344.13,351,67,Monday,September,0,361.34
Frozen,278.73,239,53,Tuesday,June,0,278.73
Frozen,230.52,385,100,Tuesday,April,0,242.05
Personal Care,487.9,441,84,Monday,December,0,512.29
Fruits,260.68,50,113,Thursday,August,0,291.96
Bakery,37.29,348,83,Tuesday,January,0,39.15
Snacks,247.83,223,34,Monday,February,0,247.83
Vegetables,311.55,152,58,Wednesday,August,0,327.13
Bakery,234.28,293,26,Friday,September,0,210.85
Frozen,262.62,274,63,Friday,July,0,275.75
Snacks,282.79,139,50,Friday,September,0,282.79
Fruits,54.32,211,69,Wednesday,June,0,57.04
Bakery,435.48,115,11,Tuesday,August,0,391.93
Fruits,114.6,169,107,Sunday,March,1,128.35
Vegetables,52.25,312,119,Monday,May,0,58.52
Snacks,496.79,328,13,Saturday,March,1,447.11
Bakery,358.3,356,16,Saturday,July,1,322.47
Snacks,305.97,460,90,Wednesday,June,0,321.27
Bakery,342.76,410,70,Wednesday,December,0,342.76
Vegetables,286.21,39,25,Sunday,January,1,286.21
Vegetables,472.51,465,77,Friday,February,0,496.14
Fruits,314.42,424,103,Monday,February,0,330.14
Household,307.53,262,58,Tuesday,May,0,307.53
Vegetables,373.34,149,31,Monday,December,0,373.34
Frozen,240.44,152,9,Thursday,August,0,216.4
Bakery,71.83,304,68,Friday,October,0,75.42
Bakery,476.69,363,117,Friday,November,0,533.89
Fruits,309.97,272,69,Thursday,September,0,325.47
Fruits,393.4,404,36,Tuesday,August,0,354.06
Beverages,161.8,328,89,Sunday,April,1,169.89
Frozen,373.62,469,44,Tuesday,April,0,336.26
Household,399.98,213,31,Thursday,February,0,399.98
Dairy,335.36,353,120,Friday,November,0,375.6
Fruits,103.49,422,44,Saturday,July,1,103.49
Bakery,393.04,326,117,Saturday,January,1,440.2
Vegetables,173.63,150,64,Monday,October,0,182.31
Household,422.9,180,27,Monday,December,0,422.9
Fruits,230.37,67,106,Sunday,February,1,258.01
Vegetables,238.63,194,85,Tuesday,May,0,250.56
Household,434.87,429,83,Sunday,August,1,456.61
Vegetables,140.1,119,73,Friday,December,0,147.1
Fruits,152.1,111,47,Tuesday,February,0,152.1
Beverages,102.6,467,34,Thursday,November,0,92.34
Beverages,461.71,369,73,Thursday,September,0,484.8
Snacks,227.01,26,115,Monday,March,0,254.25
Personal Care,487.6,62,119,Monday,February,0,546.11
Dairy,481.13,261,31,Saturday,April,1,481.13
Snacks,50.95,81,76,Thursday,October,0,53.5
Fruits,326.41,427,33,Wednesday,March,0,293.77
Fruits,412.1,326,55,Saturday,October,1,412.1
Frozen,463.01,351,24,Saturday,May,1,416.71
Beverages,259.1,104,63,Thursday,July,0,272.06
Snacks,229.96,278,95,Tuesday,February,0,241.46
Snacks,28.17,220,54,Thursday,February,0,28.17
Beverages,320.17,355,63,Friday,July,0,320.17
Vegetables,286.52,450,107,Tuesday,April,0,300.85
Vegetables,103.86,368,55,Saturday,December,1,103.86
Personal Care,419.08,183,85,Wednesday,December,0,440.03
Vegetables,84.11,126,81,Friday,June,0,88.32
Personal Care,279.22,343,84,Monday,July,0,293.18
Frozen,56.08,289,67,Thursday,December,0,58.88
Bakery,23.34,379,98,Sunday,March,1,24.51
Frozen,257.49,328,19,Friday,March,0,231.74
Personal Care,327.91,179,77,Monday,October,0,344.31
Personal Care,240.05,56,114,Wednesday,December,0,268.86
Household,194.3,73,110,Sunday,December,1,217.62
Household,82.4,444,66,Saturday,November,1,82.4
Vegetables,261.88,332,66,Tuesday,February,0,274.97
Beverages,332.06,31,19,Sunday,April,1,332.06
Vegetables,66.21,12,101,Saturday,May,1,74.16
Dairy,302.29,239,31,Monday,April,0,302.29
Snacks,62.82,401,20,Saturday,June,1,56.54
Frozen,390.48,360,71,Monday,October,0,410.0
Frozen,127.8,403,33,Friday,October,0,115.02
Snacks,213.64,175,74,Wednesday,June,0,224.32
Household,447.24,2,11,Saturday,November,1,447.24
Fruits,91.34,261,107,Wednesday,April,0,102.3
Vegetables,358.45,239,34,Saturday,June,1,358.45
Fruits,114.03,432,56,Wednesday,February,0,114.03
Personal Care,304.49,274,52,Wednesday,November,0,304.49
Dairy,66.7,456,100,Monday,January,0,70.04
Bakery,332.26,299,4,Monday,March,0,299.03
Bakery,23.62,291,54,Saturday,April,1,23.62
Frozen,202.32,1,18,Monday,June,0,202.32
Bakery,16.66,499,77,Sunday,November,1,17.49
Snacks,100.45,271,103,Tuesday,February,0,112.5
Beverages,355.91,69,72,Wednesday,June,0,373.71
Beverages,375.1,14,118,Sunday,March,1,420.11
Vegetables,46.23,111,43,Tuesday,September,0,46.23
Snacks,130.52,272,18,Friday,December,0,117.47
Household,166.19,361,101,Saturday,August,1,186.13
Vegetables,408.77,245,79,Thursday,December,0,429.21
Snacks,367.41,82,30,Sunday,June,1,367.41
Vegetables,459.12,348,51,Monday,January,0,459.12
Dairy,12.57,144,86,Thursday,September,0,14.08
Snacks,186.0,74,91,Wednesday,February,0,208.32
Household,36.85,215,46,Tuesday,December,0,36.85
Snacks,372.87,163,62,Monday,December,0,391.51
Bakery,294.21,215,41,Monday,October,0,294.21
Beverages,303.44,451,88,Monday,July,0,318.61
Household,467.69,51,45,Tuesday,August,0,491.07
Dairy,56.15,78,90,Thursday,May,0,62.89
Dairy,366.64,75,120,Friday,July,0,410.64
Fruits,496.89,214,35,Tuesday,May,0,496.89
Household,157.23,252,53,Thursday,February,0,157.23
Beverages,407.05,71,106,Wednesday,August,0,455.9
Vegetables,386.91,78,22,Monday,December,0,386.91
Snacks,346.08,178,70,Friday,January,0,363.38
Fruits,208.27,349,17,Friday,December,0,187.44
Beverages,437.3,1,55,Saturday,June,1,459.17
Snacks,326.3,476,51,Monday,March,0,326.3
Bakery,66.41,71,28,Sunday,August,1,66.41
Beverages,256.32,430,12,Wednesday,December,0,230.69
Vegetables,33.31,85,98,Friday,September,0,37.31
Snacks,363.42,173,96,Friday,August,0,407.03
Personal Care,232.75,389,35,Monday,November,0,209.47
Beverages,421.88,9,36,Tuesday,September,0,421.88
Personal Care,101.58,484,68,Saturday,September,1,101.58
Snacks,127.45,179,96,Saturday,November,1,142.74
Bakery,49.7,278,84,Sunday,March,1,52.19
Fruits,374.54,81,33,Saturday,December,1,374.54
Household,91.0,189,73,Sunday,March,1,95.55
Snacks,151.72,216,103,Tuesday,December,0,169.93
Snacks,94.07,39,10,Friday,May,0,84.66
Fruits,26.19,447,109,Monday,August,0,29.33
Beverages,332.01,122,115,Friday,July,0,371.85
Snacks,408.47,44,92,Friday,November,0,457.49
Dairy,453.84,343,14,Saturday,December,1,408.46
Dairy,234.47,223,20,Tuesday,August,0,211.02
Vegetables,193.28,219,60,Monday,March,0,202.94
Snacks,329.34,325,6,Monday,July,0,296.41
Fruits,486.37,479,102,Tuesday,January,0,510.69
Beverages,483.12,387,17,Monday,July,0,434.81
Frozen,125.23,380,56,Thursday,April,0,125.23
Household,478.21,498,67,Friday,May,0,478.21
Vegetables,129.85,79,67,Saturday,July,1,136.34
Personal Care,348.4,211,35,Monday,March,0,348.4
Frozen,216.52,15,44,Friday,July,0,227.35
Vegetables,325.49,398,108,Tuesday,September,0,364.55
Beverages,124.72,33,62,Thursday,August,0,130.96
Snacks,221.72,152,97,Friday,November,0,248.33
Snacks,113.01,360,103,Wednesday,July,0,126.57
Vegetables,52.54,330,93,Wednesday,November,0,55.17
Household,242.79,319,41,Friday,August,0,242.79
Vegetables,33.09,194,65,Saturday,July,1,34.74
Frozen,381.06,305,109,Thursday,November,0,426.79
Vegetables,366.87,454,107,Monday,August,0,385.21
Household,200.53,453,54,Tuesday,September,0,200.53
Frozen,365.37,116,25,Friday,September,0,365.37
Personal Care,47.28,443,6,Saturday,February,1,42.55
Fruits,289.84,179,69,Sunday,January,1,304.33
Personal Care,306.72,486,48,Thursday,November,0,306.72
Frozen,35.96,162,55,Saturday,March,1,37.76
Snacks,343.01,13,20,Wednesday,June,0,343.01
Household,245.59,283,12,Thursday,October,0,221.03
Personal Care,446.78,99,20,Saturday,October,1,446.78
Household,67.35,143,85,Thursday,August,0,70.72
Personal Care,232.91,29,84,Tuesday,April,0,260.86
Fruits,188.27,461,52,Saturday,February,1,188.27
Dairy,498.09,95,36,Wednesday,November,0,498.09
Frozen,71.88,389,39,Saturday,February,1,71.88
Frozen,437.15,334,64,Wednesday,October,0,437.15
Fruits,144.96,408,78,Friday,June,0,152.21
Vegetables,122.84,198,6,Sunday,May,1,110.56
Vegetables,109.03,388,95,Monday,September,0,114.48
Beverages,454.2,421,9,Sunday,February,1,408.78
Vegetables,415.83,153,67,Wednesday,January,0,436.62
Frozen,61.31,288,57,Friday,October,0,61.31
Frozen,131.8,338,114,Sunday,May,1,147.62
Dairy,209.79,20,95,Sunday,September,1,234.96
Vegetables,97.3,241,86,Friday,March,0,102.17
Beverages,90.53,454,64,Friday,April,0,90.53
Dairy,316.88,471,92,Friday,October,0,332.72
Bakery,228.68,293,23,Saturday,March,1,205.81
Snacks,366.35,386,87,Friday,September,0,384.67
Dairy,375.36,263,46,Sunday,June,1,375.36
Snacks,89.43,255,88,Thursday,August,0,93.9
Dairy,184.78,339,104,Monday,April,0,206.95
Fruits,54.67,275,10,Sunday,November,1,49.2
Frozen,79.98,459,89,Thursday,July,0,83.98
Frozen,344.06,363,76,Monday,June,0,361.26
Snacks,141.08,305,84,Thursday,June,0,148.13
Fruits,133.25,168,10,Monday,February,0,119.92
Household,289.11,129,44,Wednesday,June,0,289.11
Personal Care,173.83,432,54,Tuesday,April,0,173.83
Beverages,417.26,234,73,Monday,May,0,438.12
Dairy,60.78,266,83,Thursday,May,0,63.82
Snacks,361.33,370,61,Monday,July,0,361.33
Bakery,254.15,481,19,Friday,August,0,228.74
Beverages,254.89,72,8,Sunday,March,1,229.4
Personal Care,185.97,175,88,Wednesday,July,0,195.27
Fruits,94.31,45,34,Tuesday,May,0,94.31
Personal Care,264.87,476,80,Wednesday,February,0,278.11
Fruits,188.04,254,21,Tuesday,January,0,169.24
Vegetables,310.74,35,88,Tuesday,November,0,348.03
Frozen,455.44,145,36,Thursday,June,0,455.44
Household,55.42,382,28,Thursday,March,0,49.88
Snacks,149.26,346,30,Friday,March,0,134.33
Snacks,277.27,80,43,Thursday,June,0,277.27
Vegetables,133.81,195,106,Sunday,December,1,149.87
Snacks,246.19,209,90,Friday,March,0,258.5
Vegetables,241.47,458,83,Tuesday,November,0,253.54
Household,457.79,144,26,Thursday,April,0,457.79
Household,288.38,60,111,Friday,February,0,322.99
Household,495.72,260,1,Friday,May,0,446.15
Personal Care,250.58,322,50,Saturday,March,1,250.58
Fruits,120.39,239,17,Wednesday,September,0,108.35
Vegetables,209.16,164,86,Sunday,October,1,234.26
Beverages,98.94,429,53,Sunday,October,1,98.94
Snacks,120.06,185,86,Saturday,April,1,134.47
Frozen,455.28,137,27,Tuesday,July,0,455.28
Household,116.77,439,55,Friday,September,0,116.77
Beverages,152.6,313,95,Saturday,February,1,170.91
Personal Care,317.26,60,22,Sunday,March,1,317.26
Household,373.73,233,3,Tuesday,May,0,336.36
Vegetables,494.12,310,78,Saturday,April,1,518.83
Bakery,297.72,95,52,Saturday,May,1,312.61
Beverages,281.05,294,106,Friday,March,0,314.78
Bakery,232.8,400,37,Friday,May,0,209.52
Household,309.49,261,105,Thursday,August,0,346.63
Snacks,426.6,65,95,Monday,February,0,477.79
Beverages,63.74,201,9,Friday,August,0,57.37
Beverages,374.56,473,107,Monday,January,0,393.29
Bakery,16.62,307,24,Thursday,February,0,14.96
Vegetables,77.08,493,89,Friday,January,0,80.93
Personal Care,139.27,384,63,Wednesday,January,0,139.27
Fruits,189.51,440,97,Wednesday,July,0,198.99
Bakery,357.72,478,87,Tuesday,May,0,375.61
Fruits,63.27,42,10,Thursday,August,0,56.94
Snacks,403.62,314,81,Sunday,December,1,423.8
Frozen,359.54,175,6,Thursday,August,0,323.59
Frozen,49.37,158,52,Sunday,December,1,51.84
Bakery,492.63,233,100,Thursday,July,0,551.75
Frozen,296.03,319,11,Monday,January,0,266.43
Vegetables,388.79,360,77,Saturday,September,1,408.23
Snacks,348.42,312,110,Thursday,December,0,390.23
Snacks,288.03,79,59,Tuesday,December,0,302.43
Frozen,245.44,50,25,Monday,December,0,245.44
Personal Care,386.52,1,34,Thursday,May,0,386.52
Personal Care,77.19,447,106,Wednesday,April,0,81.05
Vegetables,121.61,227,102,Sunday,April,1,136.2
Dairy,403.52,367,2,Thursday,February,0,363.17
Snacks,214.73,163,100,Sunday,November,1,240.5
Bakery,317.78,492,117,Monday,July,0,355.91
Bakery,267.49,171,101,Wednesday,May,0,299.59
Frozen,436.25,362,34,Wednesday,August,0,392.62
Bakery,11.49,436,84,Friday,December,0,12.06
Beverages,409.99,453,98,Wednesday,October,0,430.49
Household,167.26,27,59,Tuesday,June,0,175.62
Personal Care,330.8,191,59,Sunday,January,1,347.34
Beverages,251.72,287,78,Tuesday,December,0,264.31
Beverages,481.18,158,59,Thursday,March,0,505.24
Beverages,263.76,339,67,Friday,October,0,276.95
Beverages,347.03,90,72,Monday,April,0,364.38
Bakery,326.37,23,112,Saturday,September,1,365.53
Personal Care,399.07,485,16,Thursday,June,0,359.16
Beverages,214.8,462,41,Friday,October,0,193.32
Snacks,261.7,321,100,Saturday,August,1,293.1
Vegetables,272.04,390,67,Wednesday,September,0,272.04
Vegetables,444.98,356,91,Tuesday,September,0,467.23
Bakery,263.83,301,51,Thursday,August,0,263.83
Beverages,444.4,58,67,Wednesday,January,0,466.62
Vegetables,355.32,160,55,Tuesday,June,0,373.09
Vegetables,37.1,433,2,Wednesday,November,0,33.39
Fruits,299.75,223,27,Tuesday,November,0,299.75
Beverages,324.38,470,70,Tuesday,October,0,324.38
Vegetables,55.07,271,50,Tuesday,May,0,55.07
Snacks,270.52,358,116,Sunday,February,1,302.98
Bakery,359.93,26,92,Saturday,December,1,403.12
Snacks,363.53,340,51,Wednesday,January,0,363.53
Snacks,433.19,199,82,Sunday,July,1,454.85
Frozen,329.16,335,44,Sunday,August,1,329.16
Household,57.86,477,34,Saturday,March,1,52.07
Snacks,267.61,327,107,Monday,May,0,299.72
Dairy,16.84,208,115,Thursday,April,0,18.86
Beverages,73.79,279,15,Sunday,July,1,66.41
Dairy,382.88,66,20,Tuesday,August,0,382.88
Fruits,295.2,298,34,Wednesday,January,0,295.2
Household,405.52,462,89,Sunday,October,1,425.8
Household,91.63,79,17,Wednesday,November,0,91.63
Vegetables,438.89,199,60,Friday,November,0,460.83
Personal Care,88.38,6,47,Saturday,September,1,92.8
Household,497.72,462,22,Sunday,August,1,447.95
Fruits,390.75,179,114,Sunday,February,1,437.64
Snacks,12.98,304,86,Tuesday,November,0,13.63
Fruits,478.75,78,105,Friday,August,0,536.2
Beverages,287.2,46,92,Wednesday,January,0,321.66
Beverages,337.2,224,108,Friday,January,0,377.66
Vegetables,69.27,412,51,Saturday,December,1,69.27
Snacks,478.59,165,43,Sunday,January,1,478.59
Frozen,328.67,220,120,Thursday,November,0,368.11
Household,148.77,416,103,Thursday,October,0,156.21
Bakery,128.54,337,107,Thursday,January,0,143.96
Household,240.26,57,16,Sunday,April,1,240.26
Beverages,432.82,334,87,Tuesday,April,0,454.46
Household,457.4,471,53,Tuesday,November,0,457.4
Household,235.79,109,24,Saturday,February,1,235.79
Frozen,268.8,145,45,Sunday,July,1,268.8
Household,169.22,27,99,Monday,April,0,189.53
Snacks,93.93,188,63,Sunday,December,1,98.63
Snacks,487.59,55,119,Saturday,October,1,546.1
Personal Care,29.81,384,5,Thursday,February,0,26.83
Beverages,245.49,444,61,Thursday,February,0,245.49
Bakery,38.25,220,33,Saturday,July,1,38.25
Dairy,269.1,424,96,Saturday,September,1,282.56
Beverages,477.3,58,87,Sunday,October,1,534.58
Beverages,228.02,464,51,Wednesday,November,0,228.02
Fruits,174.6,387,108,Wednesday,March,0,195.55
Snacks,323.48,425,23,Thursday,July,0,291.13
Fruits,126.58,323,6,Tuesday,March,0,113.92
Snacks,411.23,283,38,Friday,June,0,411.23
Bakery,344.72,46,11,Thursday,January,0,310.25
Vegetables,372.6,193,83,Sunday,March,1,391.23
Bakery,222.67,313,36,Sunday,March,1,222.67
Dairy,483.03,73,57,Sunday,September,1,507.18
Bakery,260.03,114,24,Wednesday,March,0,260.03
Personal Care,159.18,455,113,Sunday,June,1,178.28
Snacks,485.5,256,113,Tuesday,July,0,543.76
Vegetables,74.62,449,101,Monday,June,0,78.35
Household,210.46,336,12,Friday,March,0,189.41
Dairy,47.14,134,65,Sunday,May,1,49.5
Personal Care,65.83,33,119,Saturday,June,1,73.73
Personal Care,158.0,459,98,Sunday,April,1,165.9
Frozen,42.34,304,4,Thursday,December,0,38.11
Vegetables,103.27,161,20,Tuesday,May,0,92.94
Snacks,345.63,333,103,Sunday,August,1,387.11
Beverages,211.99,308,48,Monday,October,0,211.99
Bakery,445.38,96,2,Wednesday,September,0,400.84
Household,114.77,436,63,Wednesday,September,0,114.77
Household,262.49,135,68,Tuesday,November,0,275.61
Fruits,204.59,147,19,Tuesday,November,0,184.13
Snacks,209.82,106,73,Monday,October,0,220.31
Bakery,156.49,239,23,Monday,January,0,140.84
Vegetables,423.73,318,11,Tuesday,June,0,381.36
Fruits,121.66,326,69,Tuesday,February,0,127.74
Dairy,171.57,236,93,Sunday,December,1,192.16
Snacks,113.39,263,115,Monday,July,0,127.0
Frozen,172.61,184,53,Saturday,August,1,181.24
Dairy,178.0,428,48,Tuesday,May,0,178.0
Snacks,163.75,186,52,Wednesday,January,0,163.75
Beverages,380.99,248,11,Wednesday,April,0,342.89
Personal Care,365.27,172,62,Sunday,December,1,383.53
Personal Care,13.4,461,33,Friday,October,0,12.06
Beverages,245.65,35,6,Saturday,September,1,221.09
Snacks,246.12,32,68,Thursday,October,0,258.43
Vegetables,28.62,34,85,Sunday,September,1,32.05
Frozen,188.6,235,26,Friday,June,0,169.74
Frozen,422.96,154,86,Friday,September,0,444.11
Dairy,366.5,61,86,Tuesday,June,0,410.48
Snacks,309.89,489,5,Wednesday,April,0,278.9
Beverages,441.99,477,15,Wednesday,December,0,397.79
Frozen,105.79,213,4,Sunday,May,1,95.21
Dairy,349.51,67,37,Wednesday,December,0,349.51
Bakery,498.5,247,116,Monday,October,0,558.32
Personal Care,289.08,487,104,Wednesday,March,0,303.53
Vegetables,441.45,384,117,Monday,June,0,494.42
Snacks,443.3,258,77,Thursday,January,0,465.47
Bakery,489.43,17,48,Tuesday,September,0,513.9
Beverages,101.87,341,42,Tuesday,May,0,101.87
Household,413.74,343,62,Wednesday,July,0,413.74
Fruits,434.86,367,109,Sunday,November,1,487.04
Personal Care,322.91,207,27,Tuesday,March,0,322.91
Household,355.69,115,19,Saturday,May,1,355.69
Frozen,231.73,263,117,Saturday,February,1,259.54
Fruits,318.23,379,95,Tuesday,December,0,334.14
Beverages,71.61,204,48,Thursday,February,0,71.61
Bakery,154.91,264,62,Tuesday,May,0,162.66
Fruits,493.07,239,66,Wednesday,March,0,517.72
Frozen,164.14,237,78,Friday,May,0,172.35
Snacks,195.7,91,5,Monday,August,0,176.13
Bakery,339.73,58,10,Wednesday,March,0,305.76
Snacks,38.09,385,72,Monday,September,0,39.99
Snacks,363.81,398,83,Thursday,March,0,382.0
Frozen,39.54,336,111,Tuesday,December,0,44.28
Personal Care,205.82,101,120,Sunday,February,1,230.52
Fruits,262.32,2,24,Tuesday,July,0,262.32
Fruits,128.78,303,107,Thursday,April,0,144.23
Frozen,293.83,219,78,Monday,December,0,308.52
Fruits,280.09,381,5,Monday,February,0,252.08
Fruits,368.25,171,26,Friday,December,0,368.25
Vegetables,129.2,78,118,Monday,October,0,144.7
Fruits,430.4,1,20,Friday,March,0,430.4
Snacks,47.6,483,35,Tuesday,January,0,42.84
Snacks,182.27,356,74,Monday,February,0,191.38
Vegetables,45.06,38,3,Tuesday,February,0,40.55
Dairy,181.23,94,42,Tuesday,September,0,181.23
Bakery,90.9,356,2,Sunday,May,1,81.81
Personal Care,214.22,292,57,Sunday,October,1,224.93
Household,419.57,325,43,Friday,April,0,419.57
Frozen,351.18,203,44,Wednesday,June,0,351.18
Household,448.49,86,100,Monday,September,0,502.31
Dairy,277.98,453,41,Friday,June,0,250.18
Personal Care,412.3,268,56,Tuesday,May,0,412.3
Vegetables,246.95,263,29,Tuesday,October,0,222.25
Household,499.86,18,51,Saturday,January,1,524.85
Vegetables,354.43,453,120,Monday,October,0,396.96
Vegetables,162.5,469,111,Wednesday,March,0,182.0
Fruits,213.13,310,95,Saturday,September,1,238.71
Vegetables,14.78,135,112,Sunday,March,1,16.55
Fruits,140.68,141,11,Saturday,September,1,126.61
Personal Care,71.87,138,28,Wednesday,December,0,71.87
Dairy,398.58,263,15,Sunday,May,1,358.72
Vegetables,181.62,307,88,Thursday,September,0,190.7
Snacks,50.21,188,76,Tuesday,May,0,52.72
Snacks,146.77,115,117,Thursday,March,0,164.38
Household,392.21,231,57,Tuesday,January,0,392.21
Frozen,123.99,192,47,Saturday,December,1,123.99
Frozen,43.38,301,111,Monday,September,0,48.59
Dairy,199.5,324,40,Tuesday,December,0,199.5
Household,278.6,436,78,Thursday,August,0,292.53
Beverages,194.57,176,83,Sunday,August,1,204.3
Frozen,86.09,291,118,Thursday,September,0,96.42
Beverages,468.07,263,78,Sunday,February,1,491.47
Vegetables,77.38,154,42,Wednesday,April,0,77.38
Fruits,94.11,396,20,Monday,January,0,84.7
Beverages,479.5,365,77,Friday,July,0,503.48
Household,86.37,4,64,Monday,August,0,90.69
Fruits,43.78,269,12,Wednesday,September,0,39.4
Household,276.23,353,91,Tuesday,March,0,290.04
Fruits,297.9,106,47,Thursday,March,0,297.9
Household,185.42,48,54,Wednesday,May,0,194.69
Snacks,138.55,375,115,Thursday,August,0,155.18
Dairy,310.23,339,63,Tuesday,September,0,310.23
Snacks,319.71,49,86,Monday,March,0,358.08
Vegetables,55.13,10,15,Friday,January,0,55.13
Bakery,124.5,475,87,Friday,November,0,130.72
Dairy,187.4,73,2,Thursday,April,0,168.66
Household,252.73,338,119,Wednesday,April,0,283.06
Personal Care,141.75,130,110,Saturday,September,1,158.76
Dairy,97.38,46,58,Sunday,August,1,102.25
Beverages,39.25,145,110,Wednesday,August,0,43.96
Beverages,429.5,379,18,Thursday,July,0,386.55
Personal Care,131.43,34,15,Thursday,March,0,131.43
Beverages,284.89,393,96,Sunday,August,1,299.13
Household,68.63,486,69,Saturday,December,1,68.63
Beverages,415.23,410,116,Saturday,November,1,465.06
Vegetables,383.3,5,99,Wednesday,September,0,429.3
Household,302.87,311,26,Friday,October,0,272.58
Fruits,280.25,245,20,Sunday,July,1,252.22
Bakery,308.11,404,56,Friday,August,0,308.11
Bakery,362.95,271,116,Thursday,December,0,406.5
Fruits,439.69,136,101,Sunday,December,1,492.45
Bakery,52.02,151,96,Sunday,August,1,58.26
Frozen,91.84,227,84,Wednesday,October,0,96.43
Personal Care,316.18,381,79,Monday,July,0,331.99
Bakery,246.67,41,99,Sunday,January,1,276.27
Beverages,352.94,225,56,Sunday,November,1,370.59
Snacks,452.92,8,76,Sunday,January,1,507.27
Bakery,383.67,435,81,Sunday,June,1,402.85
Fruits,120.59,6,38,Wednesday,March,0,120.59
Snacks,454.89,302,13,Tuesday,May,0,409.4
Snacks,366.74,161,105,Sunday,August,1,410.75
Personal Care,210.74,251,107,Thursday,July,0,236.03
Household,466.95,154,19,Monday,October,0,420.25
Vegetables,205.68,201,104,Wednesday,June,0,230.36
Dairy,225.33,254,26,Monday,September,0,202.8
Bakery,160.24,370,21,Monday,January,0,144.22
Beverages,339.45,302,95,Monday,November,0,356.42
Bakery,204.18,148,105,Sunday,May,1,228.68
Snacks,196.53,46,80,Tuesday,June,0,220.11
Snacks,265.97,263,97,Tuesday,May,0,297.89
Dairy,221.11,175,72,Friday,October,0,232.17
Snacks,349.14,496,67,Saturday,February,1,349.14
Snacks,173.74,397,18,Sunday,May,1,156.37
Frozen,100.13,140,57,Monday,March,0,105.14
Bakery,341.32,420,101,Thursday,January,0,358.39
Beverages,172.34,451,26,Friday,December,0,155.11
Snacks,343.0,421,114,Saturday,October,1,384.16
Fruits,389.37,304,13,Sunday,January,1,350.43
Beverages,334.2,492,17,Sunday,January,1,300.78
Vegetables,304.98,294,47,Friday,December,0,304.98
Beverages,434.84,187,9,Thursday,December,0,391.36
Personal Care,314.58,137,48,Wednesday,October,0,314.58
Beverages,184.98,378,39,Thursday,January,0,184.98
Household,275.21,492,117,Saturday,February,1,308.24
Bakery,441.26,161,18,Tuesday,December,0,397.13
Frozen,63.07,252,97,Thursday,June,0,70.64
Snacks,156.11,132,46,Sunday,October,1,163.92
Bakery,82.71,183,102,Tuesday,December,0,92.64
Frozen,271.57,281,117,Thursday,November,0,304.16
Personal Care,406.39,102,25,Monday,February,0,406.39
Personal Care,409.36,406,98,Friday,April,0,429.83
Beverages,355.88,30,99,Saturday,August,1,398.59
Fruits,40.34,408,26,Friday,June,0,36.31
Personal Care,12.94,127,42,Monday,July,0,12.94
Dairy,315.05,469,40,Saturday,February,1,283.55
Personal Care,496.37,354,33,Friday,April,0,446.73
Dairy,372.5,277,56,Monday,December,0,372.5
Frozen,169.01,192,12,Tuesday,September,0,152.11
Bakery,74.37,489,68,Wednesday,January,0,74.37
Fruits,200.27,254,32,Saturday,October,1,200.27
Dairy,153.15,469,2,Thursday,September,0,137.84
Beverages,159.59,100,52,Sunday,February,1,167.57
Frozen,10.9,218,110,Saturday,April,1,12.21
Dairy,494.0,90,47,Friday,April,0,518.7
Frozen,433.65,368,49,Sunday,September,1,433.65
Beverages,339.6,29,50,Sunday,April,1,356.58
Vegetables,318.93,424,37,Saturday,July,1,318.93
Frozen,42.47,251,37,Friday,June,0,42.47
Snacks,267.4,227,52,Thursday,October,0,267.4
Vegetables,478.85,483,77,Thursday,November,0,502.79
Frozen,158.4,107,30,Monday,December,0,158.4
Beverages,163.57,251,87,Wednesday,July,0,171.75
Dairy,280.35,11,59,Friday,April,0,294.37
Fruits,204.0,93,37,Monday,May,0,204.0
Bakery,312.82,368,14,Saturday,January,1,281.54
Beverages,164.07,253,101,Friday,June,0,183.76
Snacks,225.25,365,100,Saturday,April,1,252.28
Household,12.35,413,115,Tuesday,January,0,13.83
Frozen,243.53,377,88,Tuesday,April,0,255.71
Vegetables,392.87,470,59,Friday,February,0,392.87
Personal Care,213.82,199,100,Thursday,July,0,239.48
Fruits,49.16,291,68,Tuesday,September,0,51.62
Frozen,160.57,283,70,Sunday,August,1,168.6
Vegetables,347.66,330,65,Saturday,November,1,365.04
Fruits,356.07,398,26,Friday,February,0,320.46
Beverages,287.77,193,48,Thursday,July,0,287.77
Dairy,326.17,70,35,Friday,February,0,326.17
Beverages,448.86,210,73,Monday,March,0,471.3
Household,304.4,196,99,Friday,February,0,340.93
Frozen,218.58,484,2,Monday,August,0,196.72
Personal Care,278.38,30,118,Friday,December,0,311.79
Dairy,66.49,113,4,Saturday,March,1,59.84
Vegetables,247.24,452,66,Tuesday,April,0,247.24
Beverages,326.61,410,55,Sunday,November,1,326.61
Fruits,354.98,45,40,Thursday,December,0,354.98
Fruits,317.01,32,25,Sunday,February,1,317.01
Beverages,260.41,393,77,Sunday,February,1,273.43
Snacks,375.81,63,36,Thursday,December,0,375.81
Household,427.81,178,24,Saturday,September,1,427.81
Personal Care,435.81,367,69,Thursday,April,0,457.6
Beverages,431.01,74,117,Tuesday,February,0,482.73
Fruits,489.22,343,45,Monday,August,0,489.22
Household,235.77,284,2,Wednesday,August,0,212.19
Personal Care,41.59,398,49,Wednesday,March,0,41.59
Vegetables,434.08,225,73,Thursday,January,0,455.78
Household,372.03,121,19,Thursday,September,0,334.83
Frozen,213.12,306,8,Monday,July,0,191.81
Vegetables,464.43,198,89,Monday,September,0,487.65
Bakery,355.93,240,115,Thursday,March,0,398.64
Beverages,92.33,134,98,Thursday,November,0,103.41
Bakery,60.48,459,74,Wednesday,March,0,60.48
Frozen,396.28,179,25,Tuesday,January,0,396.28
Frozen,410.56,443,58,Sunday,April,1,410.56
Household,452.49,132,61,Saturday,June,1,475.11
Household,479.37,265,86,Tuesday,June,0,503.34
Personal Care,87.1,344,107,Thursday,February,0,97.55
Vegetables,383.19,334,41,Monday,July,0,383.19
Vegetables,338.77,250,6,Monday,February,0,304.89
Vegetables,143.89,144,46,Thursday,May,0,143.89
Vegetables,349.55,115,48,Thursday,August,0,349.55
Frozen,66.67,178,54,Wednesday,January,0,70.0
Household,273.6,109,40,Tuesday,March,0,273.6
Beverages,186.07,97,69,Thursday,February,0,195.37
Vegetables,70.69,228,99,Tuesday,February,0,79.17
Personal Care,452.82,27,80,Sunday,January,1,507.16
Beverages,34.59,206,66,Monday,September,0,36.32
Snacks,219.65,62,17,Wednesday,September,0,219.65
Fruits,398.68,343,32,Sunday,August,1,398.68
Snacks,285.11,382,63,Saturday,March,1,285.11
Personal Care,316.99,388,89,Sunday,January,1,332.84
Beverages,156.21,124,20,Wednesday,January,0,156.21
Household,27.85,400,35,Friday,February,0,25.07
Bakery,132.2,273,7,Saturday,September,1,118.98
Bakery,324.59,41,30,Thursday,October,0,324.59
Fruits,344.1,329,109,Tuesday,May,0,385.39
Bakery,450.58,131,24,Tuesday,November,0,450.58
Frozen,477.89,451,41,Wednesday,September,0,430.1
Vegetables,178.31,436,7,Monday,January,0,160.48
Beverages,41.06,334,97,Monday,April,0,43.11
Snacks,141.78,21,58,Friday,February,0,148.87
Personal Care,471.53,220,87,Sunday,July,1,528.11
Snacks,94.23,252,41,Friday,April,0,94.23
Personal Care,261.37,165,47,Saturday,April,1,261.37
Household,335.37,456,80,Thursday,September,0,352.14
Fruits,319.6,374,75,Friday,July,0,335.58
Snacks,87.93,121,67,Sunday,July,1,92.33
Frozen,430.83,89,74,Thursday,November,0,452.37
Personal Care,318.69,484,20,Wednesday,May,0,286.82
Bakery,433.54,370,57,Wednesday,April,0,433.54
Frozen,428.22,239,47,Tuesday,July,0,428.22
Beverages,429.96,385,1,Tuesday,August,0,386.96
Snacks,376.06,283,95,Monday,January,0,394.86
Fruits,404.74,304,8,Tuesday,May,0,364.27
Fruits,432.0,210,62,Sunday,November,1,453.6
Dairy,460.71,241,112,Saturday,August,1,516.0
Dairy,100.64,35,34,Thursday,May,0,100.64
Household,426.65,432,5,Monday,November,0,383.99
Personal Care,373.4,325,100,Tuesday,April,0,418.21
Personal Care,331.88,392,78,Friday,April,0,348.47
Bakery,271.46,497,43,Saturday,December,1,271.46
Fruits,168.88,97,12,Thursday,January,0,151.99
Frozen,252.69,285,26,Thursday,August,0,227.42
Frozen,441.78,349,51,Friday,July,0,441.78
Vegetables,449.12,377,96,Thursday,October,0,471.58
Beverages,392.24,196,31,Saturday,January,1,392.24
Vegetables,93.85,400,107,Tuesday,November,0,105.11
Dairy,19.13,137,29,Monday,July,0,19.13
Fruits,348.63,4,35,Monday,May,0,348.63
Beverages,91.45,85,33,Monday,November,0,91.45
Frozen,424.04,223,92,Thursday,January,0,474.92
Frozen,133.83,488,49,Wednesday,July,0,133.83
Beverages,238.27,284,109,Sunday,December,1,266.86
Frozen,209.47,265,2,Monday,April,0,188.52
Snacks,60.9,437,99,Sunday,August,1,63.95
Household,270.31,235,65,Monday,August,0,283.83
Fruits,199.79,226,86,Wednesday,September,0,209.78
Snacks,488.67,105,87,Saturday,November,1,547.31
Bakery,80.76,251,66,Wednesday,June,0,84.8
Beverages,293.04,136,68,Saturday,October,1,307.69
Snacks,298.6,259,102,Saturday,December,1,334.43
Frozen,494.9,448,91,Monday,April,0,519.64
Household,168.1,118,37,Monday,June,0,168.1
Personal Care,442.34,345,11,Thursday,November,0,398.11
Beverages,168.95,185,91,Friday,January,0,189.22
Vegetables,432.52,37,97,Thursday,December,0,484.42
Vegetables,206.38,249,62,Saturday,March,1,216.7
Vegetables,271.39,485,59,Sunday,April,1,271.39
Frozen,23.56,54,99,Monday,January,0,26.39
Snacks,183.34,109,46,Friday,April,0,183.34
Household,75.36,257,8,Monday,January,0,67.82
Frozen,104.8,270,6,Sunday,January,1,94.32
Vegetables,364.51,207,32,Tuesday,December,0,364.51
Bakery,462.27,200,103,Wednesday,October,0,517.74
Snacks,487.73,112,103,Wednesday,January,0,546.26
Bakery,26.02,108,67,Monday,January,0,27.32
Frozen,56.63,306,43,Friday,November,0,56.63
Fruits,107.62,64,78,Tuesday,May,0,113.0
Personal Care,437.18,494,105,Friday,October,0,459.04
Beverages,126.91,273,23,Tuesday,March,0,114.22
Personal Care,236.2,179,84,Wednesday,December,0,248.01
Bakery,166.18,173,114,Saturday,March,1,186.12
Vegetables,435.74,146,72,Sunday,October,1,457.53
Household,312.38,226,94,Monday,February,0,349.87
Frozen,320.42,312,104,Sunday,January,1,358.87
Beverages,67.45,113,67,Thursday,September,0,70.82
Frozen,404.34,36,82,Saturday,February,1,452.86
Vegetables,124.79,157,93,Friday,August,0,139.76
Household,81.26,252,87,Monday,March,0,85.32
Dairy,147.52,147,3,Friday,March,0,132.77
Fruits,149.5,54,79,Friday,February,0,156.97
Frozen,412.76,153,30,Tuesday,November,0,412.76
Fruits,108.9,311,7,Monday,October,0,98.01
Dairy,205.88,317,77,Saturday,February,1,216.17
Snacks,308.28,133,13,Monday,November,0,277.45
Personal Care,452.61,468,7,Thursday,April,0,407.35
Snacks,65.42,239,105,Thursday,August,0,73.27
Snacks,19.59,370,79,Monday,July,0,20.57
Personal Care,469.18,39,111,Friday,December,0,525.48
Bakery,163.57,356,46,Tuesday,January,0,163.57
Vegetables,314.86,447,105,Thursday,May,0,330.6
Frozen,129.2,412,95,Friday,May,0,135.66
Household,387.89,419,83,Saturday,April,1,407.28
Frozen,72.85,54,78,Monday,April,0,76.49
Frozen,46.58,199,120,Wednesday,May,0,52.17
Snacks,259.05,130,16,Saturday,March,1,259.05
Frozen,120.36,331,100,Saturday,July,1,134.8
Beverages,123.04,321,99,Saturday,July,1,137.8
Snacks,141.99,498,73,Thursday,March,0,141.99
Frozen,110.22,190,110,Saturday,December,1,123.45
Snacks,173.01,65,90,Sunday,November,1,193.77
Beverages,233.95,235,34,Sunday,September,1,233.95
Dairy,247.49,203,53,Sunday,January,1,259.86
Frozen,496.37,449,40,Wednesday,December,0,446.73
Beverages,322.0,321,41,Wednesday,May,0,322.0
Household,371.69,36,58,Thursday,May,0,390.27
Beverages,470.53,385,76,Tuesday,March,0,494.06
Fruits,127.5,132,69,Friday,August,0,133.88
Frozen,46.37,443,8,Saturday,June,1,41.73
Personal Care,419.98,427,19,Thursday,January,0,377.98
Frozen,302.54,20,113,Friday,August,0,338.84
Bakery,479.83,46,96,Friday,August,0,537.41
Beverages,454.51,262,45,Friday,January,0,454.51
Beverages,412.61,1,67,Tuesday,January,0,433.24
Frozen,153.24,475,3,Sunday,March,1,137.92
Vegetables,451.18,349,81,Tuesday,July,0,473.74
Vegetables,186.73,274,53,Monday,December,0,186.73
Bakery,179.77,387,67,Monday,May,0,179.77
Snacks,314.27,385,79,Sunday,September,1,329.98
Vegetables,343.24,43,84,Friday,July,0,384.43
Frozen,240.17,420,1,Wednesday,May,0,216.15
Frozen,495.36,324,89,Tuesday,December,0,520.13
Dairy,251.9,94,7,Thursday,November,0,226.71
Vegetables,33.28,391,24,Friday,March,0,29.95
Fruits,371.55,291,69,Monday,October,0,390.13
Vegetables,499.94,381,66,Sunday,November,1,524.94
Household,120.51,235,40,Thursday,December,0,120.51
Frozen,315.79,14,37,Sunday,December,1,331.58
Household,411.42,19,92,Wednesday,September,0,460.79
Snacks,248.54,439,40,Friday,September,0,223.69
Frozen,29.96,486,48,Sunday,May,1,29.96
Beverages,186.29,272,66,Thursday,November,0,195.6
Vegetables,309.7,413,88,Wednesday,June,0,325.19
Dairy,250.92,262,70,Wednesday,April,0,263.47
Household,330.99,339,3,Saturday,October,1,297.89
Bakery,271.03,149,79,Saturday,December,1,284.58
Vegetables,447.54,110,43,Monday,March,0,447.54
Frozen,386.76,80,113,Friday,August,0,433.17
Dairy,439.5,314,58,Tuesday,January,0,439.5
Fruits,377.07,250,72,Monday,January,0,395.92
Vegetables,374.03,55,32,Monday,June,0,374.03
Fruits,176.85,449,35,Monday,January,0,159.16
Dairy,108.8,212,75,Friday,July,0,114.24
Beverages,47.7,374,103,Saturday,April,1,53.42
Beverages,106.43,461,16,Thursday,June,0,95.79
Bakery,136.98,68,81,Wednesday,April,0,153.42
Beverages,306.54,492,118,Tuesday,November,0,343.32
Beverages,266.46,398,40,Monday,July,0,266.46
Personal Care,172.06,120,70,Wednesday,June,0,180.66
Beverages,481.71,231,93,Friday,October,0,539.52
Personal Care,62.37,238,26,Wednesday,August,0,56.13
Bakery,272.91,433,117,Tuesday,September,0,305.66
Household,110.74,420,18,Tuesday,February,0,99.67
Household,70.2,51,89,Wednesday,May,0,78.62
Vegetables,460.1,278,85,Friday,August,0,483.11
Dairy,267.02,160,100,Sunday,July,1,299.06
Fruits,498.68,31,109,Friday,January,0,558.52
Frozen,63.28,138,28,Wednesday,July,0,63.28
Snacks,421.68,483,4,Friday,March,0,379.51
Snacks,99.43,448,10,Monday,February,0,89.49
Household,17.52,96,99,Wednesday,November,0,19.62
Vegetables,215.61,46,82,Monday,May,0,241.48
Bakery,210.7,184,43,Sunday,June,1,210.7
Fruits,256.85,140,12,Wednesday,June,0,231.17
Fruits,150.31,124,45,Wednesday,September,0,150.31
Fruits,269.16,329,41,Thursday,July,0,269.16
Fruits,386.51,198,104,Sunday,April,1,432.89
Personal Care,443.57,137,64,Thursday,October,0,465.75
Vegetables,229.08,103,11,Sunday,February,1,206.17
Fruits,442.47,497,58,Wednesday,April,0,442.47
Dairy,473.91,366,38,Sunday,June,1,473.91
Snacks,238.66,27,108,Thursday,May,0,267.3
Fruits,438.06,109,10,Wednesday,April,0,394.25
Frozen,288.29,432,53,Monday,October,0,288.29
Beverages,267.92,395,22,Saturday,November,1,241.13
Fruits,320.69,452,95,Tuesday,January,0,336.72
Fruits,336.92,24,34,Thursday,June,0,336.92
Fruits,364.6,400,73,Saturday,August,1,382.83
Personal Care,345.13,431,16,Wednesday,February,0,310.62
Fruits,160.9,167,4,Monday,November,0,144.81
Bakery,346.71,171,77,Wednesday,October,0,364.05
Snacks,45.22,282,48,Thursday,December,0,45.22
Bakery,301.9,228,41,Sunday,February,1,301.9
Frozen,140.7,405,111,Thursday,September,0,157.58
Household,437.33,281,74,Wednesday,December,0,459.2
Personal Care,466.75,314,60,Sunday,July,1,490.09
Beverages,432.31,381,99,Saturday,January,1,484.19
Vegetables,287.65,357,101,Saturday,August,1,322.17
Personal Care,281.07,394,46,Saturday,December,1,281.07
Personal Care,441.82,86,6,Friday,December,0,397.64
Personal Care,489.87,418,94,Sunday,September,1,514.36
Bakery,124.7,411,74,Saturday,November,1,130.94
Household,63.18,311,2,Wednesday,August,0,56.86
Fruits,70.28,222,90,Thursday,April,0,73.79
Dairy,265.64,382,81,Thursday,March,0,278.92
Frozen,97.75,316,82,Tuesday,May,0,102.64
Bakery,472.23,46,31,Sunday,May,1,472.23
Dairy,50.82,141,78,Saturday,November,1,53.36
Fruits,60.01,327,90,Thursday,May,0,63.01
Bakery,72.84,380,115,Sunday,May,1,81.58
Bakery,264.64,480,44,Monday,September,0,238.18
Bakery,343.0,205,35,Friday,August,0,343.0
Fruits,108.88,306,61,Saturday,September,1,114.32
Frozen,164.02,231,74,Tuesday,September,0,172.22
Household,464.67,398,90,Tuesday,June,0,487.9
Beverages,343.38,418,38,Saturday,August,1,343.38
Dairy,489.22,144,98,Thursday,June,0,547.93
Fruits,54.43,235,29,Sunday,November,1,54.43
Fruits,475.37,325,118,Saturday,February,1,532.41
Household,403.08,390,69,Saturday,August,1,423.23
Beverages,289.23,119,1,Thursday,January,0,260.31
Vegetables,400.1,293,92,Friday,February,0,420.11
Beverages,18.56,449,25,Friday,March,0,16.7
Frozen,111.89,192,41,Sunday,December,1,111.89
Snacks,93.62,434,43,Friday,August,0,93.62
Vegetables,454.58,474,64,Monday,December,0,454.58
Beverages,75.43,73,114,Saturday,May,1,84.48
Personal Care,403.12,435,103,Sunday,May,1,451.49
Bakery,370.12,396,15,Saturday,July,1,333.11
Frozen,313.71,339,35,Wednesday,October,0,282.34
Personal Care,258.01,388,93,Monday,August,0,270.91
Personal Care,53.53,299,76,Sunday,February,1,56.21
Personal Care,346.71,133,90,Sunday,March,1,388.32
Beverages,488.43,299,61,Wednesday,April,0,488.43
Personal Care,247.19,470,20,Friday,July,0,222.47
Bakery,45.18,461,98,Saturday,August,1,47.44
Bakery,408.14,122,79,Thursday,January,0,428.55
Vegetables,105.14,265,76,Tuesday,February,0,110.4
Frozen,219.74,80,91,Sunday,December,1,246.11
Beverages,360.71,387,118,Sunday,May,1,404.0
Bakery,485.54,196,48,Thursday,August,0,485.54
Snacks,476.96,480,85,Saturday,July,1,500.81
Vegetables,359.96,168,56,Monday,January,0,377.96
Frozen,90.81,236,88,Wednesday,July,0,95.35
Beverages,219.14,76,27,Tuesday,September,0,219.14
Snacks,368.4,127,9,Tuesday,May,0,331.56
Frozen,366.99,193,108,Thursday,August,0,411.03
Snacks,408.77,295,111,Friday,September,0,457.82
Dairy,395.9,341,113,Friday,May,0,443.41
Snacks,261.5,143,72,Wednesday,February,0,274.57
Household,347.54,194,77,Sunday,September,1,364.92
Bakery,112.98,68,22,Saturday,February,1,112.98
Beverages,149.69,185,36,Tuesday,November,0,149.69
Beverages,295.89,13,25,Tuesday,June,0,295.89
Snacks,216.21,160,36,Tuesday,September,0,216.21
Dairy,178.7,464,42,Friday,October,0,160.83
Household,387.16,377,24,Thursday,August,0,348.44
Vegetables,393.61,452,29,Sunday,May,1,354.25
Dairy,422.9,438,90,Thursday,July,0,444.05
Household,37.62,441,56,Sunday,November,1,37.62
Snacks,261.92,360,68,Tuesday,April,0,275.02
Beverages,212.33,275,5,Friday,July,0,191.1
Frozen,108.62,43,46,Tuesday,November,0,114.05
Fruits,58.04,228,57,Thursday,August,0,58.04
Personal Care,221.99,200,22,Sunday,December,1,221.99
Dairy,439.2,173,53,Saturday,July,1,461.16
Dairy,286.63,140,113,Thursday,October,0,321.03
Fruits,276.44,190,103,Wednesday,January,0,309.61
Dairy,135.18,437,61,Friday,July,0,135.18
Beverages,210.28,187,58,Friday,October,0,220.79
Fruits,209.41,328,49,Saturday,September,1,209.41
Beverages,288.8,288,79,Sunday,November,1,303.24
Vegetables,399.87,490,73,Tuesday,September,0,399.87
Bakery,11.56,231,111,Monday,August,0,12.95
Frozen,332.42,79,114,Monday,June,0,372.31
Frozen,413.31,165,66,Friday,July,0,433.98
Vegetables,19.96,88,118,Thursday,April,0,22.36
Personal Care,241.78,55,119,Wednesday,November,0,270.79
Bakery,363.65,338,30,Thursday,April,0,327.28
Bakery,340.86,228,56,Tuesday,July,0,340.86
Dairy,57.12,267,30,Wednesday,August,0,51.41
Vegetables,145.18,64,99,Sunday,August,1,162.6
Dairy,365.72,276,62,Monday,February,0,384.01
Personal Care,189.12,443,53,Sunday,June,1,189.12
Vegetables,458.02,146,51,Sunday,October,1,480.92
Household,416.65,243,43,Wednesday,June,0,416.65
Beverages,195.88,224,56,Thursday,May,0,195.88
Bakery,170.64,481,46,Thursday,January,0,153.58
Bakery,312.51,428,59,Sunday,October,1,312.51
Vegetables,379.41,178,82,Monday,August,0,398.38
Personal Care,465.18,108,119,Friday,September,0,521.0
Bakery,381.22,356,4,Wednesday,December,0,343.1
Dairy,395.01,304,43,Thursday,April,0,395.01
Personal Care,405.07,365,43,Tuesday,March,0,405.07
Beverages,407.54,496,64,Sunday,November,1,407.54
Vegetables,136.75,46,44,Monday,November,0,143.59
Frozen,211.66,433,13,Sunday,August,1,190.49
Household,289.05,464,25,Sunday,February,1,260.15
Snacks,210.5,141,26,Saturday,November,1,210.5
Frozen,362.75,496,14,Saturday,October,1,326.48
Fruits,195.99,27,25,Friday,April,0,195.99
Beverages,239.09,65,57,Saturday,November,1,251.04
Household,394.26,146,93,Saturday,March,1,441.57
Bakery,424.6,169,37,Thursday,September,0,424.6
Bakery,218.63,271,76,Saturday,July,1,229.56
Household,181.36,21,69,Thursday,March,0,190.43
Dairy,229.89,222,74,Sunday,May,1,241.38
Beverages,467.74,229,4,Monday,November,0,420.97
Dairy,56.03,279,101,Friday,October,0,62.75
Personal Care,236.25,394,104,Wednesday,August,0,248.06
Vegetables,204.35,33,65,Sunday,November,1,214.57
Dairy,269.3,423,82,Thursday,April,0,282.77
Frozen,28.35,4,74,Saturday,July,1,31.75
Beverages,449.89,217,71,Saturday,December,1,472.38
Frozen,34.52,132,106,Wednesday,January,0,38.66
Fruits,181.46,392,58,Sunday,January,1,181.46
Frozen,67.23,461,72,Wednesday,February,0,67.23
Frozen,260.09,321,105,Thursday,March,0,291.3
Dairy,160.91,328,58,Friday,September,0,160.91
Bakery,401.55,411,41,Friday,February,0,401.55
Personal Care,41.78,10,69,Saturday,September,1,43.87
Beverages,475.98,386,42,Tuesday,December,0,475.98
Household,228.42,337,117,Saturday,July,1,255.83
Dairy,227.52,345,22,Tuesday,October,0,204.77
Personal Care,156.95,436,106,Friday,November,0,164.8
Dairy,320.8,368,33,Friday,August,0,288.72
Snacks,143.59,162,108,Sunday,August,1,160.82
Bakery,237.97,363,68,Sunday,June,1,249.87
Fruits,177.52,105,110,Friday,May,0,198.82
Frozen,107.96,101,9,Wednesday,March,0,97.16
Dairy,413.52,330,24,Wednesday,September,0,372.17
Dairy,324.58,68,113,Friday,September,0,363.53
Beverages,172.25,397,54,Saturday,March,1,172.25
Vegetables,50.56,202,59,Saturday,November,1,53.09
Beverages,373.24,228,80,Thursday,July,0,391.9
Personal Care,44.52,3,107,Sunday,January,1,49.86
Bakery,75.67,120,91,Wednesday,May,0,84.75
Beverages,40.37,250,81,Tuesday,February,0,42.39
Dairy,259.44,356,63,Sunday,January,1,272.41
Vegetables,310.42,4,44,Tuesday,August,0,325.94
Fruits,315.48,296,91,Friday,June,0,331.25
Bakery,309.03,203,46,Tuesday,September,0,309.03
Personal Care,161.95,148,118,Monday,July,0,181.38
Personal Care,352.14,435,79,Thursday,August,0,369.75
Frozen,275.14,241,76,Sunday,October,1,288.9
Dairy,114.11,373,29,Saturday,September,1,102.7
Personal Care,283.96,297,42,Sunday,January,1,283.96
Dairy,14.67,395,47,Saturday,November,1,14.67
Frozen,302.35,107,87,Wednesday,May,0,338.63
Bakery,297.53,293,27,Tuesday,January,0,267.78
Vegetables,455.6,305,32,Thursday,June,0,410.04
Household,164.74,120,49,Thursday,March,0,164.74
Frozen,359.29,486,26,Thursday,December,0,323.36
Fruits,425.01,38,41,Thursday,December,0,425.01
Vegetables,298.47,119,64,Saturday,January,1,313.39
Snacks,424.76,245,18,Sunday,July,1,382.28
Beverages,374.66,239,65,Friday,March,0,393.39
Snacks,339.93,381,10,Sunday,May,1,305.94
Personal Care,284.18,231,112,Saturday,December,1,318.28
Personal Care,239.23,200,77,Saturday,April,1,251.19
Beverages,171.71,241,24,Thursday,January,0,154.54
Personal Care,449.27,399,79,Sunday,January,1,471.73
Beverages,182.29,77,100,Saturday,March,1,204.16
Vegetables,29.95,300,95,Sunday,January,1,33.54
Vegetables,281.37,1,20,Wednesday,November,0,281.37
Snacks,459.02,74,32,Wednesday,September,0,459.02
Personal Care,226.85,385,86,Monday,March,0,238.19
Personal Care,157.88,497,62,Thursday,September,0,157.88
Fruits,317.69,468,23,Thursday,September,0,285.92
Household,211.31,496,110,Wednesday,December,0,221.88
Dairy,473.33,353,18,Friday,May,0,426.0
Snacks,448.75,154,115,Wednesday,April,0,502.6
Personal Care,83.54,215,34,Sunday,June,1,83.54
Beverages,87.32,117,79,Wednesday,September,0,91.69
Dairy,479.66,465,32,Sunday,December,1,431.69
Snacks,60.2,457,102,Friday,June,0,63.21
Personal Care,491.5,405,63,Friday,March,0,491.5
Frozen,323.38,165,101,Saturday,October,1,362.19
Personal Care,394.7,273,115,Sunday,November,1,442.06
Snacks,273.8,428,81,Saturday,June,1,287.49
Beverages,53.51,310,45,Thursday,December,0,53.51
Household,243.71,202,64,Thursday,January,0,255.9
Beverages,387.18,398,37,Wednesday,January,0,348.46
Bakery,62.52,390,37,Tuesday,March,0,56.27
Dairy,165.61,139,68,Friday,January,0,173.89
Snacks,447.79,85,14,Thursday,September,0,403.01
Vegetables,424.36,287,40,Wednesday,February,0,424.36
Household,411.71,25,47,Thursday,September,0,432.3
Beverages,282.81,471,51,Saturday,January,1,282.81
Fruits,133.18,170,104,Tuesday,October,0,149.16
Vegetables,194.06,394,47,Wednesday,May,0,194.06
Beverages,87.89,278,31,Sunday,October,1,87.89
Beverages,161.6,384,24,Sunday,November,1,145.44
Dairy,347.82,47,60,Tuesday,August,0,365.21
Household,337.28,392,18,Wednesday,September,0,303.55
Snacks,299.56,159,23,Wednesday,October,0,299.56
Frozen,99.6,118,58,Wednesday,February,0,104.58
Bakery,340.44,426,116,Tuesday,February,0,381.29
Snacks,287.7,438,119,Monday,February,0,322.22
Frozen,242.2,227,34,Saturday,October,1,242.2
Fruits,221.19,492,23,Sunday,November,1,199.07
Beverages,31.9,49,43,Wednesday,May,0,31.9
Beverages,128.69,314,78,Tuesday,November,0,135.12
Personal Care,492.83,228,43,Friday,May,0,492.83
Snacks,238.16,2,17,Saturday,August,1,238.16
Vegetables,495.23,9,49,Saturday,March,1,519.99
Dairy,304.27,73,22,Thursday,June,0,304.27
Bakery,187.43,320,44,Saturday,November,1,187.43
Household,83.33,440,28,Monday,May,0,75.0
Household,341.05,403,14,Saturday,May,1,306.94
Beverages,156.86,293,56,Tuesday,August,0,156.86
Bakery,28.22,417,75,Friday,July,0,29.63
Personal Care,401.87,86,33,Friday,June,0,401.87
Frozen,397.02,275,88,Sunday,February,1,416.87
Bakery,70.26,400,18,Friday,February,0,63.23
Fruits,413.38,137,112,Tuesday,July,0,462.99
Personal Care,66.44,37,100,Monday,August,0,74.41
Beverages,111.84,130,84,Thursday,July,0,117.43
Dairy,124.28,4,73,Monday,February,0,130.49
Snacks,425.79,254,14,Friday,August,0,383.21
Bakery,270.05,119,54,Sunday,April,1,283.55
Bakery,120.11,136,58,Friday,March,0,126.12
Bakery,387.24,293,6,Tuesday,December,0,348.52
Beverages,376.17,348,64,Sunday,November,1,394.98
Bakery,245.76,42,66,Wednesday,July,0,258.05
Dairy,196.17,367,61,Monday,May,0,196.17
Vegetables,438.0,443,80,Saturday,September,1,459.9
Bakery,188.75,482,91,Tuesday,March,0,198.19
Dairy,353.33,16,90,Thursday,November,0,395.73
Snacks,389.84,346,47,Wednesday,September,0,389.84
Snacks,437.84,40,115,Sunday,January,1,490.38
Frozen,83.57,44,21,Friday,September,0,83.57
Bakery,212.25,303,39,Monday,May,0,212.25
Frozen,127.74,212,43,Sunday,December,1,127.74
Dairy,274.78,432,65,Sunday,March,1,274.78
Dairy,111.37,500,15,Friday,July,0,100.23
Dairy,445.81,310,8,Friday,November,0,401.23
Bakery,208.06,472,50,Thursday,June,0,208.06
Dairy,422.68,188,52,Tuesday,May,0,422.68
Household,479.04,173,26,Friday,February,0,479.04
Dairy,311.84,137,20,Friday,September,0,280.66
Household,204.64,282,47,Monday,April,0,204.64
Fruits,488.7,442,79,Thursday,March,0,513.13
Fruits,168.81,130,103,Wednesday,September,0,189.07
Bakery,148.42,4,118,Tuesday,April,0,166.23
Personal Care,181.03,429,76,Friday,March,0,190.08
Fruits,143.55,410,52,Saturday,December,1,143.55
Frozen,94.07,54,53,Sunday,December,1,98.77
Fruits,271.56,182,43,Sunday,August,1,271.56
Frozen,12.83,259,61,Friday,October,0,13.47
Bakery,231.95,110,111,Friday,January,0,259.78
Beverages,306.01,141,5,Friday,March,0,275.41
Bakery,259.67,294,48,Saturday,September,1,259.67
Dairy,207.7,431,100,Sunday,June,1,218.09
Frozen,123.57,489,69,Friday,August,0,123.57
Bakery,316.75,467,61,Friday,September,0,316.75
Vegetables,493.8,332,23,Tuesday,June,0,444.42
Bakery,298.38,495,93,Monday,October,0,313.3
Household,257.94,464,8,Wednesday,November,0,232.15
Dairy,173.56,182,65,Monday,May,0,182.24
Fruits,293.32,349,14,Tuesday,March,0,263.99
Household,66.23,245,44,Tuesday,September,0,66.23
Dairy,451.85,60,47,Friday,December,0,474.44
Vegetables,142.09,32,99,Tuesday,September,0,159.14
Bakery,376.48,132,13,Saturday,February,1,338.83
Dairy,303.54,312,86,Sunday,November,1,318.72
Beverages,297.92,348,51,Tuesday,June,0,297.92
Vegetables,156.68,416,5,Saturday,May,1,141.01
Dairy,377.4,298,26,Sunday,April,1,339.66
Fruits,110.56,437,106,Tuesday,July,0,116.09
Dairy,282.3,371,2,Friday,March,0,254.07
Vegetables,226.5,93,99,Tuesday,September,0,253.68
Vegetables,190.69,396,88,Saturday,June,1,200.22
Frozen,215.53,152,87,Friday,July,0,241.39
Beverages,39.19,356,85,Thursday,April,0,41.15
Frozen,378.74,173,67,Monday,January,0,397.68
Dairy,324.52,130,71,Saturday,October,1,340.75
Bakery,209.29,435,46,Friday,November,0,209.29
Personal Care,40.64,213,45,Saturday,February,1,40.64
Bakery,222.42,442,85,Tuesday,October,0,233.54
Snacks,59.78,238,32,Saturday,April,1,59.78
Dairy,438.27,365,85,Friday,July,0,460.18
Vegetables,312.63,320,62,Thursday,August,0,312.63
Dairy,156.96,96,45,Saturday,November,1,164.81
Bakery,288.39,176,23,Friday,January,0,259.55
Snacks,23.3,441,78,Wednesday,July,0,24.47
Personal Care,351.9,308,64,Wednesday,November,0,369.5
Bakery,163.11,55,68,Thursday,April,0,171.27
Frozen,188.37,428,48,Sunday,September,1,188.37
Household,402.15,466,31,Wednesday,June,0,361.94
Beverages,16.55,462,92,Sunday,February,1,17.38
Snacks,153.58,286,20,Monday,March,0,138.22
Personal Care,216.27,102,65,Tuesday,March,0,227.08
Vegetables,38.51,283,81,Thursday,November,0,40.44
Snacks,168.5,336,77,Wednesday,February,0,176.93
Bakery,226.77,391,57,Sunday,February,1,226.77
Fruits,276.64,185,67,Thursday,June,0,290.47
Vegetables,197.86,91,109,Friday,June,0,221.6
Fruits,483.87,100,27,Monday,February,0,483.87
Frozen,147.06,275,76,Thursday,February,0,154.41
Dairy,173.84,370,55,Sunday,January,1,173.84
Fruits,149.15,98,117,Tuesday,October,0,167.05
Vegetables,296.22,290,112,Friday,December,0,331.77
Dairy,312.73,240,45,Monday,May,0,312.73
Snacks,366.63,50,47,Saturday,October,1,384.96
Vegetables,456.95,334,65,Sunday,August,1,479.8
Dairy,140.35,66,115,Friday,February,0,157.19
Household,305.68,491,28,Sunday,July,1,275.11
Vegetables,256.76,380,90,Tuesday,January,0,269.6
Bakery,338.46,56,93,Saturday,July,1,379.08
Dairy,470.98,144,11,Thursday,July,0,423.88
Vegetables,398.35,340,93,Tuesday,June,0,418.27
Fruits,340.29,479,31,Sunday,February,1,306.26
Bakery,288.3,226,101,Friday,March,0,322.9
Bakery,256.71,498,108,Monday,December,0,269.55
Frozen,28.39,275,60,Wednesday,June,0,28.39
Snacks,179.37,268,93,Thursday,September,0,188.34
Frozen,114.98,174,69,Wednesday,August,0,120.73
Fruits,357.45,392,114,Saturday,July,1,400.34
Fruits,294.58,436,6,Tuesday,June,0,265.12
Household,461.97,287,80,Monday,November,0,485.07
Household,117.02,84,41,Wednesday,August,0,117.02
Household,308.5,246,86,Wednesday,September,0,323.93
Vegetables,247.89,201,77,Thursday,January,0,260.28
Personal Care,99.94,413,6,Tuesday,May,0,89.95
Personal Care,394.19,340,67,Friday,January,0,413.9
Beverages,360.88,366,63,Sunday,January,1,378.92
Beverages,475.66,138,4,Tuesday,May,0,428.09
Bakery,430.51,248,74,Friday,August,0,452.04
Vegetables,169.32,476,108,Tuesday,September,0,177.79
Frozen,283.44,223,64,Sunday,November,1,297.61
Bakery,134.62,295,11,Thursday,October,0,121.16
Frozen,282.89,358,109,Monday,February,0,316.84
Household,330.98,295,72,Friday,June,0,347.53
Bakery,11.52,37,82,Monday,September,0,12.9
Personal Care,495.31,77,47,Saturday,March,1,520.08
Frozen,146.32,162,108,Monday,August,0,163.88
Household,263.87,70,9,Friday,February,0,237.48
Fruits,189.56,184,19,Monday,May,0,170.6
Frozen,84.03,27,78,Thursday,June,0,94.11
Bakery,449.16,487,57,Sunday,August,1,449.16
Frozen,419.22,216,40,Saturday,January,1,419.22
Dairy,227.72,16,27,Tuesday,December,0,227.72
Beverages,177.78,399,106,Friday,December,0,199.11
Household,403.01,229,115,Tuesday,December,0,451.37
Vegetables,86.82,164,84,Friday,August,0,91.16
Bakery,79.07,173,61,Friday,June,0,83.02
Household,34.91,157,68,Thursday,September,0,36.66
Dairy,152.38,316,70,Thursday,December,0,160.0
Household,21.79,405,38,Tuesday,December,0,19.61
Bakery,198.84,297,117,Tuesday,February,0,222.7
Fruits,241.23,198,58,Sunday,October,1,253.29
Fruits,250.43,471,62,Wednesday,October,0,250.43
Snacks,26.03,347,4,Thursday,February,0,23.43
Fruits,253.81,331,79,Sunday,May,1,266.5
Personal Care,135.06,449,109,Monday,November,0,151.27
Fruits,389.02,19,29,Monday,April,0,389.02
Frozen,366.42,262,63,Tuesday,April,0,384.74
Bakery,62.35,285,100,Wednesday,April,0,69.83
Dairy,65.92,465,9,Tuesday,May,0,59.33
Vegetables,243.9,147,24,Tuesday,August,0,243.9
Personal Care,385.36,464,78,Sunday,April,1,404.63
Household,81.07,361,15,Wednesday,April,0,72.96
Vegetables,436.72,10,15,Monday,May,0,436.72
Vegetables,265.06,232,40,Wednesday,September,0,265.06
Vegetables,37.01,314,23,Thursday,July,0,33.31
Snacks,230.29,363,81,Friday,July,0,241.8
Beverages,446.08,388,92,Tuesday,June,0,468.38
Dairy,321.29,322,79,Sunday,May,1,337.35
Beverages,142.92,349,9,Wednesday,June,0,128.63
Beverages,481.53,482,75,Sunday,October,1,505.61
Bakery,134.82,495,1,Sunday,January,1,121.34
Personal Care,330.52,209,25,Sunday,September,1,330.52
Vegetables,214.06,376,84,Friday,December,0,224.76
Vegetables,487.23,226,42,Friday,June,0,487.23
Bakery,260.94,174,103,Thursday,February,0,292.25
Personal Care,20.61,388,25,Sunday,June,1,18.55
Personal Care,328.34,13,104,Sunday,July,1,367.74
Dairy,20.09,109,24,Wednesday,September,0,20.09
Fruits,420.55,275,102,Thursday,October,0,471.02
Fruits,43.61,38,1,Thursday,October,0,39.25
Vegetables,418.38,189,60,Thursday,April,0,439.3
Fruits,449.74,491,27,Saturday,May,1,404.77
Bakery,100.93,324,57,Monday,September,0,100.93
Snacks,153.33,245,109,Tuesday,January,0,171.73
Fruits,60.71,30,21,Wednesday,December,0,60.71
Beverages,339.65,200,44,Thursday,November,0,339.65
Snacks,285.09,120,87,Tuesday,May,0,319.3
Bakery,400.37,382,99,Saturday,March,1,448.41
Dairy,183.17,131,93,Thursday,June,0,205.15
Fruits,277.71,198,51,Sunday,December,1,291.6
Frozen,80.54,226,14,Tuesday,February,0,72.49
Beverages,353.71,25,14,Tuesday,December,0,353.71
Beverages,204.34,126,58,Tuesday,April,0,214.56
Fruits,271.79,27,32,Thursday,June,0,271.79
Beverages,128.26,179,48,Sunday,November,1,128.26
Personal Care,316.24,338,24,Monday,September,0,284.62
Frozen,237.22,168,5,Monday,October,0,213.5
Snacks,105.9,395,114,Wednesday,May,0,118.61
Snacks,339.63,190,89,Friday,February,0,356.61
Household,118.0,255,54,Sunday,April,1,118.0
Household,224.36,265,45,Monday,May,0,224.36
Beverages,463.32,248,100,Monday,May,0,518.92
Vegetables,176.07,52,25,Monday,December,0,176.07
Snacks,440.53,493,33,Tuesday,December,0,396.48
Frozen,196.5,443,106,Monday,April,0,206.33
Household,348.74,445,92,Sunday,November,1,366.18
Vegetables,280.2,184,64,Thursday,November,0,294.21
Household,22.2,85,81,Friday,August,0,23.31
Household,337.53,413,79,Friday,September,0,354.41
Dairy,391.33,32,10,Monday,February,0,352.2
Vegetables,60.26,172,109,Monday,June,0,67.49
Beverages,275.24,476,72,Friday,April,0,275.24
Dairy,272.06,52,2,Thursday,October,0,244.85
Bakery,345.4,260,119,Thursday,August,0,386.85
Vegetables,465.06,287,64,Wednesday,June,0,488.31
Frozen,129.26,241,81,Saturday,April,1,135.72
Fruits,91.99,494,71,Tuesday,January,0,91.99
Dairy,290.85,387,5,Thursday,April,0,261.77
Snacks,283.34,466,81,Monday,July,0,297.51
Dairy,85.7,76,58,Sunday,May,1,89.99
Beverages,352.72,46,61,Friday,November,0,370.36
Beverages,351.04,227,10,Sunday,January,1,315.94
Household,350.61,430,85,Monday,December,0,368.14
Vegetables,390.02,87,46,Saturday,June,1,409.52
Bakery,84.62,105,92,Saturday,September,1,94.77
Snacks,485.33,260,32,Tuesday,October,0,485.33
Snacks,115.2,147,56,Tuesday,March,0,120.96
Frozen,436.16,73,33,Monday,January,0,436.16
Bakery,412.22,143,104,Tuesday,June,0,461.69
Bakery,147.96,135,62,Tuesday,September,0,155.36
Snacks,385.58,454,111,Tuesday,July,0,431.85
Fruits,447.08,229,55,Tuesday,December,0,447.08
Vegetables,18.79,448,98,Friday,November,0,19.73
Household,399.32,10,44,Tuesday,May,0,419.29
Personal Care,14.8,324,38,Thursday,August,0,14.8
Bakery,18.69,74,57,Wednesday,December,0,19.62
Fruits,283.38,275,119,Thursday,September,0,317.39
Fruits,341.11,280,16,Monday,July,0,307.0
Personal Care,313.43,65,119,Wednesday,September,0,351.04
Snacks,373.88,472,73,Thursday,July,0,373.88
Household,104.23,203,116,Saturday,August,1,116.74
Frozen,115.5,229,22,Saturday,September,1,103.95
Fruits,73.35,388,100,Wednesday,August,0,77.02
Snacks,62.18,492,72,Sunday,March,1,65.29
Bakery,431.61,102,10,Sunday,April,1,388.45
Snacks,283.69,387,8,Thursday,October,0,255.32
Beverages,409.9,250,37,Thursday,December,0,409.9
Beverages,87.94,498,22,Tuesday,June,0,79.15
Personal Care,157.63,462,103,Saturday,April,1,165.51
Frozen,437.49,101,97,Saturday,October,1,489.99
Beverages,195.82,290,14,Friday,August,0,176.24
Frozen,436.07,202,26,Tuesday,January,0,436.07
Beverages,404.58,48,41,Sunday,December,1,424.81
Vegetables,136.74,139,76,Thursday,August,0,143.58
Personal Care,271.87,418,101,Wednesday,August,0,285.46
Bakery,446.7,435,52,Thursday,June,0,446.7
Frozen,290.42,147,98,Friday,June,0,325.27
Frozen,160.02,288,32,Sunday,December,1,160.02
Dairy,301.11,260,65,Friday,January,0,316.17
Vegetables,49.93,164,7,Saturday,July,1,44.94
Personal Care,38.91,104,28,Saturday,December,1,38.91
Household,328.75,350,21,Thursday,May,0,295.88
Dairy,270.99,360,116,Friday,June,0,303.51
Household,54.36,386,97,Friday,June,0,57.08
Fruits,77.71,328,88,Tuesday,September,0,81.6
Bakery,195.51,18,95,Wednesday,October,0,218.97
Frozen,32.43,72,50,Thursday,February,0,34.05
Frozen,299.76,235,71,Saturday,February,1,314.75
Fruits,201.12,373,113,Saturday,April,1,225.25
Bakery,159.26,48,20,Wednesday,August,0,159.26
Household,444.66,219,6,Wednesday,November,0,400.19
Dairy,348.71,432,6,Thursday,June,0,313.84
Bakery,164.45,460,18,Sunday,January,1,148.0
Beverages,133.26,346,15,Sunday,December,1,119.93
Dairy,181.81,194,20,Thursday,April,0,163.63
Frozen,131.65,167,94,Thursday,October,0,147.45
Dairy,187.61,109,49,Tuesday,June,0,196.99
Frozen,344.45,190,37,Friday,February,0,344.45
Dairy,63.43,331,14,Thursday,January,0,57.09
Fruits,270.59,65,87,Monday,February,0,303.06
Fruits,216.0,124,85,Saturday,December,1,241.92
Frozen,25.97,240,46,Tuesday,May,0,25.97
Fruits,348.84,186,3,Thursday,November,0,313.96
Bakery,95.53,229,85,Sunday,March,1,100.31
Household,276.48,280,61,Monday,April,0,276.48
Beverages,329.1,90,101,Friday,August,0,368.59
Household,132.59,78,84,Friday,October,0,148.5
Dairy,21.18,203,60,Wednesday,February,0,22.24
Vegetables,477.78,332,73,Wednesday,November,0,501.67
Snacks,29.2,20,36,Wednesday,September,0,29.2
Snacks,287.31,242,114,Tuesday,December,0,321.79
Dairy,20.74,202,93,Wednesday,November,0,23.23
Fruits,277.63,296,63,Sunday,January,1,291.51
Personal Care,57.42,162,61,Wednesday,March,0,60.29
Personal Care,486.87,76,10,Wednesday,December,0,438.18
Frozen,215.38,328,69,Tuesday,October,0,226.15
Beverages,377.53,109,7,Saturday,August,1,339.78
Snacks,370.62,317,107,Tuesday,August,0,415.09
Dairy,493.26,108,37,Friday,June,0,493.26
Frozen,246.45,275,40,Saturday,October,1,246.45
Dairy,323.0,364,86,Friday,August,0,339.15
Personal Care,299.6,113,57,Wednesday,August,0,314.58
Beverages,251.03,30,92,Friday,June,0,281.15
Household,103.5,39,49,Thursday,June,0,108.68
Dairy,152.61,118,39,Sunday,May,1,152.61
Vegetables,152.45,224,94,Sunday,February,1,170.74
Bakery,490.07,413,60,Monday,July,0,490.07
Beverages,125.98,94,101,Wednesday,September,0,141.1
Beverages,453.37,294,109,Friday,February,0,507.77
Snacks,347.6,94,6,Tuesday,December,0,312.84
Fruits,81.98,372,109,Saturday,June,1,91.82
Fruits,174.81,93,53,Tuesday,June,0,183.55
Household,154.78,115,16,Wednesday,March,0,139.3
Beverages,288.92,20,112,Monday,February,0,323.59
Fruits,303.85,275,99,Wednesday,February,0,340.31
Personal Care,181.13,31,95,Sunday,September,1,202.87
Household,139.48,334,10,Tuesday,May,0,125.53
Vegetables,221.02,287,115,Monday,December,0,247.54
Dairy,63.51,465,52,Tuesday,February,0,63.51
Personal Care,113.81,237,3,Saturday,February,1,102.43
Personal Care,115.9,304,21,Saturday,January,1,104.31
Personal Care,407.92,207,26,Wednesday,September,0,407.92
Household,72.64,402,111,Monday,January,0,81.36
Bakery,252.19,454,77,Saturday,October,1,264.8
Beverages,36.9,246,5,Wednesday,August,0,33.21
Fruits,452.55,493,19,Friday,August,0,407.3
Household,103.81,111,103,Saturday,June,1,116.27
Frozen,188.79,100,108,Tuesday,October,0,211.44
Personal Care,201.15,63,20,Saturday,September,1,201.15
Vegetables,346.95,134,44,Tuesday,October,0,346.95
Frozen,353.49,442,82,Tuesday,April,0,371.16
Vegetables,310.65,256,94,Tuesday,July,0,326.18
Fruits,34.19,423,92,Tuesday,August,0,35.9
Dairy,277.49,124,27,Saturday,December,1,277.49
Snacks,271.92,43,92,Thursday,October,0,304.55
Fruits,342.29,31,58,Friday,April,0,359.4
Vegetables,268.04,438,95,Wednesday,June,0,281.44
Vegetables,307.62,388,15,Saturday,April,1,276.86
Household,156.74,362,52,Saturday,June,1,156.74
Beverages,78.1,291,59,Wednesday,April,0,78.1
Snacks,309.86,341,100,Thursday,September,0,325.35
Vegetables,217.88,35,7,Tuesday,June,0,196.09
Frozen,340.41,443,76,Friday,March,0,357.43
Fruits,348.81,384,74,Friday,August,0,366.25
Bakery,148.79,265,114,Friday,September,0,166.64
Frozen,430.55,499,82,Tuesday,March,0,452.08
Fruits,236.66,493,35,Monday,June,0,212.99
Household,185.71,21,103,Friday,November,0,208.0
Snacks,379.25,474,71,Wednesday,January,0,379.25
Snacks,204.06,66,71,Friday,October,0,214.26
Household,168.52,160,114,Wednesday,August,0,188.74
Beverages,270.45,307,62,Monday,October,0,270.45
Beverages,493.79,380,52,Friday,October,0,493.79
Vegetables,472.34,74,85,Monday,February,0,529.02
Vegetables,165.37,444,69,Wednesday,April,0,165.37
Snacks,304.98,472,89,Sunday,March,1,320.23
Household,224.73,278,96,Thursday,December,0,251.7
Household,415.18,421,108,Friday,June,0,465.0
Beverages,166.42,202,115,Tuesday,January,0,186.39
Vegetables,12.64,465,5,Monday,April,0,11.38
Vegetables,490.46,13,99,Thursday,May,0,549.32
Bakery,95.19,334,96,Monday,January,0,99.95
Bakery,36.06,38,18,Friday,January,0,36.06
Fruits,337.16,73,77,Saturday,October,1,377.62
Personal Care,405.78,374,37,Sunday,August,1,405.78
Personal Care,197.27,400,21,Tuesday,July,0,177.54
Frozen,149.41,256,50,Tuesday,September,0,149.41
Frozen,119.26,45,66,Thursday,April,0,125.22
